# File generated by ImageToStl.com - Free Image and 3D model conversion tools

o obj1
v -0.03564394 0.03512764 -0.0298579
v -0.03562688 0.03512764 -0.02983274
v -0.03470135 0.03512764 -0.03046448
v -0.03507738 0.03512764 -0.02975615
v -0.0349166 0.03512764 -0.02990999
v -0.04253528 0.03512764 -0.03118529
v -0.04251011 0.03512764 -0.03120191
v -0.0430471 0.03512764 -0.03134143
v -0.04313677 0.03512764 -0.03154508
v -0.0347151 0.03512764 -0.03049132
v -0.03473105 0.03512764 -0.03051691
v -0.03474909 0.03512764 -0.03054107
v -0.04061279 0.03512764 -0.02890712
v -0.04040914 0.03512764 -0.02881745
v -0.03972337 0.03512764 -0.0290179
v -0.04020173 0.03512764 -0.02873685
v -0.03971723 0.03512764 -0.02904768
v -0.04081282 0.03512764 -0.02930717
v -0.04081777 0.03512764 -0.02927742
v -0.03707027 0.03512764 -0.02993437
v -0.03625589 0.03512764 -0.02976251
v -0.03677742 0.03512764 -0.03006559
v -0.0362448 0.03512764 -0.02979081
v -0.03476277 0.03512764 -0.03007076
v -0.03474336 0.03512764 -0.03009384
v -0.03627474 0.03512764 -0.02964296
v -0.0372771 0.03512764 -0.02913225
v -0.03627289 0.03512764 -0.02961262
v -0.03626842 0.03512764 -0.02958255
v -0.03496948 0.03512764 -0.03107316
v -0.03495484 0.03512764 -0.03109981
v -0.03533997 0.03512764 -0.03131657
v -0.03493795 0.03512764 -0.03112508
v -0.03516957 0.03512764 -0.0315885
v -0.03491893 0.03512764 -0.0311488
v -0.03489793 0.03512764 -0.03117077
v -0.0348751 0.03512764 -0.03119084
v -0.03485061 0.03512764 -0.03120886
v -0.03502266 0.03512764 -0.0318738
v -0.0345596 0.03512764 -0.03125474
v -0.03453076 0.03512764 -0.03124514
v -0.03372183 0.03512764 -0.0318738
v -0.03450286 0.03512764 -0.03123306
v -0.04323901 0.03512764 -0.0318738
v -0.04323898 0.03512764 -0.03187061
v -0.04323731 0.03512764 -0.03184051
v -0.04323313 0.03512764 -0.03181065
v -0.04322647 0.03512764 -0.03178124
v -0.04321736 0.03512764 -0.03175249
v -0.03622523 0.03512764 -0.0294695
v -0.03623968 0.03512764 -0.02949625
v -0.0372523 0.03512764 -0.0290768
v -0.03560999 0.03512764 -0.02980777
v -0.03559107 0.03512764 -0.02978428
v -0.03523539 0.03512764 -0.02967189
v -0.03517824 0.03512764 -0.02969098
v -0.03515106 0.03512764 -0.02970404
v -0.04082021 0.03512764 -0.02924737
v -0.04082012 0.03512764 -0.02921721
v -0.04081751 0.03512764 -0.02918717
v -0.04011371 0.03512764 -0.02871691
v -0.04008361 0.03512764 -0.02871524
v -0.04005346 0.03512764 -0.0287161
v -0.04193818 0.03512764 -0.0318738
v -0.04213618 0.03512764 -0.03122468
v -0.04179127 0.03512764 -0.0315885
v -0.04211022 0.03512764 -0.03120886
v -0.04208574 0.03512764 -0.03119084
v -0.03476908 0.03512764 -0.03056364
v -0.0347909 0.03512764 -0.03058446
v -0.03481438 0.03512764 -0.03060338
v -0.03575793 0.03512764 -0.02995671
v -0.03573187 0.03512764 -0.02994107
v -0.03494768 0.03512764 -0.03072525
v -0.03482465 0.03512764 -0.03122468
v -0.03479742 0.03512764 -0.03123818
v -0.03476912 0.03512764 -0.03124928
v -0.03557026 0.03512764 -0.02976247
v -0.03554768 0.03512764 -0.02974247
v -0.03552352 0.03512764 -0.02972444
v -0.03512507 0.03512764 -0.02971933
v -0.03510046 0.03512764 -0.02973674
v -0.04288191 0.03512764 -0.03117175
v -0.04297886 0.03512764 -0.03124262
v -0.04290829 0.03512764 -0.03118635
v -0.04295693 0.03512764 -0.03122191
v -0.04293336 0.03512764 -0.03120311
v -0.04279676 0.03512764 -0.03114182
v -0.04276705 0.03512764 -0.03113671
v -0.04273701 0.03512764 -0.0311341
v -0.04270685 0.03512764 -0.03113401
v -0.0426768 0.03512764 -0.03113645
v -0.04264706 0.03512764 -0.0311414
v -0.04261783 0.03512764 -0.03114881
v -0.04080481 0.03512764 -0.02912827
v -0.04079482 0.03512764 -0.02909982
v -0.04078247 0.03512764 -0.02907231
v -0.04073231 0.03512764 -0.02899729
v -0.0407116 0.03512764 -0.02897537
v -0.04068914 0.03512764 -0.02895525
v -0.04066506 0.03512764 -0.02893709
v -0.0408124 0.03512764 -0.02915745
v -0.04063956 0.03512764 -0.02892101
v -0.0400235 0.03512764 -0.02871948
v -0.03999393 0.03512764 -0.02872535
v -0.03996494 0.03512764 -0.02873368
v -0.04248472 0.03512764 -0.03121862
v -0.04245798 0.03512764 -0.03123306
v -0.04243008 0.03512764 -0.03124513
v -0.04196929 0.03512764 -0.03101657
v -0.04142819 0.03512764 -0.03105994
v -0.0419791 0.03512764 -0.03104535
v -0.04162087 0.03512764 -0.03131657
v -0.04199136 0.03512764 -0.03107316
v -0.04200599 0.03512764 -0.03109981
v -0.04195528 0.03512764 -0.03092669
v -0.0412029 0.03512764 -0.02995671
v -0.04195734 0.03512764 -0.03095702
v -0.04196202 0.03512764 -0.03098706
v -0.04195586 0.03512764 -0.0308963
v -0.04195908 0.03512764 -0.03086607
v -0.04196491 0.03512764 -0.03083624
v -0.0419733 0.03512764 -0.03080702
v -0.0419842 0.03512764 -0.03077864
v -0.04122897 0.03512764 -0.02994107
v -0.04125358 0.03512764 -0.02992322
v -0.03726349 0.03512764 -0.02910507
v -0.03625175 0.03512764 -0.02952414
v -0.03626136 0.03512764 -0.02955298
v -0.03616526 0.03512764 -0.0293649
v -0.03617745 0.03512764 -0.02939248
v -0.0372436 0.03512764 -0.02904768
v -0.03619191 0.03512764 -0.02941894
v -0.03620852 0.03512764 -0.02944411
v -0.03723747 0.03512764 -0.0290179
v -0.03614063 0.03512764 -0.02924737
v -0.03614307 0.03512764 -0.02927742
v -0.03614801 0.03512764 -0.02930717
v -0.03615543 0.03512764 -0.02933639
v -0.03483936 0.03512764 -0.03062027
v -0.03486452 0.03512764 -0.03063733
v -0.03566313 0.03512764 -0.02988148
v -0.0348881 0.03512764 -0.03065651
v -0.03568428 0.03512764 -0.02990331
v -0.03490993 0.03512764 -0.03067767
v -0.03570725 0.03512764 -0.02992322
v -0.03590292 0.03512764 -0.02999836
v -0.03587269 0.03512764 -0.02999514
v -0.03498754 0.03512764 -0.03080702
v -0.03584285 0.03512764 -0.02998932
v -0.03581364 0.03512764 -0.02998092
v -0.03497664 0.03512764 -0.03077864
v -0.03496332 0.03512764 -0.03075132
v -0.03593331 0.03512764 -0.02999894
v -0.03622995 0.03512764 -0.03039947
v -0.03597922 0.03512764 -0.03059976
v -0.03499593 0.03512764 -0.03083624
v -0.03574623 0.03512764 -0.03082044
v -0.03500176 0.03512764 -0.03086607
v -0.03520642 0.03512764 -0.02968024
v -0.03472595 0.03512764 -0.03011846
v -0.03471065 0.03512764 -0.03014445
v -0.03469759 0.03512764 -0.03017163
v -0.03468685 0.03512764 -0.0301998
v -0.03467851 0.03512764 -0.03022878
v -0.03467261 0.03512764 -0.03025835
v -0.04282595 0.03512764 -0.03114941
v -0.04303321 0.03512764 -0.03131466
v -0.04301713 0.03512764 -0.03128916
v -0.04299897 0.03512764 -0.03126508
v -0.0428544 0.03512764 -0.0311594
v -0.04258932 0.03512764 -0.03115865
v -0.04256174 0.03512764 -0.03117084
v -0.04076787 0.03512764 -0.02904593
v -0.04075111 0.03512764 -0.02902086
v -0.04017299 0.03512764 -0.02872775
v -0.04014358 0.03512764 -0.02872109
v -0.03993676 0.03512764 -0.02874441
v -0.03990958 0.03512764 -0.02875745
v -0.03988358 0.03512764 -0.02877272
v -0.03985895 0.03512764 -0.02879012
v -0.03983586 0.03512764 -0.02880952
v -0.03972941 0.03512764 -0.02898836
v -0.03979495 0.03512764 -0.02885376
v -0.03977741 0.03512764 -0.02887829
v -0.03973791 0.03512764 -0.02895943
v -0.03976199 0.03512764 -0.0289042
v -0.03974879 0.03512764 -0.02893131
v -0.04231126 0.03512764 -0.03126813
v -0.04228087 0.03512764 -0.03126733
v -0.04225067 0.03512764 -0.03126391
v -0.04222087 0.03512764 -0.03125788
v -0.04219171 0.03512764 -0.03124928
v -0.04216341 0.03512764 -0.03123818
v -0.0420629 0.03512764 -0.03117077
v -0.0420419 0.03512764 -0.0311488
v -0.04202288 0.03512764 -0.03112508
v -0.04074537 0.03512764 -0.029844
v -0.04018342 0.03512764 -0.03006559
v -0.04076338 0.03512764 -0.02986848
v -0.04046419 0.03512764 -0.030221
v -0.04078345 0.03512764 -0.02989132
v -0.04080542 0.03512764 -0.02991232
v -0.03791783 0.03512764 -0.02885183
v -0.03792356 0.03512764 -0.02888143
v -0.03825795 0.03512764 -0.02843872
v -0.03578526 0.03512764 -0.02997002
v -0.03492984 0.03512764 -0.03070064
v -0.03500349 0.03512764 -0.03095702
v -0.03553264 0.03512764 -0.03105994
v -0.03500555 0.03512764 -0.03092669
v -0.03500497 0.03512764 -0.0308963
v -0.03473996 0.03512764 -0.03125788
v -0.03471017 0.03512764 -0.03126391
v -0.03467996 0.03512764 -0.03126733
v -0.03464958 0.03512764 -0.03126813
v -0.03461923 0.03512764 -0.03126628
v -0.03458917 0.03512764 -0.03126181
v -0.03447611 0.03512764 -0.03121862
v -0.03445072 0.03512764 -0.03120191
v -0.03372186 0.03512764 -0.03187061
v -0.03372352 0.03512764 -0.03184051
v -0.0346808 0.03512764 -0.03040784
v -0.03466834 0.03512764 -0.03031845
v -0.03467416 0.03512764 -0.03037843
v -0.03466999 0.03512764 -0.03034856
v -0.03466922 0.03512764 -0.03028831
v -0.03468989 0.03512764 -0.03043659
v -0.03981448 0.03512764 -0.02883078
v -0.04240124 0.03512764 -0.03125474
v -0.04237167 0.03512764 -0.03126181
v -0.0423416 0.03512764 -0.03126628
v -0.04209632 0.03512764 -0.03063733
v -0.04141315 0.03512764 -0.02974247
v -0.04139058 0.03512764 -0.02976247
v -0.04143732 0.03512764 -0.02972444
v -0.04073089 0.03512764 -0.03039947
v -0.04093765 0.03512764 -0.02998493
v -0.04090887 0.03512764 -0.02997512
v -0.03915934 0.03512764 -0.02923561
v -0.03864087 0.03512764 -0.02966718
v -0.03918389 0.03512764 -0.02925354
v -0.03896064 0.03512764 -0.02969419
v -0.0392099 0.03512764 -0.02926927
v -0.03923718 0.03512764 -0.02928269
v -0.03737312 0.03512764 -0.02982826
v -0.03751532 0.03512764 -0.02930558
v -0.03748577 0.03512764 -0.02929842
v -0.03623129 0.03512764 -0.02981804
v -0.03621547 0.03512764 -0.029844
v -0.03649665 0.03512764 -0.030221
v -0.03619746 0.03512764 -0.02986848
v -0.03617739 0.03512764 -0.02989132
v -0.03499882 0.03512764 -0.03098706
v -0.03499154 0.03512764 -0.03101657
v -0.03498174 0.03512764 -0.03104535
v -0.03382406 0.03512764 -0.03154508
v -0.03374347 0.03512764 -0.03175249
v -0.03529493 0.03512764 -0.0296626
v -0.0354711 0.03512764 -0.02969473
v -0.03532507 0.03512764 -0.02966173
v -0.03544321 0.03512764 -0.02968327
v -0.03541445 0.03512764 -0.02967419
v -0.03538504 0.03512764 -0.02966754
v -0.03535518 0.03512764 -0.02966338
v -0.03549793 0.03512764 -0.02970849
v -0.03526497 0.03512764 -0.029666
v -0.04199751 0.03512764 -0.03075132
v -0.04201315 0.03512764 -0.03072525
v -0.04127655 0.03512764 -0.02990331
v -0.04219807 0.03512764 -0.03007076
v -0.04204424 0.03512764 -0.02990999
v -0.04212147 0.03512764 -0.03062027
v -0.04117558 0.03512764 -0.02997002
v -0.04088106 0.03512764 -0.02996286
v -0.04085441 0.03512764 -0.02994823
v -0.04082914 0.03512764 -0.02993134
v -0.0379307 0.03512764 -0.02900224
v -0.03907928 0.03512764 -0.02914486
v -0.03906456 0.03512764 -0.02911826
v -0.0390522 0.03512764 -0.02909049
v -0.03904229 0.03512764 -0.02906175
v -0.03903492 0.03512764 -0.02903226
v -0.03909626 0.03512764 -0.02917007
v -0.03831996 0.03512764 -0.02966718
v -0.03911536 0.03512764 -0.02919372
v -0.03913644 0.03512764 -0.02921562
v -0.0378015 0.03512764 -0.02923561
v -0.0380002 0.03512764 -0.02969419
v -0.03777695 0.03512764 -0.02925354
v -0.03775093 0.03512764 -0.02926927
v -0.03693733 0.03512764 -0.02871948
v -0.03690737 0.03512764 -0.0287161
v -0.03722293 0.03512764 -0.02895943
v -0.03614333 0.03512764 -0.02918717
v -0.03614071 0.03512764 -0.02921721
v -0.03634804 0.03512764 -0.02890712
v -0.0365517 0.03512764 -0.02881745
v -0.0367591 0.03512764 -0.02873685
v -0.042031 0.03512764 -0.03070064
v -0.04205091 0.03512764 -0.03067767
v -0.04129771 0.03512764 -0.02988148
v -0.04207274 0.03512764 -0.03065651
v -0.04131689 0.03512764 -0.0298579
v -0.04221748 0.03512764 -0.03009384
v -0.04096716 0.03512764 -0.0299922
v -0.04098162 0.03512764 -0.03059976
v -0.0409972 0.03512764 -0.02999688
v -0.04075231 0.03512764 -0.02944411
v -0.04076893 0.03512764 -0.02941894
v -0.04078338 0.03512764 -0.02939248
v -0.03902471 0.03512764 -0.02867369
v -0.03903396 0.03512764 -0.02870239
v -0.03792928 0.03512764 -0.02891129
v -0.03904078 0.03512764 -0.02873176
v -0.03903013 0.03512764 -0.02900224
v -0.03902797 0.03512764 -0.02897192
v -0.03793287 0.03512764 -0.02897192
v -0.03786458 0.03512764 -0.02917007
v -0.03784548 0.03512764 -0.02919372
v -0.0378244 0.03512764 -0.02921562
v -0.03742911 0.03512764 -0.02927654
v -0.03740241 0.03512764 -0.029262
v -0.03627395 0.03512764 -0.02967335
v -0.03627053 0.03512764 -0.02970355
v -0.03729301 0.03512764 -0.02915815
v -0.03626449 0.03512764 -0.02973335
v -0.0373111 0.03512764 -0.02918258
v -0.03696691 0.03512764 -0.02872535
v -0.03620973 0.03512764 -0.02902086
v -0.03622853 0.03512764 -0.02899729
v -0.03624923 0.03512764 -0.02897537
v -0.03619297 0.03512764 -0.02904593
v -0.03617837 0.03512764 -0.02907231
v -0.03616602 0.03512764 -0.02909982
v -0.03615602 0.03512764 -0.02912827
v -0.03614844 0.03512764 -0.02915745
v -0.03610642 0.03512764 -0.02994823
v -0.0361317 0.03512764 -0.02993134
v -0.03615541 0.03512764 -0.02991232
v -0.03607978 0.03512764 -0.02996286
v -0.03605196 0.03512764 -0.02997512
v -0.03602319 0.03512764 -0.02998493
v -0.0343991 0.03512764 -0.03117084
v -0.03437151 0.03512764 -0.03115865
v -0.03391374 0.03512764 -0.03134143
v -0.04136976 0.03512764 -0.02978428
v -0.04135085 0.03512764 -0.02980777
v -0.04133395 0.03512764 -0.02983274
v -0.04229162 0.03512764 -0.03028831
v -0.04228822 0.03512764 -0.03025835
v -0.04146291 0.03512764 -0.02970849
v -0.04148974 0.03512764 -0.02969473
v -0.04188346 0.03512764 -0.02975615
v -0.0412146 0.03512764 -0.03082044
v -0.04105792 0.03512764 -0.02999836
v -0.04102753 0.03512764 -0.02999894
v -0.04069031 0.03512764 -0.02970355
v -0.04068689 0.03512764 -0.02967335
v -0.03964973 0.03512764 -0.02918258
v -0.04079557 0.03512764 -0.0293649
v -0.04080541 0.03512764 -0.02933639
v -0.03801604 0.03512764 -0.02854709
v -0.03799592 0.03512764 -0.02856955
v -0.03791461 0.03512764 -0.02882184
v -0.03772365 0.03512764 -0.02928269
v -0.03769531 0.03512764 -0.02929368
v -0.03768383 0.03512764 -0.02974801
v -0.03766613 0.03512764 -0.02930218
v -0.03763631 0.03512764 -0.02930811
v -0.03745697 0.03512764 -0.02928871
v -0.03737708 0.03512764 -0.0292452
v -0.0373533 0.03512764 -0.02922627
v -0.03733125 0.03512764 -0.02920534
v -0.03719885 0.03512764 -0.0289042
v -0.03718342 0.03512764 -0.02887829
v -0.03699589 0.03512764 -0.02873368
v -0.03716588 0.03512764 -0.02885376
v -0.03714636 0.03512764 -0.02883078
v -0.03712497 0.03512764 -0.02880952
v -0.03687723 0.03512764 -0.02871524
v -0.03684712 0.03512764 -0.02871691
v -0.03681726 0.03512764 -0.02872109
v -0.03632128 0.03512764 -0.02892101
v -0.03629577 0.03512764 -0.02893709
v -0.0362717 0.03512764 -0.02895525
v -0.03599367 0.03512764 -0.0299922
v -0.03596364 0.03512764 -0.02999688
v -0.03442556 0.03512764 -0.03118529
v -0.03373437 0.03512764 -0.03178124
v -0.0337277 0.03512764 -0.03181065
v -0.04160566 0.03512764 -0.02966338
v -0.04157579 0.03512764 -0.02966754
v -0.0411472 0.03512764 -0.02998092
v -0.04111798 0.03512764 -0.02998932
v -0.04108815 0.03512764 -0.02999514
v -0.04069635 0.03512764 -0.02973335
v -0.03969734 0.03512764 -0.02910507
v -0.03968374 0.03512764 -0.02913225
v -0.04069242 0.03512764 -0.02958255
v -0.03966783 0.03512764 -0.02915815
v -0.03962958 0.03512764 -0.02920534
v -0.03960754 0.03512764 -0.02922627
v -0.03958375 0.03512764 -0.0292452
v -0.03989057 0.03512764 -0.02993437
v -0.03955842 0.03512764 -0.029262
v -0.03935474 0.03512764 -0.02931143
v -0.03932452 0.03512764 -0.02930811
v -0.039277 0.03512764 -0.02974801
v -0.03929471 0.03512764 -0.02930218
v -0.03926552 0.03512764 -0.02929368
v -0.0390131 0.03512764 -0.02864586
v -0.03873293 0.03512764 -0.02844131
v -0.03870288 0.03512764 -0.02843872
v -0.03848042 0.03512764 -0.0284338
v -0.03882029 0.03512764 -0.02846395
v -0.03879184 0.03512764 -0.02845397
v -0.03898309 0.03512764 -0.02859361
v -0.03904623 0.03512764 -0.02882184
v -0.039043 0.03512764 -0.02885183
v -0.03903728 0.03512764 -0.02888143
v -0.03904693 0.03512764 -0.0287917
v -0.03904511 0.03512764 -0.0287616
v -0.03792592 0.03512764 -0.02903226
v -0.03791855 0.03512764 -0.02906175
v -0.0376061 0.03512764 -0.02931143
v -0.03757571 0.03512764 -0.02931212
v -0.03754537 0.03512764 -0.02931016
v -0.03710189 0.03512764 -0.02879012
v -0.03707726 0.03512764 -0.02877272
v -0.03702407 0.03512764 -0.02874441
v -0.03705126 0.03512764 -0.02875745
v -0.03723142 0.03512764 -0.02898836
v -0.03678785 0.03512764 -0.02872775
v -0.03434301 0.03512764 -0.03114881
v -0.03431378 0.03512764 -0.0311414
v -0.03392763 0.03512764 -0.03131466
v -0.03394371 0.03512764 -0.03128916
v -0.04229249 0.03512764 -0.03031845
v -0.04072955 0.03512764 -0.02981804
v -0.04071604 0.03512764 -0.02979081
v -0.04070494 0.03512764 -0.02976251
v -0.04068609 0.03512764 -0.02964296
v -0.04068794 0.03512764 -0.02961262
v -0.04069948 0.03512764 -0.02955298
v -0.04070909 0.03512764 -0.02952414
v -0.03970854 0.03512764 -0.0290768
v -0.04072116 0.03512764 -0.02949625
v -0.0407356 0.03512764 -0.0294695
v -0.03899919 0.03512764 -0.0286191
v -0.03876264 0.03512764 -0.0284464
v -0.03793239 0.03512764 -0.02894153
v -0.03902844 0.03512764 -0.02894153
v -0.03903155 0.03512764 -0.02891129
v -0.03790864 0.03512764 -0.02909049
v -0.03789628 0.03512764 -0.02911826
v -0.03788155 0.03512764 -0.02914486
v -0.03721204 0.03512764 -0.02893131
v -0.04228233 0.03512764 -0.03022878
v -0.04227398 0.03512764 -0.0301998
v -0.04226324 0.03512764 -0.03017163
v -0.04169587 0.03512764 -0.029666
v -0.04166591 0.03512764 -0.0296626
v -0.04163577 0.03512764 -0.02966173
v -0.04154638 0.03512764 -0.02967419
v -0.04151763 0.03512764 -0.02968327
v -0.03947506 0.03512764 -0.02929842
v -0.03958771 0.03512764 -0.02982826
v -0.03950387 0.03512764 -0.02928871
v -0.03953173 0.03512764 -0.02927654
v -0.03797774 0.03512764 -0.02859361
v -0.03796165 0.03512764 -0.0286191
v -0.03794774 0.03512764 -0.02864586
v -0.03793612 0.03512764 -0.02867369
v -0.03792688 0.03512764 -0.02870239
v -0.03792006 0.03512764 -0.02873176
v -0.03791573 0.03512764 -0.0287616
v -0.0379139 0.03512764 -0.0287917
v -0.03428404 0.03512764 -0.03113645
v -0.03425398 0.03512764 -0.03113401
v -0.03398198 0.03512764 -0.03124262
v -0.03422383 0.03512764 -0.0311341
v -0.03419379 0.03512764 -0.03113671
v -0.03410644 0.03512764 -0.0311594
v -0.03407893 0.03512764 -0.03117175
v -0.03396187 0.03512764 -0.03126508
v -0.04222978 0.03512764 -0.03051691
v -0.04224573 0.03512764 -0.03049132
v -0.04225949 0.03512764 -0.03046448
v -0.04227095 0.03512764 -0.03043659
v -0.04228003 0.03512764 -0.03040784
v -0.04228668 0.03512764 -0.03037843
v -0.04229084 0.03512764 -0.03034856
v -0.04186038 0.03512764 -0.02973674
v -0.04175442 0.03512764 -0.02968024
v -0.04172544 0.03512764 -0.02967189
v -0.04183576 0.03512764 -0.02971933
v -0.04180977 0.03512764 -0.02970404
v -0.0417826 0.03512764 -0.02969098
v -0.03892286 0.03512764 -0.0285264
v -0.03889927 0.03512764 -0.02850761
v -0.03894479 0.03512764 -0.02854709
v -0.0388742 0.03512764 -0.02849087
v -0.03896492 0.03512764 -0.02856955
v -0.03884781 0.03512764 -0.02847628
v -0.038169 0.03512764 -0.02845397
v -0.03819819 0.03512764 -0.0284464
v -0.03822791 0.03512764 -0.02844131
v -0.03814055 0.03512764 -0.02846395
v -0.03811303 0.03512764 -0.02847628
v -0.03808664 0.03512764 -0.02849087
v -0.03806156 0.03512764 -0.02850761
v -0.03803797 0.03512764 -0.0285264
v -0.03416407 0.03512764 -0.03114182
v -0.03413489 0.03512764 -0.03114941
v -0.04214646 0.03512764 -0.03060338
v -0.04216994 0.03512764 -0.03058446
v -0.04225018 0.03512764 -0.03014445
v -0.04223489 0.03512764 -0.03011846
v -0.03944552 0.03512764 -0.02930558
v -0.03941547 0.03512764 -0.02931016
v -0.03938513 0.03512764 -0.02931212
v -0.03405254 0.03512764 -0.03118635
v -0.03402748 0.03512764 -0.03120311
v -0.0340039 0.03512764 -0.03122191
v -0.04219175 0.03512764 -0.03056364
v -0.04221174 0.03512764 -0.03054107
v -0.04193818 0.03512764 -0.0350738
v -0.04216341 0.03512764 -0.03570942
v -0.04219171 0.03512764 -0.03569833
v -0.04139058 0.03512764 -0.03718514
v -0.04141315 0.03512764 -0.03720513
v -0.04209632 0.03512764 -0.03631028
v -0.04222087 0.03512764 -0.03568973
v -0.04225067 0.03512764 -0.0356837
v -0.04228087 0.03512764 -0.03568027
v -0.03496948 0.03512764 -0.03587444
v -0.03564394 0.03512764 -0.0370897
v -0.03566313 0.03512764 -0.03706612
v -0.04245798 0.03512764 -0.03571454
v -0.04323901 0.03512764 -0.0350738
v -0.04243008 0.03512764 -0.03570247
v -0.04240124 0.03512764 -0.03569287
v -0.04248472 0.03512764 -0.03572899
v -0.04251011 0.03512764 -0.0357457
v -0.04323898 0.03512764 -0.03507699
v -0.03626842 0.03512764 -0.03736505
v -0.03626136 0.03512764 -0.03739462
v -0.0373533 0.03512764 -0.03772134
v -0.03737708 0.03512764 -0.0377024
v -0.03740241 0.03512764 -0.0376856
v -0.03627474 0.03512764 -0.03730464
v -0.03707027 0.03512764 -0.03701323
v -0.03745697 0.03512764 -0.0376589
v -0.03737312 0.03512764 -0.03711935
v -0.03748577 0.03512764 -0.03764919
v -0.04231126 0.03512764 -0.03567948
v -0.0423416 0.03512764 -0.03568133
v -0.04237167 0.03512764 -0.0356858
v -0.03495484 0.03512764 -0.0358478
v -0.03568428 0.03512764 -0.03704429
v -0.03570725 0.03512764 -0.03702438
v -0.03626449 0.03512764 -0.03721426
v -0.03627053 0.03512764 -0.03724405
v -0.03627395 0.03512764 -0.03727426
v -0.03742911 0.03512764 -0.03767106
v -0.03751532 0.03512764 -0.03764202
v -0.03754537 0.03512764 -0.03763744
v -0.03768383 0.03512764 -0.0371996
v -0.03757571 0.03512764 -0.03763549
v -0.0376061 0.03512764 -0.03763618
v -0.03955842 0.03512764 -0.0376856
v -0.03989057 0.03512764 -0.03701323
v -0.03953173 0.03512764 -0.03767106
v -0.03950387 0.03512764 -0.0376589
v -0.0409972 0.03512764 -0.03695073
v -0.04102753 0.03512764 -0.03694867
v -0.04098162 0.03512764 -0.03634784
v -0.04207274 0.03512764 -0.03629109
v -0.04135085 0.03512764 -0.03713984
v -0.04136976 0.03512764 -0.03716332
v -0.04129771 0.03512764 -0.03706612
v -0.04131689 0.03512764 -0.0370897
v -0.04133395 0.03512764 -0.03711486
v -0.0420629 0.03512764 -0.03577683
v -0.04208574 0.03512764 -0.03575676
v -0.04179127 0.03512764 -0.03535911
v -0.04211022 0.03512764 -0.03573875
v -0.04213618 0.03512764 -0.03572293
v -0.03499154 0.03512764 -0.03593103
v -0.03499882 0.03512764 -0.03596055
v -0.03557026 0.03512764 -0.03718514
v -0.03500349 0.03512764 -0.03599058
v -0.03621547 0.03512764 -0.03710361
v -0.03677742 0.03512764 -0.03688201
v -0.03619746 0.03512764 -0.03707912
v -0.03649665 0.03512764 -0.03672661
v -0.03617739 0.03512764 -0.03705629
v -0.03615541 0.03512764 -0.03703529
v -0.03623129 0.03512764 -0.03712957
v -0.0362448 0.03512764 -0.0371568
v -0.03625589 0.03512764 -0.0371851
v -0.03627289 0.03512764 -0.03733499
v -0.03896064 0.03512764 -0.03725342
v -0.03918389 0.03512764 -0.03769406
v -0.0392099 0.03512764 -0.03767833
v -0.03947506 0.03512764 -0.03764919
v -0.03958771 0.03512764 -0.03711935
v -0.03944552 0.03512764 -0.03764202
v -0.04081282 0.03512764 -0.03764044
v -0.04080541 0.03512764 -0.03761121
v -0.03971723 0.03512764 -0.03789993
v -0.0412146 0.03512764 -0.03612716
v -0.04186038 0.03512764 -0.03721086
v -0.04188346 0.03512764 -0.03719145
v -0.04148974 0.03512764 -0.03725287
v -0.04212147 0.03512764 -0.03632734
v -0.04146291 0.03512764 -0.03723912
v -0.04143732 0.03512764 -0.03722317
v -0.03559107 0.03512764 -0.03716332
v -0.03560999 0.03512764 -0.03713984
v -0.03562688 0.03512764 -0.03711486
v -0.03498174 0.03512764 -0.03590226
v -0.03500555 0.03512764 -0.03602091
v -0.03500497 0.03512764 -0.03605131
v -0.03500176 0.03512764 -0.03608153
v -0.03497664 0.03512764 -0.03616896
v -0.03496332 0.03512764 -0.03619629
v -0.03494768 0.03512764 -0.03622236
v -0.03492984 0.03512764 -0.03624697
v -0.03483936 0.03512764 -0.03632734
v -0.0354711 0.03512764 -0.03725287
v -0.03486452 0.03512764 -0.03631028
v -0.03549793 0.03512764 -0.03723912
v -0.03502266 0.03512764 -0.0350738
v -0.03464958 0.03512764 -0.03567948
v -0.03467996 0.03512764 -0.03568027
v -0.03471017 0.03512764 -0.0356837
v -0.03473996 0.03512764 -0.03568973
v -0.03476912 0.03512764 -0.03569833
v -0.03485061 0.03512764 -0.03573875
v -0.03516957 0.03512764 -0.03535911
v -0.03482465 0.03512764 -0.03572293
v -0.03479742 0.03512764 -0.03570942
v -0.0348751 0.03512764 -0.03575676
v -0.03489793 0.03512764 -0.03577683
v -0.03491893 0.03512764 -0.03579881
v -0.03605196 0.03512764 -0.03697248
v -0.03607978 0.03512764 -0.03698475
v -0.03622995 0.03512764 -0.03654813
v -0.03610642 0.03512764 -0.03699938
v -0.0361317 0.03512764 -0.03701627
v -0.03793612 0.03512764 -0.03827392
v -0.03903728 0.03512764 -0.03806617
v -0.03792688 0.03512764 -0.03824522
v -0.03903155 0.03512764 -0.03803632
v -0.03792006 0.03512764 -0.03821585
v -0.03932452 0.03512764 -0.0376395
v -0.03935474 0.03512764 -0.03763618
v -0.039277 0.03512764 -0.0371996
v -0.03938513 0.03512764 -0.03763549
v -0.03941547 0.03512764 -0.03763744
v -0.03958375 0.03512764 -0.0377024
v -0.04069242 0.03512764 -0.03736505
v -0.03960754 0.03512764 -0.03772134
v -0.03962958 0.03512764 -0.03774226
v -0.04075231 0.03512764 -0.0375035
v -0.03970854 0.03512764 -0.0378708
v -0.04076893 0.03512764 -0.03752866
v -0.0411472 0.03512764 -0.03696669
v -0.04162087 0.03512764 -0.03563104
v -0.04111798 0.03512764 -0.03695829
v -0.04142819 0.03512764 -0.03588766
v -0.04108815 0.03512764 -0.03695246
v -0.04105792 0.03512764 -0.03694925
v -0.04166591 0.03512764 -0.037285
v -0.04169587 0.03512764 -0.03728161
v -0.04201315 0.03512764 -0.03622236
v -0.04122897 0.03512764 -0.03700654
v -0.042031 0.03512764 -0.03624697
v -0.04125358 0.03512764 -0.03702438
v -0.04127655 0.03512764 -0.03704429
v -0.04117558 0.03512764 -0.03697758
v -0.0412029 0.03512764 -0.0369909
v -0.0419842 0.03512764 -0.03616896
v -0.04199751 0.03512764 -0.03619629
v -0.04202288 0.03512764 -0.03582252
v -0.0420419 0.03512764 -0.03579881
v -0.03499593 0.03512764 -0.03611137
v -0.03498754 0.03512764 -0.03614058
v -0.03552352 0.03512764 -0.03722317
v -0.03554768 0.03512764 -0.03720513
v -0.0348881 0.03512764 -0.03629109
v -0.03490993 0.03512764 -0.03626994
v -0.03453076 0.03512764 -0.03570247
v -0.03372183 0.03512764 -0.0350738
v -0.03450286 0.03512764 -0.03571454
v -0.03447611 0.03512764 -0.03572899
v -0.03573187 0.03512764 -0.03700654
v -0.03575793 0.03512764 -0.0369909
v -0.03493795 0.03512764 -0.03582252
v -0.03578526 0.03512764 -0.03697758
v -0.03729301 0.03512764 -0.03778945
v -0.0373111 0.03512764 -0.03776503
v -0.03733125 0.03512764 -0.03774226
v -0.03848042 0.03512764 -0.0385138
v -0.03870288 0.03512764 -0.03850889
v -0.03873293 0.03512764 -0.0385063
v -0.03788155 0.03512764 -0.03780275
v -0.03789628 0.03512764 -0.03782934
v -0.03903013 0.03512764 -0.03794536
v -0.03790864 0.03512764 -0.03785712
v -0.03791855 0.03512764 -0.03788586
v -0.03792356 0.03512764 -0.03806617
v -0.03791783 0.03512764 -0.03809578
v -0.03791461 0.03512764 -0.03812576
v -0.03915934 0.03512764 -0.03771199
v -0.03864087 0.03512764 -0.03728042
v -0.03913644 0.03512764 -0.03773198
v -0.03923718 0.03512764 -0.03766492
v -0.03926552 0.03512764 -0.03765392
v -0.03929471 0.03512764 -0.03764543
v -0.03964973 0.03512764 -0.03776503
v -0.03966783 0.03512764 -0.03778945
v -0.03968374 0.03512764 -0.03781535
v -0.04079557 0.03512764 -0.03758271
v -0.04078338 0.03512764 -0.03755512
v -0.04081777 0.03512764 -0.03767018
v -0.03972337 0.03512764 -0.0379297
v -0.04082021 0.03512764 -0.03770024
v -0.04068794 0.03512764 -0.03733499
v -0.04068609 0.03512764 -0.03730464
v -0.04068689 0.03512764 -0.03727426
v -0.04069031 0.03512764 -0.03724405
v -0.04069635 0.03512764 -0.03721426
v -0.04070494 0.03512764 -0.0371851
v -0.04018342 0.03512764 -0.03688201
v -0.04071604 0.03512764 -0.0371568
v -0.04072955 0.03512764 -0.03712957
v -0.04074537 0.03512764 -0.03710361
v -0.04046419 0.03512764 -0.03672661
v -0.04076338 0.03512764 -0.03707912
v -0.04078345 0.03512764 -0.03705629
v -0.04204424 0.03512764 -0.03703762
v -0.04219807 0.03512764 -0.03687684
v -0.04221748 0.03512764 -0.03685376
v -0.04223489 0.03512764 -0.03682915
v -0.04225018 0.03512764 -0.03680316
v -0.04226324 0.03512764 -0.03677598
v -0.0419733 0.03512764 -0.03614058
v -0.04196491 0.03512764 -0.03611137
v -0.0430471 0.03512764 -0.03560618
v -0.04313677 0.03512764 -0.03540253
v -0.04321736 0.03512764 -0.03519512
v -0.04322647 0.03512764 -0.03516637
v -0.0345596 0.03512764 -0.03569287
v -0.03458917 0.03512764 -0.0356858
v -0.03461923 0.03512764 -0.03568133
v -0.03574623 0.03512764 -0.03612716
v -0.03590292 0.03512764 -0.03694925
v -0.03597922 0.03512764 -0.03634784
v -0.03593331 0.03512764 -0.03694867
v -0.03614063 0.03512764 -0.03770024
v -0.03723747 0.03512764 -0.0379297
v -0.03614307 0.03512764 -0.03767018
v -0.0372436 0.03512764 -0.03789993
v -0.03614801 0.03512764 -0.03764044
v -0.03617745 0.03512764 -0.03755512
v -0.03619191 0.03512764 -0.03752866
v -0.0372523 0.03512764 -0.0378708
v -0.03616526 0.03512764 -0.03758271
v -0.03615543 0.03512764 -0.03761121
v -0.03801604 0.03512764 -0.03840052
v -0.03803797 0.03512764 -0.03842121
v -0.03822791 0.03512764 -0.0385063
v -0.03806156 0.03512764 -0.03843999
v -0.03902797 0.03512764 -0.03797569
v -0.03793287 0.03512764 -0.03797569
v -0.0379139 0.03512764 -0.03815591
v -0.03791573 0.03512764 -0.03818601
v -0.03763631 0.03512764 -0.0376395
v -0.03766613 0.03512764 -0.03764543
v -0.0380002 0.03512764 -0.03725342
v -0.03769531 0.03512764 -0.03765392
v -0.03772365 0.03512764 -0.03766492
v -0.0390522 0.03512764 -0.03785712
v -0.03906456 0.03512764 -0.03782934
v -0.03831996 0.03512764 -0.03728042
v -0.04082012 0.03512764 -0.03773039
v -0.04063956 0.03512764 -0.03802659
v -0.04061279 0.03512764 -0.03804049
v -0.04151763 0.03512764 -0.03726433
v -0.04154638 0.03512764 -0.03727342
v -0.04157579 0.03512764 -0.03728007
v -0.04163577 0.03512764 -0.03728588
v -0.04172544 0.03512764 -0.03727571
v -0.04175442 0.03512764 -0.03726737
v -0.0417826 0.03512764 -0.03725663
v -0.04180977 0.03512764 -0.03724357
v -0.04183576 0.03512764 -0.03722828
v -0.04228822 0.03512764 -0.03668926
v -0.04229162 0.03512764 -0.03665929
v -0.04224573 0.03512764 -0.03645629
v -0.04205091 0.03512764 -0.03626994
v -0.04282595 0.03512764 -0.0357982
v -0.04253528 0.03512764 -0.03576232
v -0.04256174 0.03512764 -0.03577677
v -0.04288191 0.03512764 -0.03577586
v -0.04290829 0.03512764 -0.03576125
v -0.04293336 0.03512764 -0.03574449
v -0.04323313 0.03512764 -0.03513696
v -0.04323731 0.03512764 -0.0351071
v -0.03481438 0.03512764 -0.03634423
v -0.03476277 0.03512764 -0.03687684
v -0.0349166 0.03512764 -0.03703762
v -0.03507738 0.03512764 -0.03719145
v -0.03544321 0.03512764 -0.03726433
v -0.03533997 0.03512764 -0.03563104
v -0.03581364 0.03512764 -0.03696669
v -0.03553264 0.03512764 -0.03588766
v -0.03584285 0.03512764 -0.03695829
v -0.03587269 0.03512764 -0.03695246
v -0.03596364 0.03512764 -0.03695073
v -0.03599367 0.03512764 -0.03695541
v -0.03602319 0.03512764 -0.03696268
v -0.03620973 0.03512764 -0.03792674
v -0.03622853 0.03512764 -0.03795032
v -0.03623968 0.03512764 -0.03745136
v -0.03622523 0.03512764 -0.03747811
v -0.03620852 0.03512764 -0.0375035
v -0.03876264 0.03512764 -0.0385012
v -0.03879184 0.03512764 -0.03849364
v -0.03882029 0.03512764 -0.03848365
v -0.03884781 0.03512764 -0.03847133
v -0.0388742 0.03512764 -0.03845674
v -0.03889927 0.03512764 -0.03843999
v -0.03892286 0.03512764 -0.03842121
v -0.03894479 0.03512764 -0.03840052
v -0.039043 0.03512764 -0.03809578
v -0.03792592 0.03512764 -0.03791535
v -0.0379307 0.03512764 -0.03794536
v -0.0378015 0.03512764 -0.03771199
v -0.0378244 0.03512764 -0.03773198
v -0.03904229 0.03512764 -0.03788586
v -0.03784548 0.03512764 -0.03775388
v -0.03786458 0.03512764 -0.03777753
v -0.0407356 0.03512764 -0.03747811
v -0.04072116 0.03512764 -0.03745136
v -0.03969734 0.03512764 -0.03784254
v -0.04070909 0.03512764 -0.03742346
v -0.04069948 0.03512764 -0.03739462
v -0.04080542 0.03512764 -0.03703529
v -0.04082914 0.03512764 -0.03701627
v -0.04073089 0.03512764 -0.03654813
v -0.04085441 0.03512764 -0.03699938
v -0.04088106 0.03512764 -0.03698475
v -0.04160566 0.03512764 -0.03728423
v -0.04221174 0.03512764 -0.03640654
v -0.04219175 0.03512764 -0.03638396
v -0.04228233 0.03512764 -0.03671883
v -0.04216994 0.03512764 -0.03636315
v -0.04195734 0.03512764 -0.03599058
v -0.04196202 0.03512764 -0.03596055
v -0.04196929 0.03512764 -0.03593103
v -0.0419791 0.03512764 -0.03590226
v -0.04199136 0.03512764 -0.03587444
v -0.04200599 0.03512764 -0.0358478
v -0.04270685 0.03512764 -0.03581359
v -0.0426768 0.03512764 -0.03581115
v -0.04264706 0.03512764 -0.03580621
v -0.0428544 0.03512764 -0.0357882
v -0.04295693 0.03512764 -0.03572569
v -0.04297886 0.03512764 -0.03570499
v -0.04299897 0.03512764 -0.03568252
v -0.04301713 0.03512764 -0.03565845
v -0.04303321 0.03512764 -0.03563294
v -0.03466922 0.03512764 -0.03665929
v -0.03467261 0.03512764 -0.03668926
v -0.03471065 0.03512764 -0.03680316
v -0.03472595 0.03512764 -0.03682915
v -0.03474336 0.03512764 -0.03685376
v -0.03466999 0.03512764 -0.03659904
v -0.03467416 0.03512764 -0.03656918
v -0.03523539 0.03512764 -0.03727571
v -0.03515106 0.03512764 -0.03724357
v -0.03520642 0.03512764 -0.03726737
v -0.03517824 0.03512764 -0.03725663
v -0.03510046 0.03512764 -0.03721086
v -0.03512507 0.03512764 -0.03722828
v -0.03529493 0.03512764 -0.037285
v -0.03526497 0.03512764 -0.03728161
v -0.03532507 0.03512764 -0.03728588
v -0.03535518 0.03512764 -0.03728423
v -0.03538504 0.03512764 -0.03728007
v -0.03541445 0.03512764 -0.03727342
v -0.03629577 0.03512764 -0.03801051
v -0.03632128 0.03512764 -0.03802659
v -0.03634804 0.03512764 -0.03804049
v -0.0365517 0.03512764 -0.03813016
v -0.0367591 0.03512764 -0.03821075
v -0.03678785 0.03512764 -0.03821985
v -0.03825795 0.03512764 -0.03850889
v -0.03794774 0.03512764 -0.03830174
v -0.03796165 0.03512764 -0.0383285
v -0.03797774 0.03512764 -0.038354
v -0.03799592 0.03512764 -0.03837806
v -0.03896492 0.03512764 -0.03837806
v -0.03898309 0.03512764 -0.038354
v -0.03903396 0.03512764 -0.03824522
v -0.03899919 0.03512764 -0.0383285
v -0.0390131 0.03512764 -0.03830174
v -0.03902471 0.03512764 -0.03827392
v -0.03777695 0.03512764 -0.03769406
v -0.03775093 0.03512764 -0.03767833
v -0.04090887 0.03512764 -0.03697248
v -0.04093765 0.03512764 -0.03696268
v -0.04096716 0.03512764 -0.03695541
v -0.04222978 0.03512764 -0.0364307
v -0.04227398 0.03512764 -0.0367478
v -0.04214646 0.03512764 -0.03634423
v -0.04195908 0.03512764 -0.03608153
v -0.04195586 0.03512764 -0.03605131
v -0.04195528 0.03512764 -0.03602091
v -0.04258932 0.03512764 -0.03578896
v -0.04261783 0.03512764 -0.03579879
v -0.04273701 0.03512764 -0.03581351
v -0.04276705 0.03512764 -0.0358109
v -0.04279676 0.03512764 -0.03580578
v -0.0347909 0.03512764 -0.03636315
v -0.03476908 0.03512764 -0.03638396
v -0.03474909 0.03512764 -0.03640654
v -0.03445072 0.03512764 -0.0357457
v -0.03372186 0.03512764 -0.03507699
v -0.03372352 0.03512764 -0.0351071
v -0.03721204 0.03512764 -0.0380163
v -0.03722293 0.03512764 -0.03798818
v -0.03684712 0.03512764 -0.0382307
v -0.03811303 0.03512764 -0.03847133
v -0.03814055 0.03512764 -0.03848365
v -0.03808664 0.03512764 -0.03845674
v -0.038169 0.03512764 -0.03849364
v -0.03819819 0.03512764 -0.0385012
v -0.03904078 0.03512764 -0.03821585
v -0.03904511 0.03512764 -0.03818601
v -0.03904693 0.03512764 -0.03815591
v -0.03904623 0.03512764 -0.03812576
v -0.03902844 0.03512764 -0.03800608
v -0.03793239 0.03512764 -0.03800608
v -0.03792928 0.03512764 -0.03803632
v -0.03903492 0.03512764 -0.03791535
v -0.03907928 0.03512764 -0.03780275
v -0.03909626 0.03512764 -0.03777753
v -0.03911536 0.03512764 -0.03775388
v -0.04040914 0.03512764 -0.03813016
v -0.04020173 0.03512764 -0.03821075
v -0.03972941 0.03512764 -0.03795924
v -0.03973791 0.03512764 -0.03798818
v -0.03974879 0.03512764 -0.0380163
v -0.03976199 0.03512764 -0.03804341
v -0.03977741 0.03512764 -0.03806932
v -0.03979495 0.03512764 -0.03809385
v -0.03981448 0.03512764 -0.03811682
v -0.03983586 0.03512764 -0.03813809
v -0.04229249 0.03512764 -0.03662915
v -0.04229084 0.03512764 -0.03659904
v -0.04228668 0.03512764 -0.03656918
v -0.04228003 0.03512764 -0.03653977
v -0.04227095 0.03512764 -0.03651102
v -0.04225949 0.03512764 -0.03648312
v -0.03473105 0.03512764 -0.0364307
v -0.0347151 0.03512764 -0.03645629
v -0.03470135 0.03512764 -0.03648312
v -0.03468989 0.03512764 -0.03651102
v -0.0346808 0.03512764 -0.03653977
v -0.03466834 0.03512764 -0.03662915
v -0.03467851 0.03512764 -0.03671883
v -0.03468685 0.03512764 -0.0367478
v -0.03469759 0.03512764 -0.03677598
v -0.03615602 0.03512764 -0.03781934
v -0.03616602 0.03512764 -0.03784778
v -0.03687723 0.03512764 -0.03823236
v -0.03690737 0.03512764 -0.03823151
v -0.03718342 0.03512764 -0.03806932
v -0.03681726 0.03512764 -0.03822652
v -0.03723142 0.03512764 -0.03795924
v -0.03625175 0.03512764 -0.03742346
v -0.03726349 0.03512764 -0.03784254
v -0.0372771 0.03512764 -0.03781535
v -0.03985895 0.03512764 -0.03815748
v -0.03996494 0.03512764 -0.03821392
v -0.03999393 0.03512764 -0.03822225
v -0.0400235 0.03512764 -0.03822813
v -0.04066506 0.03512764 -0.03801051
v -0.0408124 0.03512764 -0.03779015
v -0.04081751 0.03512764 -0.03776043
v -0.04068914 0.03512764 -0.03799235
v -0.0407116 0.03512764 -0.03797224
v -0.04073231 0.03512764 -0.03795032
v -0.04076787 0.03512764 -0.03790168
v -0.04078247 0.03512764 -0.03787529
v -0.04079482 0.03512764 -0.03784778
v -0.0337277 0.03512764 -0.03513696
v -0.03373437 0.03512764 -0.03516637
v -0.03374347 0.03512764 -0.03519512
v -0.03614844 0.03512764 -0.03779015
v -0.03614071 0.03512764 -0.03773039
v -0.03614333 0.03512764 -0.03776043
v -0.03617837 0.03512764 -0.03787529
v -0.03619297 0.03512764 -0.03790168
v -0.03624923 0.03512764 -0.03797224
v -0.0362717 0.03512764 -0.03799235
v -0.03693733 0.03512764 -0.03822813
v -0.03696691 0.03512764 -0.03822225
v -0.03716588 0.03512764 -0.03809385
v -0.03699589 0.03512764 -0.03821392
v -0.03702407 0.03512764 -0.0382032
v -0.03712497 0.03512764 -0.03813809
v -0.03719885 0.03512764 -0.03804341
v -0.04005346 0.03512764 -0.03823151
v -0.04008361 0.03512764 -0.03823236
v -0.04011371 0.03512764 -0.0382307
v -0.04014358 0.03512764 -0.03822652
v -0.04017299 0.03512764 -0.03821985
v -0.04075111 0.03512764 -0.03792674
v -0.04080481 0.03512764 -0.03781934
v -0.03394371 0.03512764 -0.03565845
v -0.03396187 0.03512764 -0.03568252
v -0.03442556 0.03512764 -0.03576232
v -0.03407893 0.03512764 -0.03577586
v -0.03405254 0.03512764 -0.03576125
v -0.03402748 0.03512764 -0.03574449
v -0.03410644 0.03512764 -0.0357882
v -0.03413489 0.03512764 -0.0357982
v -0.03416407 0.03512764 -0.03580578
v -0.03419379 0.03512764 -0.0358109
v -0.03422383 0.03512764 -0.03581351
v -0.03425398 0.03512764 -0.03581359
v -0.03714636 0.03512764 -0.03811682
v -0.03988358 0.03512764 -0.03817488
v -0.03990958 0.03512764 -0.03819016
v -0.03993676 0.03512764 -0.0382032
v -0.03382406 0.03512764 -0.03540253
v -0.03391374 0.03512764 -0.03560618
v -0.03392763 0.03512764 -0.03563294
v -0.03431378 0.03512764 -0.03580621
v -0.03434301 0.03512764 -0.03579879
v -0.03437151 0.03512764 -0.03578896
v -0.03705126 0.03512764 -0.03819016
v -0.03707726 0.03512764 -0.03817488
v -0.03710189 0.03512764 -0.03815748
v -0.03398198 0.03512764 -0.03570499
v -0.0340039 0.03512764 -0.03572569
v -0.03428404 0.03512764 -0.03581115
v -0.0343991 0.03512764 -0.03577677
v -0.04350025 0.03512764 -0.03316239
v -0.05358042 0.03512764 -0.0318738
v -0.04350782 0.03512764 -0.03319158
v -0.04351291 0.03512764 -0.0332213
v -0.04323474 0.03512764 -0.03501689
v -0.04322887 0.03512764 -0.03498731
v -0.04322054 0.03512764 -0.03495833
v -0.04320982 0.03512764 -0.03493015
v -0.04333512 0.03512764 -0.03399257
v -0.04336061 0.03512764 -0.03397648
v -0.05358042 0.03512764 -0.0350738
v -0.04323812 0.03512764 -0.03504685
v -0.04305002 0.03512764 -0.03475538
v -0.04322246 0.03512764 -0.03403416
v -0.04325183 0.03512764 -0.03402735
v -0.04344661 0.03512764 -0.03389266
v -0.04346335 0.03512764 -0.03386758
v -0.04350025 0.03512764 -0.03378522
v -0.04350782 0.03512764 -0.03375603
v -0.04351291 0.03512764 -0.03372631
v -0.04351551 0.03512764 -0.03369627
v -0.04349027 0.03512764 -0.03313393
v -0.04347794 0.03512764 -0.03310641
v -0.04346335 0.03512764 -0.03308002
v -0.04323812 0.03512764 -0.03190076
v -0.04323474 0.03512764 -0.03193072
v -0.04310239 0.03512764 -0.03291122
v -0.04307279 0.03512764 -0.03291694
v -0.04293632 0.03512764 -0.03223085
v -0.04330836 0.03512764 -0.03400648
v -0.04319677 0.03512764 -0.03490296
v -0.0431815 0.03512764 -0.03487696
v -0.04312344 0.03512764 -0.03480786
v -0.04310047 0.03512764 -0.03478834
v -0.04307593 0.03512764 -0.0347708
v -0.04328053 0.03512764 -0.0340181
v -0.04352042 0.03512764 -0.0334738
v -0.04351551 0.03512764 -0.03325134
v -0.04344661 0.03512764 -0.03305495
v -0.04342782 0.03512764 -0.03303136
v -0.04307593 0.03512764 -0.03217681
v -0.0431641 0.03512764 -0.03485233
v -0.0431447 0.03512764 -0.03482925
v -0.04293632 0.03512764 -0.03471676
v -0.04307279 0.03512764 -0.03403066
v -0.04296586 0.03512764 -0.0347228
v -0.04310239 0.03512764 -0.03403639
v -0.04299479 0.03512764 -0.03473129
v -0.04302291 0.03512764 -0.03474218
v -0.04347794 0.03512764 -0.03384119
v -0.04349027 0.03512764 -0.03381367
v -0.04319677 0.03512764 -0.03204465
v -0.04320982 0.03512764 -0.03201746
v -0.0427386 0.03512764 -0.03281778
v -0.04271861 0.03512764 -0.03279488
v -0.04270068 0.03512764 -0.03277033
v -0.04268495 0.03512764 -0.03274432
v -0.04265581 0.03512764 -0.03247916
v -0.04266551 0.03512764 -0.03245035
v -0.04267768 0.03512764 -0.03242249
v -0.04313238 0.03512764 -0.03403961
v -0.04316252 0.03512764 -0.03404032
v -0.04319262 0.03512764 -0.0340385
v -0.04338467 0.03512764 -0.0339583
v -0.04340713 0.03512764 -0.03393818
v -0.04342782 0.03512764 -0.03391625
v -0.04328053 0.03512764 -0.03292951
v -0.04325183 0.03512764 -0.03292026
v -0.04310047 0.03512764 -0.03215927
v -0.04312344 0.03512764 -0.03213974
v -0.04267154 0.03512764 -0.03271704
v -0.04266054 0.03512764 -0.0326887
v -0.04265204 0.03512764 -0.03265951
v -0.04264211 0.03512764 -0.03256909
v -0.04264406 0.03512764 -0.03253875
v -0.04264864 0.03512764 -0.0325087
v -0.04322246 0.03512764 -0.03291344
v -0.04319262 0.03512764 -0.03290911
v -0.04316252 0.03512764 -0.03290729
v -0.0431447 0.03512764 -0.03211836
v -0.0431641 0.03512764 -0.03209527
v -0.0431815 0.03512764 -0.03207064
v -0.04322054 0.03512764 -0.03198928
v -0.04322887 0.03512764 -0.03196029
v -0.04264611 0.03512764 -0.0326297
v -0.04264279 0.03512764 -0.03259948
v -0.04269222 0.03512764 -0.0323958
v -0.04270902 0.03512764 -0.03237047
v -0.04272795 0.03512764 -0.03234668
v -0.04270902 0.03512764 -0.03457714
v -0.04269222 0.03512764 -0.03455181
v -0.04267768 0.03512764 -0.03452511
v -0.04340713 0.03512764 -0.03300943
v -0.04338467 0.03512764 -0.0329893
v -0.04336061 0.03512764 -0.03297113
v -0.04304294 0.03512764 -0.03292267
v -0.0430127 0.03512764 -0.03292578
v -0.0429823 0.03512764 -0.03292625
v -0.04295198 0.03512764 -0.03292409
v -0.04292196 0.03512764 -0.0329193
v -0.04289247 0.03512764 -0.03291193
v -0.04286373 0.03512764 -0.03290202
v -0.04283596 0.03512764 -0.03288966
v -0.04280936 0.03512764 -0.03287494
v -0.04278415 0.03512764 -0.03285796
v -0.0427605 0.03512764 -0.03283886
v -0.04287742 0.03512764 -0.03224568
v -0.04290655 0.03512764 -0.03223699
v -0.04277164 0.03512764 -0.03230449
v -0.04274888 0.03512764 -0.03232464
v -0.04279607 0.03512764 -0.03228639
v -0.04282197 0.03512764 -0.03227048
v -0.04284915 0.03512764 -0.03225688
v -0.04290655 0.03512764 -0.03471062
v -0.04287742 0.03512764 -0.03470192
v -0.04284915 0.03512764 -0.03469073
v -0.04282197 0.03512764 -0.03467713
v -0.04279607 0.03512764 -0.03466121
v -0.04277164 0.03512764 -0.03464312
v -0.04266551 0.03512764 -0.03449725
v -0.04265581 0.03512764 -0.03446845
v -0.04264864 0.03512764 -0.0344389
v -0.04264279 0.03512764 -0.03434813
v -0.04264611 0.03512764 -0.03431791
v -0.04280936 0.03512764 -0.03407267
v -0.04333512 0.03512764 -0.03295503
v -0.04330836 0.03512764 -0.03294113
v -0.04296586 0.03512764 -0.03222481
v -0.04299479 0.03512764 -0.03221631
v -0.04313238 0.03512764 -0.032908
v -0.04302291 0.03512764 -0.03220543
v -0.04305002 0.03512764 -0.03219223
v -0.04274888 0.03512764 -0.03462297
v -0.04272795 0.03512764 -0.03460092
v -0.04265204 0.03512764 -0.03428809
v -0.04266054 0.03512764 -0.03425891
v -0.04278415 0.03512764 -0.03408964
v -0.04286373 0.03512764 -0.03404558
v -0.04289247 0.03512764 -0.03403568
v -0.04264211 0.03512764 -0.03437852
v -0.04292196 0.03512764 -0.0340283
v -0.04264406 0.03512764 -0.03440885
v -0.04304294 0.03512764 -0.03402494
v -0.0430127 0.03512764 -0.03402183
v -0.0427605 0.03512764 -0.03410874
v -0.04267154 0.03512764 -0.03423057
v -0.04268495 0.03512764 -0.03420329
v -0.04283596 0.03512764 -0.03405794
v -0.04295198 0.03512764 -0.03402352
v -0.0429823 0.03512764 -0.03402136
v -0.04270068 0.03512764 -0.03417727
v -0.04271861 0.03512764 -0.03415272
v -0.0427386 0.03512764 -0.03412982
v -0.03385844 0.03512764 -0.03291122
v -0.03399498 0.03512764 -0.03222481
v -0.03388805 0.03512764 -0.03291694
v -0.03402452 0.03512764 -0.03223085
v -0.03405429 0.03512764 -0.03223699
v -0.0336803 0.03512764 -0.03292951
v -0.03365248 0.03512764 -0.03294113
v -0.03344792 0.03512764 -0.03372631
v -0.03345302 0.03512764 -0.03375603
v -0.02338042 0.03512764 -0.0350738
v -0.03348289 0.03512764 -0.03384119
v -0.03349748 0.03512764 -0.03386758
v -0.03351423 0.03512764 -0.03389266
v -0.03353301 0.03512764 -0.03391625
v -0.0335537 0.03512764 -0.03393818
v -0.03357616 0.03512764 -0.0339583
v -0.03421196 0.03512764 -0.03232464
v -0.03423288 0.03512764 -0.03234668
v -0.03431873 0.03512764 -0.03256909
v -0.03431804 0.03512764 -0.03259948
v -0.03400886 0.03512764 -0.03292409
v -0.03397854 0.03512764 -0.03292625
v -0.03430879 0.03512764 -0.03265951
v -0.03394814 0.03512764 -0.03292578
v -0.03382846 0.03512764 -0.032908
v -0.03379831 0.03512764 -0.03290729
v -0.03372609 0.03512764 -0.03193072
v -0.03376821 0.03512764 -0.03290911
v -0.03372271 0.03512764 -0.03190076
v -0.03373837 0.03512764 -0.03291344
v -0.033709 0.03512764 -0.03292026
v -0.03376406 0.03512764 -0.03490296
v -0.03375102 0.03512764 -0.03493015
v -0.0337403 0.03512764 -0.03495833
v -0.03373197 0.03512764 -0.03498731
v -0.03372609 0.03512764 -0.03501689
v -0.03372271 0.03512764 -0.03504685
v -0.0343003 0.03512764 -0.0326887
v -0.0342893 0.03512764 -0.03271704
v -0.03406837 0.03512764 -0.03291193
v -0.03431472 0.03512764 -0.0326297
v -0.0339179 0.03512764 -0.03292267
v -0.03381613 0.03512764 -0.03211836
v -0.0338374 0.03512764 -0.03213974
v -0.03386037 0.03512764 -0.03215927
v -0.0338849 0.03512764 -0.03217681
v -0.03391081 0.03512764 -0.03219223
v -0.03393792 0.03512764 -0.03220543
v -0.03396604 0.03512764 -0.03221631
v -0.02338042 0.03512764 -0.0318738
v -0.0335537 0.03512764 -0.03300943
v -0.03353301 0.03512764 -0.03303136
v -0.03346058 0.03512764 -0.03378522
v -0.03347057 0.03512764 -0.03381367
v -0.03396604 0.03512764 -0.03473129
v -0.03373837 0.03512764 -0.03403416
v -0.03376821 0.03512764 -0.0340385
v -0.0338374 0.03512764 -0.03480786
v -0.03386037 0.03512764 -0.03478834
v -0.0338849 0.03512764 -0.0347708
v -0.03403888 0.03512764 -0.0329193
v -0.0337403 0.03512764 -0.03198928
v -0.03375102 0.03512764 -0.03201746
v -0.03376406 0.03512764 -0.03204465
v -0.03351423 0.03512764 -0.03305495
v -0.03349748 0.03512764 -0.03308002
v -0.03348289 0.03512764 -0.03310641
v -0.03344792 0.03512764 -0.0332213
v -0.03344533 0.03512764 -0.03325134
v -0.03362572 0.03512764 -0.03399257
v -0.03365248 0.03512764 -0.03400648
v -0.03391081 0.03512764 -0.03475538
v -0.0336803 0.03512764 -0.0340181
v -0.033709 0.03512764 -0.03402735
v -0.03393792 0.03512764 -0.03474218
v -0.03408342 0.03512764 -0.03224568
v -0.03411168 0.03512764 -0.03225688
v -0.03413887 0.03512764 -0.03227048
v -0.03416477 0.03512764 -0.03228639
v -0.03418919 0.03512764 -0.03230449
v -0.03430503 0.03512764 -0.03247916
v -0.03429532 0.03512764 -0.03245035
v -0.03428316 0.03512764 -0.03242249
v -0.0343122 0.03512764 -0.0325087
v -0.03431678 0.03512764 -0.03253875
v -0.03373197 0.03512764 -0.0319603
v -0.03377934 0.03512764 -0.03207064
v -0.03379674 0.03512764 -0.03209527
v -0.03362572 0.03512764 -0.03295503
v -0.03360022 0.03512764 -0.03297113
v -0.03357616 0.03512764 -0.0329893
v -0.03347057 0.03512764 -0.03313393
v -0.03346058 0.03512764 -0.03316239
v -0.03345302 0.03512764 -0.03319158
v -0.03379831 0.03512764 -0.03404032
v -0.03382846 0.03512764 -0.03403961
v -0.03385844 0.03512764 -0.03403639
v -0.03388805 0.03512764 -0.03403066
v -0.03402452 0.03512764 -0.03471676
v -0.03399498 0.03512764 -0.0347228
v -0.03360022 0.03512764 -0.03397648
v -0.03425182 0.03512764 -0.03237047
v -0.03426862 0.03512764 -0.0323958
v -0.03381613 0.03512764 -0.03482925
v -0.03379674 0.03512764 -0.03485233
v -0.03377934 0.03512764 -0.03487696
v -0.03427589 0.03512764 -0.03274432
v -0.03426016 0.03512764 -0.03277033
v -0.03424223 0.03512764 -0.03279488
v -0.03415147 0.03512764 -0.03287494
v -0.03412488 0.03512764 -0.03288966
v -0.03417669 0.03512764 -0.03285796
v -0.03420034 0.03512764 -0.03283886
v -0.03422224 0.03512764 -0.03281778
v -0.03409711 0.03512764 -0.03290202
v -0.03344042 0.03512764 -0.0334738
v -0.03344533 0.03512764 -0.03369627
v -0.03431678 0.03512764 -0.03440885
v -0.0343122 0.03512764 -0.0344389
v -0.03406837 0.03512764 -0.03403568
v -0.03430503 0.03512764 -0.03446845
v -0.03429532 0.03512764 -0.03449725
v -0.03425182 0.03512764 -0.03457714
v -0.03423288 0.03512764 -0.03460092
v -0.03421196 0.03512764 -0.03462297
v -0.03418919 0.03512764 -0.03464312
v -0.03416477 0.03512764 -0.03466121
v -0.03413887 0.03512764 -0.03467713
v -0.03411168 0.03512764 -0.03469073
v -0.03428316 0.03512764 -0.03452511
v -0.03426862 0.03512764 -0.03455181
v -0.03408342 0.03512764 -0.03470192
v -0.03405429 0.03512764 -0.03471062
v -0.03394814 0.03512764 -0.03402183
v -0.03397854 0.03512764 -0.03402136
v -0.0339179 0.03512764 -0.03402494
v -0.03400886 0.03512764 -0.03402352
v -0.03403888 0.03512764 -0.0340283
v -0.0342893 0.03512764 -0.03423057
v -0.0343003 0.03512764 -0.03425891
v -0.03430879 0.03512764 -0.03428809
v -0.03431472 0.03512764 -0.03431791
v -0.03431804 0.03512764 -0.03434813
v -0.03431873 0.03512764 -0.03437852
v -0.03409711 0.03512764 -0.03404558
v -0.03426016 0.03512764 -0.03417727
v -0.03427589 0.03512764 -0.03420329
v -0.03422224 0.03512764 -0.03412982
v -0.03415147 0.03512764 -0.03407267
v -0.03420034 0.03512764 -0.03410874
v -0.03417669 0.03512764 -0.03408964
v -0.03412488 0.03512764 -0.03405794
v -0.03424223 0.03512764 -0.03415272
v -0.04193818 0.01102764 -0.0318738
v -0.04179127 0.01102764 -0.0315885
v -0.04162087 0.01102764 -0.03131657
v -0.04142819 0.01102764 -0.03105994
v -0.0412146 0.01102764 -0.03082044
v -0.04098162 0.01102764 -0.03059976
v -0.04073089 0.01102764 -0.03039947
v -0.04046419 0.01102764 -0.030221
v -0.04018342 0.01102764 -0.03006559
v -0.03989057 0.01102764 -0.02993437
v -0.03958771 0.01102764 -0.02982826
v -0.039277 0.01102764 -0.02974801
v -0.03896064 0.01102764 -0.02969419
v -0.03864087 0.01102764 -0.02966718
v -0.03831996 0.01102764 -0.02966718
v -0.0380002 0.01102764 -0.02969419
v -0.03768383 0.01102764 -0.02974801
v -0.03737312 0.01102764 -0.02982826
v -0.03707027 0.01102764 -0.02993437
v -0.03677742 0.01102764 -0.03006559
v -0.03649665 0.01102764 -0.030221
v -0.03622995 0.01102764 -0.03039947
v -0.03597922 0.01102764 -0.03059976
v -0.03574623 0.01102764 -0.03082044
v -0.03553264 0.01102764 -0.03105994
v -0.03533997 0.01102764 -0.03131657
v -0.03516957 0.01102764 -0.0315885
v -0.03502266 0.01102764 -0.0318738
v -0.0206633 0.04532764 -0.05274538
v -0.02080275 0.04532764 -0.05275147
v -0.0212419 0.04532764 -0.0555381
v -0.02212279 0.04532764 -0.05557987
v -0.02637796 0.04532764 -0.05075791
v -0.02242028 0.04532764 -0.05641006
v -0.02793042 0.04532764 -0.05174694
v -0.02448042 0.04532764 -0.05772251
v -0.01082518 0.04532764 -0.03785421
v -0.01784012 0.04532764 -0.03785421
v -0.0109058 0.04532764 -0.03833595
v -0.01809938 0.04532764 -0.03893488
v -0.02202842 0.04532764 -0.05012301
v -0.02193412 0.04532764 -0.0500201
v -0.02356046 0.04532764 -0.04839376
v -0.02218839 0.04532764 -0.05195147
v -0.02225284 0.04532764 -0.05182766
v -0.02230626 0.04532764 -0.0516987
v -0.02234823 0.04532764 -0.05156558
v -0.02664711 0.04532764 -0.05885042
v -0.02956317 0.04532764 -0.0525969
v -0.02890386 0.04532764 -0.05978519
v -0.03126379 0.04532764 -0.05330132
v -0.03123349 0.04532764 -0.06051973
v -0.03301934 0.04532764 -0.05385484
v -0.03361827 0.04532764 -0.06104842
v -0.03409855 0.04532764 -0.05411379
v -0.03409855 0.04532764 -0.06112881
v -0.02134998 0.04532764 -0.05265498
v -0.02147894 0.04532764 -0.05260156
v -0.02237844 0.04532764 -0.05142931
v -0.02239666 0.04532764 -0.05129092
v -0.02240275 0.04532764 -0.05115147
v -0.0209422 0.04532764 -0.05274538
v -0.02108059 0.04532764 -0.05272716
v -0.02121686 0.04532764 -0.05269695
v -0.02160275 0.04532764 -0.05253711
v -0.02172047 0.04532764 -0.05246212
v -0.02183121 0.04532764 -0.05237714
v -0.02239666 0.04532764 -0.05101202
v -0.02237844 0.04532764 -0.05087363
v -0.0249176 0.04532764 -0.04963734
v -0.02234823 0.04532764 -0.05073736
v -0.02230626 0.04532764 -0.05060424
v -0.02225284 0.04532764 -0.05047528
v -0.02218839 0.04532764 -0.05035147
v -0.02211339 0.04532764 -0.05023375
v -0.01988503 0.04532764 -0.04984083
v -0.02119631 0.04532764 -0.04557627
v -0.02000275 0.04532764 -0.04976583
v -0.02012656 0.04532764 -0.04970138
v -0.01637436 0.04532764 -0.04983143
v -0.01554416 0.04532764 -0.04953394
v -0.02020728 0.04532764 -0.0440238
v -0.01423171 0.04532764 -0.0474738
v -0.01935732 0.04532764 -0.04239105
v -0.0131038 0.04532764 -0.04530711
v -0.0186529 0.04532764 -0.04069043
v -0.01216902 0.04532764 -0.04305037
v -0.0114345 0.04532764 -0.04072073
v -0.01977429 0.04532764 -0.0499258
v -0.01967138 0.04532764 -0.0500201
v -0.01957708 0.04532764 -0.05012301
v -0.01977429 0.04532764 -0.05237714
v -0.01988503 0.04532764 -0.05246212
v -0.01950392 0.04532764 -0.05406246
v -0.02000275 0.04532764 -0.05253711
v -0.02012656 0.04532764 -0.05260156
v -0.02025552 0.04532764 -0.05265498
v -0.02038864 0.04532764 -0.05269695
v -0.02052491 0.04532764 -0.05272716
v -0.02193412 0.04532764 -0.05228284
v -0.02202842 0.04532764 -0.05217993
v -0.02211339 0.04532764 -0.05206919
v -0.02183121 0.04532764 -0.0499258
v -0.02172047 0.04532764 -0.04984083
v -0.02231688 0.04532764 -0.04703662
v -0.02160275 0.04532764 -0.04976583
v -0.02147894 0.04532764 -0.04970138
v -0.0209422 0.04532764 -0.04955756
v -0.02080275 0.04532764 -0.04955147
v -0.0206633 0.04532764 -0.04955756
v -0.02052491 0.04532764 -0.04957578
v -0.02038864 0.04532764 -0.04960599
v -0.02025552 0.04532764 -0.04964796
v -0.01641612 0.04532764 -0.05071232
v -0.01920884 0.04532764 -0.05101202
v -0.01920275 0.04532764 -0.05115147
v -0.01941711 0.04532764 -0.05195147
v -0.01789177 0.04532764 -0.0524503
v -0.01935266 0.04532764 -0.05182766
v -0.01929924 0.04532764 -0.0516987
v -0.02134998 0.04532764 -0.04964796
v -0.02121686 0.04532764 -0.04960599
v -0.02108059 0.04532764 -0.04957578
v -0.01920884 0.04532764 -0.05129092
v -0.01922706 0.04532764 -0.05142931
v -0.01925727 0.04532764 -0.05156558
v -0.0194921 0.04532764 -0.05206919
v -0.01957708 0.04532764 -0.05217993
v -0.01967138 0.04532764 -0.05228284
v -0.0194921 0.04532764 -0.05023375
v -0.01941711 0.04532764 -0.05035147
v -0.01935266 0.04532764 -0.05047528
v -0.01929924 0.04532764 -0.05060424
v -0.01925727 0.04532764 -0.05073736
v -0.01922706 0.04532764 -0.05087363
v -0.03533997 0.01102764 -0.03563104
v -0.03553264 0.01102764 -0.03588766
v -0.02048042 0.01102764 -0.0434738
v -0.03574623 0.01102764 -0.03612716
v -0.03597922 0.01102764 -0.03634784
v -0.03622995 0.01102764 -0.03654813
v -0.03649665 0.01102764 -0.03672661
v -0.03677742 0.01102764 -0.03688201
v -0.04073089 0.01102764 -0.03654813
v -0.04098162 0.01102764 -0.03634784
v -0.05648042 0.01102764 -0.0434738
v -0.02048042 0.01102764 -0.0350738
v -0.03502266 0.01102764 -0.0350738
v -0.03516957 0.01102764 -0.03535911
v -0.03707027 0.01102764 -0.03701323
v -0.03737312 0.01102764 -0.03711935
v -0.03768383 0.01102764 -0.0371996
v -0.04193818 0.01102764 -0.0350738
v -0.05648042 0.01102764 -0.0350738
v -0.04179127 0.01102764 -0.03535911
v -0.04162087 0.01102764 -0.03563104
v -0.0412146 0.01102764 -0.03612716
v -0.04142819 0.01102764 -0.03588766
v -0.03896064 0.01102764 -0.03725342
v -0.039277 0.01102764 -0.0371996
v -0.03958771 0.01102764 -0.03711935
v -0.03989057 0.01102764 -0.03701323
v -0.0380002 0.01102764 -0.03725342
v -0.03831996 0.01102764 -0.03728042
v -0.03864087 0.01102764 -0.03728042
v -0.04018342 0.01102764 -0.03688201
v -0.04046419 0.01102764 -0.03672661
v -0.02338042 0.02202764 -0.0318738
v -0.02766176 0.01497764 -0.0318738
v -0.02757717 0.01514014 -0.0318738
v -0.03157243 0.01621067 -0.0318738
v -0.03158042 0.01602764 -0.0318738
v -0.03157243 0.01584461 -0.0318738
v -0.03036792 0.01412439 -0.0318738
v -0.03019866 0.01405429 -0.0318738
v -0.03002394 0.0139992 -0.0318738
v -0.02984508 0.01395954 -0.0318738
v -0.02741232 0.02766298 -0.0318738
v -0.02745197 0.02748412 -0.0318738
v -0.02750706 0.0273094 -0.0318738
v -0.02738841 0.02784461 -0.0318738
v -0.02738042 0.02802764 -0.0318738
v -0.02738841 0.02821067 -0.0318738
v -0.02741232 0.0283923 -0.0318738
v -0.02745197 0.02857116 -0.0318738
v -0.02750706 0.02874588 -0.0318738
v -0.03145377 0.0273094 -0.0318738
v -0.03138366 0.02714014 -0.0318738
v -0.02827591 0.02630742 -0.0318738
v -0.02813056 0.02641895 -0.0318738
v -0.0277602 0.02682313 -0.0318738
v -0.02766176 0.02697764 -0.0318738
v -0.02757717 0.02714014 -0.0318738
v -0.03154851 0.0283923 -0.0318738
v -0.03157243 0.02821067 -0.0318738
v -0.03154851 0.01566298 -0.0318738
v -0.03150886 0.01548412 -0.0318738
v -0.03145377 0.0153094 -0.0318738
v -0.03138366 0.01514014 -0.0318738
v -0.03129907 0.01497764 -0.0318738
v -0.03120064 0.01482313 -0.0318738
v -0.03108911 0.01467779 -0.0318738
v -0.03096534 0.01454272 -0.0318738
v -0.03083027 0.01441895 -0.0318738
v -0.03068493 0.01430742 -0.0318738
v -0.03053042 0.01420899 -0.0318738
v -0.02048042 0.02202764 -0.0318738
v -0.02048042 0.01102764 -0.0318738
v -0.0277602 0.01482313 -0.0318738
v -0.02787172 0.01467779 -0.0318738
v -0.02911576 0.01395954 -0.0318738
v -0.0289369 0.0139992 -0.0318738
v -0.02876218 0.01405429 -0.0318738
v -0.02859292 0.01412439 -0.0318738
v -0.02843042 0.01420899 -0.0318738
v -0.02827591 0.01430742 -0.0318738
v -0.02799549 0.02654272 -0.0318738
v -0.02787172 0.02667779 -0.0318738
v -0.02757717 0.02891514 -0.0318738
v -0.02766176 0.02907764 -0.0318738
v -0.0277602 0.02923215 -0.0318738
v -0.02966345 0.01393563 -0.0318738
v -0.02948042 0.01392764 -0.0318738
v -0.02929739 0.01393563 -0.0318738
v -0.02813056 0.01441895 -0.0318738
v -0.02799549 0.01454272 -0.0318738
v -0.02750706 0.0153094 -0.0318738
v -0.02745197 0.01548412 -0.0318738
v -0.02741232 0.01566298 -0.0318738
v -0.02738841 0.01584461 -0.0318738
v -0.02738042 0.01602764 -0.0318738
v -0.02738841 0.01621067 -0.0318738
v -0.02741232 0.0163923 -0.0318738
v -0.02745197 0.01657116 -0.0318738
v -0.02750706 0.01674588 -0.0318738
v -0.02757717 0.01691514 -0.0318738
v -0.02766176 0.01707764 -0.0318738
v -0.0277602 0.01723215 -0.0318738
v -0.03150886 0.02748412 -0.0318738
v -0.02787172 0.01737749 -0.0318738
v -0.02799549 0.01751256 -0.0318738
v -0.02813056 0.01763633 -0.0318738
v -0.03158042 0.02802764 -0.0318738
v -0.03157243 0.02784461 -0.0318738
v -0.03154851 0.02766298 -0.0318738
v -0.03138366 0.01691514 -0.0318738
v -0.03145377 0.01674588 -0.0318738
v -0.03150886 0.01657116 -0.0318738
v -0.03154851 0.0163923 -0.0318738
v -0.02843042 0.02984629 -0.0318738
v -0.02827591 0.02974786 -0.0318738
v -0.02813056 0.02963633 -0.0318738
v -0.03002394 0.01805608 -0.0318738
v -0.03019866 0.01800099 -0.0318738
v -0.03036792 0.01793089 -0.0318738
v -0.03053042 0.01784629 -0.0318738
v -0.02787172 0.02937749 -0.0318738
v -0.02799549 0.02951256 -0.0318738
v -0.02859292 0.02993089 -0.0318738
v -0.02876218 0.03000099 -0.0318738
v -0.0289369 0.03005608 -0.0318738
v -0.03083027 0.02963633 -0.0318738
v -0.03096534 0.02951256 -0.0318738
v -0.03108911 0.02937749 -0.0318738
v -0.03138366 0.02891514 -0.0318738
v -0.03145377 0.02874588 -0.0318738
v -0.03150886 0.02857116 -0.0318738
v -0.02827591 0.01774786 -0.0318738
v -0.02843042 0.01784629 -0.0318738
v -0.02859292 0.01793089 -0.0318738
v -0.03120064 0.02923215 -0.0318738
v -0.03129907 0.02907764 -0.0318738
v -0.02984508 0.01809574 -0.0318738
v -0.03129907 0.02697764 -0.0318738
v -0.03120064 0.02682313 -0.0318738
v -0.03083027 0.02641895 -0.0318738
v -0.03068493 0.02630742 -0.0318738
v -0.03053042 0.02620899 -0.0318738
v -0.03096534 0.01751256 -0.0318738
v -0.03108911 0.01737749 -0.0318738
v -0.02911576 0.03009574 -0.0318738
v -0.02929739 0.03011965 -0.0318738
v -0.02948042 0.03012764 -0.0318738
v -0.02966345 0.03011965 -0.0318738
v -0.02984508 0.03009574 -0.0318738
v -0.03002394 0.03005608 -0.0318738
v -0.03019866 0.03000099 -0.0318738
v -0.03108911 0.02667779 -0.0318738
v -0.03096534 0.02654272 -0.0318738
v -0.03036792 0.02612439 -0.0318738
v -0.03019866 0.02605429 -0.0318738
v -0.03002394 0.0259992 -0.0318738
v -0.02911576 0.02595954 -0.0318738
v -0.0289369 0.0259992 -0.0318738
v -0.02929739 0.01811965 -0.0318738
v -0.03068493 0.01774786 -0.0318738
v -0.03083027 0.01763633 -0.0318738
v -0.03120064 0.01723215 -0.0318738
v -0.03129907 0.01707764 -0.0318738
v -0.03036792 0.02993089 -0.0318738
v -0.03053042 0.02984629 -0.0318738
v -0.03068493 0.02974786 -0.0318738
v -0.02984508 0.02595954 -0.0318738
v -0.02966345 0.02593563 -0.0318738
v -0.02966345 0.01811965 -0.0318738
v -0.02876218 0.02605429 -0.0318738
v -0.02859292 0.02612439 -0.0318738
v -0.02911576 0.01809574 -0.0318738
v -0.02843042 0.02620899 -0.0318738
v -0.0289369 0.01805608 -0.0318738
v -0.02876218 0.01800099 -0.0318738
v -0.02948042 0.01812764 -0.0318738
v -0.02948042 0.02592764 -0.0318738
v -0.02929739 0.02593563 -0.0318738
v -0.02338042 0.02202764 -0.0350738
v -0.02876218 0.01800099 -0.0350738
v -0.02859292 0.01793089 -0.0350738
v -0.0277602 0.02923215 -0.0350738
v -0.02766176 0.02907764 -0.0350738
v -0.03036792 0.01412439 -0.0350738
v -0.03053042 0.01420899 -0.0350738
v -0.03158042 0.02802764 -0.0350738
v -0.03157243 0.02784461 -0.0350738
v -0.03053042 0.01784629 -0.0350738
v -0.03036792 0.01793089 -0.0350738
v -0.02984508 0.01809574 -0.0350738
v -0.02966345 0.01811965 -0.0350738
v -0.02948042 0.01812764 -0.0350738
v -0.02929739 0.01811965 -0.0350738
v -0.02843042 0.01784629 -0.0350738
v -0.02827591 0.01774786 -0.0350738
v -0.02813056 0.01763633 -0.0350738
v -0.02799549 0.01751256 -0.0350738
v -0.02787172 0.01737749 -0.0350738
v -0.02048042 0.02202764 -0.0350738
v -0.0277602 0.01723215 -0.0350738
v -0.02766176 0.01707764 -0.0350738
v -0.02757717 0.01691514 -0.0350738
v -0.02750706 0.01674588 -0.0350738
v -0.02745197 0.01657116 -0.0350738
v -0.02966345 0.01393563 -0.0350738
v -0.02984508 0.01395954 -0.0350738
v -0.03019866 0.01800099 -0.0350738
v -0.03002394 0.01805608 -0.0350738
v -0.02750706 0.0153094 -0.0350738
v -0.02757717 0.01514014 -0.0350738
v -0.02787172 0.01467779 -0.0350738
v -0.02799549 0.01454272 -0.0350738
v -0.03002394 0.0139992 -0.0350738
v -0.03019866 0.01405429 -0.0350738
v -0.03138366 0.02714014 -0.0350738
v -0.03145377 0.0273094 -0.0350738
v -0.02827591 0.02974786 -0.0350738
v -0.02813056 0.02963633 -0.0350738
v -0.02745197 0.02857116 -0.0350738
v -0.02741232 0.0283923 -0.0350738
v -0.02738841 0.02821067 -0.0350738
v -0.02911576 0.01809574 -0.0350738
v -0.0289369 0.01805608 -0.0350738
v -0.02741232 0.0163923 -0.0350738
v -0.02738841 0.01621067 -0.0350738
v -0.02738042 0.01602764 -0.0350738
v -0.02738841 0.01584461 -0.0350738
v -0.03096534 0.01454272 -0.0350738
v -0.03108911 0.01467779 -0.0350738
v -0.03120064 0.01482313 -0.0350738
v -0.03129907 0.02697764 -0.0350738
v -0.03150886 0.02748412 -0.0350738
v -0.03154851 0.02766298 -0.0350738
v -0.02799549 0.02951256 -0.0350738
v -0.02787172 0.02937749 -0.0350738
v -0.02757717 0.02891514 -0.0350738
v -0.02750706 0.02874588 -0.0350738
v -0.02766176 0.01497764 -0.0350738
v -0.0277602 0.01482313 -0.0350738
v -0.02813056 0.01441895 -0.0350738
v -0.02827591 0.01430742 -0.0350738
v -0.02843042 0.01420899 -0.0350738
v -0.03068493 0.01430742 -0.0350738
v -0.03083027 0.01441895 -0.0350738
v -0.02738042 0.02802764 -0.0350738
v -0.02738841 0.02784461 -0.0350738
v -0.02741232 0.02766298 -0.0350738
v -0.03145377 0.0153094 -0.0350738
v -0.03150886 0.01548412 -0.0350738
v -0.03154851 0.01566298 -0.0350738
v -0.03157243 0.01584461 -0.0350738
v -0.02757717 0.02714014 -0.0350738
v -0.02766176 0.02697764 -0.0350738
v -0.0277602 0.02682313 -0.0350738
v -0.02787172 0.02667779 -0.0350738
v -0.03083027 0.02641895 -0.0350738
v -0.03096534 0.02654272 -0.0350738
v -0.02859292 0.01412439 -0.0350738
v -0.02876218 0.01405429 -0.0350738
v -0.0289369 0.0139992 -0.0350738
v -0.03129907 0.01497764 -0.0350738
v -0.03138366 0.01514014 -0.0350738
v -0.02745197 0.02748412 -0.0350738
v -0.02750706 0.0273094 -0.0350738
v -0.03108911 0.02667779 -0.0350738
v -0.03120064 0.02682313 -0.0350738
v -0.03157243 0.02821067 -0.0350738
v -0.03154851 0.0283923 -0.0350738
v -0.03150886 0.02857116 -0.0350738
v -0.03129907 0.02907764 -0.0350738
v -0.03120064 0.02923215 -0.0350738
v -0.03108911 0.02937749 -0.0350738
v -0.03096534 0.02951256 -0.0350738
v -0.02741232 0.01566298 -0.0350738
v -0.02745197 0.01548412 -0.0350738
v -0.02911576 0.01395954 -0.0350738
v -0.02929739 0.01393563 -0.0350738
v -0.02948042 0.01392764 -0.0350738
v -0.03145377 0.02874588 -0.0350738
v -0.03138366 0.02891514 -0.0350738
v -0.0289369 0.03005608 -0.0350738
v -0.02876218 0.03000099 -0.0350738
v -0.03158042 0.01602764 -0.0350738
v -0.03157243 0.01621067 -0.0350738
v -0.03154851 0.0163923 -0.0350738
v -0.03019866 0.02605429 -0.0350738
v -0.03036792 0.02612439 -0.0350738
v -0.03083027 0.02963633 -0.0350738
v -0.03068493 0.02974786 -0.0350738
v -0.03053042 0.02984629 -0.0350738
v -0.03036792 0.02993089 -0.0350738
v -0.02911576 0.03009574 -0.0350738
v -0.02859292 0.02993089 -0.0350738
v -0.02843042 0.02984629 -0.0350738
v -0.03053042 0.02620899 -0.0350738
v -0.03068493 0.02630742 -0.0350738
v -0.03019866 0.03000099 -0.0350738
v -0.03002394 0.03005608 -0.0350738
v -0.02984508 0.03009574 -0.0350738
v -0.02966345 0.03011965 -0.0350738
v -0.02948042 0.03012764 -0.0350738
v -0.02929739 0.03011965 -0.0350738
v -0.02799549 0.02654272 -0.0350738
v -0.02813056 0.02641895 -0.0350738
v -0.02827591 0.02630742 -0.0350738
v -0.0289369 0.0259992 -0.0350738
v -0.02911576 0.02595954 -0.0350738
v -0.02929739 0.02593563 -0.0350738
v -0.03129907 0.01707764 -0.0350738
v -0.03120064 0.01723215 -0.0350738
v -0.03002394 0.0259992 -0.0350738
v -0.03068493 0.01774786 -0.0350738
v -0.03083027 0.01763633 -0.0350738
v -0.02843042 0.02620899 -0.0350738
v -0.02859292 0.02612439 -0.0350738
v -0.02876218 0.02605429 -0.0350738
v -0.03150886 0.01657116 -0.0350738
v -0.03145377 0.01674588 -0.0350738
v -0.03138366 0.01691514 -0.0350738
v -0.03108911 0.01737749 -0.0350738
v -0.03096534 0.01751256 -0.0350738
v -0.02948042 0.02592764 -0.0350738
v -0.02966345 0.02593563 -0.0350738
v -0.02984508 0.02595954 -0.0350738
v -0.05648042 0.02202764 -0.0318738
v -0.04954851 0.0163923 -0.0318738
v -0.04957243 0.01621067 -0.0318738
v -0.04929907 0.01707764 -0.0318738
v -0.04938367 0.01691514 -0.0318738
v -0.05648042 0.01102764 -0.0318738
v -0.04954851 0.0283923 -0.0318738
v -0.04957243 0.02821067 -0.0318738
v -0.04541232 0.0163923 -0.0318738
v -0.05358042 0.02202764 -0.0318738
v -0.04945377 0.01674588 -0.0318738
v -0.04950886 0.01657116 -0.0318738
v -0.04545197 0.01657116 -0.0318738
v -0.04550706 0.01674588 -0.0318738
v -0.04557717 0.01691514 -0.0318738
v -0.04541232 0.0283923 -0.0318738
v -0.04545197 0.02857116 -0.0318738
v -0.04748042 0.01812764 -0.0318738
v -0.04766345 0.01811965 -0.0318738
v -0.04784508 0.01809574 -0.0318738
v -0.04958042 0.01602764 -0.0318738
v -0.04957243 0.01584461 -0.0318738
v -0.04954851 0.01566298 -0.0318738
v -0.04550706 0.02874588 -0.0318738
v -0.04557717 0.02891514 -0.0318738
v -0.04566177 0.02907764 -0.0318738
v -0.0457602 0.02923215 -0.0318738
v -0.04587172 0.02937749 -0.0318738
v -0.04599549 0.02951256 -0.0318738
v -0.04643042 0.02984629 -0.0318738
v -0.04627591 0.02974786 -0.0318738
v -0.04613056 0.02963633 -0.0318738
v -0.04938367 0.02891514 -0.0318738
v -0.04945377 0.02874588 -0.0318738
v -0.04950886 0.02857116 -0.0318738
v -0.0469369 0.01805608 -0.0318738
v -0.04711576 0.01809574 -0.0318738
v -0.04729739 0.01811965 -0.0318738
v -0.04802394 0.01805608 -0.0318738
v -0.04819866 0.01800099 -0.0318738
v -0.04836792 0.01793089 -0.0318738
v -0.04883027 0.01763633 -0.0318738
v -0.04896534 0.01751256 -0.0318738
v -0.04908911 0.01737749 -0.0318738
v -0.04920064 0.01723215 -0.0318738
v -0.04819866 0.01405429 -0.0318738
v -0.04802394 0.0139992 -0.0318738
v -0.04883027 0.02963633 -0.0318738
v -0.04896534 0.02951256 -0.0318738
v -0.04908911 0.02937749 -0.0318738
v -0.04643042 0.01784629 -0.0318738
v -0.04659292 0.01793089 -0.0318738
v -0.04676218 0.01800099 -0.0318738
v -0.04853042 0.01784629 -0.0318738
v -0.04868493 0.01774786 -0.0318738
v -0.04950886 0.01548412 -0.0318738
v -0.04945377 0.0153094 -0.0318738
v -0.04938367 0.01514014 -0.0318738
v -0.04538841 0.01584461 -0.0318738
v -0.04538042 0.01602764 -0.0318738
v -0.04538841 0.01621067 -0.0318738
v -0.04958042 0.02802764 -0.0318738
v -0.04957243 0.02784461 -0.0318738
v -0.04954851 0.02766298 -0.0318738
v -0.04819866 0.03000099 -0.0318738
v -0.04836792 0.02993089 -0.0318738
v -0.04920064 0.02923215 -0.0318738
v -0.04929907 0.02907764 -0.0318738
v -0.04938367 0.02714014 -0.0318738
v -0.04929907 0.02697764 -0.0318738
v -0.04920064 0.02682313 -0.0318738
v -0.04908911 0.02667779 -0.0318738
v -0.04819866 0.02605429 -0.0318738
v -0.04836792 0.02612439 -0.0318738
v -0.04853042 0.02620899 -0.0318738
v -0.04868493 0.02630742 -0.0318738
v -0.04566177 0.02697764 -0.0318738
v -0.04557717 0.02714014 -0.0318738
v -0.04538841 0.02784461 -0.0318738
v -0.04538042 0.02802764 -0.0318738
v -0.04538841 0.02821067 -0.0318738
v -0.04748042 0.03012764 -0.0318738
v -0.04766345 0.03011965 -0.0318738
v -0.04784508 0.03009574 -0.0318738
v -0.04802394 0.03005608 -0.0318738
v -0.04853042 0.02984629 -0.0318738
v -0.04868493 0.02974786 -0.0318738
v -0.04929907 0.01497764 -0.0318738
v -0.04920064 0.01482313 -0.0318738
v -0.04908911 0.01467779 -0.0318738
v -0.04896534 0.01454272 -0.0318738
v -0.04883027 0.01441895 -0.0318738
v -0.04868493 0.01430742 -0.0318738
v -0.04784508 0.01395954 -0.0318738
v -0.04766345 0.01393563 -0.0318738
v -0.04748042 0.01392764 -0.0318738
v -0.04729739 0.01393563 -0.0318738
v -0.04711576 0.01395954 -0.0318738
v -0.0469369 0.0139992 -0.0318738
v -0.04676218 0.01405429 -0.0318738
v -0.04587172 0.01467779 -0.0318738
v -0.0457602 0.01482313 -0.0318738
v -0.04550706 0.0153094 -0.0318738
v -0.04545197 0.01548412 -0.0318738
v -0.04541232 0.01566298 -0.0318738
v -0.04950886 0.02748412 -0.0318738
v -0.04945377 0.0273094 -0.0318738
v -0.04896534 0.02654272 -0.0318738
v -0.04883027 0.02641895 -0.0318738
v -0.04627591 0.02630742 -0.0318738
v -0.04613056 0.02641895 -0.0318738
v -0.04599549 0.02654272 -0.0318738
v -0.04659292 0.02993089 -0.0318738
v -0.04676218 0.03000099 -0.0318738
v -0.0469369 0.03005608 -0.0318738
v -0.04853042 0.01420899 -0.0318738
v -0.04836792 0.01412439 -0.0318738
v -0.04659292 0.01412439 -0.0318738
v -0.04643042 0.01420899 -0.0318738
v -0.04627591 0.01430742 -0.0318738
v -0.0457602 0.01723215 -0.0318738
v -0.04587172 0.01737749 -0.0318738
v -0.0469369 0.0259992 -0.0318738
v -0.04676218 0.02605429 -0.0318738
v -0.04659292 0.02612439 -0.0318738
v -0.04643042 0.02620899 -0.0318738
v -0.04587172 0.02667779 -0.0318738
v -0.0457602 0.02682313 -0.0318738
v -0.04550706 0.0273094 -0.0318738
v -0.04545197 0.02748412 -0.0318738
v -0.04541232 0.02766298 -0.0318738
v -0.04711576 0.03009574 -0.0318738
v -0.04729739 0.03011965 -0.0318738
v -0.04613056 0.01441895 -0.0318738
v -0.04599549 0.01454272 -0.0318738
v -0.04566177 0.01497764 -0.0318738
v -0.04557717 0.01514014 -0.0318738
v -0.04566177 0.01707764 -0.0318738
v -0.04802394 0.0259992 -0.0318738
v -0.04784508 0.02595954 -0.0318738
v -0.04766345 0.02593563 -0.0318738
v -0.04748042 0.02592764 -0.0318738
v -0.04729739 0.02593563 -0.0318738
v -0.04627591 0.01774786 -0.0318738
v -0.04711576 0.02595954 -0.0318738
v -0.04613056 0.01763633 -0.0318738
v -0.04599549 0.01751256 -0.0318738
v -0.04538841 0.01621067 -0.0350738
v -0.04538042 0.01602764 -0.0350738
v -0.04929907 0.01497764 -0.0350738
v -0.04938367 0.01514014 -0.0350738
v -0.05358042 0.02202764 -0.0350738
v -0.04945377 0.0153094 -0.0350738
v -0.04950886 0.01548412 -0.0350738
v -0.04538841 0.01584461 -0.0350738
v -0.04541232 0.01566298 -0.0350738
v -0.04545197 0.01548412 -0.0350738
v -0.04766345 0.01393563 -0.0350738
v -0.04748042 0.01392764 -0.0350738
v -0.04784508 0.01395954 -0.0350738
v -0.04802394 0.0139992 -0.0350738
v -0.04819866 0.01405429 -0.0350738
v -0.04545197 0.02748412 -0.0350738
v -0.04550706 0.0273094 -0.0350738
v -0.04557717 0.02714014 -0.0350738
v -0.04566177 0.02697764 -0.0350738
v -0.04613056 0.02963633 -0.0350738
v -0.04599549 0.02951256 -0.0350738
v -0.04566177 0.02907764 -0.0350738
v -0.04557717 0.02891514 -0.0350738
v -0.04550706 0.02874588 -0.0350738
v -0.04545197 0.02857116 -0.0350738
v -0.04541232 0.0283923 -0.0350738
v -0.04538841 0.02821067 -0.0350738
v -0.04550706 0.0153094 -0.0350738
v -0.04557717 0.01514014 -0.0350738
v -0.04566177 0.01497764 -0.0350738
v -0.0457602 0.01482313 -0.0350738
v -0.04587172 0.01467779 -0.0350738
v -0.04599549 0.01454272 -0.0350738
v -0.04613056 0.01441895 -0.0350738
v -0.04627591 0.01430742 -0.0350738
v -0.04643042 0.01420899 -0.0350738
v -0.0469369 0.0139992 -0.0350738
v -0.04711576 0.01395954 -0.0350738
v -0.04729739 0.01393563 -0.0350738
v -0.04836792 0.01412439 -0.0350738
v -0.04853042 0.01420899 -0.0350738
v -0.04868493 0.01430742 -0.0350738
v -0.04538042 0.02802764 -0.0350738
v -0.04538841 0.02784461 -0.0350738
v -0.04541232 0.02766298 -0.0350738
v -0.0457602 0.02682313 -0.0350738
v -0.04587172 0.02667779 -0.0350738
v -0.04627591 0.01774786 -0.0350738
v -0.04587172 0.02937749 -0.0350738
v -0.0457602 0.02923215 -0.0350738
v -0.04599549 0.01751256 -0.0350738
v -0.04587172 0.01737749 -0.0350738
v -0.04659292 0.01412439 -0.0350738
v -0.04676218 0.01405429 -0.0350738
v -0.04883027 0.01441895 -0.0350738
v -0.04896534 0.01454272 -0.0350738
v -0.04908911 0.01467779 -0.0350738
v -0.04613056 0.01763633 -0.0350738
v -0.0457602 0.01723215 -0.0350738
v -0.04566177 0.01707764 -0.0350738
v -0.04557717 0.01691514 -0.0350738
v -0.04550706 0.01674588 -0.0350738
v -0.04545197 0.01657116 -0.0350738
v -0.04541232 0.0163923 -0.0350738
v -0.05648042 0.02202764 -0.0350738
v -0.04920064 0.01482313 -0.0350738
v -0.04954851 0.01566298 -0.0350738
v -0.04957243 0.01584461 -0.0350738
v -0.04958042 0.01602764 -0.0350738
v -0.04957243 0.01621067 -0.0350738
v -0.04954851 0.0163923 -0.0350738
v -0.04950886 0.01657116 -0.0350738
v -0.04853042 0.02984629 -0.0350738
v -0.04868493 0.02974786 -0.0350738
v -0.04883027 0.02963633 -0.0350738
v -0.04676218 0.03000099 -0.0350738
v -0.04659292 0.02993089 -0.0350738
v -0.04643042 0.02984629 -0.0350738
v -0.04627591 0.02974786 -0.0350738
v -0.04599549 0.02654272 -0.0350738
v -0.04613056 0.02641895 -0.0350738
v -0.04643042 0.01784629 -0.0350738
v -0.04836792 0.02993089 -0.0350738
v -0.04819866 0.03000099 -0.0350738
v -0.04802394 0.03005608 -0.0350738
v -0.04954851 0.02766298 -0.0350738
v -0.04957243 0.02784461 -0.0350738
v -0.04954851 0.0283923 -0.0350738
v -0.04950886 0.02857116 -0.0350738
v -0.04945377 0.02874588 -0.0350738
v -0.04784508 0.03009574 -0.0350738
v -0.04766345 0.03011965 -0.0350738
v -0.04748042 0.03012764 -0.0350738
v -0.04729739 0.03011965 -0.0350738
v -0.04711576 0.03009574 -0.0350738
v -0.0469369 0.03005608 -0.0350738
v -0.04920064 0.02682313 -0.0350738
v -0.04929907 0.02697764 -0.0350738
v -0.04784508 0.01809574 -0.0350738
v -0.04958042 0.02802764 -0.0350738
v -0.04957243 0.02821067 -0.0350738
v -0.04920064 0.02923215 -0.0350738
v -0.04908911 0.02937749 -0.0350738
v -0.04896534 0.02951256 -0.0350738
v -0.04945377 0.01674588 -0.0350738
v -0.04938367 0.01691514 -0.0350738
v -0.04929907 0.01707764 -0.0350738
v -0.04836792 0.01793089 -0.0350738
v -0.04819866 0.01800099 -0.0350738
v -0.04802394 0.01805608 -0.0350738
v -0.04938367 0.02891514 -0.0350738
v -0.04929907 0.02907764 -0.0350738
v -0.04920064 0.01723215 -0.0350738
v -0.04908911 0.01737749 -0.0350738
v -0.04896534 0.01751256 -0.0350738
v -0.04938367 0.02714014 -0.0350738
v -0.04945377 0.0273094 -0.0350738
v -0.04950886 0.02748412 -0.0350738
v -0.04883027 0.01763633 -0.0350738
v -0.04868493 0.01774786 -0.0350738
v -0.04853042 0.01784629 -0.0350738
v -0.04627591 0.02630742 -0.0350738
v -0.04676218 0.01800099 -0.0350738
v -0.04659292 0.01793089 -0.0350738
v -0.04868493 0.02630742 -0.0350738
v -0.04883027 0.02641895 -0.0350738
v -0.04643042 0.02620899 -0.0350738
v -0.04659292 0.02612439 -0.0350738
v -0.04676218 0.02605429 -0.0350738
v -0.0469369 0.0259992 -0.0350738
v -0.04711576 0.02595954 -0.0350738
v -0.0469369 0.01805608 -0.0350738
v -0.04711576 0.01809574 -0.0350738
v -0.04896534 0.02654272 -0.0350738
v -0.04908911 0.02667779 -0.0350738
v -0.04802394 0.0259992 -0.0350738
v -0.04819866 0.02605429 -0.0350738
v -0.04836792 0.02612439 -0.0350738
v -0.04853042 0.02620899 -0.0350738
v -0.04729739 0.01811965 -0.0350738
v -0.04729739 0.02593563 -0.0350738
v -0.04748042 0.01812764 -0.0350738
v -0.04748042 0.02592764 -0.0350738
v -0.04766345 0.01811965 -0.0350738
v -0.04766345 0.02593563 -0.0350738
v -0.04784508 0.02595954 -0.0350738
v -0.05648042 0.01102764 -0.0234738
v -0.02048042 0.01102764 -0.0234738
v -0.02242028 0.04532764 -0.01053755
v -0.02242028 0.06232764 -0.01053755
v -0.02448042 0.06232764 -0.00922509
v -0.02448042 0.04532764 -0.00922509
v -0.02664711 0.06232764 -0.00809718
v -0.02664711 0.04532764 -0.00809718
v -0.02890386 0.06232764 -0.00716241
v -0.02890386 0.04532764 -0.00716241
v -0.03123349 0.06232764 -0.00642788
v -0.03123349 0.04532764 -0.00642788
v -0.03361827 0.06232764 -0.00589919
v -0.03361827 0.04532764 -0.00589919
v -0.03604006 0.06232764 -0.00558035
v -0.03604006 0.04532764 -0.00558035
v -0.03848042 0.06232764 -0.0054738
v -0.03848042 0.04532764 -0.0054738
v -0.04092078 0.06232764 -0.00558035
v -0.04092078 0.04532764 -0.00558035
v -0.04334257 0.06232764 -0.00589919
v -0.04334257 0.04532764 -0.00589919
v -0.04572735 0.06232764 -0.00642788
v -0.04572735 0.04532764 -0.00642788
v -0.04805698 0.06232764 -0.00716241
v -0.04805698 0.04532764 -0.00716241
v -0.05031373 0.06232764 -0.00809718
v -0.05031373 0.04532764 -0.00809718
v -0.05248042 0.06232764 -0.00922509
v -0.05248042 0.04532764 -0.00922509
v -0.05454056 0.06232764 -0.01053755
v -0.05454056 0.04532764 -0.01053755
v -0.05483805 0.04532764 -0.05557987
v -0.05571894 0.04532764 -0.0555381
v -0.05483805 0.06232764 -0.05557987
v -0.05571894 0.06232764 -0.0555381
v -0.05454056 0.04532764 -0.05641006
v -0.05454056 0.06232764 -0.05641006
v -0.02212279 0.04532764 -0.01136774
v -0.0212419 0.04532764 -0.0114095
v -0.02212279 0.06232764 -0.01136774
v -0.0212419 0.06232764 -0.0114095
v -0.04052757 0.04643658 -0.05447426
v -0.04047137 0.04651367 -0.05447966
v -0.0403948 0.04660961 -0.03963315
v -0.04052757 0.04643658 -0.03959031
v -0.04064475 0.04625264 -0.03954984
v -0.04064475 0.04625264 -0.05446251
v -0.04069721 0.04615702 -0.05445703
v -0.04068645 0.04617747 -0.03953482
v -0.04074546 0.04605919 -0.05445188
v -0.04074546 0.04605919 -0.03951301
v -0.04078931 0.04595955 -0.0544471
v -0.04078935 0.04595943 -0.03949637
v -0.04082892 0.04585769 -0.0544427
v -0.04082892 0.04585769 -0.03948105
v -0.04086401 0.04575431 -0.05443874
v -0.04086389 0.0457547 -0.03946726
v -0.0408945 0.04564969 -0.05443525
v -0.0408945 0.04564969 -0.039455
v -0.04092047 0.04554357 -0.05443224
v -0.04092046 0.04554359 -0.03944445
v -0.04094171 0.04543676 -0.05442976
v -0.04094171 0.04543676 -0.03943573
v -0.0409583 0.04532899 -0.0544278
v -0.04095832 0.04532885 -0.03942885
v -0.04097018 0.04522053 -0.05442639
v -0.04097018 0.04522053 -0.03942389
v -0.0409773 0.04511193 -0.05442555
v -0.04097731 0.04511179 -0.03942091
v -0.04097969 0.04500264 -0.05442526
v -0.04097969 0.04500264 -0.0394199
v -0.04097733 0.0448939 -0.0394209
v -0.0409773 0.04489335 -0.05442555
v -0.04097018 0.04478475 -0.03942389
v -0.04097018 0.04478475 -0.05442639
v -0.04095825 0.04467592 -0.03942887
v -0.04095828 0.04467617 -0.0544278
v -0.04094171 0.04456852 -0.03943573
v -0.04094171 0.04456852 -0.05442976
v -0.04092039 0.04446135 -0.03944448
v -0.04092044 0.0444616 -0.05443224
v -0.0408945 0.04435559 -0.039455
v -0.0408945 0.04435559 -0.05443525
v -0.04086399 0.0442509 -0.03946722
v -0.04086406 0.04425113 -0.05443873
v -0.04082892 0.04414759 -0.03948105
v -0.04082892 0.04414759 -0.0544427
v -0.04078948 0.04404615 -0.03949632
v -0.04078927 0.04404565 -0.0544471
v -0.04074546 0.04394609 -0.03951301
v -0.04074546 0.04394609 -0.05445188
v -0.04068645 0.04382781 -0.03953482
v -0.04069716 0.04384816 -0.05445703
v -0.04064475 0.04375264 -0.03954984
v -0.04064475 0.04375264 -0.05446251
v -0.04052757 0.0435687 -0.03959031
v -0.04052757 0.0435687 -0.05447426
v -0.0403948 0.04339567 -0.03963315
v -0.0403948 0.04339567 -0.05448678
v -0.04032115 0.04331177 -0.05449336
v -0.04024746 0.04323487 -0.03967704
v -0.04024746 0.04323487 -0.05449968
v -0.04015122 0.04314361 -0.03970364
v -0.04008666 0.04308753 -0.05451258
v -0.04008666 0.04308753 -0.0397206
v -0.03991363 0.04295476 -0.03976255
v -0.03991363 0.04295476 -0.05452507
v -0.03972969 0.04283758 -0.03980166
v -0.03972969 0.04283758 -0.05453679
v -0.03960045 0.04276794 -0.03982581
v -0.03963384 0.042785 -0.05454225
v -0.03953629 0.0427369 -0.03983679
v -0.03953624 0.04273687 -0.05454737
v -0.03943631 0.04269291 -0.03985258
v -0.03943636 0.04269293 -0.05455214
v -0.03933474 0.04265341 -0.03986697
v -0.03933474 0.04265341 -0.0545565
v -0.03923157 0.04261838 -0.03987991
v -0.03923161 0.0426184 -0.05456043
v -0.03912674 0.04258782 -0.03989134
v -0.03912674 0.04258782 -0.0545639
v -0.03904257 0.04256683 -0.03989926
v -0.03902101 0.04256195 -0.05456688
v -0.03891381 0.04254062 -0.03990922
v -0.03891381 0.04254062 -0.05456935
v -0.03880574 0.04252399 -0.03991559
v -0.03880578 0.042524 -0.05457129
v -0.03869758 0.04251215 -0.03992015
v -0.03869758 0.04251215 -0.05457269
v -0.03858901 0.04250503 -0.03992289
v -0.03858908 0.04250503 -0.05457352
v -0.03848042 0.04250264 -0.0399238
v -0.03847969 0.04250264 -0.0545738
v -0.03847969 0.04250264 -0.0399238
v -0.03837083 0.04250501 -0.05457352
v -0.03837075 0.04250501 -0.03992287
v -0.0382618 0.04251215 -0.05457267
v -0.0382618 0.04251215 -0.0399201
v -0.03815344 0.04252402 -0.05457127
v -0.03809048 0.04253312 -0.039912
v -0.03804557 0.04254062 -0.05456932
v -0.03804554 0.04254062 -0.03990912
v -0.03793839 0.04256194 -0.05456684
v -0.03791826 0.0425665 -0.03989926
v -0.03783264 0.04258782 -0.05456386
v -0.03783258 0.04258784 -0.03989119
v -0.03772792 0.04261835 -0.05456038
v -0.03772766 0.04261843 -0.03987972
v -0.03762464 0.04265341 -0.05455644
v -0.03762464 0.04265341 -0.03986678
v -0.03752317 0.04269286 -0.05455208
v -0.03752292 0.04269297 -0.03985234
v -0.03742315 0.04273687 -0.0545473
v -0.03742315 0.04273687 -0.03983656
v -0.0373252 0.04278518 -0.05454215
v -0.03736039 0.04276721 -0.03982581
v -0.03722969 0.04283758 -0.0545367
v -0.03722969 0.04283758 -0.03980137
v -0.03704575 0.04295476 -0.03976222
v -0.03704575 0.04295476 -0.05452497
v -0.03687272 0.04308753 -0.03972023
v -0.03687272 0.04308753 -0.05451246
v -0.03671192 0.04323487 -0.05449956
v -0.03680963 0.04314229 -0.03970365
v -0.03671192 0.04323487 -0.03967662
v -0.03663969 0.04331018 -0.05449336
v -0.03656458 0.04339567 -0.05448665
v -0.03656458 0.04339567 -0.0396327
v -0.03643181 0.0435687 -0.03958982
v -0.03643181 0.0435687 -0.05447412
v -0.03631463 0.04375264 -0.03954931
v -0.03631463 0.04375264 -0.05446235
v -0.0362623 0.04384802 -0.05445689
v -0.03627439 0.04382508 -0.03953482
v -0.03621392 0.04394609 -0.05445172
v -0.03621392 0.04394609 -0.03951247
v -0.03616988 0.04404621 -0.05444691
v -0.03617013 0.04404561 -0.03949585
v -0.03613046 0.04414759 -0.05444253
v -0.03613046 0.04414759 -0.03948048
v -0.03609537 0.04425098 -0.05443857
v -0.03609535 0.04425102 -0.03946663
v -0.03606487 0.04435559 -0.05443508
v -0.03606487 0.04435559 -0.03945441
v -0.03603897 0.04446144 -0.05443208
v -0.03603896 0.04446148 -0.03944388
v -0.03601767 0.04456852 -0.05442959
v -0.03601767 0.04456852 -0.03943513
v -0.03600112 0.04467602 -0.05442763
v -0.03600111 0.04467605 -0.03942826
v -0.0359892 0.04478475 -0.05442622
v -0.0359892 0.04478475 -0.03942329
v -0.03598206 0.04489389 -0.05442537
v -0.03598206 0.04489377 -0.03942029
v -0.03597969 0.04500264 -0.05442509
v -0.03597969 0.04500264 -0.03941929
v -0.03598208 0.0451119 -0.0394203
v -0.03598207 0.04511178 -0.05442537
v -0.0359892 0.04522053 -0.03942329
v -0.0359892 0.04522053 -0.05442622
v -0.03600108 0.04532896 -0.03942825
v -0.03600106 0.04532884 -0.05442763
v -0.03601767 0.04543676 -0.03943513
v -0.03601767 0.04543676 -0.05442959
v -0.03603891 0.04554354 -0.03944385
v -0.03603889 0.04554346 -0.05443207
v -0.03606487 0.04564969 -0.03945441
v -0.03606487 0.04564969 -0.05443508
v -0.03609551 0.04575477 -0.03946669
v -0.03609548 0.04575466 -0.05443858
v -0.03613046 0.04585769 -0.03948048
v -0.03613046 0.04585769 -0.05444253
v -0.03617009 0.04595958 -0.03949583
v -0.03617001 0.04595941 -0.05444693
v -0.03621392 0.04605919 -0.03951247
v -0.03621392 0.04605919 -0.05445172
v -0.03627439 0.0461802 -0.03953482
v -0.03626209 0.04615688 -0.05445687
v -0.03631463 0.04625264 -0.03954931
v -0.03631463 0.04625264 -0.05446235
v -0.03643181 0.04643658 -0.03958982
v -0.03643181 0.04643658 -0.05447412
v -0.03656458 0.04660961 -0.06140818
v -0.03648853 0.04651435 -0.06140286
v -0.03648801 0.04651367 -0.05447952
v -0.03656458 0.04660961 -0.0396327
v -0.03671192 0.04677041 -0.03967662
v -0.03671192 0.04677041 -0.0614179
v -0.03680963 0.04686299 -0.03970365
v -0.03687272 0.04691775 -0.06142761
v -0.03687272 0.04691775 -0.03972023
v -0.03704575 0.04705052 -0.03976222
v -0.03704575 0.04705052 -0.06143702
v -0.03722969 0.0471677 -0.03980137
v -0.03722969 0.0471677 -0.06144585
v -0.03736039 0.04723807 -0.03982581
v -0.03732507 0.04722004 -0.06144996
v -0.03742309 0.04726839 -0.03983655
v -0.03742315 0.04726841 -0.06145383
v -0.03752275 0.04731224 -0.03985231
v -0.03752326 0.04731245 -0.06145744
v -0.03762464 0.04735187 -0.03986678
v -0.03762464 0.04735187 -0.06146072
v -0.03772779 0.04738689 -0.03987974
v -0.03772803 0.04738697 -0.06146369
v -0.03783264 0.04741745 -0.03989119
v -0.03783264 0.04741745 -0.06146631
v -0.03793849 0.04744336 -0.06146856
v -0.03791826 0.04743879 -0.03989926
v -0.03804557 0.04746466 -0.06147043
v -0.03804557 0.04746466 -0.03990913
v -0.0381533 0.04748124 -0.0399155
v -0.03815307 0.04748121 -0.06147189
v -0.0382618 0.04749313 -0.0399201
v -0.0382618 0.04749313 -0.06147295
v -0.03837036 0.04750025 -0.03992286
v -0.03837093 0.04750028 -0.06147359
v -0.03847969 0.04750264 -0.0399238
v -0.03847969 0.04750264 -0.0614738
v -0.03858918 0.04750024 -0.06147359
v -0.03848042 0.04750264 -0.0399238
v -0.03869758 0.04749313 -0.06147296
v -0.03858944 0.04750023 -0.03992288
v -0.03869758 0.04749313 -0.03992015
v -0.03880588 0.04748127 -0.06147191
v -0.0388062 0.04748123 -0.03991557
v -0.03891381 0.04746466 -0.06147045
v -0.03891381 0.04746466 -0.03990922
v -0.03902051 0.04744344 -0.06146859
v -0.03904257 0.04743845 -0.03989926
v -0.03912674 0.04741745 -0.06146634
v -0.0391268 0.04741744 -0.03989133
v -0.03923171 0.04738685 -0.06146372
v -0.03923124 0.047387 -0.03987995
v -0.03933474 0.04735187 -0.06146077
v -0.03933474 0.04735187 -0.03986697
v -0.03943645 0.04731232 -0.06145748
v -0.03943678 0.04731218 -0.03985251
v -0.03953624 0.04726841 -0.06145389
v -0.03953624 0.04726841 -0.0398368
v -0.03963393 0.04722024 -0.06145003
v -0.03960045 0.04723734 -0.03982581
v -0.03972969 0.0471677 -0.06144592
v -0.04008666 0.04691775 -0.0397206
v -0.03991363 0.04705052 -0.0614371
v -0.03991363 0.04705052 -0.03976255
v -0.03972969 0.0471677 -0.03980166
v -0.04015122 0.04686167 -0.03970364
v -0.04024746 0.04677041 -0.06141799
v -0.04008666 0.04691775 -0.06142769
v -0.04024746 0.04677041 -0.03967704
v -0.0403948 0.04660961 -0.06140828
v -0.04047086 0.04651435 -0.06140297
v -0.01747996 0.04643658 -0.03552096
v -0.01747458 0.04651362 -0.0354648
v -0.03232107 0.04660961 -0.03538819
v -0.03236391 0.04643658 -0.03552096
v -0.03240439 0.04625264 -0.03563814
v -0.01749172 0.04625264 -0.03563814
v -0.01749719 0.04615702 -0.0356906
v -0.0324194 0.04617747 -0.03567983
v -0.01750235 0.04605919 -0.03573884
v -0.03244121 0.04605919 -0.03573884
v -0.01750712 0.04595955 -0.03578269
v -0.03245781 0.04595967 -0.03578264
v -0.01751152 0.04585769 -0.03582231
v -0.03247317 0.04585769 -0.03582231
v -0.01751548 0.04575431 -0.0358574
v -0.03248701 0.04575426 -0.03585741
v -0.01751897 0.04564969 -0.03588789
v -0.03249922 0.04564969 -0.03588789
v -0.01752198 0.04554357 -0.03591385
v -0.03250975 0.0455438 -0.0359138
v -0.01752446 0.04543676 -0.03593509
v -0.03251849 0.04543676 -0.03593509
v -0.01752642 0.04532899 -0.03595168
v -0.03252536 0.04532923 -0.03595165
v -0.01752783 0.04522053 -0.03596356
v -0.03253033 0.04522053 -0.03596356
v -0.01752867 0.04511193 -0.03597068
v -0.03253332 0.04511151 -0.0359707
v -0.01752896 0.04500264 -0.03597308
v -0.03253432 0.04500264 -0.03597308
v -0.03253331 0.04489338 -0.03597069
v -0.01752867 0.04489336 -0.03597068
v -0.03253033 0.04478475 -0.03596356
v -0.01752783 0.04478475 -0.03596356
v -0.03252537 0.04467632 -0.03595169
v -0.01752642 0.04467617 -0.03595167
v -0.03251849 0.04456852 -0.03593509
v -0.01752446 0.04456852 -0.03593509
v -0.03250977 0.04446175 -0.03591386
v -0.01752198 0.0444616 -0.03591383
v -0.03249922 0.04435559 -0.03588789
v -0.01751897 0.04435559 -0.03588789
v -0.03248695 0.04425051 -0.03585725
v -0.01751549 0.04425113 -0.03585745
v -0.03247317 0.04414759 -0.03582231
v -0.01751152 0.04414759 -0.03582231
v -0.03245783 0.0440457 -0.03578268
v -0.01750712 0.04404565 -0.03578266
v -0.03244121 0.04394609 -0.03573884
v -0.01750235 0.04394609 -0.03573884
v -0.0324194 0.04382781 -0.03567983
v -0.01749719 0.04384816 -0.03569055
v -0.03240439 0.04375264 -0.03563814
v -0.01749172 0.04375264 -0.03563814
v -0.03236391 0.0435687 -0.03552096
v -0.01747996 0.0435687 -0.03552096
v -0.03232107 0.04339567 -0.03538819
v -0.01746744 0.04339567 -0.03538819
v -0.01746086 0.04331177 -0.03531453
v -0.03227719 0.04323487 -0.03524084
v -0.01745454 0.04323487 -0.03524084
v -0.03225058 0.04314361 -0.0351446
v -0.01744165 0.04308753 -0.03508005
v -0.03223362 0.04308753 -0.03508005
v -0.03219167 0.04295476 -0.03490702
v -0.01742915 0.04295476 -0.03490702
v -0.03215256 0.04283758 -0.03472307
v -0.01741743 0.04283758 -0.03472307
v -0.03212841 0.04276794 -0.03459383
v -0.01741197 0.042785 -0.03462722
v -0.03211743 0.0427369 -0.03452967
v -0.01740685 0.04273687 -0.03452962
v -0.03210169 0.04269304 -0.03443002
v -0.01740208 0.04269293 -0.03442974
v -0.03208725 0.04265341 -0.03432813
v -0.01739772 0.04265341 -0.03432813
v -0.03207431 0.04261839 -0.03422497
v -0.01739379 0.0426184 -0.03422499
v -0.03206288 0.04258782 -0.03412012
v -0.01739032 0.04258782 -0.03412012
v -0.03205496 0.04256683 -0.03403596
v -0.01738734 0.04256195 -0.03401439
v -0.032045 0.04254062 -0.03390719
v -0.01738487 0.04254062 -0.03390719
v -0.03203864 0.04252404 -0.03379946
v -0.01738293 0.042524 -0.03379916
v -0.03203408 0.04251215 -0.03369096
v -0.01738154 0.04251215 -0.03369096
v -0.03203134 0.04250505 -0.03358277
v -0.0173807 0.04250503 -0.03358246
v -0.03203042 0.04250264 -0.0334738
v -0.01738042 0.04250264 -0.03347307
v -0.03203042 0.04250264 -0.03347307
v -0.0173807 0.04250501 -0.03336421
v -0.03203136 0.04250503 -0.03336369
v -0.01738155 0.04251215 -0.03325519
v -0.03203413 0.04251215 -0.03325519
v -0.01738295 0.04252402 -0.03314683
v -0.03203873 0.04252405 -0.03314656
v -0.0173849 0.04254062 -0.03303896
v -0.03204509 0.04254062 -0.03303896
v -0.01738738 0.04256194 -0.03293177
v -0.03205496 0.0425665 -0.03291165
v -0.01739036 0.04258782 -0.03282603
v -0.03206303 0.04258784 -0.03282597
v -0.01739384 0.04261835 -0.03272131
v -0.03207444 0.04261828 -0.03272152
v -0.01739778 0.04265341 -0.03261802
v -0.03208744 0.04265341 -0.03261802
v -0.01740214 0.04269286 -0.03251656
v -0.03210193 0.0426931 -0.03251598
v -0.01740692 0.04273687 -0.03241653
v -0.03211766 0.04273687 -0.03241653
v -0.01741207 0.04278518 -0.03231858
v -0.03212841 0.04276721 -0.03235377
v -0.01741752 0.04283758 -0.03222308
v -0.03215285 0.04283758 -0.03222308
v -0.032192 0.04295476 -0.03203914
v -0.01742925 0.04295476 -0.03203914
v -0.03223399 0.04308753 -0.03186611
v -0.01744176 0.04308753 -0.03186611
v -0.01745466 0.04323487 -0.03170531
v -0.03225057 0.04314229 -0.03180302
v -0.0322776 0.04323487 -0.03170531
v -0.01746086 0.04331018 -0.03163308
v -0.01746758 0.04339567 -0.03155796
v -0.03232152 0.04339567 -0.03155796
v -0.0323644 0.0435687 -0.0314252
v -0.0174801 0.0435687 -0.0314252
v -0.03240491 0.04375264 -0.03130801
v -0.01749187 0.04375264 -0.03130801
v -0.01749733 0.04384802 -0.03125568
v -0.0324194 0.04382508 -0.03126777
v -0.0175025 0.04394609 -0.03120731
v -0.03244175 0.04394609 -0.03120731
v -0.01750731 0.04404621 -0.03116326
v -0.03245841 0.04404585 -0.03116341
v -0.01751169 0.04414759 -0.03112384
v -0.03247374 0.04414759 -0.03112384
v -0.01751565 0.04425098 -0.03108875
v -0.03248754 0.04425058 -0.03108888
v -0.01751914 0.04435559 -0.03105826
v -0.03249981 0.04435559 -0.03105826
v -0.01752214 0.04446144 -0.03103236
v -0.03251036 0.04446169 -0.0310323
v -0.01752463 0.04456852 -0.03101106
v -0.03251909 0.04456852 -0.03101106
v -0.01752659 0.04467602 -0.0309945
v -0.03252598 0.04467643 -0.03099445
v -0.017528 0.04478475 -0.03098259
v -0.03253093 0.04478475 -0.03098259
v -0.01752885 0.04489389 -0.03097544
v -0.03253393 0.04489349 -0.03097546
v -0.01752913 0.04500264 -0.03097307
v -0.03253493 0.04500264 -0.03097307
v -0.03253393 0.04511138 -0.03097544
v -0.01752885 0.04511178 -0.03097546
v -0.03253093 0.04522053 -0.03098259
v -0.017528 0.04522053 -0.03098259
v -0.03252595 0.04532936 -0.03099452
v -0.01752659 0.04532884 -0.03099445
v -0.03251909 0.04543676 -0.03101106
v -0.01752463 0.04543676 -0.03101106
v -0.03251033 0.04554392 -0.03103238
v -0.01752215 0.04554346 -0.03103227
v -0.03249981 0.04564969 -0.03105826
v -0.01751914 0.04564969 -0.03105826
v -0.03248758 0.04575438 -0.03108878
v -0.01751564 0.04575466 -0.03108886
v -0.03247374 0.04585769 -0.03112384
v -0.01751169 0.04585769 -0.03112384
v -0.03245846 0.04595913 -0.03116328
v -0.01750729 0.04595941 -0.0311634
v -0.03244175 0.04605919 -0.03120731
v -0.0175025 0.04605919 -0.03120731
v -0.0324194 0.0461802 -0.03126777
v -0.01749735 0.04615688 -0.03125548
v -0.03240491 0.04625264 -0.03130801
v -0.01749187 0.04625264 -0.03130801
v -0.0323644 0.04643658 -0.0314252
v -0.0174801 0.04643658 -0.0314252
v -0.01054604 0.04660961 -0.03155796
v -0.01055134 0.04651446 -0.03148199
v -0.01747472 0.04651362 -0.03148136
v -0.03232152 0.04660961 -0.03155796
v -0.0322776 0.04677041 -0.03170531
v -0.01053632 0.04677041 -0.03170531
v -0.03225057 0.04686299 -0.03180302
v -0.01052661 0.04691775 -0.03186611
v -0.03223399 0.04691775 -0.03186611
v -0.032192 0.04705052 -0.03203914
v -0.0105172 0.04705052 -0.03203914
v -0.03215285 0.0471677 -0.03222308
v -0.01050837 0.0471677 -0.03222308
v -0.03212841 0.04723807 -0.03235377
v -0.01050426 0.04722004 -0.03231845
v -0.03211767 0.04726839 -0.03241648
v -0.01050039 0.04726841 -0.03241653
v -0.03210186 0.04731238 -0.03251645
v -0.01049678 0.04731245 -0.03251664
v -0.03208744 0.04735187 -0.03261802
v -0.0104935 0.04735187 -0.03261802
v -0.03207448 0.0473869 -0.0327212
v -0.01049053 0.04738697 -0.03272141
v -0.03206303 0.04741745 -0.03282603
v -0.01048791 0.04741745 -0.03282603
v -0.01048566 0.04744336 -0.03293188
v -0.03205496 0.04743879 -0.03291165
v -0.01048379 0.04746466 -0.03303896
v -0.03204509 0.04746466 -0.03303896
v -0.0320387 0.04748129 -0.03314703
v -0.01048233 0.04748121 -0.03314646
v -0.03203413 0.04749313 -0.03325519
v -0.01048127 0.04749313 -0.03325519
v -0.03203135 0.04750026 -0.03336412
v -0.01048063 0.04750028 -0.03336432
v -0.03203042 0.04750264 -0.03347307
v -0.01048042 0.04750264 -0.03347307
v -0.01048063 0.04750024 -0.03358257
v -0.03203042 0.04750264 -0.0334738
v -0.01048126 0.04749313 -0.03369096
v -0.03203133 0.04750025 -0.03358237
v -0.03203408 0.04749313 -0.03369096
v -0.01048231 0.04748127 -0.03379926
v -0.03204213 0.04747215 -0.03386237
v -0.01048377 0.04746466 -0.03390719
v -0.032045 0.04746465 -0.03390723
v -0.01048563 0.04744344 -0.0340139
v -0.03205496 0.04743845 -0.03403596
v -0.01048788 0.04741745 -0.03412012
v -0.03206289 0.04741744 -0.03412018
v -0.0104905 0.04738685 -0.0342251
v -0.03207432 0.04738685 -0.03422511
v -0.01049345 0.04735187 -0.03432813
v -0.03208725 0.04735187 -0.03432813
v -0.01049674 0.04731232 -0.03442984
v -0.03210166 0.04731232 -0.03442984
v -0.01050033 0.04726841 -0.03452962
v -0.03211742 0.04726841 -0.03452962
v -0.01050419 0.04722024 -0.03462731
v -0.03212841 0.04723734 -0.03459383
v -0.0105083 0.0471677 -0.03472307
v -0.03223362 0.04691775 -0.03508005
v -0.01051712 0.04705052 -0.03490702
v -0.03219167 0.04705052 -0.03490702
v -0.03215256 0.0471677 -0.03472307
v -0.03225058 0.04686167 -0.0351446
v -0.01053623 0.04677041 -0.03524084
v -0.01052653 0.04691775 -0.03508005
v -0.03227719 0.04677041 -0.03524084
v -0.01054594 0.04660961 -0.03538819
v -0.01055124 0.04651446 -0.03546416
v -0.01748941 0.04633201 -0.0313319
v -0.01056246 0.04633201 -0.0313319
v -0.01057652 0.04615048 -0.03115591
v -0.01750812 0.04615048 -0.03115591
v -0.01058683 0.04604197 -0.03103505
v -0.01753007 0.04598442 -0.03096526
v -0.01059302 0.04598442 -0.03096526
v -0.01061211 0.04583501 -0.0307613
v -0.0175555 0.04583501 -0.0307613
v -0.01063396 0.0457033 -0.03054549
v -0.01758461 0.0457033 -0.03054549
v -0.01065867 0.04559022 -0.03031935
v -0.01761755 0.04559022 -0.03031935
v -0.01068631 0.04549659 -0.0300845
v -0.01765441 0.04549659 -0.0300845
v -0.01071688 0.04542307 -0.02984259
v -0.01769522 0.04542307 -0.02984259
v -0.01770093 0.04541486 -0.02981008
v -0.01075033 0.04537018 -0.02959535
v -0.01773993 0.04537018 -0.02959535
v -0.01078657 0.0453383 -0.02934454
v -0.01778841 0.0453383 -0.02934454
v -0.01082541 0.04532764 -0.02909194
v -0.01784043 0.04532764 -0.02909194
v -0.01056235 0.04633201 -0.03561425
v -0.01748927 0.04633201 -0.03561425
v -0.01750796 0.04615048 -0.03579024
v -0.01769497 0.04542307 -0.03710356
v -0.01068613 0.04549659 -0.03686165
v -0.01765417 0.04549659 -0.03686165
v -0.01065851 0.04559022 -0.0366268
v -0.01761733 0.04559022 -0.0366268
v -0.01063381 0.0457033 -0.03640066
v -0.0175844 0.0457033 -0.03640066
v -0.01061197 0.04583501 -0.03618485
v -0.01755531 0.04583501 -0.03618485
v -0.01059289 0.04598442 -0.03598089
v -0.01752989 0.04598442 -0.03598089
v -0.01058683 0.04604071 -0.03591257
v -0.0105764 0.04615048 -0.03579024
v -0.01770093 0.04541451 -0.03713752
v -0.01075013 0.04537018 -0.0373508
v -0.01071669 0.04542307 -0.03710356
v -0.01773966 0.04537018 -0.0373508
v -0.01778812 0.0453383 -0.03760161
v -0.01078635 0.0453383 -0.03760161
v -0.03633844 0.04633192 -0.0544648
v -0.03633844 0.04633192 -0.06139175
v -0.03616245 0.04615041 -0.06137769
v -0.03616245 0.04615041 -0.05444609
v -0.03604167 0.04604197 -0.0613674
v -0.0359718 0.04598437 -0.05442414
v -0.0359718 0.04598437 -0.0613612
v -0.03576785 0.04583496 -0.0613421
v -0.03576785 0.04583496 -0.05439872
v -0.03555204 0.04570326 -0.06132025
v -0.03555204 0.04570326 -0.05436961
v -0.03532591 0.0455902 -0.06129554
v -0.03532591 0.0455902 -0.05433667
v -0.03509107 0.04549658 -0.06126791
v -0.03509107 0.04549658 -0.0542998
v -0.03484917 0.04542306 -0.06123734
v -0.03484917 0.04542306 -0.05425899
v -0.03481669 0.04541486 -0.05425329
v -0.03460195 0.04537018 -0.06120389
v -0.03460195 0.04537018 -0.05421428
v -0.03435115 0.04533829 -0.06116765
v -0.03435115 0.04533829 -0.05416581
v -0.04062095 0.04633191 -0.06139186
v -0.04062095 0.04633191 -0.05446495
v -0.04079694 0.0461504 -0.05444625
v -0.04211021 0.04542306 -0.05425924
v -0.04186831 0.04549658 -0.06126808
v -0.04186831 0.04549658 -0.05430004
v -0.04163347 0.0455902 -0.06129571
v -0.04163347 0.0455902 -0.05433689
v -0.04140734 0.04570326 -0.0613204
v -0.04140734 0.04570326 -0.05436981
v -0.04119154 0.04583496 -0.06134224
v -0.04119154 0.04583496 -0.0543989
v -0.04098758 0.04598436 -0.06136133
v -0.04098758 0.04598436 -0.05442432
v -0.04091919 0.04604071 -0.06136739
v -0.04079694 0.0461504 -0.06137781
v -0.04214413 0.04541451 -0.05425329
v -0.04235743 0.04537018 -0.06120409
v -0.04211021 0.04542306 -0.06123753
v -0.04235743 0.04537018 -0.05421455
v -0.04260824 0.04533829 -0.0541661
v -0.04260824 0.04533829 -0.06116787
v -0.04286083 0.04532764 -0.0541141
v -0.04286083 0.04532764 -0.06112904
v -0.03791826 0.04182764 -0.03989926
v -0.03848042 0.04182764 -0.0399238
v -0.03736039 0.04182764 -0.03982581
v -0.03681104 0.04182764 -0.03970402
v -0.03627439 0.04182764 -0.03953482
v -0.03575453 0.04762764 -0.03931949
v -0.03575453 0.04182764 -0.03931949
v -0.03627439 0.04762764 -0.03953482
v -0.03681104 0.04762764 -0.03970402
v -0.03791826 0.04762764 -0.03989926
v -0.03736039 0.04762764 -0.03982581
v -0.03848042 0.04762764 -0.0399238
v -0.03904257 0.04762764 -0.03989926
v -0.03960045 0.04762764 -0.03982581
v -0.0401498 0.04762764 -0.03970402
v -0.04068645 0.04762764 -0.03953482
v -0.04120631 0.04182764 -0.03931949
v -0.04120631 0.04762764 -0.03931949
v -0.04068645 0.04182764 -0.03953482
v -0.0401498 0.04182764 -0.03970402
v -0.03960045 0.04182764 -0.03982581
v -0.03904257 0.04182764 -0.03989926
v -0.03205496 0.04762764 -0.03403596
v -0.03203042 0.04762764 -0.0334738
v -0.03212841 0.04762764 -0.03459383
v -0.0322502 0.04762764 -0.03514319
v -0.0324194 0.04762764 -0.03567983
v -0.03263473 0.04182764 -0.03619969
v -0.03263473 0.04762764 -0.03619969
v -0.0324194 0.04182764 -0.03567983
v -0.0322502 0.04182764 -0.03514319
v -0.03212841 0.04182764 -0.03459383
v -0.03205496 0.04182764 -0.03403596
v -0.03203042 0.04182764 -0.0334738
v -0.03205496 0.04182764 -0.03291165
v -0.03212841 0.04182764 -0.03235377
v -0.0322502 0.04182764 -0.03180442
v -0.0324194 0.04182764 -0.03126777
v -0.03263473 0.04762764 -0.03074791
v -0.03263473 0.04182764 -0.03074791
v -0.0324194 0.04762764 -0.03126777
v -0.0322502 0.04762764 -0.03180442
v -0.03205496 0.04762764 -0.03291165
v -0.03212841 0.04762764 -0.03235377
v -0.03289456 0.04182764 -0.0366988
v -0.03289456 0.04762764 -0.0366988
v -0.03319689 0.04182764 -0.03717337
v -0.03319689 0.04762764 -0.03717337
v -0.03353943 0.04182764 -0.03761978
v -0.03353943 0.04762764 -0.03761978
v -0.03391958 0.04182764 -0.03803464
v -0.03391958 0.04762764 -0.03803464
v -0.03433444 0.04182764 -0.03841479
v -0.03433444 0.04762764 -0.03841479
v -0.03478085 0.04182764 -0.03875733
v -0.03478085 0.04762764 -0.03875733
v -0.03525542 0.04182764 -0.03905967
v -0.03525542 0.04762764 -0.03905967
v -0.04170542 0.04182764 -0.03905967
v -0.04170542 0.04762764 -0.03905967
v -0.04217999 0.04182764 -0.03875733
v -0.04217999 0.04762764 -0.03875733
v -0.0426264 0.04182764 -0.03841479
v -0.0426264 0.04762764 -0.03841479
v -0.04304126 0.04182764 -0.03803464
v -0.04304126 0.04762764 -0.03803464
v -0.04342141 0.04182764 -0.03761978
v -0.04342141 0.04762764 -0.03761978
v -0.04376395 0.04182764 -0.03717337
v -0.04376395 0.04762764 -0.03717337
v -0.04406628 0.04182764 -0.0366988
v -0.04406628 0.04762764 -0.0366988
v -0.0443261 0.04182764 -0.03619969
v -0.0443261 0.04762764 -0.03619969
v -0.04454144 0.04182764 -0.03567983
v -0.04454144 0.04762764 -0.03567983
v -0.04471064 0.04182764 -0.03514319
v -0.04471064 0.04762764 -0.03514319
v -0.04483243 0.04182764 -0.03459383
v -0.04483243 0.04762764 -0.03459383
v -0.04490587 0.04182764 -0.03403596
v -0.04490587 0.04762764 -0.03403596
v -0.04493042 0.04182764 -0.0334738
v -0.04493042 0.04762764 -0.0334738
v -0.04490587 0.04182764 -0.03291165
v -0.04490587 0.04762764 -0.03291165
v -0.04483243 0.04182764 -0.03235377
v -0.04483243 0.04762764 -0.03235377
v -0.04471064 0.04182764 -0.03180442
v -0.04471064 0.04762764 -0.03180442
v -0.04454144 0.04182764 -0.03126777
v -0.04454144 0.04762764 -0.03126777
v -0.0443261 0.04182764 -0.03074791
v -0.0443261 0.04762764 -0.03074791
v -0.04406628 0.04182764 -0.0302488
v -0.04406628 0.04762764 -0.0302488
v -0.04376395 0.04182764 -0.02977424
v -0.04376395 0.04762764 -0.02977424
v -0.04342141 0.04182764 -0.02932782
v -0.04342141 0.04762764 -0.02932782
v -0.04304126 0.04182764 -0.02891296
v -0.04304126 0.04762764 -0.02891296
v -0.0426264 0.04182764 -0.02853282
v -0.0426264 0.04762764 -0.02853282
v -0.04217999 0.04182764 -0.02819027
v -0.04217999 0.04762764 -0.02819027
v -0.04170542 0.04182764 -0.02788794
v -0.04170542 0.04762764 -0.02788794
v -0.04120631 0.04182764 -0.02762812
v -0.04120631 0.04762764 -0.02762812
v -0.04068645 0.04182764 -0.02741279
v -0.04068645 0.04762764 -0.02741279
v -0.0401498 0.04182764 -0.02724358
v -0.0401498 0.04762764 -0.02724358
v -0.03960045 0.04182764 -0.02712179
v -0.03960045 0.04762764 -0.02712179
v -0.03904257 0.04182764 -0.02704835
v -0.03904257 0.04762764 -0.02704835
v -0.03848042 0.04182764 -0.0270238
v -0.03848042 0.04762764 -0.0270238
v -0.03791826 0.04182764 -0.02704835
v -0.03791826 0.04762764 -0.02704835
v -0.03736039 0.04182764 -0.02712179
v -0.03736039 0.04762764 -0.02712179
v -0.03681104 0.04182764 -0.02724358
v -0.03681104 0.04762764 -0.02724358
v -0.03627439 0.04182764 -0.02741279
v -0.03627439 0.04762764 -0.02741279
v -0.03575453 0.04182764 -0.02762812
v -0.03575453 0.04762764 -0.02762812
v -0.03525542 0.04182764 -0.02788794
v -0.03525542 0.04762764 -0.02788794
v -0.03478085 0.04182764 -0.02819027
v -0.03478085 0.04762764 -0.02819027
v -0.03433444 0.04182764 -0.02853282
v -0.03433444 0.04762764 -0.02853282
v -0.03391958 0.04182764 -0.02891296
v -0.03391958 0.04762764 -0.02891296
v -0.03353943 0.04182764 -0.02932782
v -0.03353943 0.04762764 -0.02932782
v -0.03319689 0.04182764 -0.02977424
v -0.03319689 0.04762764 -0.02977424
v -0.03289456 0.04182764 -0.0302488
v -0.03289456 0.04762764 -0.0302488
v -0.03772652 0.04982764 -0.02485672
v -0.03697836 0.04982764 -0.02495521
v -0.03624163 0.04982764 -0.02511854
v -0.03552194 0.04982764 -0.02534546
v -0.03482477 0.04982764 -0.02563424
v -0.03415542 0.04982764 -0.02598268
v -0.03351898 0.04982764 -0.02638814
v -0.0329203 0.04982764 -0.02684752
v -0.03236394 0.04982764 -0.02735733
v -0.03185413 0.04982764 -0.02791369
v -0.03139475 0.04982764 -0.02851237
v -0.0309893 0.04982764 -0.0291488
v -0.03064086 0.04982764 -0.02981815
v -0.03035208 0.04982764 -0.03051533
v -0.03012516 0.04982764 -0.03123502
v -0.02996183 0.04982764 -0.03197175
v -0.02986333 0.04982764 -0.03271991
v -0.02983042 0.04982764 -0.0334738
v -0.02986333 0.04982764 -0.0342277
v -0.02996183 0.04982764 -0.03497586
v -0.03012516 0.04982764 -0.03571259
v -0.03035208 0.04982764 -0.03643228
v -0.03064086 0.04982764 -0.03712945
v -0.0309893 0.04982764 -0.0377988
v -0.03139475 0.04982764 -0.03843524
v -0.03185413 0.04982764 -0.03903392
v -0.03236394 0.04982764 -0.03959028
v -0.0329203 0.04982764 -0.04010009
v -0.03351898 0.04982764 -0.04055947
v -0.03415542 0.04982764 -0.04096492
v -0.03482477 0.04982764 -0.04131337
v -0.03552194 0.04982764 -0.04160214
v -0.03624163 0.04982764 -0.04182906
v -0.03697836 0.04982764 -0.04199239
v -0.03772652 0.04982764 -0.04209089
v -0.03848042 0.04982764 -0.0421238
v -0.03923431 0.04982764 -0.04209089
v -0.03998248 0.04982764 -0.04199239
v -0.0407192 0.04982764 -0.04182906
v -0.04143889 0.04982764 -0.04160214
v -0.04213607 0.04982764 -0.04131337
v -0.04280542 0.04982764 -0.04096492
v -0.04344185 0.04982764 -0.04055947
v -0.04404053 0.04982764 -0.04010009
v -0.04459689 0.04982764 -0.03959028
v -0.0451067 0.04982764 -0.03903392
v -0.04556608 0.04982764 -0.03843524
v -0.04597154 0.04982764 -0.0377988
v -0.04631998 0.04982764 -0.03712945
v -0.04660876 0.04982764 -0.03643228
v -0.04683568 0.04982764 -0.03571259
v -0.046999 0.04982764 -0.03497586
v -0.0470975 0.04982764 -0.0342277
v -0.04713042 0.04982764 -0.0334738
v -0.0470975 0.04982764 -0.03271991
v -0.046999 0.04982764 -0.03197175
v -0.04683568 0.04982764 -0.03123502
v -0.04660876 0.04982764 -0.03051533
v -0.04631998 0.04982764 -0.02981815
v -0.04597154 0.04982764 -0.0291488
v -0.04556608 0.04982764 -0.02851237
v -0.0451067 0.04982764 -0.02791369
v -0.04459689 0.04982764 -0.02735733
v -0.04404053 0.04982764 -0.02684752
v -0.04344185 0.04982764 -0.02638814
v -0.04280542 0.04982764 -0.02598268
v -0.04213607 0.04982764 -0.02563424
v -0.04143889 0.04982764 -0.02534546
v -0.0407192 0.04982764 -0.02511854
v -0.03998248 0.04982764 -0.02495521
v -0.03923431 0.04982764 -0.02485672
v -0.03848042 0.04982764 -0.0248238
v -0.04219807 0.04182764 -0.03687684
v -0.04221748 0.04182764 -0.03685376
v -0.04223489 0.04182764 -0.03682915
v -0.04225018 0.04182764 -0.03680316
v -0.04226324 0.04182764 -0.03677598
v -0.04227398 0.04182764 -0.0367478
v -0.04228233 0.04182764 -0.03671883
v -0.04228822 0.04182764 -0.03668926
v -0.04229162 0.04182764 -0.03665929
v -0.04229249 0.04182764 -0.03662915
v -0.04229084 0.04182764 -0.03659904
v -0.04228668 0.04182764 -0.03656918
v -0.04228003 0.04182764 -0.03653977
v -0.04227095 0.04182764 -0.03651102
v -0.04225949 0.04182764 -0.03648312
v -0.04224573 0.04182764 -0.03645629
v -0.04222978 0.04182764 -0.0364307
v -0.04221174 0.04182764 -0.03640654
v -0.04219175 0.04182764 -0.03638396
v -0.04216994 0.04182764 -0.03636315
v -0.04214646 0.04182764 -0.03634423
v -0.04212147 0.04182764 -0.03632734
v -0.04209632 0.04182764 -0.03631028
v -0.04207274 0.04182764 -0.03629109
v -0.04205091 0.04182764 -0.03626994
v -0.042031 0.04182764 -0.03624697
v -0.04201315 0.04182764 -0.03622236
v -0.04199751 0.04182764 -0.03619629
v -0.0419842 0.04182764 -0.03616896
v -0.0419733 0.04182764 -0.03614058
v -0.04196491 0.04182764 -0.03611137
v -0.04195908 0.04182764 -0.03608153
v -0.04195586 0.04182764 -0.03605131
v -0.04195528 0.04182764 -0.03602091
v -0.04195734 0.04182764 -0.03599058
v -0.04196202 0.04182764 -0.03596055
v -0.04196929 0.04182764 -0.03593103
v -0.0419791 0.04182764 -0.03590226
v -0.04199136 0.04182764 -0.03587444
v -0.04200599 0.04182764 -0.0358478
v -0.04202288 0.04182764 -0.03582252
v -0.0420419 0.04182764 -0.03579881
v -0.0420629 0.04182764 -0.03577683
v -0.04208574 0.04182764 -0.03575676
v -0.04211022 0.04182764 -0.03573875
v -0.04213618 0.04182764 -0.03572293
v -0.04216341 0.04182764 -0.03570942
v -0.04219171 0.04182764 -0.03569833
v -0.04222087 0.04182764 -0.03568973
v -0.04225067 0.04182764 -0.0356837
v -0.04228087 0.04182764 -0.03568027
v -0.04231126 0.04182764 -0.03567948
v -0.0423416 0.04182764 -0.03568133
v -0.04237167 0.04182764 -0.0356858
v -0.04240124 0.04182764 -0.03569287
v -0.04243008 0.04182764 -0.03570247
v -0.04245798 0.04182764 -0.03571454
v -0.04248472 0.04182764 -0.03572899
v -0.04251011 0.04182764 -0.0357457
v -0.04253528 0.04182764 -0.03576232
v -0.04256174 0.04182764 -0.03577677
v -0.04258932 0.04182764 -0.03578896
v -0.04261783 0.04182764 -0.03579879
v -0.04264706 0.04182764 -0.03580621
v -0.0426768 0.04182764 -0.03581115
v -0.04270685 0.04182764 -0.03581359
v -0.04273701 0.04182764 -0.03581351
v -0.04276705 0.04182764 -0.0358109
v -0.04279676 0.04182764 -0.03580578
v -0.04282595 0.04182764 -0.0357982
v -0.0428544 0.04182764 -0.0357882
v -0.04288191 0.04182764 -0.03577586
v -0.04290829 0.04182764 -0.03576125
v -0.04293336 0.04182764 -0.03574449
v -0.04295693 0.04182764 -0.03572569
v -0.04297886 0.04182764 -0.03570499
v -0.04299897 0.04182764 -0.03568252
v -0.04301713 0.04182764 -0.03565845
v -0.04303321 0.04182764 -0.03563294
v -0.0430471 0.04182764 -0.03560618
v -0.04313677 0.04182764 -0.03540253
v -0.04321736 0.04182764 -0.03519512
v -0.04322647 0.04182764 -0.03516637
v -0.04323313 0.04182764 -0.03513696
v -0.04323731 0.04182764 -0.0351071
v -0.04323898 0.04182764 -0.03507699
v -0.04323812 0.04182764 -0.03504685
v -0.04293632 0.04182764 -0.03471676
v -0.04296586 0.04182764 -0.0347228
v -0.04299479 0.04182764 -0.03473129
v -0.04302291 0.04182764 -0.03474218
v -0.04305002 0.04182764 -0.03475538
v -0.04307593 0.04182764 -0.0347708
v -0.04310047 0.04182764 -0.03478834
v -0.04312344 0.04182764 -0.03480786
v -0.0431447 0.04182764 -0.03482925
v -0.0431641 0.04182764 -0.03485233
v -0.0431815 0.04182764 -0.03487696
v -0.04319677 0.04182764 -0.03490296
v -0.04320982 0.04182764 -0.03493015
v -0.04322054 0.04182764 -0.03495833
v -0.04322887 0.04182764 -0.03498731
v -0.04323474 0.04182764 -0.03501689
v -0.04290655 0.04182764 -0.03471062
v -0.04287742 0.04182764 -0.03470192
v -0.04284915 0.04182764 -0.03469073
v -0.04282197 0.04182764 -0.03467713
v -0.04279607 0.04182764 -0.03466121
v -0.04277164 0.04182764 -0.03464312
v -0.04274888 0.04182764 -0.03462297
v -0.04272795 0.04182764 -0.03460092
v -0.04270902 0.04182764 -0.03457714
v -0.04269222 0.04182764 -0.03455181
v -0.04267768 0.04182764 -0.03452511
v -0.04266551 0.04182764 -0.03449725
v -0.04265581 0.04182764 -0.03446845
v -0.04264864 0.04182764 -0.0344389
v -0.04264406 0.04182764 -0.03440885
v -0.04264211 0.04182764 -0.03437852
v -0.04264279 0.04182764 -0.03434813
v -0.04264611 0.04182764 -0.03431791
v -0.04265204 0.04182764 -0.03428809
v -0.04266054 0.04182764 -0.03425891
v -0.04267154 0.04182764 -0.03423057
v -0.04268495 0.04182764 -0.03420329
v -0.04270068 0.04182764 -0.03417727
v -0.04271861 0.04182764 -0.03415272
v -0.0427386 0.04182764 -0.03412982
v -0.0427605 0.04182764 -0.03410874
v -0.04278415 0.04182764 -0.03408964
v -0.04280936 0.04182764 -0.03407267
v -0.04283596 0.04182764 -0.03405794
v -0.04286373 0.04182764 -0.03404558
v -0.04289247 0.04182764 -0.03403568
v -0.04292196 0.04182764 -0.0340283
v -0.04295198 0.04182764 -0.03402352
v -0.0429823 0.04182764 -0.03402136
v -0.0430127 0.04182764 -0.03402183
v -0.04304294 0.04182764 -0.03402494
v -0.04307279 0.04182764 -0.03403066
v -0.04310239 0.04182764 -0.03403639
v -0.04313238 0.04182764 -0.03403961
v -0.04316252 0.04182764 -0.03404032
v -0.04319262 0.04182764 -0.0340385
v -0.04322246 0.04182764 -0.03403416
v -0.04325183 0.04182764 -0.03402735
v -0.04328053 0.04182764 -0.0340181
v -0.04330836 0.04182764 -0.03400648
v -0.04333512 0.04182764 -0.03399257
v -0.04336061 0.04182764 -0.03397648
v -0.04338467 0.04182764 -0.0339583
v -0.04340713 0.04182764 -0.03393818
v -0.04342782 0.04182764 -0.03391625
v -0.04344661 0.04182764 -0.03389266
v -0.04346335 0.04182764 -0.03386758
v -0.04347794 0.04182764 -0.03384119
v -0.04349027 0.04182764 -0.03381367
v -0.04350025 0.04182764 -0.03378522
v -0.04350782 0.04182764 -0.03375603
v -0.04351291 0.04182764 -0.03372631
v -0.04351551 0.04182764 -0.03369627
v -0.04352042 0.04182764 -0.0334738
v -0.04351551 0.04182764 -0.03325134
v -0.04351291 0.04182764 -0.0332213
v -0.04350782 0.04182764 -0.03319158
v -0.04350025 0.04182764 -0.03316239
v -0.04349027 0.04182764 -0.03313393
v -0.04347794 0.04182764 -0.03310641
v -0.04346335 0.04182764 -0.03308002
v -0.04344661 0.04182764 -0.03305495
v -0.04342782 0.04182764 -0.03303136
v -0.04340713 0.04182764 -0.03300943
v -0.04338467 0.04182764 -0.0329893
v -0.04336061 0.04182764 -0.03297113
v -0.04333512 0.04182764 -0.03295503
v -0.04330836 0.04182764 -0.03294113
v -0.04328053 0.04182764 -0.03292951
v -0.04325183 0.04182764 -0.03292026
v -0.04322246 0.04182764 -0.03291344
v -0.04319262 0.04182764 -0.03290911
v -0.04316252 0.04182764 -0.03290729
v -0.04313238 0.04182764 -0.032908
v -0.04310239 0.04182764 -0.03291122
v -0.04307279 0.04182764 -0.03291694
v -0.04304294 0.04182764 -0.03292267
v -0.0430127 0.04182764 -0.03292578
v -0.0429823 0.04182764 -0.03292625
v -0.04295198 0.04182764 -0.03292409
v -0.04292196 0.04182764 -0.0329193
v -0.04289247 0.04182764 -0.03291193
v -0.04286373 0.04182764 -0.03290202
v -0.04283596 0.04182764 -0.03288966
v -0.04280936 0.04182764 -0.03287494
v -0.04278415 0.04182764 -0.03285796
v -0.0427605 0.04182764 -0.03283886
v -0.0427386 0.04182764 -0.03281778
v -0.04271861 0.04182764 -0.03279488
v -0.04270068 0.04182764 -0.03277033
v -0.04268495 0.04182764 -0.03274432
v -0.04267154 0.04182764 -0.03271704
v -0.04266054 0.04182764 -0.0326887
v -0.04265204 0.04182764 -0.03265951
v -0.04264611 0.04182764 -0.0326297
v -0.04264279 0.04182764 -0.03259948
v -0.04264211 0.04182764 -0.03256909
v -0.04264406 0.04182764 -0.03253875
v -0.04264864 0.04182764 -0.0325087
v -0.04265581 0.04182764 -0.03247916
v -0.04266551 0.04182764 -0.03245035
v -0.04267768 0.04182764 -0.03242249
v -0.04269222 0.04182764 -0.0323958
v -0.04270902 0.04182764 -0.03237047
v -0.04272795 0.04182764 -0.03234668
v -0.04274888 0.04182764 -0.03232464
v -0.04277164 0.04182764 -0.03230449
v -0.04279607 0.04182764 -0.03228639
v -0.04282197 0.04182764 -0.03227048
v -0.04284915 0.04182764 -0.03225688
v -0.04287742 0.04182764 -0.03224568
v -0.04290655 0.04182764 -0.03223699
v -0.04293632 0.04182764 -0.03223085
v -0.04296586 0.04182764 -0.03222481
v -0.04299479 0.04182764 -0.03221631
v -0.04302291 0.04182764 -0.03220543
v -0.04305002 0.04182764 -0.03219223
v -0.04307593 0.04182764 -0.03217681
v -0.04310047 0.04182764 -0.03215927
v -0.04312344 0.04182764 -0.03213974
v -0.0431447 0.04182764 -0.03211836
v -0.0431641 0.04182764 -0.03209527
v -0.0431815 0.04182764 -0.03207064
v -0.04319677 0.04182764 -0.03204465
v -0.04320982 0.04182764 -0.03201746
v -0.04322054 0.04182764 -0.03198928
v -0.04322887 0.04182764 -0.03196029
v -0.04323474 0.04182764 -0.03193072
v -0.04323812 0.04182764 -0.03190076
v -0.04321736 0.04182764 -0.03175249
v -0.04322647 0.04182764 -0.03178124
v -0.04323313 0.04182764 -0.03181065
v -0.04323731 0.04182764 -0.03184051
v -0.04323898 0.04182764 -0.03187061
v -0.04313677 0.04182764 -0.03154508
v -0.0430471 0.04182764 -0.03134143
v -0.04303321 0.04182764 -0.03131466
v -0.04301713 0.04182764 -0.03128916
v -0.04299897 0.04182764 -0.03126508
v -0.04297886 0.04182764 -0.03124262
v -0.04295693 0.04182764 -0.03122191
v -0.04293336 0.04182764 -0.03120311
v -0.04290829 0.04182764 -0.03118635
v -0.04288191 0.04182764 -0.03117175
v -0.0428544 0.04182764 -0.0311594
v -0.04282595 0.04182764 -0.03114941
v -0.04279676 0.04182764 -0.03114182
v -0.04276705 0.04182764 -0.03113671
v -0.04273701 0.04182764 -0.0311341
v -0.04270685 0.04182764 -0.03113401
v -0.0426768 0.04182764 -0.03113645
v -0.04264706 0.04182764 -0.0311414
v -0.04261783 0.04182764 -0.03114881
v -0.04258932 0.04182764 -0.03115865
v -0.04256174 0.04182764 -0.03117084
v -0.04253528 0.04182764 -0.03118529
v -0.04251011 0.04182764 -0.03120191
v -0.04248472 0.04182764 -0.03121862
v -0.04245798 0.04182764 -0.03123306
v -0.04243008 0.04182764 -0.03124513
v -0.04240124 0.04182764 -0.03125474
v -0.04237167 0.04182764 -0.03126181
v -0.0423416 0.04182764 -0.03126628
v -0.04231126 0.04182764 -0.03126813
v -0.04228087 0.04182764 -0.03126733
v -0.04225067 0.04182764 -0.03126391
v -0.04222087 0.04182764 -0.03125788
v -0.04219171 0.04182764 -0.03124928
v -0.04216341 0.04182764 -0.03123818
v -0.04213618 0.04182764 -0.03122468
v -0.04211022 0.04182764 -0.03120886
v -0.04208574 0.04182764 -0.03119084
v -0.0420629 0.04182764 -0.03117077
v -0.0420419 0.04182764 -0.0311488
v -0.04202288 0.04182764 -0.03112508
v -0.04200599 0.04182764 -0.03109981
v -0.04199136 0.04182764 -0.03107316
v -0.0419791 0.04182764 -0.03104535
v -0.04196929 0.04182764 -0.03101657
v -0.04196202 0.04182764 -0.03098706
v -0.04195734 0.04182764 -0.03095702
v -0.04195528 0.04182764 -0.03092669
v -0.04195586 0.04182764 -0.0308963
v -0.04195908 0.04182764 -0.03086607
v -0.04196491 0.04182764 -0.03083624
v -0.0419733 0.04182764 -0.03080702
v -0.0419842 0.04182764 -0.03077864
v -0.04199751 0.04182764 -0.03075132
v -0.04201315 0.04182764 -0.03072525
v -0.042031 0.04182764 -0.03070064
v -0.04205091 0.04182764 -0.03067767
v -0.04207274 0.04182764 -0.03065651
v -0.04209632 0.04182764 -0.03063733
v -0.04212147 0.04182764 -0.03062027
v -0.04214646 0.04182764 -0.03060338
v -0.04216994 0.04182764 -0.03058446
v -0.04219175 0.04182764 -0.03056364
v -0.04221174 0.04182764 -0.03054107
v -0.04222978 0.04182764 -0.03051691
v -0.04224573 0.04182764 -0.03049132
v -0.04225949 0.04182764 -0.03046448
v -0.04227095 0.04182764 -0.03043659
v -0.04228003 0.04182764 -0.03040784
v -0.04228668 0.04182764 -0.03037843
v -0.04229084 0.04182764 -0.03034856
v -0.04229249 0.04182764 -0.03031845
v -0.04229162 0.04182764 -0.03028831
v -0.04228822 0.04182764 -0.03025835
v -0.04228233 0.04182764 -0.03022878
v -0.04227398 0.04182764 -0.0301998
v -0.04226324 0.04182764 -0.03017163
v -0.04225018 0.04182764 -0.03014445
v -0.04223489 0.04182764 -0.03011846
v -0.04221748 0.04182764 -0.03009384
v -0.04219807 0.04182764 -0.03007076
v -0.04204424 0.04182764 -0.02990999
v -0.04188346 0.04182764 -0.02975615
v -0.04186038 0.04182764 -0.02973674
v -0.04183576 0.04182764 -0.02971933
v -0.04180977 0.04182764 -0.02970404
v -0.0417826 0.04182764 -0.02969098
v -0.04175442 0.04182764 -0.02968024
v -0.04172544 0.04182764 -0.02967189
v -0.04169587 0.04182764 -0.029666
v -0.04166591 0.04182764 -0.0296626
v -0.04163577 0.04182764 -0.02966173
v -0.04160566 0.04182764 -0.02966338
v -0.04157579 0.04182764 -0.02966754
v -0.04154638 0.04182764 -0.02967419
v -0.04151763 0.04182764 -0.02968327
v -0.04148974 0.04182764 -0.02969473
v -0.04146291 0.04182764 -0.02970849
v -0.04143732 0.04182764 -0.02972444
v -0.04141315 0.04182764 -0.02974247
v -0.04139058 0.04182764 -0.02976247
v -0.04136976 0.04182764 -0.02978428
v -0.04135085 0.04182764 -0.02980777
v -0.04133395 0.04182764 -0.02983274
v -0.04131689 0.04182764 -0.0298579
v -0.04129771 0.04182764 -0.02988148
v -0.04127655 0.04182764 -0.02990331
v -0.04125358 0.04182764 -0.02992322
v -0.04122897 0.04182764 -0.02994107
v -0.0412029 0.04182764 -0.02995671
v -0.04117558 0.04182764 -0.02997002
v -0.0411472 0.04182764 -0.02998092
v -0.04111798 0.04182764 -0.02998932
v -0.04108815 0.04182764 -0.02999514
v -0.04105792 0.04182764 -0.02999836
v -0.04102753 0.04182764 -0.02999894
v -0.0409972 0.04182764 -0.02999688
v -0.04096716 0.04182764 -0.0299922
v -0.04093765 0.04182764 -0.02998493
v -0.04090887 0.04182764 -0.02997512
v -0.04088106 0.04182764 -0.02996286
v -0.04085441 0.04182764 -0.02994823
v -0.04082914 0.04182764 -0.02993134
v -0.04080542 0.04182764 -0.02991232
v -0.04078345 0.04182764 -0.02989132
v -0.04076338 0.04182764 -0.02986848
v -0.04074537 0.04182764 -0.029844
v -0.04072955 0.04182764 -0.02981804
v -0.04071604 0.04182764 -0.02979081
v -0.04070494 0.04182764 -0.02976251
v -0.04069635 0.04182764 -0.02973335
v -0.04069031 0.04182764 -0.02970355
v -0.04068689 0.04182764 -0.02967335
v -0.04068609 0.04182764 -0.02964296
v -0.04068794 0.04182764 -0.02961262
v -0.04069242 0.04182764 -0.02958255
v -0.04069948 0.04182764 -0.02955298
v -0.04070909 0.04182764 -0.02952414
v -0.04072116 0.04182764 -0.02949625
v -0.0407356 0.04182764 -0.0294695
v -0.04075231 0.04182764 -0.02944411
v -0.04076893 0.04182764 -0.02941894
v -0.04078338 0.04182764 -0.02939248
v -0.04079557 0.04182764 -0.0293649
v -0.04080541 0.04182764 -0.02933639
v -0.04081282 0.04182764 -0.02930717
v -0.04081777 0.04182764 -0.02927742
v -0.04082021 0.04182764 -0.02924737
v -0.04082012 0.04182764 -0.02921721
v -0.04081751 0.04182764 -0.02918717
v -0.0408124 0.04182764 -0.02915745
v -0.04080481 0.04182764 -0.02912827
v -0.04079482 0.04182764 -0.02909982
v -0.04078247 0.04182764 -0.02907231
v -0.04076787 0.04182764 -0.02904593
v -0.04075111 0.04182764 -0.02902086
v -0.04073231 0.04182764 -0.02899729
v -0.0407116 0.04182764 -0.02897537
v -0.04068914 0.04182764 -0.02895525
v -0.04066506 0.04182764 -0.02893709
v -0.04063956 0.04182764 -0.02892101
v -0.04061279 0.04182764 -0.02890712
v -0.04040914 0.04182764 -0.02881745
v -0.04020173 0.04182764 -0.02873685
v -0.04017299 0.04182764 -0.02872775
v -0.04014358 0.04182764 -0.02872109
v -0.04011371 0.04182764 -0.02871691
v -0.04008361 0.04182764 -0.02871524
v -0.04005346 0.04182764 -0.0287161
v -0.0400235 0.04182764 -0.02871948
v -0.03999393 0.04182764 -0.02872535
v -0.03996494 0.04182764 -0.02873368
v -0.03993676 0.04182764 -0.02874441
v -0.03990958 0.04182764 -0.02875745
v -0.03988358 0.04182764 -0.02877272
v -0.03985895 0.04182764 -0.02879012
v -0.03983586 0.04182764 -0.02880952
v -0.03981448 0.04182764 -0.02883078
v -0.03979495 0.04182764 -0.02885376
v -0.03977741 0.04182764 -0.02887829
v -0.03976199 0.04182764 -0.0289042
v -0.03974879 0.04182764 -0.02893131
v -0.03973791 0.04182764 -0.02895943
v -0.03972941 0.04182764 -0.02898836
v -0.03972337 0.04182764 -0.0290179
v -0.03971723 0.04182764 -0.02904768
v -0.03970854 0.04182764 -0.0290768
v -0.03969734 0.04182764 -0.02910507
v -0.03968374 0.04182764 -0.02913225
v -0.03966783 0.04182764 -0.02915815
v -0.03964973 0.04182764 -0.02918258
v -0.03962958 0.04182764 -0.02920534
v -0.03960754 0.04182764 -0.02922627
v -0.03958375 0.04182764 -0.0292452
v -0.03955842 0.04182764 -0.029262
v -0.03953173 0.04182764 -0.02927654
v -0.03950387 0.04182764 -0.02928871
v -0.03947506 0.04182764 -0.02929842
v -0.03944552 0.04182764 -0.02930558
v -0.03941547 0.04182764 -0.02931016
v -0.03938513 0.04182764 -0.02931212
v -0.03935474 0.04182764 -0.02931143
v -0.03932452 0.04182764 -0.02930811
v -0.03929471 0.04182764 -0.02930218
v -0.03926552 0.04182764 -0.02929368
v -0.03923718 0.04182764 -0.02928269
v -0.0392099 0.04182764 -0.02926927
v -0.03918389 0.04182764 -0.02925354
v -0.03915934 0.04182764 -0.02923561
v -0.03913644 0.04182764 -0.02921562
v -0.03911536 0.04182764 -0.02919372
v -0.03909626 0.04182764 -0.02917007
v -0.03907928 0.04182764 -0.02914486
v -0.03906456 0.04182764 -0.02911826
v -0.0390522 0.04182764 -0.02909049
v -0.03904229 0.04182764 -0.02906175
v -0.03903492 0.04182764 -0.02903226
v -0.03903013 0.04182764 -0.02900224
v -0.03902797 0.04182764 -0.02897192
v -0.03902844 0.04182764 -0.02894153
v -0.03903155 0.04182764 -0.02891129
v -0.03903728 0.04182764 -0.02888143
v -0.039043 0.04182764 -0.02885183
v -0.03904623 0.04182764 -0.02882184
v -0.03904693 0.04182764 -0.0287917
v -0.03904511 0.04182764 -0.0287616
v -0.03904078 0.04182764 -0.02873176
v -0.03903396 0.04182764 -0.02870239
v -0.03902471 0.04182764 -0.02867369
v -0.0390131 0.04182764 -0.02864586
v -0.03899919 0.04182764 -0.0286191
v -0.03898309 0.04182764 -0.02859361
v -0.03896492 0.04182764 -0.02856955
v -0.03894479 0.04182764 -0.02854709
v -0.03892286 0.04182764 -0.0285264
v -0.03889927 0.04182764 -0.02850761
v -0.0388742 0.04182764 -0.02849087
v -0.03884781 0.04182764 -0.02847628
v -0.03882029 0.04182764 -0.02846395
v -0.03879184 0.04182764 -0.02845397
v -0.03876264 0.04182764 -0.0284464
v -0.03873293 0.04182764 -0.02844131
v -0.03870288 0.04182764 -0.02843872
v -0.03848042 0.04182764 -0.0284338
v -0.03825795 0.04182764 -0.02843872
v -0.03822791 0.04182764 -0.02844131
v -0.03819819 0.04182764 -0.0284464
v -0.038169 0.04182764 -0.02845397
v -0.03814055 0.04182764 -0.02846395
v -0.03811303 0.04182764 -0.02847628
v -0.03808664 0.04182764 -0.02849087
v -0.03806156 0.04182764 -0.02850761
v -0.03803797 0.04182764 -0.0285264
v -0.03801604 0.04182764 -0.02854709
v -0.03799592 0.04182764 -0.02856955
v -0.03797774 0.04182764 -0.02859361
v -0.03796165 0.04182764 -0.0286191
v -0.03794774 0.04182764 -0.02864586
v -0.03793612 0.04182764 -0.02867369
v -0.03792688 0.04182764 -0.02870239
v -0.03792006 0.04182764 -0.02873176
v -0.03791573 0.04182764 -0.0287616
v -0.0379139 0.04182764 -0.0287917
v -0.03791461 0.04182764 -0.02882184
v -0.03791783 0.04182764 -0.02885183
v -0.03792356 0.04182764 -0.02888143
v -0.03792928 0.04182764 -0.02891129
v -0.03793239 0.04182764 -0.02894153
v -0.03793287 0.04182764 -0.02897192
v -0.0379307 0.04182764 -0.02900224
v -0.03792592 0.04182764 -0.02903226
v -0.03791855 0.04182764 -0.02906175
v -0.03790864 0.04182764 -0.02909049
v -0.03789628 0.04182764 -0.02911826
v -0.03788155 0.04182764 -0.02914486
v -0.03786458 0.04182764 -0.02917007
v -0.03784548 0.04182764 -0.02919372
v -0.0378244 0.04182764 -0.02921562
v -0.0378015 0.04182764 -0.02923561
v -0.03777695 0.04182764 -0.02925354
v -0.03775093 0.04182764 -0.02926927
v -0.03772365 0.04182764 -0.02928269
v -0.03769531 0.04182764 -0.02929368
v -0.03766613 0.04182764 -0.02930218
v -0.03763631 0.04182764 -0.02930811
v -0.0376061 0.04182764 -0.02931143
v -0.03757571 0.04182764 -0.02931212
v -0.03754537 0.04182764 -0.02931016
v -0.03751532 0.04182764 -0.02930558
v -0.03748577 0.04182764 -0.02929842
v -0.03745697 0.04182764 -0.02928871
v -0.03742911 0.04182764 -0.02927654
v -0.03740241 0.04182764 -0.029262
v -0.03737708 0.04182764 -0.0292452
v -0.0373533 0.04182764 -0.02922627
v -0.03733125 0.04182764 -0.02920534
v -0.0373111 0.04182764 -0.02918258
v -0.03729301 0.04182764 -0.02915815
v -0.0372771 0.04182764 -0.02913225
v -0.03726349 0.04182764 -0.02910507
v -0.0372523 0.04182764 -0.0290768
v -0.0372436 0.04182764 -0.02904768
v -0.03723747 0.04182764 -0.0290179
v -0.03723142 0.04182764 -0.02898836
v -0.03722293 0.04182764 -0.02895943
v -0.03721204 0.04182764 -0.02893131
v -0.03719885 0.04182764 -0.0289042
v -0.03718342 0.04182764 -0.02887829
v -0.03716588 0.04182764 -0.02885376
v -0.03714636 0.04182764 -0.02883078
v -0.03712497 0.04182764 -0.02880952
v -0.03710189 0.04182764 -0.02879012
v -0.03707726 0.04182764 -0.02877272
v -0.03705126 0.04182764 -0.02875745
v -0.03702407 0.04182764 -0.02874441
v -0.03699589 0.04182764 -0.02873368
v -0.03696691 0.04182764 -0.02872535
v -0.03693733 0.04182764 -0.02871948
v -0.03690737 0.04182764 -0.0287161
v -0.03687723 0.04182764 -0.02871524
v -0.03684712 0.04182764 -0.02871691
v -0.03681726 0.04182764 -0.02872109
v -0.03678785 0.04182764 -0.02872775
v -0.0367591 0.04182764 -0.02873685
v -0.0365517 0.04182764 -0.02881745
v -0.03634804 0.04182764 -0.02890712
v -0.03632128 0.04182764 -0.02892101
v -0.03629577 0.04182764 -0.02893709
v -0.0362717 0.04182764 -0.02895525
v -0.03624923 0.04182764 -0.02897537
v -0.03622853 0.04182764 -0.02899729
v -0.03620973 0.04182764 -0.02902086
v -0.03619297 0.04182764 -0.02904593
v -0.03617837 0.04182764 -0.02907231
v -0.03616602 0.04182764 -0.02909982
v -0.03615602 0.04182764 -0.02912827
v -0.03614844 0.04182764 -0.02915745
v -0.03614333 0.04182764 -0.02918717
v -0.03614071 0.04182764 -0.02921721
v -0.03614063 0.04182764 -0.02924737
v -0.03614307 0.04182764 -0.02927742
v -0.03614801 0.04182764 -0.02930717
v -0.03615543 0.04182764 -0.02933639
v -0.03616526 0.04182764 -0.0293649
v -0.03617745 0.04182764 -0.02939248
v -0.03619191 0.04182764 -0.02941894
v -0.03620852 0.04182764 -0.02944411
v -0.03562688 0.04182764 -0.03711486
v -0.03564394 0.04182764 -0.0370897
v -0.03566313 0.04182764 -0.03706612
v -0.03568428 0.04182764 -0.03704429
v -0.03570725 0.04182764 -0.03702438
v -0.03573187 0.04182764 -0.03700654
v -0.03575793 0.04182764 -0.0369909
v -0.03578526 0.04182764 -0.03697758
v -0.03581364 0.04182764 -0.03696669
v -0.03584285 0.04182764 -0.03695829
v -0.03587269 0.04182764 -0.03695246
v -0.03590292 0.04182764 -0.03694925
v -0.03593331 0.04182764 -0.03694867
v -0.03596364 0.04182764 -0.03695073
v -0.03599367 0.04182764 -0.03695541
v -0.03602319 0.04182764 -0.03696268
v -0.03605196 0.04182764 -0.03697248
v -0.03607978 0.04182764 -0.03698475
v -0.03610642 0.04182764 -0.03699938
v -0.0361317 0.04182764 -0.03701627
v -0.03615541 0.04182764 -0.03703529
v -0.03617739 0.04182764 -0.03705629
v -0.03619746 0.04182764 -0.03707912
v -0.03621547 0.04182764 -0.03710361
v -0.03623129 0.04182764 -0.03712957
v -0.0362448 0.04182764 -0.0371568
v -0.03625589 0.04182764 -0.0371851
v -0.03626449 0.04182764 -0.03721426
v -0.03627053 0.04182764 -0.03724405
v -0.03627395 0.04182764 -0.03727426
v -0.03627474 0.04182764 -0.03730464
v -0.03627289 0.04182764 -0.03733499
v -0.03626842 0.04182764 -0.03736505
v -0.03626136 0.04182764 -0.03739462
v -0.03625175 0.04182764 -0.03742346
v -0.03623968 0.04182764 -0.03745136
v -0.03622523 0.04182764 -0.03747811
v -0.03620852 0.04182764 -0.0375035
v -0.03619191 0.04182764 -0.03752866
v -0.03617745 0.04182764 -0.03755512
v -0.03616526 0.04182764 -0.03758271
v -0.03615543 0.04182764 -0.03761121
v -0.03614801 0.04182764 -0.03764044
v -0.03614307 0.04182764 -0.03767018
v -0.03614063 0.04182764 -0.03770024
v -0.03614071 0.04182764 -0.03773039
v -0.03614333 0.04182764 -0.03776043
v -0.03614844 0.04182764 -0.03779015
v -0.03615602 0.04182764 -0.03781934
v -0.03616602 0.04182764 -0.03784778
v -0.03617837 0.04182764 -0.03787529
v -0.03619297 0.04182764 -0.03790168
v -0.03620973 0.04182764 -0.03792674
v -0.03622853 0.04182764 -0.03795032
v -0.03624923 0.04182764 -0.03797224
v -0.0362717 0.04182764 -0.03799235
v -0.03629577 0.04182764 -0.03801051
v -0.03632128 0.04182764 -0.03802659
v -0.03634804 0.04182764 -0.03804049
v -0.0365517 0.04182764 -0.03813016
v -0.0367591 0.04182764 -0.03821075
v -0.03678785 0.04182764 -0.03821985
v -0.03681726 0.04182764 -0.03822652
v -0.03684712 0.04182764 -0.0382307
v -0.03687723 0.04182764 -0.03823236
v -0.03690737 0.04182764 -0.03823151
v -0.03693733 0.04182764 -0.03822813
v -0.03696691 0.04182764 -0.03822225
v -0.03699589 0.04182764 -0.03821392
v -0.03702407 0.04182764 -0.0382032
v -0.03705126 0.04182764 -0.03819016
v -0.03707726 0.04182764 -0.03817488
v -0.03710189 0.04182764 -0.03815748
v -0.03712497 0.04182764 -0.03813809
v -0.03714636 0.04182764 -0.03811682
v -0.03716588 0.04182764 -0.03809385
v -0.03718342 0.04182764 -0.03806932
v -0.03719885 0.04182764 -0.03804341
v -0.03721204 0.04182764 -0.0380163
v -0.03722293 0.04182764 -0.03798818
v -0.03723142 0.04182764 -0.03795924
v -0.03723747 0.04182764 -0.0379297
v -0.0372436 0.04182764 -0.03789993
v -0.0372523 0.04182764 -0.0378708
v -0.03726349 0.04182764 -0.03784254
v -0.0372771 0.04182764 -0.03781535
v -0.03729301 0.04182764 -0.03778945
v -0.0373111 0.04182764 -0.03776503
v -0.03733125 0.04182764 -0.03774226
v -0.0373533 0.04182764 -0.03772134
v -0.03737708 0.04182764 -0.0377024
v -0.03740241 0.04182764 -0.0376856
v -0.03742911 0.04182764 -0.03767106
v -0.03745697 0.04182764 -0.0376589
v -0.03748577 0.04182764 -0.03764919
v -0.03751532 0.04182764 -0.03764202
v -0.03754537 0.04182764 -0.03763744
v -0.03757571 0.04182764 -0.03763549
v -0.0376061 0.04182764 -0.03763618
v -0.03763631 0.04182764 -0.0376395
v -0.03766613 0.04182764 -0.03764543
v -0.03769531 0.04182764 -0.03765392
v -0.03772365 0.04182764 -0.03766492
v -0.03775093 0.04182764 -0.03767833
v -0.03777695 0.04182764 -0.03769406
v -0.0378015 0.04182764 -0.03771199
v -0.0378244 0.04182764 -0.03773198
v -0.03784548 0.04182764 -0.03775388
v -0.03786458 0.04182764 -0.03777753
v -0.03788155 0.04182764 -0.03780275
v -0.03789628 0.04182764 -0.03782934
v -0.03790864 0.04182764 -0.03785712
v -0.03791855 0.04182764 -0.03788586
v -0.03792592 0.04182764 -0.03791535
v -0.0379307 0.04182764 -0.03794536
v -0.03793287 0.04182764 -0.03797569
v -0.03793239 0.04182764 -0.03800608
v -0.03792928 0.04182764 -0.03803632
v -0.03792356 0.04182764 -0.03806617
v -0.03791783 0.04182764 -0.03809578
v -0.03791461 0.04182764 -0.03812576
v -0.0379139 0.04182764 -0.03815591
v -0.03791573 0.04182764 -0.03818601
v -0.03792006 0.04182764 -0.03821585
v -0.03792688 0.04182764 -0.03824522
v -0.03793612 0.04182764 -0.03827392
v -0.03794774 0.04182764 -0.03830174
v -0.03796165 0.04182764 -0.0383285
v -0.03797774 0.04182764 -0.038354
v -0.03799592 0.04182764 -0.03837806
v -0.03801604 0.04182764 -0.03840052
v -0.03803797 0.04182764 -0.03842121
v -0.03806156 0.04182764 -0.03843999
v -0.03808664 0.04182764 -0.03845674
v -0.03811303 0.04182764 -0.03847133
v -0.03814055 0.04182764 -0.03848365
v -0.038169 0.04182764 -0.03849364
v -0.03819819 0.04182764 -0.0385012
v -0.03822791 0.04182764 -0.0385063
v -0.03825795 0.04182764 -0.03850889
v -0.03848042 0.04182764 -0.0385138
v -0.03870288 0.04182764 -0.03850889
v -0.03873293 0.04182764 -0.0385063
v -0.03876264 0.04182764 -0.0385012
v -0.03879184 0.04182764 -0.03849364
v -0.03882029 0.04182764 -0.03848365
v -0.03884781 0.04182764 -0.03847133
v -0.0388742 0.04182764 -0.03845674
v -0.03889927 0.04182764 -0.03843999
v -0.03892286 0.04182764 -0.03842121
v -0.03894479 0.04182764 -0.03840052
v -0.03896492 0.04182764 -0.03837806
v -0.03898309 0.04182764 -0.038354
v -0.03899919 0.04182764 -0.0383285
v -0.0390131 0.04182764 -0.03830174
v -0.03902471 0.04182764 -0.03827392
v -0.03903396 0.04182764 -0.03824522
v -0.03904078 0.04182764 -0.03821585
v -0.03904511 0.04182764 -0.03818601
v -0.03904693 0.04182764 -0.03815591
v -0.03904623 0.04182764 -0.03812576
v -0.039043 0.04182764 -0.03809578
v -0.03903728 0.04182764 -0.03806617
v -0.03903155 0.04182764 -0.03803632
v -0.03902844 0.04182764 -0.03800608
v -0.03902797 0.04182764 -0.03797569
v -0.03903013 0.04182764 -0.03794536
v -0.03903492 0.04182764 -0.03791535
v -0.03904229 0.04182764 -0.03788586
v -0.0390522 0.04182764 -0.03785712
v -0.03906456 0.04182764 -0.03782934
v -0.03907928 0.04182764 -0.03780275
v -0.03909626 0.04182764 -0.03777753
v -0.03911536 0.04182764 -0.03775388
v -0.03913644 0.04182764 -0.03773198
v -0.03915934 0.04182764 -0.03771199
v -0.03918389 0.04182764 -0.03769406
v -0.0392099 0.04182764 -0.03767833
v -0.03923718 0.04182764 -0.03766492
v -0.03926552 0.04182764 -0.03765392
v -0.03929471 0.04182764 -0.03764543
v -0.03932452 0.04182764 -0.0376395
v -0.03935474 0.04182764 -0.03763618
v -0.03938513 0.04182764 -0.03763549
v -0.03941547 0.04182764 -0.03763744
v -0.03944552 0.04182764 -0.03764202
v -0.03947506 0.04182764 -0.03764919
v -0.03950387 0.04182764 -0.0376589
v -0.03953173 0.04182764 -0.03767106
v -0.03955842 0.04182764 -0.0376856
v -0.03958375 0.04182764 -0.0377024
v -0.03960754 0.04182764 -0.03772134
v -0.03962958 0.04182764 -0.03774226
v -0.03964973 0.04182764 -0.03776503
v -0.03966783 0.04182764 -0.03778945
v -0.03968374 0.04182764 -0.03781535
v -0.03969734 0.04182764 -0.03784254
v -0.03970854 0.04182764 -0.0378708
v -0.03971723 0.04182764 -0.03789993
v -0.03972337 0.04182764 -0.0379297
v -0.03972941 0.04182764 -0.03795924
v -0.03973791 0.04182764 -0.03798818
v -0.03974879 0.04182764 -0.0380163
v -0.03976199 0.04182764 -0.03804341
v -0.03977741 0.04182764 -0.03806932
v -0.03979495 0.04182764 -0.03809385
v -0.03981448 0.04182764 -0.03811682
v -0.03983586 0.04182764 -0.03813809
v -0.03985895 0.04182764 -0.03815748
v -0.03988358 0.04182764 -0.03817488
v -0.03990958 0.04182764 -0.03819016
v -0.03993676 0.04182764 -0.0382032
v -0.03996494 0.04182764 -0.03821392
v -0.03999393 0.04182764 -0.03822225
v -0.0400235 0.04182764 -0.03822813
v -0.04005346 0.04182764 -0.03823151
v -0.04008361 0.04182764 -0.03823236
v -0.04011371 0.04182764 -0.0382307
v -0.04014358 0.04182764 -0.03822652
v -0.04017299 0.04182764 -0.03821985
v -0.04020173 0.04182764 -0.03821075
v -0.04188346 0.04182764 -0.03719145
v -0.04204424 0.04182764 -0.03703762
v -0.03468685 0.04182764 -0.0301998
v -0.03469759 0.04182764 -0.03017163
v -0.03471065 0.04182764 -0.03014445
v -0.03472595 0.04182764 -0.03011846
v -0.0338849 0.04182764 -0.03217681
v -0.03386037 0.04182764 -0.03215927
v -0.03376821 0.04182764 -0.03290911
v -0.03529493 0.04182764 -0.0296626
v -0.03532507 0.04182764 -0.02966173
v -0.03507738 0.04182764 -0.02975615
v -0.03510046 0.04182764 -0.02973674
v -0.0336803 0.04182764 -0.03292951
v -0.0338374 0.04182764 -0.03213974
v -0.03385844 0.04182764 -0.03291122
v -0.03388805 0.04182764 -0.03291694
v -0.03402452 0.04182764 -0.03223085
v -0.03549793 0.04182764 -0.02970849
v -0.03552352 0.04182764 -0.02972444
v -0.03554768 0.04182764 -0.02974247
v -0.04078247 0.04182764 -0.03787529
v -0.04079482 0.04182764 -0.03784778
v -0.04080481 0.04182764 -0.03781934
v -0.03507738 0.04182764 -0.03719145
v -0.0349166 0.04182764 -0.03703762
v -0.03476277 0.04182764 -0.03687684
v -0.03474336 0.04182764 -0.03685376
v -0.03517824 0.04182764 -0.02969098
v -0.03520642 0.04182764 -0.02968024
v -0.03535518 0.04182764 -0.02966338
v -0.03538504 0.04182764 -0.02966754
v -0.03541445 0.04182764 -0.02967419
v -0.03559107 0.04182764 -0.02978428
v -0.04080541 0.04182764 -0.03761121
v -0.04081282 0.04182764 -0.03764044
v -0.04148974 0.04182764 -0.03725287
v -0.03544321 0.04182764 -0.03726433
v -0.03532507 0.04182764 -0.03728588
v -0.03529493 0.04182764 -0.037285
v -0.03526497 0.04182764 -0.03728161
v -0.03523539 0.04182764 -0.03727571
v -0.0347151 0.04182764 -0.03645629
v -0.03473105 0.04182764 -0.0364307
v -0.03373197 0.04182764 -0.03498731
v -0.0337403 0.04182764 -0.03495833
v -0.03349748 0.04182764 -0.03386758
v -0.03348289 0.04182764 -0.03384119
v -0.033709 0.04182764 -0.03292026
v -0.03373837 0.04182764 -0.03291344
v -0.0343991 0.04182764 -0.03117084
v -0.0347909 0.04182764 -0.03058446
v -0.03476908 0.04182764 -0.03056364
v -0.03523539 0.04182764 -0.02967189
v -0.03526497 0.04182764 -0.029666
v -0.03544321 0.04182764 -0.02968327
v -0.0354711 0.04182764 -0.02969473
v -0.04180977 0.04182764 -0.03724357
v -0.04183576 0.04182764 -0.03722828
v -0.04186038 0.04182764 -0.03721086
v -0.04143732 0.04182764 -0.03722317
v -0.04141315 0.04182764 -0.03720513
v -0.04079557 0.04182764 -0.03758271
v -0.04081777 0.04182764 -0.03767018
v -0.04082021 0.04182764 -0.03770024
v -0.04082012 0.04182764 -0.03773039
v -0.04063956 0.04182764 -0.03802659
v -0.04066506 0.04182764 -0.03801051
v -0.04068914 0.04182764 -0.03799235
v -0.0407116 0.04182764 -0.03797224
v -0.03520642 0.04182764 -0.03726737
v -0.03517824 0.04182764 -0.03725663
v -0.03515106 0.04182764 -0.03724357
v -0.03512507 0.04182764 -0.03722828
v -0.03510046 0.04182764 -0.03721086
v -0.03391081 0.04182764 -0.03219223
v -0.03379831 0.04182764 -0.03290729
v -0.03382846 0.04182764 -0.032908
v -0.03468989 0.04182764 -0.03043659
v -0.03425398 0.04182764 -0.03113401
v -0.03428404 0.04182764 -0.03113645
v -0.03481438 0.04182764 -0.03060338
v -0.03442556 0.04182764 -0.03118529
v -0.03483936 0.04182764 -0.03062027
v -0.03445072 0.04182764 -0.03120191
v -0.03486452 0.04182764 -0.03063733
v -0.03422224 0.04182764 -0.03281778
v -0.03424223 0.04182764 -0.03279488
v -0.03557026 0.04182764 -0.02976247
v -0.0417826 0.04182764 -0.03725663
v -0.04175442 0.04182764 -0.03726737
v -0.04172544 0.04182764 -0.03727571
v -0.04163577 0.04182764 -0.03728588
v -0.04160566 0.04182764 -0.03728423
v -0.04139058 0.04182764 -0.03718514
v -0.04136976 0.04182764 -0.03716332
v -0.04078338 0.04182764 -0.03755512
v -0.04135085 0.04182764 -0.03713984
v -0.04076893 0.04182764 -0.03752866
v -0.04081751 0.04182764 -0.03776043
v -0.0408124 0.04182764 -0.03779015
v -0.04076787 0.04182764 -0.03790168
v -0.04075111 0.04182764 -0.03792674
v -0.04073231 0.04182764 -0.03795032
v -0.04061279 0.04182764 -0.03804049
v -0.04040914 0.04182764 -0.03813016
v -0.0354711 0.04182764 -0.03725287
v -0.03549793 0.04182764 -0.03723912
v -0.03541445 0.04182764 -0.03727342
v -0.03538504 0.04182764 -0.03728007
v -0.03535518 0.04182764 -0.03728423
v -0.03469759 0.04182764 -0.03677598
v -0.03471065 0.04182764 -0.03680316
v -0.03472595 0.04182764 -0.03682915
v -0.03468685 0.04182764 -0.0367478
v -0.03467851 0.04182764 -0.03671883
v -0.03467261 0.04182764 -0.03668926
v -0.03375102 0.04182764 -0.03493015
v -0.03376406 0.04182764 -0.03490296
v -0.03377934 0.04182764 -0.03487696
v -0.03379674 0.04182764 -0.03485233
v -0.03351423 0.04182764 -0.03389266
v -0.03345302 0.04182764 -0.03375603
v -0.03344792 0.04182764 -0.03372631
v -0.03353301 0.04182764 -0.03303136
v -0.0335537 0.04182764 -0.03300943
v -0.03396187 0.04182764 -0.03126508
v -0.03394371 0.04182764 -0.03128916
v -0.03392763 0.04182764 -0.03131466
v -0.03405254 0.04182764 -0.03118635
v -0.03407893 0.04182764 -0.03117175
v -0.03410644 0.04182764 -0.0311594
v -0.03413489 0.04182764 -0.03114941
v -0.03416407 0.04182764 -0.03114182
v -0.03419379 0.04182764 -0.03113671
v -0.03422383 0.04182764 -0.0311341
v -0.0346808 0.04182764 -0.03040784
v -0.03467416 0.04182764 -0.03037843
v -0.03466999 0.04182764 -0.03034856
v -0.03466834 0.04182764 -0.03031845
v -0.03466922 0.04182764 -0.03028831
v -0.03467261 0.04182764 -0.03025835
v -0.03467851 0.04182764 -0.03022878
v -0.03499882 0.04182764 -0.03098706
v -0.03500349 0.04182764 -0.03095702
v -0.0339179 0.04182764 -0.03292267
v -0.03394814 0.04182764 -0.03292578
v -0.03397854 0.04182764 -0.03292625
v -0.03400886 0.04182764 -0.03292409
v -0.03403888 0.04182764 -0.0329193
v -0.03406837 0.04182764 -0.03291193
v -0.03409711 0.04182764 -0.03290202
v -0.03412488 0.04182764 -0.03288966
v -0.03415147 0.04182764 -0.03287494
v -0.03423288 0.04182764 -0.03234668
v -0.03421196 0.04182764 -0.03232464
v -0.03427589 0.04182764 -0.03274432
v -0.03418919 0.04182764 -0.03230449
v -0.03416477 0.04182764 -0.03228639
v -0.03413887 0.04182764 -0.03227048
v -0.03411168 0.04182764 -0.03225688
v -0.03408342 0.04182764 -0.03224568
v -0.03426016 0.04182764 -0.03277033
v -0.03405429 0.04182764 -0.03223699
v -0.03474336 0.04182764 -0.03009384
v -0.03476277 0.04182764 -0.03007076
v -0.0349166 0.04182764 -0.02990999
v -0.04169587 0.04182764 -0.03728161
v -0.04166591 0.04182764 -0.037285
v -0.04146291 0.04182764 -0.03723912
v -0.04070909 0.04182764 -0.03742346
v -0.04072116 0.04182764 -0.03745136
v -0.0409972 0.04182764 -0.03695073
v -0.03405429 0.04182764 -0.03471062
v -0.03408342 0.04182764 -0.03470192
v -0.03388805 0.04182764 -0.03403066
v -0.03411168 0.04182764 -0.03469073
v -0.03413887 0.04182764 -0.03467713
v -0.03421196 0.04182764 -0.03462297
v -0.03423288 0.04182764 -0.03460092
v -0.03425182 0.04182764 -0.03457714
v -0.03426862 0.04182764 -0.03455181
v -0.03428316 0.04182764 -0.03452511
v -0.03429532 0.04182764 -0.03449725
v -0.03430503 0.04182764 -0.03446845
v -0.0343122 0.04182764 -0.0344389
v -0.03431678 0.04182764 -0.03440885
v -0.03431873 0.04182764 -0.03437852
v -0.03431804 0.04182764 -0.03434813
v -0.03431472 0.04182764 -0.03431791
v -0.03430879 0.04182764 -0.03428809
v -0.03427589 0.04182764 -0.03420329
v -0.03426016 0.04182764 -0.03417727
v -0.03424223 0.04182764 -0.03415272
v -0.0339179 0.04182764 -0.03402494
v -0.03394814 0.04182764 -0.03402183
v -0.03466922 0.04182764 -0.03665929
v -0.03466834 0.04182764 -0.03662915
v -0.03373437 0.04182764 -0.03516637
v -0.0337277 0.04182764 -0.03513696
v -0.03372271 0.04182764 -0.03504685
v -0.03372609 0.04182764 -0.03501689
v -0.03399498 0.04182764 -0.03222481
v -0.03396604 0.04182764 -0.03221631
v -0.03393792 0.04182764 -0.03220543
v -0.03381613 0.04182764 -0.03211836
v -0.03379674 0.04182764 -0.03209527
v -0.03377934 0.04182764 -0.03207064
v -0.03398198 0.04182764 -0.03124262
v -0.0340039 0.04182764 -0.03122191
v -0.03402748 0.04182764 -0.03120311
v -0.03417669 0.04182764 -0.03285796
v -0.03420034 0.04182764 -0.03283886
v -0.0342893 0.04182764 -0.03271704
v -0.03430503 0.04182764 -0.03247916
v -0.03429532 0.04182764 -0.03245035
v -0.03428316 0.04182764 -0.03242249
v -0.03426862 0.04182764 -0.0323958
v -0.03425182 0.04182764 -0.03237047
v -0.03512507 0.04182764 -0.02971933
v -0.03515106 0.04182764 -0.02970404
v -0.04157579 0.04182764 -0.03728007
v -0.04154638 0.04182764 -0.03727342
v -0.04151763 0.04182764 -0.03726433
v -0.04075231 0.04182764 -0.0375035
v -0.04133395 0.04182764 -0.03711486
v -0.04131689 0.04182764 -0.0370897
v -0.03560999 0.04182764 -0.03713984
v -0.03559107 0.04182764 -0.03716332
v -0.03557026 0.04182764 -0.03718514
v -0.03554768 0.04182764 -0.03720513
v -0.03552352 0.04182764 -0.03722317
v -0.03416477 0.04182764 -0.03466121
v -0.03418919 0.04182764 -0.03464312
v -0.0343003 0.04182764 -0.03425891
v -0.0342893 0.04182764 -0.03423057
v -0.03420034 0.04182764 -0.03410874
v -0.03417669 0.04182764 -0.03408964
v -0.03415147 0.04182764 -0.03407267
v -0.03468989 0.04182764 -0.03651102
v -0.03470135 0.04182764 -0.03648312
v -0.03402748 0.04182764 -0.03574449
v -0.0340039 0.04182764 -0.03572569
v -0.03398198 0.04182764 -0.03570499
v -0.03396187 0.04182764 -0.03568252
v -0.03394371 0.04182764 -0.03565845
v -0.03392763 0.04182764 -0.03563294
v -0.03391374 0.04182764 -0.03560618
v -0.03372352 0.04182764 -0.0351071
v -0.03372186 0.04182764 -0.03507699
v -0.03493795 0.04182764 -0.03582252
v -0.03491893 0.04182764 -0.03579881
v -0.03483936 0.04182764 -0.03632734
v -0.03450286 0.04182764 -0.03571454
v -0.03447611 0.04182764 -0.03572899
v -0.03445072 0.04182764 -0.0357457
v -0.03481438 0.04182764 -0.03634423
v -0.03344792 0.04182764 -0.0332213
v -0.03345302 0.04182764 -0.03319158
v -0.03346058 0.04182764 -0.03316239
v -0.03347057 0.04182764 -0.03313393
v -0.03348289 0.04182764 -0.03310641
v -0.03349748 0.04182764 -0.03308002
v -0.03351423 0.04182764 -0.03305495
v -0.03357616 0.04182764 -0.0329893
v -0.03360022 0.04182764 -0.03297113
v -0.03376406 0.04182764 -0.03204465
v -0.03375102 0.04182764 -0.03201746
v -0.0337403 0.04182764 -0.03198928
v -0.03373197 0.04182764 -0.0319603
v -0.03372609 0.04182764 -0.03193072
v -0.03372271 0.04182764 -0.03190076
v -0.0337277 0.04182764 -0.03181065
v -0.03373437 0.04182764 -0.03178124
v -0.03374347 0.04182764 -0.03175249
v -0.03458917 0.04182764 -0.03126181
v -0.03461923 0.04182764 -0.03126628
v -0.03464958 0.04182764 -0.03126813
v -0.0343003 0.04182764 -0.0326887
v -0.03430879 0.04182764 -0.03265951
v -0.0343122 0.04182764 -0.0325087
v -0.03431678 0.04182764 -0.03253875
v -0.04129771 0.04182764 -0.03706612
v -0.04127655 0.04182764 -0.03704429
v -0.04125358 0.04182764 -0.03702438
v -0.0407356 0.04182764 -0.03747811
v -0.0412029 0.04182764 -0.0369909
v -0.04122897 0.04182764 -0.03700654
v -0.04102753 0.04182764 -0.03694867
v -0.03412488 0.04182764 -0.03405794
v -0.03409711 0.04182764 -0.03404558
v -0.03406837 0.04182764 -0.03403568
v -0.03403888 0.04182764 -0.0340283
v -0.03466999 0.04182764 -0.03659904
v -0.03467416 0.04182764 -0.03656918
v -0.0346808 0.04182764 -0.03653977
v -0.03474909 0.04182764 -0.03640654
v -0.03476908 0.04182764 -0.03638396
v -0.03431378 0.04182764 -0.03580621
v -0.0347909 0.04182764 -0.03636315
v -0.03434301 0.04182764 -0.03579879
v -0.03381613 0.04182764 -0.03482925
v -0.03360022 0.04182764 -0.03397648
v -0.0338374 0.04182764 -0.03480786
v -0.03386037 0.04182764 -0.03478834
v -0.03373837 0.04182764 -0.03403416
v -0.033709 0.04182764 -0.03402735
v -0.03391081 0.04182764 -0.03475538
v -0.0336803 0.04182764 -0.0340181
v -0.03365248 0.04182764 -0.03400648
v -0.03347057 0.04182764 -0.03381367
v -0.03346058 0.04182764 -0.03378522
v -0.03372186 0.04182764 -0.03187061
v -0.03372352 0.04182764 -0.03184051
v -0.03382406 0.04182764 -0.03154508
v -0.03391374 0.04182764 -0.03134143
v -0.03474909 0.04182764 -0.03054107
v -0.03473105 0.04182764 -0.03051691
v -0.03437151 0.04182764 -0.03115865
v -0.03447611 0.04182764 -0.03121862
v -0.03493795 0.04182764 -0.03112508
v -0.03495484 0.04182764 -0.03109981
v -0.03500176 0.04182764 -0.03086607
v -0.03499593 0.04182764 -0.03083624
v -0.03498754 0.04182764 -0.03080702
v -0.03497664 0.04182764 -0.03077864
v -0.03431472 0.04182764 -0.0326297
v -0.03431804 0.04182764 -0.03259948
v -0.03431873 0.04182764 -0.03256909
v -0.03560999 0.04182764 -0.02980777
v -0.03562688 0.04182764 -0.02983274
v -0.03622523 0.04182764 -0.0294695
v -0.04117558 0.04182764 -0.03697758
v -0.0411472 0.04182764 -0.03696669
v -0.04111798 0.04182764 -0.03695829
v -0.04072955 0.04182764 -0.03712957
v -0.04071604 0.04182764 -0.0371568
v -0.03422224 0.04182764 -0.03412982
v -0.03400886 0.04182764 -0.03402352
v -0.03397854 0.04182764 -0.03402136
v -0.03442556 0.04182764 -0.03576232
v -0.0343991 0.04182764 -0.03577677
v -0.03437151 0.04182764 -0.03578896
v -0.03405254 0.04182764 -0.03576125
v -0.03407893 0.04182764 -0.03577586
v -0.03382406 0.04182764 -0.03540253
v -0.03374347 0.04182764 -0.03519512
v -0.03486452 0.04182764 -0.03631028
v -0.03500349 0.04182764 -0.03599058
v -0.0348881 0.04182764 -0.03629109
v -0.03489793 0.04182764 -0.03577683
v -0.0348751 0.04182764 -0.03575676
v -0.03485061 0.04182764 -0.03573875
v -0.0338849 0.04182764 -0.0347708
v -0.03362572 0.04182764 -0.03399257
v -0.03357616 0.04182764 -0.0339583
v -0.0335537 0.04182764 -0.03393818
v -0.03353301 0.04182764 -0.03391625
v -0.03365248 0.04182764 -0.03294113
v -0.03362572 0.04182764 -0.03295503
v -0.03431378 0.04182764 -0.0311414
v -0.03434301 0.04182764 -0.03114881
v -0.03470135 0.04182764 -0.03046448
v -0.0347151 0.04182764 -0.03049132
v -0.03496948 0.04182764 -0.03107316
v -0.03498174 0.04182764 -0.03104535
v -0.03499154 0.04182764 -0.03101657
v -0.03500555 0.04182764 -0.03092669
v -0.03500497 0.04182764 -0.0308963
v -0.04108815 0.04182764 -0.03695246
v -0.04105792 0.04182764 -0.03694925
v -0.03499882 0.04182764 -0.03596055
v -0.03499154 0.04182764 -0.03593103
v -0.03498174 0.04182764 -0.03590226
v -0.03482465 0.04182764 -0.03572293
v -0.03479742 0.04182764 -0.03570942
v -0.03476912 0.04182764 -0.03569833
v -0.03473996 0.04182764 -0.03568973
v -0.03471017 0.04182764 -0.0356837
v -0.03467996 0.04182764 -0.03568027
v -0.03464958 0.04182764 -0.03567948
v -0.03461923 0.04182764 -0.03568133
v -0.03458917 0.04182764 -0.0356858
v -0.03393792 0.04182764 -0.03474218
v -0.03396604 0.04182764 -0.03473129
v -0.03385844 0.04182764 -0.03403639
v -0.03399498 0.04182764 -0.0347228
v -0.03402452 0.04182764 -0.03471676
v -0.03344533 0.04182764 -0.03369627
v -0.03344042 0.04182764 -0.0334738
v -0.03344533 0.04182764 -0.03325134
v -0.03450286 0.04182764 -0.03123306
v -0.03453076 0.04182764 -0.03124514
v -0.0345596 0.04182764 -0.03125474
v -0.03471017 0.04182764 -0.03126391
v -0.03473996 0.04182764 -0.03125788
v -0.03476912 0.04182764 -0.03124928
v -0.03479742 0.04182764 -0.03123818
v -0.03482465 0.04182764 -0.03122468
v -0.03485061 0.04182764 -0.03120886
v -0.0348751 0.04182764 -0.03119084
v -0.03489793 0.04182764 -0.03117077
v -0.03491893 0.04182764 -0.0311488
v -0.03496332 0.04182764 -0.03075132
v -0.03494768 0.04182764 -0.03072525
v -0.03492984 0.04182764 -0.03070064
v -0.04074537 0.04182764 -0.03710361
v -0.03425398 0.04182764 -0.03581359
v -0.03422383 0.04182764 -0.03581351
v -0.03419379 0.04182764 -0.0358109
v -0.03416407 0.04182764 -0.03580578
v -0.03413489 0.04182764 -0.0357982
v -0.03410644 0.04182764 -0.0357882
v -0.03496948 0.04182764 -0.03587444
v -0.03495484 0.04182764 -0.0358478
v -0.0345596 0.04182764 -0.03569287
v -0.03453076 0.04182764 -0.03570247
v -0.03382846 0.04182764 -0.03403961
v -0.03379831 0.04182764 -0.03404032
v -0.03376821 0.04182764 -0.0340385
v -0.03467996 0.04182764 -0.03126733
v -0.03490993 0.04182764 -0.03067767
v -0.0348881 0.04182764 -0.03065651
v -0.03627289 0.04182764 -0.02961262
v -0.03626842 0.04182764 -0.02958255
v -0.03626136 0.04182764 -0.02955298
v -0.04068794 0.04182764 -0.03733499
v -0.04069242 0.04182764 -0.03736505
v -0.04069948 0.04182764 -0.03739462
v -0.03428404 0.04182764 -0.03581115
v -0.03497664 0.04182764 -0.03616896
v -0.03498754 0.04182764 -0.03614058
v -0.03496332 0.04182764 -0.03619629
v -0.03499593 0.04182764 -0.03611137
v -0.03494768 0.04182764 -0.03622236
v -0.03490993 0.04182764 -0.03626994
v -0.03492984 0.04182764 -0.03624697
v -0.03500555 0.04182764 -0.03602091
v -0.03500497 0.04182764 -0.03605131
v -0.03625175 0.04182764 -0.02952414
v -0.03623968 0.04182764 -0.02949625
v -0.04096716 0.04182764 -0.03695541
v -0.04093765 0.04182764 -0.03696268
v -0.04078345 0.04182764 -0.03705629
v -0.04090887 0.04182764 -0.03697248
v -0.04088106 0.04182764 -0.03698475
v -0.04085441 0.04182764 -0.03699938
v -0.04082914 0.04182764 -0.03701627
v -0.04080542 0.04182764 -0.03703529
v -0.04076338 0.04182764 -0.03707912
v -0.03500176 0.04182764 -0.03608153
v -0.03564394 0.04182764 -0.0298579
v -0.03566313 0.04182764 -0.02988148
v -0.03584285 0.04182764 -0.02998932
v -0.03615541 0.04182764 -0.02991232
v -0.03617739 0.04182764 -0.02989132
v -0.03619746 0.04182764 -0.02986848
v -0.04069031 0.04182764 -0.03724405
v -0.04068689 0.04182764 -0.03727426
v -0.04068609 0.04182764 -0.03730464
v -0.03578526 0.04182764 -0.02997002
v -0.03570725 0.04182764 -0.02992322
v -0.03575793 0.04182764 -0.02995671
v -0.03573187 0.04182764 -0.02994107
v -0.03568428 0.04182764 -0.02990331
v -0.03581364 0.04182764 -0.02998092
v -0.03587269 0.04182764 -0.02999514
v -0.03590292 0.04182764 -0.02999836
v -0.03593331 0.04182764 -0.02999894
v -0.03596364 0.04182764 -0.02999688
v -0.03599367 0.04182764 -0.0299922
v -0.03602319 0.04182764 -0.02998493
v -0.03605196 0.04182764 -0.02997512
v -0.03607978 0.04182764 -0.02996286
v -0.03610642 0.04182764 -0.02994823
v -0.0361317 0.04182764 -0.02993134
v -0.03627053 0.04182764 -0.02970355
v -0.03627395 0.04182764 -0.02967335
v -0.03627474 0.04182764 -0.02964296
v -0.04070494 0.04182764 -0.0371851
v -0.04069635 0.04182764 -0.03721426
v -0.03621547 0.04182764 -0.029844
v -0.03623129 0.04182764 -0.02981804
v -0.0362448 0.04182764 -0.02979081
v -0.03625589 0.04182764 -0.02976251
v -0.03626449 0.04182764 -0.02973335
v -0.06058648 0.04532764 -0.04983143
v -0.06058648 0.06232764 -0.04983143
v -0.06054472 0.04532764 -0.05071232
v -0.06054472 0.06232764 -0.05071232
v -0.06141667 0.04532764 -0.04953394
v -0.06141667 0.06232764 -0.04953394
v -0.05483805 0.04532764 -0.01136774
v -0.05483805 0.06232764 -0.01136774
v -0.05571894 0.04532764 -0.0114095
v -0.05571894 0.06232764 -0.0114095
v -0.01637436 0.04532764 -0.01711618
v -0.01637436 0.06232764 -0.01711618
v -0.01641612 0.04532764 -0.01623528
v -0.01641612 0.06232764 -0.01623528
v -0.01554416 0.04532764 -0.01741366
v -0.01554416 0.06232764 -0.01741366
v -0.01554416 0.06232764 -0.04953394
v -0.01637436 0.06232764 -0.04983143
v -0.01641612 0.06232764 -0.05071232
v -0.02212279 0.06232764 -0.05557987
v -0.0212419 0.06232764 -0.0555381
v -0.02242028 0.06232764 -0.05641006
v -0.06141667 0.04532764 -0.01741366
v -0.06058648 0.04532764 -0.01711618
v -0.06141667 0.06232764 -0.01741366
v -0.06058648 0.06232764 -0.01711618
v -0.06054472 0.04532764 -0.01623528
v -0.06054472 0.06232764 -0.01623528
v -0.02048042 0.02902764 -0.0234738
v -0.02010666 0.0294014 -0.02310004
v -0.02020615 0.02957569 -0.02292576
v -0.02231688 0.03259046 -0.01991098
v -0.02622473 0.03075949 -0.02174195
v -0.02599902 0.03046534 -0.0220361
v -0.02119631 0.0311301 -0.02137134
v -0.05096181 0.03046534 -0.0220361
v -0.05464396 0.03259046 -0.01991098
v -0.05116102 0.03015264 -0.0223488
v -0.05576453 0.0311301 -0.02137134
v -0.05133223 0.02982377 -0.02267767
v -0.02579981 0.03015264 -0.0223488
v -0.02562861 0.02982377 -0.02267767
v -0.04785083 0.03226147 -0.02023998
v -0.0476658 0.03227359 -0.02022785
v -0.05223578 0.03502764 -0.0174738
v -0.04748042 0.03227764 -0.0202238
v -0.04729503 0.03227359 -0.02022785
v -0.0296658 0.03227359 -0.02022785
v -0.02948042 0.03227764 -0.0202238
v -0.02472506 0.03502764 -0.0174738
v -0.02929504 0.03227359 -0.02022785
v -0.02534974 0.02902764 -0.0234738
v -0.02537507 0.02912702 -0.02337443
v -0.02548672 0.02948123 -0.02302022
v -0.05675468 0.02957569 -0.02292576
v -0.05685418 0.0294014 -0.02310004
v -0.05648042 0.02902764 -0.0234738
v -0.05147411 0.02948123 -0.02302022
v -0.05158576 0.02912702 -0.02337443
v -0.0516111 0.02902764 -0.0234738
v -0.04840029 0.0321769 -0.02032454
v -0.04821842 0.03221307 -0.02028837
v -0.04803516 0.03224128 -0.02026016
v -0.03021842 0.03221307 -0.02028837
v -0.03003515 0.03224128 -0.02026016
v -0.02985083 0.03226147 -0.02023998
v -0.02911001 0.03226147 -0.02023998
v -0.02892568 0.03224128 -0.02026016
v -0.02874241 0.03221307 -0.02028837
v -0.04711001 0.03226147 -0.02023998
v -0.04692568 0.03224128 -0.02026016
v -0.04674241 0.03221307 -0.02028837
v -0.04656055 0.0321769 -0.02032454
v -0.04399902 0.03046534 -0.0220361
v -0.04379981 0.03015264 -0.0223488
v -0.03316103 0.03015264 -0.0223488
v -0.04362861 0.02982377 -0.02267767
v -0.03333222 0.02982377 -0.02267767
v -0.03347411 0.02948123 -0.02302022
v -0.04893401 0.03202133 -0.02048011
v -0.04875842 0.03208094 -0.0204205
v -0.0485804 0.03213282 -0.02036862
v -0.04638044 0.03213282 -0.02036862
v -0.04620242 0.03208094 -0.0204205
v -0.04602683 0.03202133 -0.02048011
v -0.04447521 0.03103284 -0.0214686
v -0.0305804 0.03213282 -0.02036862
v -0.03040029 0.0321769 -0.02032454
v -0.02856055 0.0321769 -0.02032454
v -0.02838044 0.03213282 -0.02036862
v -0.02820242 0.03208094 -0.0204205
v -0.04585401 0.03195413 -0.02054732
v -0.04568429 0.03187945 -0.02062199
v -0.04551798 0.03179744 -0.02070401
v -0.03110682 0.03195413 -0.02054732
v -0.030934 0.03202133 -0.02048011
v -0.03075842 0.03208094 -0.0204205
v -0.04944285 0.03179744 -0.02070401
v -0.04927655 0.03187945 -0.02062199
v -0.04910682 0.03195413 -0.02054732
v -0.04337507 0.02912702 -0.02337443
v -0.04334974 0.02902764 -0.0234738
v -0.0336111 0.02902764 -0.0234738
v -0.04348673 0.02948123 -0.02302022
v -0.03358576 0.02912702 -0.02337443
v -0.02802683 0.03202133 -0.02048011
v -0.02785401 0.03195413 -0.02054732
v -0.02768429 0.03187945 -0.02062199
v -0.04535542 0.03170825 -0.02079319
v -0.04519689 0.03161205 -0.02088939
v -0.04504272 0.03150904 -0.02099241
v -0.03160542 0.03170825 -0.02079319
v -0.03144285 0.03179744 -0.02070401
v -0.03127655 0.03187945 -0.02062199
v -0.04489318 0.03139939 -0.02110205
v -0.04474857 0.03128333 -0.02121811
v -0.05006766 0.03139939 -0.02110205
v -0.04991812 0.03150904 -0.02099241
v -0.05340037 0.03394759 -0.01855385
v -0.04976394 0.03161205 -0.02088939
v -0.04960542 0.03170825 -0.02079319
v -0.05073611 0.03075949 -0.02174195
v -0.05048562 0.03103284 -0.0214686
v -0.05021226 0.03128333 -0.02121811
v -0.03206765 0.03139939 -0.02110205
v -0.03191812 0.03150904 -0.02099241
v -0.03176394 0.03161205 -0.02088939
v -0.02751799 0.03179744 -0.02070401
v -0.02735542 0.03170825 -0.02079319
v -0.02356046 0.03394759 -0.01855385
v -0.0271969 0.03161205 -0.02088939
v -0.02704272 0.03150904 -0.02099241
v -0.03296182 0.03046534 -0.0220361
v -0.03273611 0.03075949 -0.02174195
v -0.04422473 0.03075949 -0.02174195
v -0.03248562 0.03103284 -0.0214686
v -0.03221226 0.03128333 -0.02121811
v -0.02689318 0.03139939 -0.02110205
v -0.02674857 0.03128333 -0.02121811
v -0.02647521 0.03103284 -0.0214686
v -0.01971785 0.02979021 -0.02382103
v -0.01935732 0.03015073 -0.02455656
v -0.01898656 0.0305215 -0.02539918
v -0.01898656 0.0305215 -0.04154842
v -0.02048042 0.02902764 -0.0434738
v -0.02010666 0.0294014 -0.04384756
v -0.01971785 0.02979021 -0.04312658
v -0.01935732 0.03015073 -0.04239105
v -0.01835699 0.03115107 -0.02712891
v -0.0186529 0.03085515 -0.02625718
v -0.01835699 0.03115107 -0.0398187
v -0.0186529 0.03085515 -0.04069043
v -0.01788057 0.03162749 -0.02890693
v -0.01809938 0.03140868 -0.02801272
v -0.01788057 0.03162749 -0.03804068
v -0.01809938 0.03140868 -0.03893488
v -0.01770097 0.03180708 -0.02980983
v -0.01770097 0.03180708 -0.03713778
v -0.01756093 0.03194713 -0.0307197
v -0.01756093 0.03194713 -0.0362279
v -0.01746071 0.03204735 -0.03531279
v -0.01746071 0.03204735 -0.03163482
v -0.0174005 0.03210756 -0.03439417
v -0.0174005 0.03210756 -0.03255343
v -0.01738042 0.03212764 -0.0334738
v -0.05724299 0.02979021 -0.02382103
v -0.05685418 0.0294014 -0.04384756
v -0.05648042 0.02902764 -0.0434738
v -0.05724299 0.02979021 -0.04312658
v -0.05760351 0.03015073 -0.04239105
v -0.05760351 0.03015073 -0.02455656
v -0.05797428 0.0305215 -0.02539918
v -0.05797428 0.0305215 -0.04154842
v -0.05830793 0.03085515 -0.02625718
v -0.05830793 0.03085515 -0.04069043
v -0.05886145 0.03140868 -0.03893488
v -0.05860385 0.03115107 -0.0398187
v -0.05886145 0.03140868 -0.02801272
v -0.05860385 0.03115107 -0.02712891
v -0.05925986 0.03180708 -0.03713778
v -0.05908027 0.03162749 -0.03804068
v -0.05925986 0.03180708 -0.02980983
v -0.05908027 0.03162749 -0.02890693
v -0.05950013 0.03204735 -0.03531279
v -0.05939991 0.03194713 -0.0362279
v -0.05950013 0.03204735 -0.03163482
v -0.05939991 0.03194713 -0.0307197
v -0.05956034 0.03210756 -0.03439417
v -0.05956034 0.03210756 -0.03255343
v -0.05958042 0.03212764 -0.0334738
v -0.05223578 0.03502764 -0.0494738
v -0.02472506 0.03502764 -0.0494738
v -0.03148042 0.03149174 -0.0459379
v -0.02748042 0.03149174 -0.0459379
v -0.02020615 0.02957569 -0.04402185
v -0.02605777 0.02902764 -0.0434738
v -0.04948042 0.03149174 -0.0459379
v -0.04548042 0.03149174 -0.0459379
v -0.04405777 0.02902764 -0.0434738
v -0.03290307 0.02902764 -0.0434738
v -0.05090307 0.02902764 -0.0434738
v -0.05675468 0.02957569 -0.04402185
v -0.05576453 0.0311301 -0.04557627
v -0.05464396 0.03259046 -0.04703662
v -0.05340037 0.03394759 -0.04839376
v -0.02356046 0.03394759 -0.04839376
v -0.02231688 0.03259046 -0.04703662
v -0.02119631 0.0311301 -0.04557627
v -0.04548042 0.02456354 -0.0434738
v -0.04348042 0.02802764 -0.0434738
v -0.04548042 0.01949174 -0.0434738
v -0.02548042 0.02802764 -0.0434738
v -0.03348042 0.02802764 -0.0434738
v -0.05148042 0.02802764 -0.0434738
v -0.02748042 0.01949174 -0.0434738
v -0.02548042 0.01602764 -0.0434738
v -0.02748042 0.01256354 -0.0434738
v -0.03148042 0.01256354 -0.0434738
v -0.02748042 0.02456354 -0.0434738
v -0.03148042 0.02456354 -0.0434738
v -0.03148042 0.01949174 -0.0434738
v -0.04948042 0.02456354 -0.0434738
v -0.04948042 0.01949174 -0.0434738
v -0.05148042 0.01602764 -0.0434738
v -0.04948042 0.01256354 -0.0434738
v -0.04548042 0.01256354 -0.0434738
v -0.03348042 0.01602764 -0.0434738
v -0.04348042 0.01602764 -0.0434738
v -0.05173042 0.02802764 -0.0234738
v -0.05171425 0.02839805 -0.0234738
v -0.05166585 0.02876564 -0.0234738
v -0.04602683 0.01203395 -0.0234738
v -0.04638044 0.01192246 -0.0234738
v -0.03296182 0.01358994 -0.0234738
v -0.03333222 0.02623151 -0.0234738
v -0.04323042 0.02802764 -0.0234738
v -0.03316103 0.02590264 -0.0234738
v -0.03296182 0.02558994 -0.0234738
v -0.03021842 0.01184221 -0.0234738
v -0.0305804 0.01192246 -0.0234738
v -0.03316103 0.01390264 -0.0234738
v -0.03333222 0.01423151 -0.0234738
v -0.04362861 0.01423151 -0.0234738
v -0.04568429 0.01217583 -0.0234738
v -0.03221226 0.02477195 -0.0234738
v -0.03191812 0.02454624 -0.0234738
v -0.03160542 0.02434703 -0.0234738
v -0.03248562 0.02502244 -0.0234738
v -0.03273611 0.02529579 -0.0234738
v -0.02524659 0.01565723 -0.0234738
v -0.02529499 0.01528964 -0.0234738
v -0.02537523 0.01492766 -0.0234738
v -0.02548672 0.01457405 -0.0234738
v -0.030934 0.01203395 -0.0234738
v -0.03127655 0.01217583 -0.0234738
v -0.03160542 0.01234703 -0.0234738
v -0.0515856 0.01492766 -0.0234738
v -0.05147411 0.01457405 -0.0234738
v -0.05133223 0.01423151 -0.0234738
v -0.05166585 0.01528964 -0.0234738
v -0.05171425 0.01565723 -0.0234738
v -0.05173042 0.01602764 -0.0234738
v -0.04379981 0.01390264 -0.0234738
v -0.04399902 0.01358994 -0.0234738
v -0.04422473 0.01329579 -0.0234738
v -0.04447521 0.01302244 -0.0234738
v -0.04474857 0.01277195 -0.0234738
v -0.03347411 0.02657405 -0.0234738
v -0.0335856 0.02692766 -0.0234738
v -0.03366585 0.02728963 -0.0234738
v -0.04324659 0.02765723 -0.0234738
v -0.030934 0.02403395 -0.0234738
v -0.03127655 0.02417583 -0.0234738
v -0.05021226 0.02477195 -0.0234738
v -0.05048562 0.02502244 -0.0234738
v -0.05073611 0.02529579 -0.0234738
v -0.05096181 0.02558994 -0.0234738
v -0.03347411 0.01748123 -0.0234738
v -0.04447521 0.01903284 -0.0234738
v -0.04422473 0.01875949 -0.0234738
v -0.02579981 0.02590264 -0.0234738
v -0.02599902 0.02558994 -0.0234738
v -0.04674241 0.01184221 -0.0234738
v -0.04711001 0.01179381 -0.0234738
v -0.03273611 0.01329579 -0.0234738
v -0.05073611 0.01329579 -0.0234738
v -0.05048562 0.01302244 -0.0234738
v -0.05021226 0.01277195 -0.0234738
v -0.05096181 0.01358994 -0.0234738
v -0.05116102 0.01390264 -0.0234738
v -0.04504272 0.01254624 -0.0234738
v -0.04535542 0.01234703 -0.0234738
v -0.04329498 0.02876564 -0.0234738
v -0.04324659 0.02839805 -0.0234738
v -0.03366585 0.02876564 -0.0234738
v -0.04324659 0.01565723 -0.0234738
v -0.03371425 0.01565723 -0.0234738
v -0.04323042 0.01602764 -0.0234738
v -0.03373042 0.01602764 -0.0234738
v -0.04324659 0.01639805 -0.0234738
v -0.03371425 0.01639805 -0.0234738
v -0.04329498 0.01676564 -0.0234738
v -0.04337524 0.01712762 -0.0234738
v -0.02529499 0.02728963 -0.0234738
v -0.02524659 0.02765723 -0.0234738
v -0.02523042 0.02802764 -0.0234738
v -0.02562861 0.01423151 -0.0234738
v -0.02579981 0.01390264 -0.0234738
v -0.02599902 0.01358994 -0.0234738
v -0.02874241 0.01184221 -0.0234738
v -0.02911001 0.01179381 -0.0234738
v -0.02948042 0.01177764 -0.0234738
v -0.02985083 0.01179381 -0.0234738
v -0.03371425 0.02765723 -0.0234738
v -0.03373042 0.02802764 -0.0234738
v -0.03371425 0.02839805 -0.0234738
v -0.04329498 0.02728963 -0.0234738
v -0.04337524 0.02692766 -0.0234738
v -0.0305804 0.02392245 -0.0234738
v -0.04348673 0.02657405 -0.0234738
v -0.03021842 0.02384221 -0.0234738
v -0.04362861 0.02623151 -0.0234738
v -0.04379981 0.02590264 -0.0234738
v -0.04399902 0.02558994 -0.0234738
v -0.04422473 0.02529579 -0.0234738
v -0.02985083 0.02379381 -0.0234738
v -0.02838044 0.02392245 -0.0234738
v -0.02874241 0.02384221 -0.0234738
v -0.0515856 0.02692766 -0.0234738
v -0.05166585 0.02728963 -0.0234738
v -0.05171425 0.02765723 -0.0234738
v -0.04399902 0.01846534 -0.0234738
v -0.04379981 0.01815264 -0.0234738
v -0.0335856 0.01712762 -0.0234738
v -0.04362861 0.01782377 -0.0234738
v -0.04348673 0.01748123 -0.0234738
v -0.02529499 0.02876564 -0.0234738
v -0.02524659 0.02839805 -0.0234738
v -0.02735542 0.02434703 -0.0234738
v -0.02704272 0.02454624 -0.0234738
v -0.02674857 0.02477195 -0.0234738
v -0.03333222 0.01782377 -0.0234738
v -0.03316103 0.01815264 -0.0234738
v -0.03296182 0.01846534 -0.0234738
v -0.02674857 0.01277195 -0.0234738
v -0.02704272 0.01254624 -0.0234738
v -0.02735542 0.01234703 -0.0234738
v -0.02768429 0.01217583 -0.0234738
v -0.02802683 0.01203395 -0.0234738
v -0.02838044 0.01192246 -0.0234738
v -0.04748042 0.01177764 -0.0234738
v -0.04785083 0.01179381 -0.0234738
v -0.04821842 0.01184221 -0.0234738
v -0.0485804 0.01192246 -0.0234738
v -0.04893401 0.01203395 -0.0234738
v -0.04927655 0.01217583 -0.0234738
v -0.04960542 0.01234703 -0.0234738
v -0.04991812 0.01254624 -0.0234738
v -0.04329498 0.01528964 -0.0234738
v -0.04337524 0.01492766 -0.0234738
v -0.03366585 0.01528964 -0.0234738
v -0.04348673 0.01457405 -0.0234738
v -0.0335856 0.01492766 -0.0234738
v -0.03347411 0.01457405 -0.0234738
v -0.05116102 0.02590264 -0.0234738
v -0.05133223 0.02623151 -0.0234738
v -0.05147411 0.02657405 -0.0234738
v -0.02622473 0.02529579 -0.0234738
v -0.02647521 0.02502244 -0.0234738
v -0.03273611 0.01875949 -0.0234738
v -0.03248562 0.01903284 -0.0234738
v -0.03221226 0.01928333 -0.0234738
v -0.02537523 0.01712762 -0.0234738
v -0.02529499 0.01676564 -0.0234738
v -0.02622473 0.01329579 -0.0234738
v -0.02647521 0.01302244 -0.0234738
v -0.03191812 0.01254624 -0.0234738
v -0.03221226 0.01277195 -0.0234738
v -0.03248562 0.01302244 -0.0234738
v -0.05171425 0.01639805 -0.0234738
v -0.05166585 0.01676564 -0.0234738
v -0.0515856 0.01712762 -0.0234738
v -0.05096181 0.01846534 -0.0234738
v -0.05073611 0.01875949 -0.0234738
v -0.05048562 0.01903284 -0.0234738
v -0.05021226 0.01928333 -0.0234738
v -0.03366585 0.01676564 -0.0234738
v -0.02537523 0.02692766 -0.0234738
v -0.02548672 0.02657405 -0.0234738
v -0.02562861 0.02623151 -0.0234738
v -0.03191812 0.01950904 -0.0234738
v -0.03160542 0.01970825 -0.0234738
v -0.03127655 0.01987945 -0.0234738
v -0.030934 0.02002133 -0.0234738
v -0.02768429 0.01987945 -0.0234738
v -0.02735542 0.01970825 -0.0234738
v -0.02704272 0.01950904 -0.0234738
v -0.02674857 0.01928333 -0.0234738
v -0.02524659 0.01639805 -0.0234738
v -0.02523042 0.01602764 -0.0234738
v -0.02911001 0.02379381 -0.0234738
v -0.02948042 0.02377764 -0.0234738
v -0.05147411 0.01748123 -0.0234738
v -0.05133223 0.01782377 -0.0234738
v -0.05116102 0.01815264 -0.0234738
v -0.04568429 0.01987945 -0.0234738
v -0.04535542 0.01970825 -0.0234738
v -0.04504272 0.02454624 -0.0234738
v -0.04504272 0.01950904 -0.0234738
v -0.0305804 0.02013282 -0.0234738
v -0.03021842 0.02021307 -0.0234738
v -0.02985083 0.02026147 -0.0234738
v -0.04568429 0.02417583 -0.0234738
v -0.04602683 0.02403395 -0.0234738
v -0.04602683 0.02002133 -0.0234738
v -0.04638044 0.02392245 -0.0234738
v -0.04638044 0.02013282 -0.0234738
v -0.04447521 0.02502244 -0.0234738
v -0.04474857 0.02477195 -0.0234738
v -0.04474857 0.01928333 -0.0234738
v -0.04535542 0.02434703 -0.0234738
v -0.02948042 0.02027764 -0.0234738
v -0.02911001 0.02026147 -0.0234738
v -0.02802683 0.02403395 -0.0234738
v -0.02874241 0.02021307 -0.0234738
v -0.02768429 0.02417583 -0.0234738
v -0.02838044 0.02013282 -0.0234738
v -0.02802683 0.02002133 -0.0234738
v -0.02647521 0.01903284 -0.0234738
v -0.02622473 0.01875949 -0.0234738
v -0.02599902 0.01846534 -0.0234738
v -0.02579981 0.01815264 -0.0234738
v -0.02562861 0.01782377 -0.0234738
v -0.02548672 0.01748123 -0.0234738
v -0.04991812 0.01950904 -0.0234738
v -0.04960542 0.01970825 -0.0234738
v -0.04991812 0.02454624 -0.0234738
v -0.04960542 0.02434703 -0.0234738
v -0.04785083 0.02379381 -0.0234738
v -0.04821842 0.02021307 -0.0234738
v -0.04785083 0.02026147 -0.0234738
v -0.0485804 0.02392245 -0.0234738
v -0.04893401 0.02403395 -0.0234738
v -0.0485804 0.02013282 -0.0234738
v -0.04893401 0.02002133 -0.0234738
v -0.04927655 0.01987945 -0.0234738
v -0.04927655 0.02417583 -0.0234738
v -0.04674241 0.02021307 -0.0234738
v -0.04674241 0.02384221 -0.0234738
v -0.04711001 0.02379381 -0.0234738
v -0.04748042 0.02377764 -0.0234738
v -0.04748042 0.02027764 -0.0234738
v -0.04711001 0.02026147 -0.0234738
v -0.04821842 0.02384221 -0.0234738
v -0.04323042 0.01602764 -0.0254738
v -0.04324659 0.01639805 -0.0254738
v -0.04329498 0.01676564 -0.0254738
v -0.04337524 0.01712762 -0.0254738
v -0.04348673 0.01748123 -0.0254738
v -0.04362861 0.01782377 -0.0254738
v -0.04379981 0.01815264 -0.0254738
v -0.04399902 0.01846534 -0.0254738
v -0.04422473 0.01875949 -0.0254738
v -0.04447521 0.01903284 -0.0254738
v -0.04474857 0.01928333 -0.0254738
v -0.04504272 0.01950904 -0.0254738
v -0.04535542 0.01970825 -0.0254738
v -0.04568429 0.01987945 -0.0254738
v -0.04602683 0.02002133 -0.0254738
v -0.04638044 0.02013282 -0.0254738
v -0.04674241 0.02021307 -0.0254738
v -0.04711001 0.02026147 -0.0254738
v -0.04748042 0.02027764 -0.0254738
v -0.04785083 0.02026147 -0.0254738
v -0.04821842 0.02021307 -0.0254738
v -0.0485804 0.02013282 -0.0254738
v -0.04893401 0.02002133 -0.0254738
v -0.04927655 0.01987945 -0.0254738
v -0.04960542 0.01970825 -0.0254738
v -0.04991812 0.01950904 -0.0254738
v -0.05021226 0.01928333 -0.0254738
v -0.05048562 0.01903284 -0.0254738
v -0.05073611 0.01875949 -0.0254738
v -0.05096181 0.01846534 -0.0254738
v -0.05116102 0.01815264 -0.0254738
v -0.05133223 0.01782377 -0.0254738
v -0.05147411 0.01748123 -0.0254738
v -0.0515856 0.01712762 -0.0254738
v -0.05166585 0.01676564 -0.0254738
v -0.05171425 0.01639805 -0.0254738
v -0.05173042 0.01602764 -0.0254738
v -0.05171425 0.01565723 -0.0254738
v -0.05166585 0.01528964 -0.0254738
v -0.0515856 0.01492766 -0.0254738
v -0.05147411 0.01457405 -0.0254738
v -0.05133223 0.01423151 -0.0254738
v -0.05116102 0.01390264 -0.0254738
v -0.05096181 0.01358994 -0.0254738
v -0.05073611 0.01329579 -0.0254738
v -0.05048562 0.01302244 -0.0254738
v -0.05021226 0.01277195 -0.0254738
v -0.04991812 0.01254624 -0.0254738
v -0.04960542 0.01234703 -0.0254738
v -0.04927655 0.01217583 -0.0254738
v -0.04893401 0.01203395 -0.0254738
v -0.0485804 0.01192246 -0.0254738
v -0.04821842 0.01184221 -0.0254738
v -0.04785083 0.01179381 -0.0254738
v -0.04748042 0.01177764 -0.0254738
v -0.04711001 0.01179381 -0.0254738
v -0.04674241 0.01184221 -0.0254738
v -0.04638044 0.01192246 -0.0254738
v -0.04602683 0.01203395 -0.0254738
v -0.04568429 0.01217583 -0.0254738
v -0.04535542 0.01234703 -0.0254738
v -0.04504272 0.01254624 -0.0254738
v -0.04474857 0.01277195 -0.0254738
v -0.04447521 0.01302244 -0.0254738
v -0.04422473 0.01329579 -0.0254738
v -0.04399902 0.01358994 -0.0254738
v -0.04379981 0.01390264 -0.0254738
v -0.04362861 0.01423151 -0.0254738
v -0.04348673 0.01457405 -0.0254738
v -0.04337524 0.01492766 -0.0254738
v -0.04329498 0.01528964 -0.0254738
v -0.04324659 0.01565723 -0.0254738
v -0.05021226 0.03128333 -0.0254738
v -0.04991812 0.03150904 -0.0254738
v -0.04960542 0.03170825 -0.0254738
v -0.04927655 0.03187945 -0.0254738
v -0.04893401 0.03202133 -0.0254738
v -0.0485804 0.03213282 -0.0254738
v -0.04821842 0.03221307 -0.0254738
v -0.04785083 0.03226147 -0.0254738
v -0.04748042 0.03227764 -0.0254738
v -0.04711001 0.03226147 -0.0254738
v -0.04674241 0.03221307 -0.0254738
v -0.04638044 0.03213282 -0.0254738
v -0.04602683 0.03202133 -0.0254738
v -0.04568429 0.03187945 -0.0254738
v -0.04535542 0.03170825 -0.0254738
v -0.04504272 0.03150904 -0.0254738
v -0.04474857 0.03128333 -0.0254738
v -0.04447521 0.03103284 -0.0254738
v -0.04422473 0.03075949 -0.0254738
v -0.04399902 0.03046534 -0.0254738
v -0.04379981 0.03015264 -0.0254738
v -0.04362861 0.02982377 -0.0254738
v -0.04348673 0.02948123 -0.0254738
v -0.04337524 0.02912762 -0.0254738
v -0.05048562 0.03103284 -0.0254738
v -0.05073611 0.03075949 -0.0254738
v -0.05096181 0.03046534 -0.0254738
v -0.05116102 0.03015264 -0.0254738
v -0.05133223 0.02982377 -0.0254738
v -0.05147411 0.02948123 -0.0254738
v -0.0515856 0.02912762 -0.0254738
v -0.05166585 0.02876564 -0.0254738
v -0.05171425 0.02839805 -0.0254738
v -0.05173042 0.02802764 -0.0254738
v -0.05171425 0.02765723 -0.0254738
v -0.05166585 0.02728963 -0.0254738
v -0.0515856 0.02692766 -0.0254738
v -0.05147411 0.02657405 -0.0254738
v -0.05133223 0.02623151 -0.0254738
v -0.05116102 0.02590264 -0.0254738
v -0.05096181 0.02558994 -0.0254738
v -0.05073611 0.02529579 -0.0254738
v -0.05048562 0.02502244 -0.0254738
v -0.05021226 0.02477195 -0.0254738
v -0.04991812 0.02454624 -0.0254738
v -0.04960542 0.02434703 -0.0254738
v -0.04927655 0.02417583 -0.0254738
v -0.04893401 0.02403395 -0.0254738
v -0.0485804 0.02392245 -0.0254738
v -0.04821842 0.02384221 -0.0254738
v -0.04785083 0.02379381 -0.0254738
v -0.04748042 0.02377764 -0.0254738
v -0.04711001 0.02379381 -0.0254738
v -0.04674241 0.02384221 -0.0254738
v -0.04638044 0.02392245 -0.0254738
v -0.04602683 0.02403395 -0.0254738
v -0.04568429 0.02417583 -0.0254738
v -0.04535542 0.02434703 -0.0254738
v -0.04504272 0.02454624 -0.0254738
v -0.04474857 0.02477195 -0.0254738
v -0.04447521 0.02502244 -0.0254738
v -0.04422473 0.02529579 -0.0254738
v -0.04399902 0.02558994 -0.0254738
v -0.04379981 0.02590264 -0.0254738
v -0.04362861 0.02623151 -0.0254738
v -0.04348673 0.02657405 -0.0254738
v -0.04337524 0.02692766 -0.0254738
v -0.04329498 0.02728963 -0.0254738
v -0.04324659 0.02765723 -0.0254738
v -0.04323042 0.02802764 -0.0254738
v -0.04324659 0.02839805 -0.0254738
v -0.04329498 0.02876564 -0.0254738
v -0.03221226 0.03128333 -0.0254738
v -0.03191812 0.03150904 -0.0254738
v -0.03160542 0.03170825 -0.0254738
v -0.03127655 0.03187945 -0.0254738
v -0.030934 0.03202133 -0.0254738
v -0.0305804 0.03213282 -0.0254738
v -0.03021842 0.03221307 -0.0254738
v -0.02985083 0.03226147 -0.0254738
v -0.02948042 0.03227764 -0.0254738
v -0.02911001 0.03226147 -0.0254738
v -0.02874241 0.03221307 -0.0254738
v -0.02838044 0.03213282 -0.0254738
v -0.02802683 0.03202133 -0.0254738
v -0.02768429 0.03187945 -0.0254738
v -0.02735542 0.03170825 -0.0254738
v -0.02704272 0.03150904 -0.0254738
v -0.02674857 0.03128333 -0.0254738
v -0.02647521 0.03103284 -0.0254738
v -0.02622473 0.03075949 -0.0254738
v -0.02599902 0.03046534 -0.0254738
v -0.02579981 0.03015264 -0.0254738
v -0.02562861 0.02982377 -0.0254738
v -0.02548672 0.02948123 -0.0254738
v -0.02537523 0.02912762 -0.0254738
v -0.03248562 0.03103284 -0.0254738
v -0.03273611 0.03075949 -0.0254738
v -0.03296182 0.03046534 -0.0254738
v -0.03316103 0.03015264 -0.0254738
v -0.03333222 0.02982377 -0.0254738
v -0.03347411 0.02948123 -0.0254738
v -0.0335856 0.02912762 -0.0254738
v -0.03366585 0.02876564 -0.0254738
v -0.03371425 0.02839805 -0.0254738
v -0.03373042 0.02802764 -0.0254738
v -0.03371425 0.02765723 -0.0254738
v -0.03366585 0.02728963 -0.0254738
v -0.0335856 0.02692766 -0.0254738
v -0.03347411 0.02657405 -0.0254738
v -0.03333222 0.02623151 -0.0254738
v -0.03316103 0.02590264 -0.0254738
v -0.03296182 0.02558994 -0.0254738
v -0.03273611 0.02529579 -0.0254738
v -0.03248562 0.02502244 -0.0254738
v -0.03221226 0.02477195 -0.0254738
v -0.03191812 0.02454624 -0.0254738
v -0.03160542 0.02434703 -0.0254738
v -0.03127655 0.02417583 -0.0254738
v -0.030934 0.02403395 -0.0254738
v -0.0305804 0.02392245 -0.0254738
v -0.03021842 0.02384221 -0.0254738
v -0.02985083 0.02379381 -0.0254738
v -0.02948042 0.02377764 -0.0254738
v -0.02911001 0.02379381 -0.0254738
v -0.02874241 0.02384221 -0.0254738
v -0.02838044 0.02392245 -0.0254738
v -0.02802683 0.02403395 -0.0254738
v -0.02768429 0.02417583 -0.0254738
v -0.02735542 0.02434703 -0.0254738
v -0.02704272 0.02454624 -0.0254738
v -0.02674857 0.02477195 -0.0254738
v -0.02647521 0.02502244 -0.0254738
v -0.02622473 0.02529579 -0.0254738
v -0.02599902 0.02558994 -0.0254738
v -0.02579981 0.02590264 -0.0254738
v -0.02562861 0.02623151 -0.0254738
v -0.02548672 0.02657405 -0.0254738
v -0.02537523 0.02692766 -0.0254738
v -0.02529499 0.02728963 -0.0254738
v -0.02524659 0.02765723 -0.0254738
v -0.02523042 0.02802764 -0.0254738
v -0.02524659 0.02839805 -0.0254738
v -0.02529499 0.02876564 -0.0254738
v -0.02523042 0.01602764 -0.0254738
v -0.02524659 0.01639805 -0.0254738
v -0.02529499 0.01676564 -0.0254738
v -0.02537523 0.01712762 -0.0254738
v -0.02548672 0.01748123 -0.0254738
v -0.02562861 0.01782377 -0.0254738
v -0.02579981 0.01815264 -0.0254738
v -0.02599902 0.01846534 -0.0254738
v -0.02622473 0.01875949 -0.0254738
v -0.02647521 0.01903284 -0.0254738
v -0.02674857 0.01928333 -0.0254738
v -0.02704272 0.01950904 -0.0254738
v -0.02735542 0.01970825 -0.0254738
v -0.02768429 0.01987945 -0.0254738
v -0.02802683 0.02002133 -0.0254738
v -0.02838044 0.02013282 -0.0254738
v -0.02874241 0.02021307 -0.0254738
v -0.02911001 0.02026147 -0.0254738
v -0.02948042 0.02027764 -0.0254738
v -0.02985083 0.02026147 -0.0254738
v -0.03021842 0.02021307 -0.0254738
v -0.0305804 0.02013282 -0.0254738
v -0.030934 0.02002133 -0.0254738
v -0.03127655 0.01987945 -0.0254738
v -0.03160542 0.01970825 -0.0254738
v -0.03191812 0.01950904 -0.0254738
v -0.03221226 0.01928333 -0.0254738
v -0.03248562 0.01903284 -0.0254738
v -0.03273611 0.01875949 -0.0254738
v -0.03296182 0.01846534 -0.0254738
v -0.03316103 0.01815264 -0.0254738
v -0.03333222 0.01782377 -0.0254738
v -0.03347411 0.01748123 -0.0254738
v -0.0335856 0.01712762 -0.0254738
v -0.03366585 0.01676564 -0.0254738
v -0.03371425 0.01639805 -0.0254738
v -0.03373042 0.01602764 -0.0254738
v -0.03371425 0.01565723 -0.0254738
v -0.03366585 0.01528964 -0.0254738
v -0.0335856 0.01492766 -0.0254738
v -0.03347411 0.01457405 -0.0254738
v -0.03333222 0.01423151 -0.0254738
v -0.03316103 0.01390264 -0.0254738
v -0.03296182 0.01358994 -0.0254738
v -0.03273611 0.01329579 -0.0254738
v -0.03248562 0.01302244 -0.0254738
v -0.03221226 0.01277195 -0.0254738
v -0.03191812 0.01254624 -0.0254738
v -0.03160542 0.01234703 -0.0254738
v -0.03127655 0.01217583 -0.0254738
v -0.030934 0.01203395 -0.0254738
v -0.0305804 0.01192246 -0.0254738
v -0.03021842 0.01184221 -0.0254738
v -0.02985083 0.01179381 -0.0254738
v -0.02948042 0.01177764 -0.0254738
v -0.02911001 0.01179381 -0.0254738
v -0.02874241 0.01184221 -0.0254738
v -0.02838044 0.01192246 -0.0254738
v -0.02802683 0.01203395 -0.0254738
v -0.02768429 0.01217583 -0.0254738
v -0.02735542 0.01234703 -0.0254738
v -0.02704272 0.01254624 -0.0254738
v -0.02674857 0.01277195 -0.0254738
v -0.02647521 0.01302244 -0.0254738
v -0.02622473 0.01329579 -0.0254738
v -0.02599902 0.01358994 -0.0254738
v -0.02579981 0.01390264 -0.0254738
v -0.02562861 0.01423151 -0.0254738
v -0.02548672 0.01457405 -0.0254738
v -0.02537523 0.01492766 -0.0254738
v -0.02529499 0.01528964 -0.0254738
v -0.02524659 0.01565723 -0.0254738
v -0.04599549 0.02654272 -0.0379738
v -0.04587172 0.02667779 -0.0379738
v -0.04548042 0.02456354 -0.0379738
v -0.04587172 0.02937749 -0.0379738
v -0.04599549 0.02951256 -0.0379738
v -0.04548042 0.03149174 -0.0379738
v -0.04613056 0.02963633 -0.0379738
v -0.04945377 0.02874588 -0.0379738
v -0.04950886 0.02857116 -0.0379738
v -0.05148042 0.02802764 -0.0379738
v -0.04348042 0.02802764 -0.0379738
v -0.04566177 0.02907764 -0.0379738
v -0.0457602 0.02923215 -0.0379738
v -0.04538841 0.02784461 -0.0379738
v -0.04538042 0.02802764 -0.0379738
v -0.04538841 0.02821067 -0.0379738
v -0.04541232 0.0283923 -0.0379738
v -0.04545197 0.02857116 -0.0379738
v -0.04550706 0.02874588 -0.0379738
v -0.04557717 0.02891514 -0.0379738
v -0.04627591 0.02974786 -0.0379738
v -0.04643042 0.02984629 -0.0379738
v -0.04659292 0.02993089 -0.0379738
v -0.04938367 0.02891514 -0.0379738
v -0.04954851 0.0283923 -0.0379738
v -0.04957243 0.02821067 -0.0379738
v -0.04958042 0.02802764 -0.0379738
v -0.04784508 0.03009574 -0.0379738
v -0.04802394 0.03005608 -0.0379738
v -0.04948042 0.03149174 -0.0379738
v -0.04853042 0.02984629 -0.0379738
v -0.04868493 0.02974786 -0.0379738
v -0.04883027 0.02963633 -0.0379738
v -0.04896534 0.02951256 -0.0379738
v -0.04957243 0.02784461 -0.0379738
v -0.04954851 0.02766298 -0.0379738
v -0.04950886 0.02748412 -0.0379738
v -0.04711576 0.02595954 -0.0379738
v -0.0469369 0.0259992 -0.0379738
v -0.04643042 0.02620899 -0.0379738
v -0.04627591 0.02630742 -0.0379738
v -0.04613056 0.02641895 -0.0379738
v -0.0457602 0.02682313 -0.0379738
v -0.04566177 0.02697764 -0.0379738
v -0.04557717 0.02714014 -0.0379738
v -0.04550706 0.0273094 -0.0379738
v -0.04545197 0.02748412 -0.0379738
v -0.04541232 0.02766298 -0.0379738
v -0.04819866 0.03000099 -0.0379738
v -0.04836792 0.02993089 -0.0379738
v -0.04908911 0.02937749 -0.0379738
v -0.04920064 0.02923215 -0.0379738
v -0.04929907 0.02907764 -0.0379738
v -0.04676218 0.02605429 -0.0379738
v -0.04659292 0.02612439 -0.0379738
v -0.04676218 0.03000099 -0.0379738
v -0.0469369 0.03005608 -0.0379738
v -0.04711576 0.03009574 -0.0379738
v -0.04729739 0.03011965 -0.0379738
v -0.04748042 0.03012764 -0.0379738
v -0.04766345 0.03011965 -0.0379738
v -0.04920064 0.02682313 -0.0379738
v -0.04908911 0.02667779 -0.0379738
v -0.04948042 0.02456354 -0.0379738
v -0.04868493 0.02630742 -0.0379738
v -0.04853042 0.02620899 -0.0379738
v -0.04836792 0.02612439 -0.0379738
v -0.04945377 0.0273094 -0.0379738
v -0.04938367 0.02714014 -0.0379738
v -0.04929907 0.02697764 -0.0379738
v -0.04896534 0.02654272 -0.0379738
v -0.04883027 0.02641895 -0.0379738
v -0.04819866 0.02605429 -0.0379738
v -0.04802394 0.0259992 -0.0379738
v -0.04784508 0.02595954 -0.0379738
v -0.04766345 0.02593563 -0.0379738
v -0.04748042 0.02592764 -0.0379738
v -0.04729739 0.02593563 -0.0379738
v -0.03154851 0.0163923 -0.0379738
v -0.03157243 0.01621067 -0.0379738
v -0.03348042 0.01602764 -0.0379738
v -0.03158042 0.01602764 -0.0379738
v -0.03157243 0.01584461 -0.0379738
v -0.02966345 0.01811965 -0.0379738
v -0.02984508 0.01809574 -0.0379738
v -0.03148042 0.01949174 -0.0379738
v -0.02827591 0.01430742 -0.0379738
v -0.02813056 0.01441895 -0.0379738
v -0.02748042 0.01256354 -0.0379738
v -0.02799549 0.01454272 -0.0379738
v -0.02787172 0.01467779 -0.0379738
v -0.02738042 0.01602764 -0.0379738
v -0.02738841 0.01621067 -0.0379738
v -0.02548042 0.01602764 -0.0379738
v -0.02741232 0.0163923 -0.0379738
v -0.02745197 0.01657116 -0.0379738
v -0.0277602 0.01723215 -0.0379738
v -0.02787172 0.01737749 -0.0379738
v -0.02748042 0.01949174 -0.0379738
v -0.02799549 0.01751256 -0.0379738
v -0.02813056 0.01763633 -0.0379738
v -0.02827591 0.01774786 -0.0379738
v -0.02843042 0.01784629 -0.0379738
v -0.03154851 0.01566298 -0.0379738
v -0.03150886 0.01548412 -0.0379738
v -0.03145377 0.0153094 -0.0379738
v -0.02911576 0.01395954 -0.0379738
v -0.0289369 0.0139992 -0.0379738
v -0.02876218 0.01405429 -0.0379738
v -0.02750706 0.0153094 -0.0379738
v -0.02745197 0.01548412 -0.0379738
v -0.02859292 0.01412439 -0.0379738
v -0.02843042 0.01420899 -0.0379738
v -0.0277602 0.01482313 -0.0379738
v -0.02766176 0.01497764 -0.0379738
v -0.02757717 0.01514014 -0.0379738
v -0.02741232 0.01566298 -0.0379738
v -0.02738841 0.01584461 -0.0379738
v -0.02750706 0.01674588 -0.0379738
v -0.02757717 0.01691514 -0.0379738
v -0.02766176 0.01707764 -0.0379738
v -0.02859292 0.01793089 -0.0379738
v -0.02876218 0.01800099 -0.0379738
v -0.0289369 0.01805608 -0.0379738
v -0.03138366 0.01691514 -0.0379738
v -0.03145377 0.01674588 -0.0379738
v -0.03150886 0.01657116 -0.0379738
v -0.03148042 0.01256354 -0.0379738
v -0.03053042 0.01420899 -0.0379738
v -0.03036792 0.01412439 -0.0379738
v -0.02911576 0.01809574 -0.0379738
v -0.02929739 0.01811965 -0.0379738
v -0.02948042 0.01812764 -0.0379738
v -0.03083027 0.01763633 -0.0379738
v -0.03096534 0.01751256 -0.0379738
v -0.03138366 0.01514014 -0.0379738
v -0.03129907 0.01497764 -0.0379738
v -0.03120064 0.01482313 -0.0379738
v -0.03108911 0.01467779 -0.0379738
v -0.03096534 0.01454272 -0.0379738
v -0.03019866 0.01405429 -0.0379738
v -0.03002394 0.0139992 -0.0379738
v -0.02984508 0.01395954 -0.0379738
v -0.03002394 0.01805608 -0.0379738
v -0.03019866 0.01800099 -0.0379738
v -0.03036792 0.01793089 -0.0379738
v -0.03053042 0.01784629 -0.0379738
v -0.03068493 0.01774786 -0.0379738
v -0.03108911 0.01737749 -0.0379738
v -0.03120064 0.01723215 -0.0379738
v -0.03129907 0.01707764 -0.0379738
v -0.03083027 0.01441895 -0.0379738
v -0.03068493 0.01430742 -0.0379738
v -0.02966345 0.01393563 -0.0379738
v -0.02948042 0.01392764 -0.0379738
v -0.02929739 0.01393563 -0.0379738
v -0.03154851 0.0283923 -0.0379738
v -0.03157243 0.02821067 -0.0379738
v -0.03348042 0.02802764 -0.0379738
v -0.03158042 0.02802764 -0.0379738
v -0.03157243 0.02784461 -0.0379738
v -0.03154851 0.02766298 -0.0379738
v -0.03150886 0.02748412 -0.0379738
v -0.03145377 0.0273094 -0.0379738
v -0.02827591 0.02974786 -0.0379738
v -0.02843042 0.02984629 -0.0379738
v -0.02748042 0.03149174 -0.0379738
v -0.03120064 0.02682313 -0.0379738
v -0.03148042 0.02456354 -0.0379738
v -0.03129907 0.02697764 -0.0379738
v -0.03138366 0.02714014 -0.0379738
v -0.0277602 0.02923215 -0.0379738
v -0.02787172 0.02937749 -0.0379738
v -0.03108911 0.02667779 -0.0379738
v -0.03096534 0.02654272 -0.0379738
v -0.03083027 0.02641895 -0.0379738
v -0.03068493 0.02630742 -0.0379738
v -0.03053042 0.02620899 -0.0379738
v -0.03036792 0.02612439 -0.0379738
v -0.02799549 0.02951256 -0.0379738
v -0.02813056 0.02963633 -0.0379738
v -0.02859292 0.02993089 -0.0379738
v -0.02876218 0.03000099 -0.0379738
v -0.0289369 0.03005608 -0.0379738
v -0.03053042 0.02984629 -0.0379738
v -0.03068493 0.02974786 -0.0379738
v -0.03148042 0.03149174 -0.0379738
v -0.03083027 0.02963633 -0.0379738
v -0.03096534 0.02951256 -0.0379738
v -0.03019866 0.02605429 -0.0379738
v -0.03002394 0.0259992 -0.0379738
v -0.02984508 0.02595954 -0.0379738
v -0.02966345 0.02593563 -0.0379738
v -0.02948042 0.02592764 -0.0379738
v -0.02748042 0.02456354 -0.0379738
v -0.02929739 0.02593563 -0.0379738
v -0.02911576 0.02595954 -0.0379738
v -0.0289369 0.0259992 -0.0379738
v -0.02876218 0.02605429 -0.0379738
v -0.02738042 0.02802764 -0.0379738
v -0.02738841 0.02821067 -0.0379738
v -0.02548042 0.02802764 -0.0379738
v -0.02741232 0.0283923 -0.0379738
v -0.02745197 0.02857116 -0.0379738
v -0.02948042 0.03012764 -0.0379738
v -0.02929739 0.03011965 -0.0379738
v -0.02911576 0.03009574 -0.0379738
v -0.03138366 0.02891514 -0.0379738
v -0.03145377 0.02874588 -0.0379738
v -0.03150886 0.02857116 -0.0379738
v -0.02859292 0.02612439 -0.0379738
v -0.02843042 0.02620899 -0.0379738
v -0.02827591 0.02630742 -0.0379738
v -0.02813056 0.02641895 -0.0379738
v -0.02799549 0.02654272 -0.0379738
v -0.02787172 0.02667779 -0.0379738
v -0.02966345 0.03011965 -0.0379738
v -0.02984508 0.03009574 -0.0379738
v -0.03002394 0.03005608 -0.0379738
v -0.03019866 0.03000099 -0.0379738
v -0.03036792 0.02993089 -0.0379738
v -0.03108911 0.02937749 -0.0379738
v -0.03120064 0.02923215 -0.0379738
v -0.03129907 0.02907764 -0.0379738
v -0.02750706 0.02874588 -0.0379738
v -0.02757717 0.02891514 -0.0379738
v -0.02766176 0.02907764 -0.0379738
v -0.0277602 0.02682313 -0.0379738
v -0.02766176 0.02697764 -0.0379738
v -0.02757717 0.02714014 -0.0379738
v -0.02750706 0.0273094 -0.0379738
v -0.02745197 0.02748412 -0.0379738
v -0.02741232 0.02766298 -0.0379738
v -0.02738841 0.02784461 -0.0379738
v -0.04950886 0.01548412 -0.0379738
v -0.05148042 0.01602764 -0.0379738
v -0.04954851 0.01566298 -0.0379738
v -0.04957243 0.01584461 -0.0379738
v -0.04766345 0.01811965 -0.0379738
v -0.04784508 0.01809574 -0.0379738
v -0.04948042 0.01949174 -0.0379738
v -0.04954851 0.0163923 -0.0379738
v -0.04957243 0.01621067 -0.0379738
v -0.04958042 0.01602764 -0.0379738
v -0.04348042 0.01602764 -0.0379738
v -0.04541232 0.0163923 -0.0379738
v -0.04545197 0.01657116 -0.0379738
v -0.0457602 0.01482313 -0.0379738
v -0.04566177 0.01497764 -0.0379738
v -0.04548042 0.01256354 -0.0379738
v -0.0457602 0.01723215 -0.0379738
v -0.04587172 0.01737749 -0.0379738
v -0.04548042 0.01949174 -0.0379738
v -0.04599549 0.01751256 -0.0379738
v -0.04938367 0.01691514 -0.0379738
v -0.04945377 0.01674588 -0.0379738
v -0.04950886 0.01657116 -0.0379738
v -0.04550706 0.0153094 -0.0379738
v -0.04545197 0.01548412 -0.0379738
v -0.04541232 0.01566298 -0.0379738
v -0.04538841 0.01584461 -0.0379738
v -0.04538042 0.01602764 -0.0379738
v -0.04538841 0.01621067 -0.0379738
v -0.04613056 0.01763633 -0.0379738
v -0.04627591 0.01774786 -0.0379738
v -0.04643042 0.01784629 -0.0379738
v -0.04659292 0.01793089 -0.0379738
v -0.04676218 0.01800099 -0.0379738
v -0.0469369 0.01805608 -0.0379738
v -0.04945377 0.0153094 -0.0379738
v -0.04938367 0.01514014 -0.0379738
v -0.04948042 0.01256354 -0.0379738
v -0.04929907 0.01497764 -0.0379738
v -0.04627591 0.01430742 -0.0379738
v -0.04613056 0.01441895 -0.0379738
v -0.04557717 0.01514014 -0.0379738
v -0.04550706 0.01674588 -0.0379738
v -0.04557717 0.01691514 -0.0379738
v -0.04566177 0.01707764 -0.0379738
v -0.04802394 0.01805608 -0.0379738
v -0.04819866 0.01800099 -0.0379738
v -0.04836792 0.01793089 -0.0379738
v -0.04883027 0.01763633 -0.0379738
v -0.04896534 0.01751256 -0.0379738
v -0.04599549 0.01454272 -0.0379738
v -0.04587172 0.01467779 -0.0379738
v -0.04711576 0.01809574 -0.0379738
v -0.04729739 0.01811965 -0.0379738
v -0.04748042 0.01812764 -0.0379738
v -0.04853042 0.01784629 -0.0379738
v -0.04868493 0.01774786 -0.0379738
v -0.04908911 0.01737749 -0.0379738
v -0.04920064 0.01723215 -0.0379738
v -0.04929907 0.01707764 -0.0379738
v -0.04676218 0.01405429 -0.0379738
v -0.04659292 0.01412439 -0.0379738
v -0.04643042 0.01420899 -0.0379738
v -0.04920064 0.01482313 -0.0379738
v -0.04908911 0.01467779 -0.0379738
v -0.04896534 0.01454272 -0.0379738
v -0.04883027 0.01441895 -0.0379738
v -0.04868493 0.01430742 -0.0379738
v -0.04853042 0.01420899 -0.0379738
v -0.04802394 0.0139992 -0.0379738
v -0.04784508 0.01395954 -0.0379738
v -0.04766345 0.01393563 -0.0379738
v -0.04748042 0.01392764 -0.0379738
v -0.04729739 0.01393563 -0.0379738
v -0.04711576 0.01395954 -0.0379738
v -0.0469369 0.0139992 -0.0379738
v -0.04836792 0.01412439 -0.0379738
v -0.04819866 0.01405429 -0.0379738
v -0.02948042 0.03012764 -0.0254738
v -0.02966345 0.03011965 -0.0254738
v -0.02984508 0.03009574 -0.0254738
v -0.03002394 0.03005608 -0.0254738
v -0.03019866 0.03000099 -0.0254738
v -0.03036792 0.02993089 -0.0254738
v -0.03053042 0.02984629 -0.0254738
v -0.03068493 0.02974786 -0.0254738
v -0.03083027 0.02963633 -0.0254738
v -0.03096534 0.02951256 -0.0254738
v -0.03108911 0.02937749 -0.0254738
v -0.03120064 0.02923215 -0.0254738
v -0.03129907 0.02907764 -0.0254738
v -0.03138366 0.02891514 -0.0254738
v -0.03145377 0.02874588 -0.0254738
v -0.03150886 0.02857116 -0.0254738
v -0.03154851 0.0283923 -0.0254738
v -0.03157243 0.02821067 -0.0254738
v -0.03158042 0.02802764 -0.0254738
v -0.03157243 0.02784461 -0.0254738
v -0.03154851 0.02766298 -0.0254738
v -0.03150886 0.02748412 -0.0254738
v -0.03145377 0.0273094 -0.0254738
v -0.03138366 0.02714014 -0.0254738
v -0.03129907 0.02697764 -0.0254738
v -0.03120064 0.02682313 -0.0254738
v -0.03108911 0.02667779 -0.0254738
v -0.03096534 0.02654272 -0.0254738
v -0.03083027 0.02641895 -0.0254738
v -0.03068493 0.02630742 -0.0254738
v -0.03053042 0.02620899 -0.0254738
v -0.03036792 0.02612439 -0.0254738
v -0.03019866 0.02605429 -0.0254738
v -0.03002394 0.0259992 -0.0254738
v -0.02984508 0.02595954 -0.0254738
v -0.02966345 0.02593563 -0.0254738
v -0.02948042 0.02592764 -0.0254738
v -0.02929739 0.02593563 -0.0254738
v -0.02911576 0.02595954 -0.0254738
v -0.0289369 0.0259992 -0.0254738
v -0.02876218 0.02605429 -0.0254738
v -0.02859292 0.02612439 -0.0254738
v -0.02843042 0.02620899 -0.0254738
v -0.02827591 0.02630742 -0.0254738
v -0.02813056 0.02641895 -0.0254738
v -0.02799549 0.02654272 -0.0254738
v -0.02787172 0.02667779 -0.0254738
v -0.0277602 0.02682313 -0.0254738
v -0.02766176 0.02697764 -0.0254738
v -0.02757717 0.02714014 -0.0254738
v -0.02750706 0.0273094 -0.0254738
v -0.02745197 0.02748412 -0.0254738
v -0.02741232 0.02766298 -0.0254738
v -0.02738841 0.02784461 -0.0254738
v -0.02738042 0.02802764 -0.0254738
v -0.02738841 0.02821067 -0.0254738
v -0.02741232 0.0283923 -0.0254738
v -0.02745197 0.02857116 -0.0254738
v -0.02750706 0.02874588 -0.0254738
v -0.02757717 0.02891514 -0.0254738
v -0.02766176 0.02907764 -0.0254738
v -0.0277602 0.02923215 -0.0254738
v -0.02787172 0.02937749 -0.0254738
v -0.02799549 0.02951256 -0.0254738
v -0.02813056 0.02963633 -0.0254738
v -0.02827591 0.02974786 -0.0254738
v -0.02843042 0.02984629 -0.0254738
v -0.02859292 0.02993089 -0.0254738
v -0.02876218 0.03000099 -0.0254738
v -0.0289369 0.03005608 -0.0254738
v -0.02911576 0.03009574 -0.0254738
v -0.02929739 0.03011965 -0.0254738
v -0.02948042 0.01812764 -0.0254738
v -0.02966345 0.01811965 -0.0254738
v -0.02984508 0.01809574 -0.0254738
v -0.03002394 0.01805608 -0.0254738
v -0.03019866 0.01800099 -0.0254738
v -0.03036792 0.01793089 -0.0254738
v -0.03053042 0.01784629 -0.0254738
v -0.03068493 0.01774786 -0.0254738
v -0.03083027 0.01763633 -0.0254738
v -0.03096534 0.01751256 -0.0254738
v -0.03108911 0.01737749 -0.0254738
v -0.03120064 0.01723215 -0.0254738
v -0.03129907 0.01707764 -0.0254738
v -0.03138366 0.01691514 -0.0254738
v -0.03145377 0.01674588 -0.0254738
v -0.03150886 0.01657116 -0.0254738
v -0.03154851 0.0163923 -0.0254738
v -0.03157243 0.01621067 -0.0254738
v -0.03158042 0.01602764 -0.0254738
v -0.03157243 0.01584461 -0.0254738
v -0.03154851 0.01566298 -0.0254738
v -0.03150886 0.01548412 -0.0254738
v -0.03145377 0.0153094 -0.0254738
v -0.03138366 0.01514014 -0.0254738
v -0.03129907 0.01497764 -0.0254738
v -0.03120064 0.01482313 -0.0254738
v -0.03108911 0.01467779 -0.0254738
v -0.03096534 0.01454272 -0.0254738
v -0.03083027 0.01441895 -0.0254738
v -0.03068493 0.01430742 -0.0254738
v -0.03053042 0.01420899 -0.0254738
v -0.03036792 0.01412439 -0.0254738
v -0.03019866 0.01405429 -0.0254738
v -0.03002394 0.0139992 -0.0254738
v -0.02984508 0.01395954 -0.0254738
v -0.02966345 0.01393563 -0.0254738
v -0.02948042 0.01392764 -0.0254738
v -0.02929739 0.01393563 -0.0254738
v -0.02911576 0.01395954 -0.0254738
v -0.0289369 0.0139992 -0.0254738
v -0.02876218 0.01405429 -0.0254738
v -0.02859292 0.01412439 -0.0254738
v -0.02843042 0.01420899 -0.0254738
v -0.02827591 0.01430742 -0.0254738
v -0.02813056 0.01441895 -0.0254738
v -0.02799549 0.01454272 -0.0254738
v -0.02787172 0.01467779 -0.0254738
v -0.0277602 0.01482313 -0.0254738
v -0.02766176 0.01497764 -0.0254738
v -0.02757717 0.01514014 -0.0254738
v -0.02750706 0.0153094 -0.0254738
v -0.02745197 0.01548412 -0.0254738
v -0.02741232 0.01566298 -0.0254738
v -0.02738841 0.01584461 -0.0254738
v -0.02738042 0.01602764 -0.0254738
v -0.02738841 0.01621067 -0.0254738
v -0.02741232 0.0163923 -0.0254738
v -0.02745197 0.01657116 -0.0254738
v -0.02750706 0.01674588 -0.0254738
v -0.02757717 0.01691514 -0.0254738
v -0.02766176 0.01707764 -0.0254738
v -0.0277602 0.01723215 -0.0254738
v -0.02787172 0.01737749 -0.0254738
v -0.02799549 0.01751256 -0.0254738
v -0.02813056 0.01763633 -0.0254738
v -0.02827591 0.01774786 -0.0254738
v -0.02843042 0.01784629 -0.0254738
v -0.02859292 0.01793089 -0.0254738
v -0.02876218 0.01800099 -0.0254738
v -0.0289369 0.01805608 -0.0254738
v -0.02911576 0.01809574 -0.0254738
v -0.02929739 0.01811965 -0.0254738
v -0.04748042 0.01812764 -0.0254738
v -0.04766345 0.01811965 -0.0254738
v -0.04784508 0.01809574 -0.0254738
v -0.04802394 0.01805608 -0.0254738
v -0.04819866 0.01800099 -0.0254738
v -0.04836792 0.01793089 -0.0254738
v -0.04853042 0.01784629 -0.0254738
v -0.04868493 0.01774786 -0.0254738
v -0.04883027 0.01763633 -0.0254738
v -0.04896534 0.01751256 -0.0254738
v -0.04908911 0.01737749 -0.0254738
v -0.04920064 0.01723215 -0.0254738
v -0.04929907 0.01707764 -0.0254738
v -0.04938367 0.01691514 -0.0254738
v -0.04945377 0.01674588 -0.0254738
v -0.04950886 0.01657116 -0.0254738
v -0.04954851 0.0163923 -0.0254738
v -0.04957243 0.01621067 -0.0254738
v -0.04958042 0.01602764 -0.0254738
v -0.04957243 0.01584461 -0.0254738
v -0.04954851 0.01566298 -0.0254738
v -0.04950886 0.01548412 -0.0254738
v -0.04945377 0.0153094 -0.0254738
v -0.04938367 0.01514014 -0.0254738
v -0.04929907 0.01497764 -0.0254738
v -0.04920064 0.01482313 -0.0254738
v -0.04908911 0.01467779 -0.0254738
v -0.04896534 0.01454272 -0.0254738
v -0.04883027 0.01441895 -0.0254738
v -0.04868493 0.01430742 -0.0254738
v -0.04853042 0.01420899 -0.0254738
v -0.04836792 0.01412439 -0.0254738
v -0.04819866 0.01405429 -0.0254738
v -0.04802394 0.0139992 -0.0254738
v -0.04784508 0.01395954 -0.0254738
v -0.04766345 0.01393563 -0.0254738
v -0.04748042 0.01392764 -0.0254738
v -0.04729739 0.01393563 -0.0254738
v -0.04711576 0.01395954 -0.0254738
v -0.0469369 0.0139992 -0.0254738
v -0.04676218 0.01405429 -0.0254738
v -0.04659292 0.01412439 -0.0254738
v -0.04643042 0.01420899 -0.0254738
v -0.04627591 0.01430742 -0.0254738
v -0.04613056 0.01441895 -0.0254738
v -0.04599549 0.01454272 -0.0254738
v -0.04587172 0.01467779 -0.0254738
v -0.0457602 0.01482313 -0.0254738
v -0.04566177 0.01497764 -0.0254738
v -0.04557717 0.01514014 -0.0254738
v -0.04550706 0.0153094 -0.0254738
v -0.04545197 0.01548412 -0.0254738
v -0.04541232 0.01566298 -0.0254738
v -0.04538841 0.01584461 -0.0254738
v -0.04538042 0.01602764 -0.0254738
v -0.04538841 0.01621067 -0.0254738
v -0.04541232 0.0163923 -0.0254738
v -0.04545197 0.01657116 -0.0254738
v -0.04550706 0.01674588 -0.0254738
v -0.04557717 0.01691514 -0.0254738
v -0.04566177 0.01707764 -0.0254738
v -0.0457602 0.01723215 -0.0254738
v -0.04587172 0.01737749 -0.0254738
v -0.04599549 0.01751256 -0.0254738
v -0.04613056 0.01763633 -0.0254738
v -0.04627591 0.01774786 -0.0254738
v -0.04643042 0.01784629 -0.0254738
v -0.04659292 0.01793089 -0.0254738
v -0.04676218 0.01800099 -0.0254738
v -0.0469369 0.01805608 -0.0254738
v -0.04711576 0.01809574 -0.0254738
v -0.04729739 0.01811965 -0.0254738
v -0.04748042 0.03012764 -0.0254738
v -0.04766345 0.03011965 -0.0254738
v -0.04784508 0.03009574 -0.0254738
v -0.04802394 0.03005608 -0.0254738
v -0.04819866 0.03000099 -0.0254738
v -0.04836792 0.02993089 -0.0254738
v -0.04853042 0.02984629 -0.0254738
v -0.04868493 0.02974786 -0.0254738
v -0.04883027 0.02963633 -0.0254738
v -0.04896534 0.02951256 -0.0254738
v -0.04908911 0.02937749 -0.0254738
v -0.04920064 0.02923215 -0.0254738
v -0.04929907 0.02907764 -0.0254738
v -0.04938367 0.02891514 -0.0254738
v -0.04945377 0.02874588 -0.0254738
v -0.04950886 0.02857116 -0.0254738
v -0.04954851 0.0283923 -0.0254738
v -0.04957243 0.02821067 -0.0254738
v -0.04958042 0.02802764 -0.0254738
v -0.04957243 0.02784461 -0.0254738
v -0.04954851 0.02766298 -0.0254738
v -0.04950886 0.02748412 -0.0254738
v -0.04945377 0.0273094 -0.0254738
v -0.04938367 0.02714014 -0.0254738
v -0.04929907 0.02697764 -0.0254738
v -0.04920064 0.02682313 -0.0254738
v -0.04908911 0.02667779 -0.0254738
v -0.04896534 0.02654272 -0.0254738
v -0.04883027 0.02641895 -0.0254738
v -0.04868493 0.02630742 -0.0254738
v -0.04853042 0.02620899 -0.0254738
v -0.04836792 0.02612439 -0.0254738
v -0.04819866 0.02605429 -0.0254738
v -0.04802394 0.0259992 -0.0254738
v -0.04784508 0.02595954 -0.0254738
v -0.04766345 0.02593563 -0.0254738
v -0.04748042 0.02592764 -0.0254738
v -0.04729739 0.02593563 -0.0254738
v -0.04711576 0.02595954 -0.0254738
v -0.0469369 0.0259992 -0.0254738
v -0.04676218 0.02605429 -0.0254738
v -0.04659292 0.02612439 -0.0254738
v -0.04643042 0.02620899 -0.0254738
v -0.04627591 0.02630742 -0.0254738
v -0.04613056 0.02641895 -0.0254738
v -0.04599549 0.02654272 -0.0254738
v -0.04587172 0.02667779 -0.0254738
v -0.0457602 0.02682313 -0.0254738
v -0.04566177 0.02697764 -0.0254738
v -0.04557717 0.02714014 -0.0254738
v -0.04550706 0.0273094 -0.0254738
v -0.04545197 0.02748412 -0.0254738
v -0.04541232 0.02766298 -0.0254738
v -0.04538841 0.02784461 -0.0254738
v -0.04538042 0.02802764 -0.0254738
v -0.04538841 0.02821067 -0.0254738
v -0.04541232 0.0283923 -0.0254738
v -0.04545197 0.02857116 -0.0254738
v -0.04550706 0.02874588 -0.0254738
v -0.04557717 0.02891514 -0.0254738
v -0.04566177 0.02907764 -0.0254738
v -0.0457602 0.02923215 -0.0254738
v -0.04587172 0.02937749 -0.0254738
v -0.04599549 0.02951256 -0.0254738
v -0.04613056 0.02963633 -0.0254738
v -0.04627591 0.02974786 -0.0254738
v -0.04643042 0.02984629 -0.0254738
v -0.04659292 0.02993089 -0.0254738
v -0.04676218 0.03000099 -0.0254738
v -0.0469369 0.03005608 -0.0254738
v -0.04711576 0.03009574 -0.0254738
v -0.04729739 0.03011965 -0.0254738
v -0.03848042 0.03502764 -0.0545738
v -0.0439415 0.04532764 -0.05385484
v -0.0421444 0.03502764 -0.05425325
v -0.0439415 0.03502764 -0.05385484
v -0.04569704 0.03502764 -0.05330132
v -0.04569704 0.04532764 -0.05330132
v -0.04739766 0.03502764 -0.0525969
v -0.04739766 0.04532764 -0.0525969
v -0.04903042 0.03502764 -0.05174694
v -0.04903042 0.04532764 -0.05174694
v -0.05058288 0.03502764 -0.05075791
v -0.05058288 0.04532764 -0.05075791
v -0.05204324 0.03502764 -0.04963734
v -0.05340037 0.04532764 -0.04839376
v -0.05204324 0.04532764 -0.04963734
v -0.05464396 0.04532764 -0.04703662
v -0.05576453 0.04532764 -0.04557627
v -0.05675355 0.04532764 -0.0440238
v -0.05760351 0.04532764 -0.04239105
v -0.05830793 0.04532764 -0.04069043
v -0.05886145 0.04532764 -0.03893488
v -0.05925986 0.04532764 -0.03713778
v -0.05950013 0.04532764 -0.03531279
v -0.05958042 0.04532764 -0.0334738
v -0.05950013 0.04532764 -0.03163482
v -0.05925986 0.04532764 -0.02980983
v -0.05886145 0.04532764 -0.02801272
v -0.05830793 0.04532764 -0.02625718
v -0.05760351 0.04532764 -0.02455656
v -0.05675355 0.04532764 -0.0229238
v -0.05576453 0.04532764 -0.02137134
v -0.05464396 0.04532764 -0.01991098
v -0.05340037 0.04532764 -0.01855385
v -0.05204324 0.04532764 -0.01731027
v -0.05204324 0.03502764 -0.01731027
v -0.05058288 0.03502764 -0.01618969
v -0.05058288 0.04532764 -0.01618969
v -0.04903042 0.03502764 -0.01520067
v -0.04903042 0.04532764 -0.01520067
v -0.04739766 0.03502764 -0.01435071
v -0.04739766 0.04532764 -0.01435071
v -0.04569704 0.03502764 -0.01364629
v -0.04569704 0.04532764 -0.01364629
v -0.0439415 0.03502764 -0.01309277
v -0.0439415 0.04532764 -0.01309277
v -0.0421444 0.03502764 -0.01269436
v -0.0421444 0.04532764 -0.01269436
v -0.04031941 0.03502764 -0.01245409
v -0.04031941 0.04532764 -0.01245409
v -0.03848042 0.03502764 -0.0123738
v -0.03848042 0.04532764 -0.0123738
v -0.03664143 0.03502764 -0.01245409
v -0.03664143 0.04532764 -0.01245409
v -0.03481644 0.03502764 -0.01269436
v -0.03481644 0.04532764 -0.01269436
v -0.03301934 0.03502764 -0.01309277
v -0.03301934 0.04532764 -0.01309277
v -0.03126379 0.03502764 -0.01364629
v -0.03126379 0.04532764 -0.01364629
v -0.02956317 0.03502764 -0.01435071
v -0.02956317 0.04532764 -0.01435071
v -0.02793042 0.03502764 -0.01520067
v -0.02793042 0.04532764 -0.01520067
v -0.02637796 0.03502764 -0.01618969
v -0.02637796 0.04532764 -0.01618969
v -0.0249176 0.03502764 -0.01731027
v -0.02356046 0.04532764 -0.01855385
v -0.0249176 0.04532764 -0.01731027
v -0.02231688 0.04532764 -0.01991098
v -0.02119631 0.04532764 -0.02137134
v -0.02020728 0.04532764 -0.0229238
v -0.01935732 0.04532764 -0.02455656
v -0.0186529 0.04532764 -0.02625718
v -0.01809938 0.04532764 -0.02801272
v -0.0249176 0.03502764 -0.04963734
v -0.02637796 0.03502764 -0.05075791
v -0.02793042 0.03502764 -0.05174694
v -0.02956317 0.03502764 -0.0525969
v -0.03126379 0.03502764 -0.05330132
v -0.03301934 0.03502764 -0.05385484
v -0.03481644 0.03502764 -0.05425325
v -0.03664143 0.03502764 -0.05449351
v -0.04031941 0.03502764 -0.05449351
v -0.01809938 0.04982764 -0.03893488
v -0.0186529 0.04982764 -0.04069043
v -0.01935732 0.04982764 -0.04239105
v -0.02020728 0.04982764 -0.0440238
v -0.02119631 0.04982764 -0.04557627
v -0.02231688 0.04982764 -0.04703662
v -0.02356046 0.04982764 -0.04839376
v -0.0249176 0.04982764 -0.04963734
v -0.02637796 0.04982764 -0.05075791
v -0.02793042 0.04982764 -0.05174694
v -0.02956317 0.04982764 -0.0525969
v -0.03126379 0.04982764 -0.05330132
v -0.03301934 0.04982764 -0.05385484
v -0.03481644 0.04982764 -0.05425325
v -0.03664143 0.04982764 -0.05449351
v -0.03848042 0.04982764 -0.0545738
v -0.04031941 0.04982764 -0.05449351
v -0.0421444 0.04982764 -0.05425325
v -0.0439415 0.04982764 -0.05385484
v -0.04569704 0.04982764 -0.05330132
v -0.04739766 0.04982764 -0.0525969
v -0.04903042 0.04982764 -0.05174694
v -0.05058288 0.04982764 -0.05075791
v -0.05204324 0.04982764 -0.04963734
v -0.05340037 0.04982764 -0.04839376
v -0.05464396 0.04982764 -0.04703662
v -0.05576453 0.04982764 -0.04557627
v -0.05675355 0.04982764 -0.0440238
v -0.05760351 0.04982764 -0.04239105
v -0.05830793 0.04982764 -0.04069043
v -0.05886145 0.04982764 -0.03893488
v -0.05925986 0.04982764 -0.03713778
v -0.05950013 0.04982764 -0.03531279
v -0.05958042 0.04982764 -0.0334738
v -0.05950013 0.04982764 -0.03163482
v -0.05925986 0.04982764 -0.02980983
v -0.05886145 0.04982764 -0.02801272
v -0.05830793 0.04982764 -0.02625718
v -0.05760351 0.04982764 -0.02455656
v -0.05675355 0.04982764 -0.0229238
v -0.05576453 0.04982764 -0.02137134
v -0.05464396 0.04982764 -0.01991098
v -0.05340037 0.04982764 -0.01855385
v -0.05204324 0.04982764 -0.01731027
v -0.05058288 0.04982764 -0.01618969
v -0.04903042 0.04982764 -0.01520067
v -0.04739766 0.04982764 -0.01435071
v -0.04569704 0.04982764 -0.01364629
v -0.0439415 0.04982764 -0.01309277
v -0.0421444 0.04982764 -0.01269436
v -0.04031941 0.04982764 -0.01245409
v -0.03848042 0.04982764 -0.0123738
v -0.03664143 0.04982764 -0.01245409
v -0.03481644 0.04982764 -0.01269436
v -0.03301934 0.04982764 -0.01309277
v -0.03126379 0.04982764 -0.01364629
v -0.02956317 0.04982764 -0.01435071
v -0.02793042 0.04982764 -0.01520067
v -0.02637796 0.04982764 -0.01618969
v -0.0249176 0.04982764 -0.01731027
v -0.02356046 0.04982764 -0.01855385
v -0.02231688 0.04982764 -0.01991098
v -0.02119631 0.04982764 -0.02137134
v -0.02020728 0.04982764 -0.0229238
v -0.01935732 0.04982764 -0.02455656
v -0.0186529 0.04982764 -0.02625718
v -0.01809938 0.04982764 -0.02801272
v -0.01770097 0.04982764 -0.02980983
v -0.01746071 0.04982764 -0.03163482
v -0.01738042 0.04982764 -0.0334738
v -0.01746071 0.04982764 -0.03531279
v -0.01770097 0.04982764 -0.03713778
v -0.03301934 0.05732764 -0.05385484
v -0.0327864 0.05732764 -0.05472417
v -0.03481644 0.05732764 -0.05425325
v -0.03466016 0.05732764 -0.05513957
v -0.03664143 0.05732764 -0.05449351
v -0.03656299 0.05732764 -0.05539009
v -0.03848042 0.05732764 -0.0545738
v -0.03848042 0.05732764 -0.0554738
v -0.04031941 0.05732764 -0.05449351
v -0.04039785 0.05732764 -0.05539009
v -0.0421444 0.05732764 -0.05425325
v -0.04230068 0.05732764 -0.05513957
v -0.0439415 0.05732764 -0.05385484
v -0.04417444 0.05732764 -0.05472417
v -0.04569704 0.05732764 -0.05330132
v -0.04600486 0.05732764 -0.05414704
v -0.04739766 0.05732764 -0.0525969
v -0.04777802 0.05732764 -0.05341258
v -0.04903042 0.05732764 -0.05174694
v -0.04948042 0.05732764 -0.05252636
v -0.05058288 0.05732764 -0.05075791
v -0.0510991 0.05732764 -0.05149515
v -0.05204324 0.05732764 -0.04963734
v -0.05262174 0.05732764 -0.05032678
v -0.05340037 0.05732764 -0.04839376
v -0.05403677 0.05732764 -0.04903015
v -0.05464396 0.05732764 -0.04703662
v -0.05533339 0.05732764 -0.04761513
v -0.05576453 0.05732764 -0.04557627
v -0.05650176 0.05732764 -0.04609248
v -0.05675355 0.05732764 -0.0440238
v -0.05753298 0.05732764 -0.0444738
v -0.05760351 0.05732764 -0.04239105
v -0.05841919 0.05732764 -0.0427714
v -0.05830793 0.05732764 -0.04069043
v -0.05915366 0.05732764 -0.04099825
v -0.05886145 0.05732764 -0.03893488
v -0.05973079 0.05732764 -0.03916782
v -0.05925986 0.05732764 -0.03713778
v -0.06014619 0.05732764 -0.03729406
v -0.05950013 0.05732764 -0.03531279
v -0.0603967 0.05732764 -0.03539123
v -0.05958042 0.05732764 -0.0334738
v -0.06048042 0.05732764 -0.0334738
v -0.05950013 0.05732764 -0.03163482
v -0.0603967 0.05732764 -0.03155638
v -0.05925986 0.05732764 -0.02980983
v -0.06014619 0.05732764 -0.02965354
v -0.05886145 0.05732764 -0.02801272
v -0.05973079 0.05732764 -0.02777978
v -0.05830793 0.05732764 -0.02625718
v -0.05915366 0.05732764 -0.02594936
v -0.05760351 0.05732764 -0.02455656
v -0.05841919 0.05732764 -0.0241762
v -0.05675355 0.05732764 -0.0229238
v -0.05753298 0.05732764 -0.0224738
v -0.05576453 0.05732764 -0.02137134
v -0.05650176 0.05732764 -0.02085512
v -0.05464396 0.05732764 -0.01991098
v -0.05533339 0.05732764 -0.01933248
v -0.05340037 0.05732764 -0.01855385
v -0.05403677 0.05732764 -0.01791745
v -0.05204324 0.05732764 -0.01731027
v -0.05262174 0.05732764 -0.01662082
v -0.05058288 0.05732764 -0.01618969
v -0.0510991 0.05732764 -0.01545246
v -0.04903042 0.05732764 -0.01520067
v -0.04948042 0.05732764 -0.01442124
v -0.04739766 0.05732764 -0.01435071
v -0.04777802 0.05732764 -0.01353503
v -0.04569704 0.05732764 -0.01364629
v -0.04600486 0.05732764 -0.01280056
v -0.0439415 0.05732764 -0.01309277
v -0.04417444 0.05732764 -0.01222343
v -0.0421444 0.05732764 -0.01269436
v -0.04230068 0.05732764 -0.01180803
v -0.04031941 0.05732764 -0.01245409
v -0.04039785 0.05732764 -0.01155752
v -0.03848042 0.05732764 -0.0123738
v -0.03848042 0.05732764 -0.0114738
v -0.03664143 0.05732764 -0.01245409
v -0.03656299 0.05732764 -0.01155752
v -0.03481644 0.05732764 -0.01269436
v -0.03466016 0.05732764 -0.01180803
v -0.03301934 0.05732764 -0.01309277
v -0.0327864 0.05732764 -0.01222343
v -0.03126379 0.05732764 -0.01364629
v -0.03095598 0.05732764 -0.01280056
v -0.02956317 0.05732764 -0.01435071
v -0.02918282 0.05732764 -0.01353503
v -0.02793042 0.05732764 -0.01520067
v -0.02748042 0.05732764 -0.01442124
v -0.02637796 0.05732764 -0.01618969
v -0.02586174 0.05732764 -0.01545246
v -0.0249176 0.05732764 -0.01731027
v -0.02433909 0.05732764 -0.01662082
v -0.02356046 0.05732764 -0.01855385
v -0.02292407 0.05732764 -0.01791745
v -0.02231688 0.05732764 -0.01991098
v -0.02162744 0.05732764 -0.01933248
v -0.02119631 0.05732764 -0.02137134
v -0.02045907 0.05732764 -0.02085512
v -0.02020728 0.05732764 -0.0229238
v -0.01942786 0.05732764 -0.0224738
v -0.01935732 0.05732764 -0.02455656
v -0.01854165 0.05732764 -0.0241762
v -0.0186529 0.05732764 -0.02625718
v -0.01780718 0.05732764 -0.02594936
v -0.01809938 0.05732764 -0.02801272
v -0.01723005 0.05732764 -0.02777978
v -0.01770097 0.05732764 -0.02980983
v -0.01681465 0.05732764 -0.02965354
v -0.01746071 0.05732764 -0.03163482
v -0.01656413 0.05732764 -0.03155638
v -0.01738042 0.05732764 -0.0334738
v -0.01648042 0.05732764 -0.0334738
v -0.01746071 0.05732764 -0.03531279
v -0.01656413 0.05732764 -0.03539123
v -0.01770097 0.05732764 -0.03713778
v -0.01681465 0.05732764 -0.03729406
v -0.01809938 0.05732764 -0.03893488
v -0.01723005 0.05732764 -0.03916782
v -0.0186529 0.05732764 -0.04069043
v -0.01780718 0.05732764 -0.04099825
v -0.01935732 0.05732764 -0.04239105
v -0.01854165 0.05732764 -0.0427714
v -0.02020728 0.05732764 -0.0440238
v -0.01942786 0.05732764 -0.0444738
v -0.02119631 0.05732764 -0.04557627
v -0.02045907 0.05732764 -0.04609248
v -0.02231688 0.05732764 -0.04703662
v -0.02162744 0.05732764 -0.04761513
v -0.02356046 0.05732764 -0.04839376
v -0.02292407 0.05732764 -0.04903015
v -0.0249176 0.05732764 -0.04963734
v -0.02433909 0.05732764 -0.05032678
v -0.02637796 0.05732764 -0.05075791
v -0.02586174 0.05732764 -0.05149515
v -0.02793042 0.05732764 -0.05174694
v -0.02748042 0.05732764 -0.05252636
v -0.02956317 0.05732764 -0.0525969
v -0.02918282 0.05732764 -0.05341258
v -0.03126379 0.05732764 -0.05330132
v -0.03095598 0.05732764 -0.05414704
v -0.06048042 0.06232764 -0.0334738
v -0.0603967 0.06232764 -0.03155638
v -0.06014619 0.06232764 -0.02965354
v -0.05973079 0.06232764 -0.02777978
v -0.05915366 0.06232764 -0.02594936
v -0.05841919 0.06232764 -0.0241762
v -0.05753298 0.06232764 -0.0224738
v -0.05650176 0.06232764 -0.02085512
v -0.05533339 0.06232764 -0.01933248
v -0.05403677 0.06232764 -0.01791745
v -0.05262174 0.06232764 -0.01662082
v -0.0510991 0.06232764 -0.01545246
v -0.04948042 0.06232764 -0.01442124
v -0.04777802 0.06232764 -0.01353503
v -0.04600486 0.06232764 -0.01280056
v -0.04417444 0.06232764 -0.01222343
v -0.04230068 0.06232764 -0.01180803
v -0.04039785 0.06232764 -0.01155752
v -0.03848042 0.06232764 -0.0114738
v -0.03656299 0.06232764 -0.01155752
v -0.03466016 0.06232764 -0.01180803
v -0.0327864 0.06232764 -0.01222343
v -0.03095598 0.06232764 -0.01280056
v -0.02918282 0.06232764 -0.01353503
v -0.02748042 0.06232764 -0.01442124
v -0.02586174 0.06232764 -0.01545246
v -0.02433909 0.06232764 -0.01662082
v -0.02292407 0.06232764 -0.01791745
v -0.02162744 0.06232764 -0.01933248
v -0.02045907 0.06232764 -0.02085512
v -0.01942786 0.06232764 -0.0224738
v -0.01854165 0.06232764 -0.0241762
v -0.01780718 0.06232764 -0.02594936
v -0.01723005 0.06232764 -0.02777978
v -0.01681465 0.06232764 -0.02965354
v -0.01656413 0.06232764 -0.03155638
v -0.01648042 0.06232764 -0.0334738
v -0.01656413 0.06232764 -0.03539123
v -0.01681465 0.06232764 -0.03729406
v -0.01723005 0.06232764 -0.03916782
v -0.01780718 0.06232764 -0.04099825
v -0.01854165 0.06232764 -0.0427714
v -0.01942786 0.06232764 -0.0444738
v -0.02045907 0.06232764 -0.04609248
v -0.02162744 0.06232764 -0.04761513
v -0.02292407 0.06232764 -0.04903015
v -0.02433909 0.06232764 -0.05032678
v -0.02586174 0.06232764 -0.05149515
v -0.02748042 0.06232764 -0.05252636
v -0.02918282 0.06232764 -0.05341258
v -0.03095598 0.06232764 -0.05414704
v -0.0327864 0.06232764 -0.05472417
v -0.03466016 0.06232764 -0.05513957
v -0.03656299 0.06232764 -0.05539009
v -0.03848042 0.06232764 -0.0554738
v -0.04039785 0.06232764 -0.05539009
v -0.04230068 0.06232764 -0.05513957
v -0.04417444 0.06232764 -0.05472417
v -0.04600486 0.06232764 -0.05414704
v -0.04777802 0.06232764 -0.05341258
v -0.04948042 0.06232764 -0.05252636
v -0.0510991 0.06232764 -0.05149515
v -0.05262174 0.06232764 -0.05032678
v -0.05403677 0.06232764 -0.04903015
v -0.05533339 0.06232764 -0.04761513
v -0.05650176 0.06232764 -0.04609248
v -0.05753298 0.06232764 -0.0444738
v -0.05841919 0.06232764 -0.0427714
v -0.05915366 0.06232764 -0.04099825
v -0.05973079 0.06232764 -0.03916782
v -0.06014619 0.06232764 -0.03729406
v -0.0603967 0.06232764 -0.03539123
v -0.01920275 0.06232764 -0.05115147
v -0.01920884 0.06232764 -0.05101202
v -0.01922706 0.06232764 -0.05087363
v -0.01925727 0.06232764 -0.05073736
v -0.01929924 0.06232764 -0.05060424
v -0.01935266 0.06232764 -0.05047528
v -0.01941711 0.06232764 -0.05035147
v -0.0194921 0.06232764 -0.05023375
v -0.01957708 0.06232764 -0.05012301
v -0.01967138 0.06232764 -0.0500201
v -0.01977429 0.06232764 -0.0499258
v -0.01988503 0.06232764 -0.04984083
v -0.02000275 0.06232764 -0.04976583
v -0.02012656 0.06232764 -0.04970138
v -0.02025552 0.06232764 -0.04964796
v -0.02038864 0.06232764 -0.04960599
v -0.02052491 0.06232764 -0.04957578
v -0.0206633 0.06232764 -0.04955756
v -0.02080275 0.06232764 -0.04955147
v -0.0209422 0.06232764 -0.04955756
v -0.02108059 0.06232764 -0.04957578
v -0.02121686 0.06232764 -0.04960599
v -0.02134998 0.06232764 -0.04964796
v -0.02147894 0.06232764 -0.04970138
v -0.02160275 0.06232764 -0.04976583
v -0.02172047 0.06232764 -0.04984083
v -0.02183121 0.06232764 -0.0499258
v -0.02193412 0.06232764 -0.0500201
v -0.02202842 0.06232764 -0.05012301
v -0.02211339 0.06232764 -0.05023375
v -0.02218839 0.06232764 -0.05035147
v -0.02225284 0.06232764 -0.05047528
v -0.02230626 0.06232764 -0.05060424
v -0.02234823 0.06232764 -0.05073736
v -0.02237844 0.06232764 -0.05087363
v -0.02239666 0.06232764 -0.05101202
v -0.02240275 0.06232764 -0.05115147
v -0.02239666 0.06232764 -0.05129092
v -0.02237844 0.06232764 -0.05142931
v -0.02234823 0.06232764 -0.05156558
v -0.02230626 0.06232764 -0.0516987
v -0.02225284 0.06232764 -0.05182766
v -0.02218839 0.06232764 -0.05195147
v -0.02211339 0.06232764 -0.05206919
v -0.02202842 0.06232764 -0.05217993
v -0.02193412 0.06232764 -0.05228284
v -0.02183121 0.06232764 -0.05237714
v -0.02172047 0.06232764 -0.05246212
v -0.02160275 0.06232764 -0.05253711
v -0.02147894 0.06232764 -0.05260156
v -0.02134998 0.06232764 -0.05265498
v -0.02121686 0.06232764 -0.05269695
v -0.02108059 0.06232764 -0.05272716
v -0.0209422 0.06232764 -0.05274538
v -0.02080275 0.06232764 -0.05275147
v -0.0206633 0.06232764 -0.05274538
v -0.02052491 0.06232764 -0.05272716
v -0.02038864 0.06232764 -0.05269695
v -0.02025552 0.06232764 -0.05265498
v -0.02012656 0.06232764 -0.05260156
v -0.02000275 0.06232764 -0.05253711
v -0.01988503 0.06232764 -0.05246212
v -0.01977429 0.06232764 -0.05237714
v -0.01967138 0.06232764 -0.05228284
v -0.01957708 0.06232764 -0.05217993
v -0.0194921 0.06232764 -0.05206919
v -0.01941711 0.06232764 -0.05195147
v -0.01935266 0.06232764 -0.05182766
v -0.01929924 0.06232764 -0.0516987
v -0.01925727 0.06232764 -0.05156558
v -0.01922706 0.06232764 -0.05142931
v -0.01920884 0.06232764 -0.05129092
v -0.01920275 0.06232764 -0.01579613
v -0.01920275 0.04532764 -0.01579613
v -0.01920884 0.06232764 -0.01565668
v -0.01920884 0.04532764 -0.01565668
v -0.01922706 0.06232764 -0.0155183
v -0.01922706 0.04532764 -0.0155183
v -0.01925727 0.06232764 -0.01538202
v -0.01925727 0.04532764 -0.01538202
v -0.01929924 0.06232764 -0.0152489
v -0.01929924 0.04532764 -0.0152489
v -0.01935266 0.06232764 -0.01511994
v -0.01935266 0.04532764 -0.01511994
v -0.01941711 0.06232764 -0.01499613
v -0.01941711 0.04532764 -0.01499613
v -0.0194921 0.06232764 -0.01487841
v -0.0194921 0.04532764 -0.01487841
v -0.01957708 0.06232764 -0.01476767
v -0.01957708 0.04532764 -0.01476767
v -0.01967138 0.06232764 -0.01466476
v -0.01967138 0.04532764 -0.01466476
v -0.01977429 0.06232764 -0.01457046
v -0.01977429 0.04532764 -0.01457046
v -0.01988503 0.06232764 -0.01448549
v -0.01988503 0.04532764 -0.01448549
v -0.02000275 0.06232764 -0.01441049
v -0.02000275 0.04532764 -0.01441049
v -0.02012656 0.06232764 -0.01434604
v -0.02012656 0.04532764 -0.01434604
v -0.02025552 0.06232764 -0.01429262
v -0.02025552 0.04532764 -0.01429262
v -0.02038864 0.06232764 -0.01425065
v -0.02038864 0.04532764 -0.01425065
v -0.02052491 0.06232764 -0.01422044
v -0.02052491 0.04532764 -0.01422044
v -0.0206633 0.06232764 -0.01420222
v -0.0206633 0.04532764 -0.01420222
v -0.02080275 0.06232764 -0.01419613
v -0.02080275 0.04532764 -0.01419613
v -0.0209422 0.06232764 -0.01420222
v -0.0209422 0.04532764 -0.01420222
v -0.02108059 0.06232764 -0.01422044
v -0.02108059 0.04532764 -0.01422044
v -0.02121686 0.06232764 -0.01425065
v -0.02121686 0.04532764 -0.01425065
v -0.02134998 0.06232764 -0.01429262
v -0.02134998 0.04532764 -0.01429262
v -0.02147894 0.06232764 -0.01434604
v -0.02147894 0.04532764 -0.01434604
v -0.02160275 0.06232764 -0.01441049
v -0.02160275 0.04532764 -0.01441049
v -0.02172047 0.06232764 -0.01448549
v -0.02172047 0.04532764 -0.01448549
v -0.02183121 0.06232764 -0.01457046
v -0.02183121 0.04532764 -0.01457046
v -0.02193412 0.06232764 -0.01466476
v -0.02193412 0.04532764 -0.01466476
v -0.02202842 0.06232764 -0.01476767
v -0.02202842 0.04532764 -0.01476767
v -0.02211339 0.06232764 -0.01487841
v -0.02211339 0.04532764 -0.01487841
v -0.02218839 0.06232764 -0.01499613
v -0.02218839 0.04532764 -0.01499613
v -0.02225284 0.06232764 -0.01511994
v -0.02225284 0.04532764 -0.01511994
v -0.02230626 0.06232764 -0.0152489
v -0.02230626 0.04532764 -0.0152489
v -0.02234823 0.06232764 -0.01538202
v -0.02234823 0.04532764 -0.01538202
v -0.02237844 0.06232764 -0.0155183
v -0.02237844 0.04532764 -0.0155183
v -0.02239666 0.06232764 -0.01565668
v -0.02239666 0.04532764 -0.01565668
v -0.02240275 0.06232764 -0.01579613
v -0.02240275 0.04532764 -0.01579613
v -0.02239666 0.06232764 -0.01593558
v -0.02239666 0.04532764 -0.01593558
v -0.02237844 0.06232764 -0.01607397
v -0.02237844 0.04532764 -0.01607397
v -0.02234823 0.06232764 -0.01621024
v -0.02234823 0.04532764 -0.01621024
v -0.02230626 0.06232764 -0.01634336
v -0.02230626 0.04532764 -0.01634336
v -0.02225284 0.06232764 -0.01647232
v -0.02225284 0.04532764 -0.01647232
v -0.02218839 0.06232764 -0.01659613
v -0.02218839 0.04532764 -0.01659613
v -0.02211339 0.06232764 -0.01671386
v -0.02211339 0.04532764 -0.01671386
v -0.02202842 0.06232764 -0.01682459
v -0.02202842 0.04532764 -0.01682459
v -0.02193412 0.06232764 -0.0169275
v -0.02193412 0.04532764 -0.0169275
v -0.02183121 0.06232764 -0.01702181
v -0.02183121 0.04532764 -0.01702181
v -0.02172047 0.06232764 -0.01710678
v -0.02172047 0.04532764 -0.01710678
v -0.02160275 0.06232764 -0.01718177
v -0.02160275 0.04532764 -0.01718177
v -0.02147894 0.06232764 -0.01724623
v -0.02147894 0.04532764 -0.01724623
v -0.02134998 0.06232764 -0.01729964
v -0.02134998 0.04532764 -0.01729964
v -0.02121686 0.06232764 -0.01734161
v -0.02121686 0.04532764 -0.01734161
v -0.02108059 0.06232764 -0.01737183
v -0.02108059 0.04532764 -0.01737183
v -0.0209422 0.06232764 -0.01739004
v -0.0209422 0.04532764 -0.01739004
v -0.02080275 0.06232764 -0.01739613
v -0.02080275 0.04532764 -0.01739613
v -0.0206633 0.06232764 -0.01739004
v -0.0206633 0.04532764 -0.01739004
v -0.02052491 0.06232764 -0.01737183
v -0.02052491 0.04532764 -0.01737183
v -0.02038864 0.06232764 -0.01734161
v -0.02038864 0.04532764 -0.01734161
v -0.02025552 0.06232764 -0.01729964
v -0.02025552 0.04532764 -0.01729964
v -0.02012656 0.06232764 -0.01724623
v -0.02012656 0.04532764 -0.01724623
v -0.02000275 0.06232764 -0.01718177
v -0.02000275 0.04532764 -0.01718177
v -0.01988503 0.06232764 -0.01710678
v -0.01988503 0.04532764 -0.01710678
v -0.01977429 0.06232764 -0.01702181
v -0.01977429 0.04532764 -0.01702181
v -0.01967138 0.06232764 -0.0169275
v -0.01967138 0.04532764 -0.0169275
v -0.01957708 0.06232764 -0.01682459
v -0.01957708 0.04532764 -0.01682459
v -0.0194921 0.06232764 -0.01671386
v -0.0194921 0.04532764 -0.01671386
v -0.01941711 0.06232764 -0.01659613
v -0.01941711 0.04532764 -0.01659613
v -0.01935266 0.06232764 -0.01647232
v -0.01935266 0.04532764 -0.01647232
v -0.01929924 0.06232764 -0.01634337
v -0.01929924 0.04532764 -0.01634337
v -0.01925727 0.06232764 -0.01621024
v -0.01925727 0.04532764 -0.01621024
v -0.01922706 0.06232764 -0.01607397
v -0.01922706 0.04532764 -0.01607397
v -0.01920884 0.06232764 -0.01593558
v -0.01920884 0.04532764 -0.01593558
v -0.05455809 0.06232764 -0.01579613
v -0.05455809 0.04532764 -0.01579613
v -0.05456418 0.06232764 -0.01565668
v -0.05456418 0.04532764 -0.01565668
v -0.05458239 0.06232764 -0.0155183
v -0.05458239 0.04532764 -0.0155183
v -0.05461261 0.06232764 -0.01538202
v -0.05461261 0.04532764 -0.01538202
v -0.05465458 0.06232764 -0.0152489
v -0.05465458 0.04532764 -0.0152489
v -0.054708 0.06232764 -0.01511994
v -0.054708 0.04532764 -0.01511994
v -0.05477245 0.06232764 -0.01499613
v -0.05477245 0.04532764 -0.01499613
v -0.05484745 0.06232764 -0.01487841
v -0.05484745 0.04532764 -0.01487841
v -0.05493242 0.06232764 -0.01476767
v -0.05493242 0.04532764 -0.01476767
v -0.05502672 0.06232764 -0.01466476
v -0.05502672 0.04532764 -0.01466476
v -0.05512963 0.06232764 -0.01457046
v -0.05512963 0.04532764 -0.01457046
v -0.05524037 0.06232764 -0.01448549
v -0.05524037 0.04532764 -0.01448549
v -0.05535809 0.06232764 -0.01441049
v -0.05535809 0.04532764 -0.01441049
v -0.0554819 0.06232764 -0.01434604
v -0.0554819 0.04532764 -0.01434604
v -0.05561085 0.06232764 -0.01429262
v -0.05561085 0.04532764 -0.01429262
v -0.05574398 0.06232764 -0.01425065
v -0.05574398 0.04532764 -0.01425065
v -0.05588025 0.06232764 -0.01422044
v -0.05588025 0.04532764 -0.01422044
v -0.05601864 0.06232764 -0.01420222
v -0.05601864 0.04532764 -0.01420222
v -0.05615809 0.06232764 -0.01419613
v -0.05615809 0.04532764 -0.01419613
v -0.05629754 0.06232764 -0.01420222
v -0.05629754 0.04532764 -0.01420222
v -0.05643592 0.06232764 -0.01422044
v -0.05643592 0.04532764 -0.01422044
v -0.0565722 0.06232764 -0.01425065
v -0.0565722 0.04532764 -0.01425065
v -0.05670532 0.06232764 -0.01429262
v -0.05670532 0.04532764 -0.01429262
v -0.05683428 0.06232764 -0.01434604
v -0.05683428 0.04532764 -0.01434604
v -0.05695809 0.06232764 -0.01441049
v -0.05695809 0.04532764 -0.01441049
v -0.05707581 0.06232764 -0.01448549
v -0.05707581 0.04532764 -0.01448549
v -0.05718655 0.06232764 -0.01457046
v -0.05718655 0.04532764 -0.01457046
v -0.05728946 0.06232764 -0.01466476
v -0.05728946 0.04532764 -0.01466476
v -0.05738376 0.06232764 -0.01476767
v -0.05738376 0.04532764 -0.01476767
v -0.05746873 0.06232764 -0.01487841
v -0.05746873 0.04532764 -0.01487841
v -0.05754373 0.06232764 -0.01499613
v -0.05754373 0.04532764 -0.01499613
v -0.05760818 0.06232764 -0.01511994
v -0.05760818 0.04532764 -0.01511994
v -0.0576616 0.06232764 -0.0152489
v -0.0576616 0.04532764 -0.0152489
v -0.05770357 0.06232764 -0.01538202
v -0.05770357 0.04532764 -0.01538202
v -0.05773378 0.06232764 -0.0155183
v -0.05773378 0.04532764 -0.0155183
v -0.057752 0.06232764 -0.01565668
v -0.057752 0.04532764 -0.01565668
v -0.05775809 0.06232764 -0.01579613
v -0.05775809 0.04532764 -0.01579613
v -0.057752 0.06232764 -0.01593558
v -0.057752 0.04532764 -0.01593558
v -0.05773378 0.06232764 -0.01607397
v -0.05773378 0.04532764 -0.01607397
v -0.05770357 0.06232764 -0.01621024
v -0.05770357 0.04532764 -0.01621024
v -0.0576616 0.06232764 -0.01634336
v -0.0576616 0.04532764 -0.01634336
v -0.05760818 0.06232764 -0.01647232
v -0.05760818 0.04532764 -0.01647232
v -0.05754373 0.06232764 -0.01659613
v -0.05754373 0.04532764 -0.01659613
v -0.05746873 0.06232764 -0.01671386
v -0.05746873 0.04532764 -0.01671386
v -0.05738376 0.06232764 -0.01682459
v -0.05738376 0.04532764 -0.01682459
v -0.05728946 0.06232764 -0.0169275
v -0.05728946 0.04532764 -0.0169275
v -0.05718655 0.06232764 -0.01702181
v -0.05718655 0.04532764 -0.01702181
v -0.05707581 0.06232764 -0.01710678
v -0.05707581 0.04532764 -0.01710678
v -0.05695809 0.06232764 -0.01718177
v -0.05695809 0.04532764 -0.01718177
v -0.05683428 0.06232764 -0.01724623
v -0.05683428 0.04532764 -0.01724623
v -0.05670532 0.06232764 -0.01729964
v -0.05670532 0.04532764 -0.01729964
v -0.0565722 0.06232764 -0.01734161
v -0.0565722 0.04532764 -0.01734161
v -0.05643592 0.06232764 -0.01737183
v -0.05643592 0.04532764 -0.01737183
v -0.05629754 0.06232764 -0.01739004
v -0.05629754 0.04532764 -0.01739004
v -0.05615809 0.06232764 -0.01739613
v -0.05615809 0.04532764 -0.01739613
v -0.05601864 0.06232764 -0.01739004
v -0.05601864 0.04532764 -0.01739004
v -0.05588025 0.06232764 -0.01737183
v -0.05588025 0.04532764 -0.01737183
v -0.05574398 0.06232764 -0.01734161
v -0.05574398 0.04532764 -0.01734161
v -0.05561085 0.06232764 -0.01729964
v -0.05561085 0.04532764 -0.01729964
v -0.0554819 0.06232764 -0.01724623
v -0.0554819 0.04532764 -0.01724623
v -0.05535809 0.06232764 -0.01718177
v -0.05535809 0.04532764 -0.01718177
v -0.05524037 0.06232764 -0.01710678
v -0.05524037 0.04532764 -0.01710678
v -0.05512963 0.06232764 -0.01702181
v -0.05512963 0.04532764 -0.01702181
v -0.05502672 0.06232764 -0.0169275
v -0.05502672 0.04532764 -0.0169275
v -0.05493242 0.06232764 -0.01682459
v -0.05493242 0.04532764 -0.01682459
v -0.05484745 0.06232764 -0.01671386
v -0.05484745 0.04532764 -0.01671386
v -0.05477245 0.06232764 -0.01659613
v -0.05477245 0.04532764 -0.01659613
v -0.054708 0.06232764 -0.01647232
v -0.054708 0.04532764 -0.01647232
v -0.05465458 0.06232764 -0.01634336
v -0.05465458 0.04532764 -0.01634336
v -0.05461261 0.06232764 -0.01621024
v -0.05461261 0.04532764 -0.01621024
v -0.05458239 0.06232764 -0.01607397
v -0.05458239 0.04532764 -0.01607397
v -0.05456418 0.06232764 -0.01593558
v -0.05456418 0.04532764 -0.01593558
v -0.05455809 0.06232764 -0.05115147
v -0.05455809 0.04532764 -0.05115147
v -0.05456418 0.06232764 -0.05101202
v -0.05456418 0.04532764 -0.05101202
v -0.05458239 0.06232764 -0.05087363
v -0.05458239 0.04532764 -0.05087363
v -0.05461261 0.06232764 -0.05073736
v -0.05461261 0.04532764 -0.05073736
v -0.05465458 0.06232764 -0.05060424
v -0.05465458 0.04532764 -0.05060424
v -0.054708 0.06232764 -0.05047528
v -0.054708 0.04532764 -0.05047528
v -0.05477245 0.06232764 -0.05035147
v -0.05477245 0.04532764 -0.05035147
v -0.05484745 0.06232764 -0.05023375
v -0.05484745 0.04532764 -0.05023375
v -0.05493242 0.06232764 -0.05012301
v -0.05493242 0.04532764 -0.05012301
v -0.05502672 0.06232764 -0.0500201
v -0.05502672 0.04532764 -0.0500201
v -0.05512963 0.06232764 -0.0499258
v -0.05512963 0.04532764 -0.0499258
v -0.05524037 0.06232764 -0.04984083
v -0.05524037 0.04532764 -0.04984083
v -0.05535809 0.06232764 -0.04976583
v -0.05535809 0.04532764 -0.04976583
v -0.0554819 0.06232764 -0.04970138
v -0.0554819 0.04532764 -0.04970138
v -0.05561085 0.06232764 -0.04964796
v -0.05561085 0.04532764 -0.04964796
v -0.05574398 0.06232764 -0.04960599
v -0.05574398 0.04532764 -0.04960599
v -0.05588025 0.06232764 -0.04957578
v -0.05588025 0.04532764 -0.04957578
v -0.05601864 0.06232764 -0.04955756
v -0.05601864 0.04532764 -0.04955756
v -0.05615809 0.06232764 -0.04955147
v -0.05615809 0.04532764 -0.04955147
v -0.05629754 0.06232764 -0.04955756
v -0.05629754 0.04532764 -0.04955756
v -0.05643592 0.06232764 -0.04957578
v -0.05643592 0.04532764 -0.04957578
v -0.0565722 0.06232764 -0.04960599
v -0.0565722 0.04532764 -0.04960599
v -0.05670532 0.06232764 -0.04964796
v -0.05670532 0.04532764 -0.04964796
v -0.05683428 0.06232764 -0.04970138
v -0.05683428 0.04532764 -0.04970138
v -0.05695809 0.06232764 -0.04976583
v -0.05695809 0.04532764 -0.04976583
v -0.05707581 0.06232764 -0.04984083
v -0.05707581 0.04532764 -0.04984083
v -0.05718655 0.06232764 -0.0499258
v -0.05718655 0.04532764 -0.0499258
v -0.05728946 0.06232764 -0.0500201
v -0.05728946 0.04532764 -0.0500201
v -0.05738376 0.06232764 -0.05012301
v -0.05738376 0.04532764 -0.05012301
v -0.05746873 0.06232764 -0.05023375
v -0.05746873 0.04532764 -0.05023375
v -0.05754373 0.06232764 -0.05035147
v -0.05754373 0.04532764 -0.05035147
v -0.05760818 0.06232764 -0.05047528
v -0.05760818 0.04532764 -0.05047528
v -0.0576616 0.06232764 -0.05060424
v -0.0576616 0.04532764 -0.05060424
v -0.05770357 0.06232764 -0.05073736
v -0.05770357 0.04532764 -0.05073736
v -0.05773378 0.06232764 -0.05087363
v -0.05773378 0.04532764 -0.05087363
v -0.057752 0.06232764 -0.05101202
v -0.057752 0.04532764 -0.05101202
v -0.05775809 0.06232764 -0.05115147
v -0.05775809 0.04532764 -0.05115147
v -0.057752 0.06232764 -0.05129092
v -0.057752 0.04532764 -0.05129092
v -0.05773378 0.06232764 -0.05142931
v -0.05773378 0.04532764 -0.05142931
v -0.05770357 0.06232764 -0.05156558
v -0.05770357 0.04532764 -0.05156558
v -0.0576616 0.06232764 -0.0516987
v -0.0576616 0.04532764 -0.0516987
v -0.05760818 0.06232764 -0.05182766
v -0.05760818 0.04532764 -0.05182766
v -0.05754373 0.06232764 -0.05195147
v -0.05754373 0.04532764 -0.05195147
v -0.05746873 0.06232764 -0.05206919
v -0.05746873 0.04532764 -0.05206919
v -0.05738376 0.06232764 -0.05217993
v -0.05738376 0.04532764 -0.05217993
v -0.05728946 0.06232764 -0.05228284
v -0.05728946 0.04532764 -0.05228284
v -0.05718655 0.06232764 -0.05237714
v -0.05718655 0.04532764 -0.05237714
v -0.05707581 0.06232764 -0.05246212
v -0.05707581 0.04532764 -0.05246212
v -0.05695809 0.06232764 -0.05253711
v -0.05695809 0.04532764 -0.05253711
v -0.05683428 0.06232764 -0.05260156
v -0.05683428 0.04532764 -0.05260156
v -0.05670532 0.06232764 -0.05265498
v -0.05670532 0.04532764 -0.05265498
v -0.0565722 0.06232764 -0.05269695
v -0.0565722 0.04532764 -0.05269695
v -0.05643592 0.06232764 -0.05272716
v -0.05643592 0.04532764 -0.05272716
v -0.05629754 0.06232764 -0.05274538
v -0.05629754 0.04532764 -0.05274538
v -0.05615809 0.06232764 -0.05275147
v -0.05615809 0.04532764 -0.05275147
v -0.05601864 0.06232764 -0.05274538
v -0.05601864 0.04532764 -0.05274538
v -0.05588025 0.06232764 -0.05272716
v -0.05588025 0.04532764 -0.05272716
v -0.05574398 0.06232764 -0.05269695
v -0.05574398 0.04532764 -0.05269695
v -0.05561085 0.06232764 -0.05265498
v -0.05561085 0.04532764 -0.05265498
v -0.0554819 0.06232764 -0.05260156
v -0.0554819 0.04532764 -0.05260156
v -0.05535809 0.06232764 -0.05253711
v -0.05535809 0.04532764 -0.05253711
v -0.05524037 0.06232764 -0.05246212
v -0.05524037 0.04532764 -0.05246212
v -0.05512963 0.06232764 -0.05237714
v -0.05512963 0.04532764 -0.05237714
v -0.05502672 0.06232764 -0.05228284
v -0.05502672 0.04532764 -0.05228284
v -0.05493242 0.06232764 -0.05217993
v -0.05493242 0.04532764 -0.05217993
v -0.05484745 0.06232764 -0.05206919
v -0.05484745 0.04532764 -0.05206919
v -0.05477245 0.06232764 -0.05195147
v -0.05477245 0.04532764 -0.05195147
v -0.054708 0.06232764 -0.05182766
v -0.054708 0.04532764 -0.05182766
v -0.05465458 0.06232764 -0.0516987
v -0.05465458 0.04532764 -0.0516987
v -0.05461261 0.06232764 -0.05156558
v -0.05461261 0.04532764 -0.05156558
v -0.05458239 0.06232764 -0.05142931
v -0.05458239 0.04532764 -0.05142931
v -0.05456418 0.06232764 -0.05129092
v -0.05456418 0.04532764 -0.05129092
v -0.01950392 0.06232764 -0.01288515
v -0.01789177 0.06232764 -0.01449731
v -0.06272913 0.06232764 -0.0194738
v -0.05906907 0.06232764 -0.01449731
v -0.05745691 0.06232764 -0.01288515
v -0.05745691 0.06232764 -0.05406246
v -0.06385703 0.06232764 -0.02164049
v -0.06479181 0.06232764 -0.02389724
v -0.06552634 0.06232764 -0.02622687
v -0.06605504 0.06232764 -0.02861165
v -0.06637387 0.06232764 -0.03103344
v -0.06648042 0.06232764 -0.0334738
v -0.06637387 0.06232764 -0.03591416
v -0.06605504 0.06232764 -0.03833595
v -0.06552634 0.06232764 -0.04072073
v -0.06479181 0.06232764 -0.04305037
v -0.06385703 0.06232764 -0.04530711
v -0.06272913 0.06232764 -0.0474738
v -0.05906907 0.06232764 -0.0524503
v -0.05248042 0.06232764 -0.05772251
v -0.01789177 0.06232764 -0.0524503
v -0.01950392 0.06232764 -0.05406246
v -0.01423171 0.06232764 -0.0474738
v -0.0131038 0.06232764 -0.04530711
v -0.01216902 0.06232764 -0.04305037
v -0.0114345 0.06232764 -0.04072073
v -0.0109058 0.06232764 -0.03833595
v -0.01058697 0.06232764 -0.03591416
v -0.01048042 0.06232764 -0.0334738
v -0.01058697 0.06232764 -0.03103344
v -0.0109058 0.06232764 -0.02861165
v -0.0114345 0.06232764 -0.02622687
v -0.01216902 0.06232764 -0.02389724
v -0.0131038 0.06232764 -0.02164049
v -0.01423171 0.06232764 -0.0194738
v -0.05031373 0.06232764 -0.05885042
v -0.04805698 0.06232764 -0.05978519
v -0.04572735 0.06232764 -0.06051973
v -0.04334257 0.06232764 -0.06104842
v -0.04092078 0.06232764 -0.06136725
v -0.03848042 0.06232764 -0.0614738
v -0.03604006 0.06232764 -0.06136725
v -0.03361827 0.06232764 -0.06104842
v -0.03123349 0.06232764 -0.06051973
v -0.02890386 0.06232764 -0.05978519
v -0.02664711 0.06232764 -0.05885042
v -0.02448042 0.06232764 -0.05772251
v -0.01950392 0.04532764 -0.01288515
v -0.01789177 0.04532764 -0.01449731
v -0.05745691 0.04532764 -0.05406246
v -0.04334257 0.04532764 -0.06104842
v -0.04572735 0.04532764 -0.06051973
v -0.01423171 0.04532764 -0.0194738
v -0.0131038 0.04532764 -0.02164049
v -0.01216902 0.04532764 -0.02389724
v -0.0114345 0.04532764 -0.02622687
v -0.0109058 0.04532764 -0.02861165
v -0.05906907 0.04532764 -0.0524503
v -0.05906907 0.04532764 -0.01449731
v -0.06272913 0.04532764 -0.0194738
v -0.06385703 0.04532764 -0.02164049
v -0.04805698 0.04532764 -0.05978519
v -0.05031373 0.04532764 -0.05885042
v -0.05248042 0.04532764 -0.05772251
v -0.06479181 0.04532764 -0.02389724
v -0.06552634 0.04532764 -0.02622687
v -0.06605504 0.04532764 -0.02861165
v -0.06637387 0.04532764 -0.03103344
v -0.06648042 0.04532764 -0.0334738
v -0.06637387 0.04532764 -0.03591416
v -0.06605504 0.04532764 -0.03833595
v -0.06552634 0.04532764 -0.04072073
v -0.06479181 0.04532764 -0.04305037
v -0.06385703 0.04532764 -0.04530711
v -0.06272913 0.04532764 -0.0474738
v -0.05745691 0.04532764 -0.01288515
v -0.02242028 0.08532764 -0.01053755
v -0.02448042 0.08532764 -0.00922509
v -0.02664711 0.08532764 -0.00809718
v -0.02890386 0.08532764 -0.00716241
v -0.03123349 0.08532764 -0.00642788
v -0.03361827 0.08532764 -0.00589919
v -0.03604006 0.08532764 -0.00558035
v -0.03848042 0.08532764 -0.0054738
v -0.04092078 0.08532764 -0.00558035
v -0.04334257 0.08532764 -0.00589919
v -0.04572735 0.08532764 -0.00642788
v -0.04805698 0.08532764 -0.00716241
v -0.05031373 0.08532764 -0.00809718
v -0.05248042 0.08532764 -0.00922509
v -0.05454056 0.08532764 -0.01053755
v -0.05454056 0.08532764 -0.05641006
v -0.05248042 0.08532764 -0.05772251
v -0.05031373 0.08532764 -0.05885042
v -0.04805698 0.08532764 -0.05978519
v -0.04572735 0.08532764 -0.06051973
v -0.04334257 0.08532764 -0.06104842
v -0.04092078 0.08532764 -0.06136725
v -0.03848042 0.08532764 -0.0614738
v -0.03604006 0.08532764 -0.06136725
v -0.03361827 0.08532764 -0.06104842
v -0.03123349 0.08532764 -0.06051973
v -0.02890386 0.08532764 -0.05978519
v -0.02664711 0.08532764 -0.05885042
v -0.02448042 0.08532764 -0.05772251
v -0.02242028 0.08532764 -0.05641006
v -0.06054472 0.08532764 -0.05071232
v -0.05906907 0.08532764 -0.0524503
v -0.05745691 0.08532764 -0.05406246
v -0.05571894 0.08532764 -0.0555381
v -0.06054472 0.08532764 -0.01623528
v -0.06058648 0.08532764 -0.01711618
v -0.06141667 0.08532764 -0.01741366
v -0.02212279 0.08532764 -0.05557987
v -0.0212419 0.08532764 -0.0555381
v -0.01641612 0.08532764 -0.05071232
v -0.01637436 0.08532764 -0.04983143
v -0.01554416 0.08532764 -0.04953394
v -0.01637436 0.08532764 -0.01711618
v -0.01554416 0.08532764 -0.01741366
v -0.01641612 0.08532764 -0.01623528
v -0.05571894 0.08532764 -0.0114095
v -0.05483805 0.08532764 -0.01136774
v -0.0212419 0.08532764 -0.0114095
v -0.02212279 0.08532764 -0.01136774
v -0.05483805 0.08532764 -0.05557987
v -0.06058648 0.08532764 -0.04983143
v -0.06141667 0.08532764 -0.04953394
v -0.05670749 0.07932764 -0.04997327
v -0.05683428 0.07932764 -0.04970138
v -0.05680809 0.07932764 -0.05002564
v -0.05695809 0.07932764 -0.04976583
v -0.05690374 0.07932764 -0.05008657
v -0.05707581 0.07932764 -0.04984083
v -0.05699371 0.07932764 -0.05015561
v -0.05718655 0.07932764 -0.0499258
v -0.05707733 0.07932764 -0.05023223
v -0.05728946 0.07932764 -0.0500201
v -0.05715394 0.07932764 -0.05031585
v -0.05738376 0.07932764 -0.05012301
v -0.05722298 0.07932764 -0.05040582
v -0.05746873 0.07932764 -0.05023375
v -0.05728392 0.07932764 -0.05050147
v -0.05754373 0.07932764 -0.05035147
v -0.05733629 0.07932764 -0.05060207
v -0.05760818 0.07932764 -0.05047528
v -0.05737969 0.07932764 -0.05070684
v -0.0576616 0.07932764 -0.05060424
v -0.05741379 0.07932764 -0.05081501
v -0.05770357 0.07932764 -0.05073736
v -0.05743834 0.07932764 -0.05092573
v -0.05773378 0.07932764 -0.05087363
v -0.05745314 0.07932764 -0.05103817
v -0.057752 0.07932764 -0.05101202
v -0.05745809 0.07932764 -0.05115147
v -0.05775809 0.07932764 -0.05115147
v -0.05745314 0.07932764 -0.05126477
v -0.057752 0.07932764 -0.05129092
v -0.05743834 0.07932764 -0.05137721
v -0.05773378 0.07932764 -0.05142931
v -0.05741379 0.07932764 -0.05148794
v -0.05770357 0.07932764 -0.05156558
v -0.05737969 0.07932764 -0.0515961
v -0.0576616 0.07932764 -0.0516987
v -0.05733629 0.07932764 -0.05170088
v -0.05760818 0.07932764 -0.05182766
v -0.05728392 0.07932764 -0.05180147
v -0.05754373 0.07932764 -0.05195147
v -0.05722298 0.07932764 -0.05189712
v -0.05746873 0.07932764 -0.05206919
v -0.05715394 0.07932764 -0.0519871
v -0.05738376 0.07932764 -0.05217993
v -0.05707733 0.07932764 -0.05207071
v -0.05728946 0.07932764 -0.05228284
v -0.05699371 0.07932764 -0.05214733
v -0.05718655 0.07932764 -0.05237714
v -0.05690374 0.07932764 -0.05221637
v -0.05707581 0.07932764 -0.05246212
v -0.05680809 0.07932764 -0.0522773
v -0.05695809 0.07932764 -0.05253711
v -0.05670749 0.07932764 -0.05232967
v -0.05683428 0.07932764 -0.05260156
v -0.05660271 0.07932764 -0.05237307
v -0.05670532 0.07932764 -0.05265498
v -0.05649455 0.07932764 -0.05240718
v -0.0565722 0.07932764 -0.05269695
v -0.05638383 0.07932764 -0.05243172
v -0.05643592 0.07932764 -0.05272716
v -0.05627139 0.07932764 -0.05244653
v -0.05629754 0.07932764 -0.05274538
v -0.05615809 0.07932764 -0.05245147
v -0.05615809 0.07932764 -0.05275147
v -0.05604479 0.07932764 -0.05244653
v -0.05601864 0.07932764 -0.05274538
v -0.05593235 0.07932764 -0.05243172
v -0.05588025 0.07932764 -0.05272716
v -0.05582162 0.07932764 -0.05240718
v -0.05574398 0.07932764 -0.05269695
v -0.05571346 0.07932764 -0.05237307
v -0.05561085 0.07932764 -0.05265498
v -0.05560868 0.07932764 -0.05232967
v -0.0554819 0.07932764 -0.05260156
v -0.05550809 0.07932764 -0.0522773
v -0.05535809 0.07932764 -0.05253711
v -0.05541244 0.07932764 -0.05221637
v -0.05524037 0.07932764 -0.05246212
v -0.05532246 0.07932764 -0.05214733
v -0.05512963 0.07932764 -0.05237714
v -0.05523885 0.07932764 -0.05207071
v -0.05502672 0.07932764 -0.05228284
v -0.05516223 0.07932764 -0.0519871
v -0.05493242 0.07932764 -0.05217993
v -0.05509319 0.07932764 -0.05189712
v -0.05484745 0.07932764 -0.05206919
v -0.05503225 0.07932764 -0.05180147
v -0.05477245 0.07932764 -0.05195147
v -0.05497989 0.07932764 -0.05170088
v -0.054708 0.07932764 -0.05182766
v -0.05493649 0.07932764 -0.0515961
v -0.05465458 0.07932764 -0.0516987
v -0.05490239 0.07932764 -0.05148794
v -0.05461261 0.07932764 -0.05156558
v -0.05487784 0.07932764 -0.05137721
v -0.05458239 0.07932764 -0.05142931
v -0.05486304 0.07932764 -0.05126477
v -0.05456418 0.07932764 -0.05129092
v -0.05485809 0.07932764 -0.05115147
v -0.05455809 0.07932764 -0.05115147
v -0.05486304 0.07932764 -0.05103817
v -0.05456418 0.07932764 -0.05101202
v -0.05487784 0.07932764 -0.05092573
v -0.05458239 0.07932764 -0.05087363
v -0.05490239 0.07932764 -0.05081501
v -0.05461261 0.07932764 -0.05073736
v -0.05493649 0.07932764 -0.05070684
v -0.05465458 0.07932764 -0.05060424
v -0.05497989 0.07932764 -0.05060207
v -0.054708 0.07932764 -0.05047528
v -0.05503225 0.07932764 -0.05050147
v -0.05477245 0.07932764 -0.05035147
v -0.05509319 0.07932764 -0.05040582
v -0.05484745 0.07932764 -0.05023375
v -0.05516223 0.07932764 -0.05031585
v -0.05493242 0.07932764 -0.05012301
v -0.05523885 0.07932764 -0.05023223
v -0.05502672 0.07932764 -0.0500201
v -0.05532246 0.07932764 -0.05015561
v -0.05512963 0.07932764 -0.0499258
v -0.05541244 0.07932764 -0.05008657
v -0.05524037 0.07932764 -0.04984083
v -0.05550809 0.07932764 -0.05002564
v -0.05535809 0.07932764 -0.04976583
v -0.05560868 0.07932764 -0.04997327
v -0.0554819 0.07932764 -0.04970138
v -0.05571346 0.07932764 -0.04992987
v -0.05561085 0.07932764 -0.04964796
v -0.05582162 0.07932764 -0.04989577
v -0.05574398 0.07932764 -0.04960599
v -0.05593235 0.07932764 -0.04987122
v -0.05588025 0.07932764 -0.04957578
v -0.05604479 0.07932764 -0.04985642
v -0.05601864 0.07932764 -0.04955756
v -0.05615809 0.07932764 -0.04985147
v -0.05615809 0.07932764 -0.04955147
v -0.05627139 0.07932764 -0.04985642
v -0.05629754 0.07932764 -0.04955756
v -0.05638383 0.07932764 -0.04987122
v -0.05643592 0.07932764 -0.04957578
v -0.05649455 0.07932764 -0.04989577
v -0.0565722 0.07932764 -0.04960599
v -0.05660271 0.07932764 -0.04992987
v -0.05670532 0.07932764 -0.04964796
v -0.05745809 0.08532764 -0.05115147
v -0.05745314 0.08532764 -0.05103817
v -0.05743834 0.08532764 -0.05092573
v -0.05741379 0.08532764 -0.05081501
v -0.05737969 0.08532764 -0.05070684
v -0.05733629 0.08532764 -0.05060207
v -0.05728392 0.08532764 -0.05050147
v -0.05722298 0.08532764 -0.05040582
v -0.05715394 0.08532764 -0.05031585
v -0.05707733 0.08532764 -0.05023223
v -0.05699371 0.08532764 -0.05015561
v -0.05690374 0.08532764 -0.05008657
v -0.05680809 0.08532764 -0.05002564
v -0.05670749 0.08532764 -0.04997327
v -0.05660271 0.08532764 -0.04992987
v -0.05649455 0.08532764 -0.04989577
v -0.05638383 0.08532764 -0.04987122
v -0.05627139 0.08532764 -0.04985642
v -0.05615809 0.08532764 -0.04985147
v -0.05604479 0.08532764 -0.04985642
v -0.05593235 0.08532764 -0.04987122
v -0.05582162 0.08532764 -0.04989577
v -0.05571346 0.08532764 -0.04992987
v -0.05560868 0.08532764 -0.04997327
v -0.05550809 0.08532764 -0.05002564
v -0.05541244 0.08532764 -0.05008657
v -0.05532246 0.08532764 -0.05015561
v -0.05523885 0.08532764 -0.05023223
v -0.05516223 0.08532764 -0.05031585
v -0.05509319 0.08532764 -0.05040582
v -0.05503225 0.08532764 -0.05050147
v -0.05497989 0.08532764 -0.05060207
v -0.05493649 0.08532764 -0.05070684
v -0.05490239 0.08532764 -0.05081501
v -0.05487784 0.08532764 -0.05092573
v -0.05486304 0.08532764 -0.05103817
v -0.05485809 0.08532764 -0.05115147
v -0.05486304 0.08532764 -0.05126477
v -0.05487784 0.08532764 -0.05137721
v -0.05490239 0.08532764 -0.05148794
v -0.05493649 0.08532764 -0.0515961
v -0.05497989 0.08532764 -0.05170088
v -0.05503225 0.08532764 -0.05180147
v -0.05509319 0.08532764 -0.05189712
v -0.05516223 0.08532764 -0.0519871
v -0.05523885 0.08532764 -0.05207071
v -0.05532246 0.08532764 -0.05214733
v -0.05541244 0.08532764 -0.05221637
v -0.05550809 0.08532764 -0.0522773
v -0.05560868 0.08532764 -0.05232967
v -0.05571346 0.08532764 -0.05237307
v -0.05582162 0.08532764 -0.05240718
v -0.05593235 0.08532764 -0.05243172
v -0.05604479 0.08532764 -0.05244653
v -0.05615809 0.08532764 -0.05245147
v -0.05627139 0.08532764 -0.05244653
v -0.05638383 0.08532764 -0.05243172
v -0.05649455 0.08532764 -0.05240718
v -0.05660271 0.08532764 -0.05237307
v -0.05670749 0.08532764 -0.05232967
v -0.05680809 0.08532764 -0.0522773
v -0.05690374 0.08532764 -0.05221637
v -0.05699371 0.08532764 -0.05214733
v -0.05707733 0.08532764 -0.05207071
v -0.05715394 0.08532764 -0.0519871
v -0.05722298 0.08532764 -0.05189712
v -0.05728392 0.08532764 -0.05180147
v -0.05733629 0.08532764 -0.05170088
v -0.05737969 0.08532764 -0.0515961
v -0.05741379 0.08532764 -0.05148794
v -0.05743834 0.08532764 -0.05137721
v -0.05745314 0.08532764 -0.05126477
v -0.05649455 0.07932764 -0.01705184
v -0.0565722 0.07932764 -0.01734161
v -0.05638383 0.07932764 -0.01707638
v -0.05643592 0.07932764 -0.01737183
v -0.05627139 0.07932764 -0.01709119
v -0.05629754 0.07932764 -0.01739004
v -0.05615809 0.07932764 -0.01709613
v -0.05615809 0.07932764 -0.01739613
v -0.05604478 0.07932764 -0.01709119
v -0.05601864 0.07932764 -0.01739004
v -0.05593235 0.07932764 -0.01707638
v -0.05588025 0.07932764 -0.01737183
v -0.05582162 0.07932764 -0.01705184
v -0.05574398 0.07932764 -0.01734161
v -0.05571346 0.07932764 -0.01701773
v -0.05561085 0.07932764 -0.01729964
v -0.05560868 0.07932764 -0.01697433
v -0.0554819 0.07932764 -0.01724623
v -0.05550809 0.07932764 -0.01692197
v -0.05535809 0.07932764 -0.01718177
v -0.05541244 0.07932764 -0.01686103
v -0.05524037 0.07932764 -0.01710678
v -0.05532246 0.07932764 -0.01679199
v -0.05512963 0.07932764 -0.01702181
v -0.05523885 0.07932764 -0.01671537
v -0.05502672 0.07932764 -0.0169275
v -0.05516223 0.07932764 -0.01663176
v -0.05493242 0.07932764 -0.01682459
v -0.05509319 0.07932764 -0.01654178
v -0.05484745 0.07932764 -0.01671386
v -0.05503225 0.07932764 -0.01644613
v -0.05477245 0.07932764 -0.01659613
v -0.05497989 0.07932764 -0.01634554
v -0.054708 0.07932764 -0.01647232
v -0.05493649 0.07932764 -0.01624076
v -0.05465458 0.07932764 -0.01634336
v -0.05490239 0.07932764 -0.0161326
v -0.05461261 0.07932764 -0.01621024
v -0.05487784 0.07932764 -0.01602188
v -0.05458239 0.07932764 -0.01607397
v -0.05486304 0.07932764 -0.01590944
v -0.05456418 0.07932764 -0.01593558
v -0.05485809 0.07932764 -0.01579613
v -0.05455809 0.07932764 -0.01579613
v -0.05486304 0.07932764 -0.01568283
v -0.05456418 0.07932764 -0.01565668
v -0.05487784 0.07932764 -0.01557039
v -0.05458239 0.07932764 -0.0155183
v -0.05490239 0.07932764 -0.01545967
v -0.05461261 0.07932764 -0.01538202
v -0.05493649 0.07932764 -0.01535151
v -0.05465458 0.07932764 -0.0152489
v -0.05497989 0.07932764 -0.01524673
v -0.054708 0.07932764 -0.01511994
v -0.05503225 0.07932764 -0.01514613
v -0.05477245 0.07932764 -0.01499613
v -0.05509319 0.07932764 -0.01505048
v -0.05484745 0.07932764 -0.01487841
v -0.05516223 0.07932764 -0.01496051
v -0.05493242 0.07932764 -0.01476767
v -0.05523885 0.07932764 -0.01487689
v -0.05502672 0.07932764 -0.01466476
v -0.05532246 0.07932764 -0.01480028
v -0.05512963 0.07932764 -0.01457046
v -0.05541244 0.07932764 -0.01473124
v -0.05524037 0.07932764 -0.01448549
v -0.05550809 0.07932764 -0.0146703
v -0.05535809 0.07932764 -0.01441049
v -0.05560868 0.07932764 -0.01461793
v -0.0554819 0.07932764 -0.01434604
v -0.05571346 0.07932764 -0.01457453
v -0.05561085 0.07932764 -0.01429262
v -0.05582162 0.07932764 -0.01454043
v -0.05574398 0.07932764 -0.01425065
v -0.05593235 0.07932764 -0.01451588
v -0.05588025 0.07932764 -0.01422044
v -0.05604478 0.07932764 -0.01450108
v -0.05601864 0.07932764 -0.01420222
v -0.05615809 0.07932764 -0.01449613
v -0.05615809 0.07932764 -0.01419613
v -0.05627139 0.07932764 -0.01450108
v -0.05629754 0.07932764 -0.01420222
v -0.05638383 0.07932764 -0.01451588
v -0.05643592 0.07932764 -0.01422044
v -0.05649455 0.07932764 -0.01454043
v -0.0565722 0.07932764 -0.01425065
v -0.05660271 0.07932764 -0.01457453
v -0.05670532 0.07932764 -0.01429262
v -0.05670749 0.07932764 -0.01461793
v -0.05683428 0.07932764 -0.01434604
v -0.05680809 0.07932764 -0.0146703
v -0.05695809 0.07932764 -0.01441049
v -0.05690374 0.07932764 -0.01473124
v -0.05707581 0.07932764 -0.01448549
v -0.05699371 0.07932764 -0.01480028
v -0.05718655 0.07932764 -0.01457046
v -0.05707733 0.07932764 -0.01487689
v -0.05728946 0.07932764 -0.01466476
v -0.05715394 0.07932764 -0.01496051
v -0.05738376 0.07932764 -0.01476767
v -0.05722298 0.07932764 -0.01505048
v -0.05746873 0.07932764 -0.01487841
v -0.05728392 0.07932764 -0.01514613
v -0.05754373 0.07932764 -0.01499613
v -0.05733629 0.07932764 -0.01524673
v -0.05760818 0.07932764 -0.01511994
v -0.05737969 0.07932764 -0.01535151
v -0.0576616 0.07932764 -0.0152489
v -0.05741379 0.07932764 -0.01545967
v -0.05770357 0.07932764 -0.01538202
v -0.05743834 0.07932764 -0.01557039
v -0.05773378 0.07932764 -0.0155183
v -0.05745314 0.07932764 -0.01568283
v -0.057752 0.07932764 -0.01565668
v -0.05745809 0.07932764 -0.01579613
v -0.05775809 0.07932764 -0.01579613
v -0.05745314 0.07932764 -0.01590944
v -0.057752 0.07932764 -0.01593558
v -0.05743834 0.07932764 -0.01602188
v -0.05773378 0.07932764 -0.01607397
v -0.05741379 0.07932764 -0.0161326
v -0.05770357 0.07932764 -0.01621024
v -0.05737969 0.07932764 -0.01624076
v -0.0576616 0.07932764 -0.01634336
v -0.05733629 0.07932764 -0.01634554
v -0.05760818 0.07932764 -0.01647232
v -0.05728392 0.07932764 -0.01644613
v -0.05754373 0.07932764 -0.01659613
v -0.05722298 0.07932764 -0.01654178
v -0.05746873 0.07932764 -0.01671386
v -0.05715394 0.07932764 -0.01663176
v -0.05738376 0.07932764 -0.01682459
v -0.05707733 0.07932764 -0.01671537
v -0.05728946 0.07932764 -0.0169275
v -0.05699371 0.07932764 -0.01679199
v -0.05718655 0.07932764 -0.01702181
v -0.05690374 0.07932764 -0.01686103
v -0.05707581 0.07932764 -0.01710678
v -0.05680809 0.07932764 -0.01692197
v -0.05695809 0.07932764 -0.01718177
v -0.05670749 0.07932764 -0.01697433
v -0.05683428 0.07932764 -0.01724623
v -0.05660271 0.07932764 -0.01701773
v -0.05670532 0.07932764 -0.01729964
v -0.05745809 0.08532764 -0.01579613
v -0.05745314 0.08532764 -0.01568283
v -0.05743834 0.08532764 -0.01557039
v -0.05741379 0.08532764 -0.01545967
v -0.05737969 0.08532764 -0.01535151
v -0.05733629 0.08532764 -0.01524673
v -0.05728392 0.08532764 -0.01514613
v -0.05722298 0.08532764 -0.01505048
v -0.05715394 0.08532764 -0.01496051
v -0.05707733 0.08532764 -0.01487689
v -0.05699371 0.08532764 -0.01480028
v -0.05690374 0.08532764 -0.01473124
v -0.05680809 0.08532764 -0.0146703
v -0.05670749 0.08532764 -0.01461793
v -0.05660271 0.08532764 -0.01457453
v -0.05649455 0.08532764 -0.01454043
v -0.05638383 0.08532764 -0.01451588
v -0.05627139 0.08532764 -0.01450108
v -0.05615809 0.08532764 -0.01449613
v -0.05604478 0.08532764 -0.01450108
v -0.05593235 0.08532764 -0.01451588
v -0.05582162 0.08532764 -0.01454043
v -0.05571346 0.08532764 -0.01457453
v -0.05560868 0.08532764 -0.01461793
v -0.05550809 0.08532764 -0.0146703
v -0.05541244 0.08532764 -0.01473124
v -0.05532246 0.08532764 -0.01480028
v -0.05523885 0.08532764 -0.01487689
v -0.05516223 0.08532764 -0.01496051
v -0.05509319 0.08532764 -0.01505048
v -0.05503225 0.08532764 -0.01514613
v -0.05497989 0.08532764 -0.01524673
v -0.05493649 0.08532764 -0.01535151
v -0.05490239 0.08532764 -0.01545967
v -0.05487784 0.08532764 -0.01557039
v -0.05486304 0.08532764 -0.01568283
v -0.05485809 0.08532764 -0.01579613
v -0.05486304 0.08532764 -0.01590944
v -0.05487784 0.08532764 -0.01602188
v -0.05490239 0.08532764 -0.0161326
v -0.05493649 0.08532764 -0.01624076
v -0.05497989 0.08532764 -0.01634554
v -0.05503225 0.08532764 -0.01644613
v -0.05509319 0.08532764 -0.01654178
v -0.05516223 0.08532764 -0.01663176
v -0.05523885 0.08532764 -0.01671537
v -0.05532246 0.08532764 -0.01679199
v -0.05541244 0.08532764 -0.01686103
v -0.05550809 0.08532764 -0.01692197
v -0.05560868 0.08532764 -0.01697433
v -0.05571346 0.08532764 -0.01701773
v -0.05582162 0.08532764 -0.01705184
v -0.05593235 0.08532764 -0.01707638
v -0.05604478 0.08532764 -0.01709119
v -0.05615809 0.08532764 -0.01709613
v -0.05627139 0.08532764 -0.01709119
v -0.05638383 0.08532764 -0.01707638
v -0.05649455 0.08532764 -0.01705184
v -0.05660271 0.08532764 -0.01701773
v -0.05670749 0.08532764 -0.01697433
v -0.05680809 0.08532764 -0.01692197
v -0.05690374 0.08532764 -0.01686103
v -0.05699371 0.08532764 -0.01679199
v -0.05707733 0.08532764 -0.01671537
v -0.05715394 0.08532764 -0.01663176
v -0.05722298 0.08532764 -0.01654178
v -0.05728392 0.08532764 -0.01644613
v -0.05733629 0.08532764 -0.01634554
v -0.05737969 0.08532764 -0.01624076
v -0.05741379 0.08532764 -0.0161326
v -0.05743834 0.08532764 -0.01602188
v -0.05745314 0.08532764 -0.01590944
v -0.0215484 0.07932764 -0.01686103
v -0.02172047 0.07932764 -0.01710678
v -0.02145275 0.07932764 -0.01692197
v -0.02160275 0.07932764 -0.01718177
v -0.02135215 0.07932764 -0.01697433
v -0.02147894 0.07932764 -0.01724623
v -0.02124738 0.07932764 -0.01701773
v -0.02134998 0.07932764 -0.01729964
v -0.02113921 0.07932764 -0.01705184
v -0.02121686 0.07932764 -0.01734161
v -0.02102849 0.07932764 -0.01707638
v -0.02108059 0.07932764 -0.01737183
v -0.02091605 0.07932764 -0.01709119
v -0.0209422 0.07932764 -0.01739004
v -0.02080275 0.07932764 -0.01709613
v -0.02080275 0.07932764 -0.01739613
v -0.02068945 0.07932764 -0.01709119
v -0.0206633 0.07932764 -0.01739004
v -0.02057701 0.07932764 -0.01707638
v -0.02052491 0.07932764 -0.01737183
v -0.02046628 0.07932764 -0.01705184
v -0.02038864 0.07932764 -0.01734161
v -0.02035812 0.07932764 -0.01701773
v -0.02025552 0.07932764 -0.01729964
v -0.02025335 0.07932764 -0.01697433
v -0.02012656 0.07932764 -0.01724623
v -0.02015275 0.07932764 -0.01692197
v -0.02000275 0.07932764 -0.01718177
v -0.0200571 0.07932764 -0.01686103
v -0.01988503 0.07932764 -0.01710678
v -0.01996712 0.07932764 -0.01679199
v -0.01977429 0.07932764 -0.01702181
v -0.01988351 0.07932764 -0.01671537
v -0.01967138 0.07932764 -0.0169275
v -0.01980689 0.07932764 -0.01663176
v -0.01957708 0.07932764 -0.01682459
v -0.01973785 0.07932764 -0.01654178
v -0.0194921 0.07932764 -0.01671386
v -0.01967692 0.07932764 -0.01644613
v -0.01941711 0.07932764 -0.01659613
v -0.01962455 0.07932764 -0.01634554
v -0.01935266 0.07932764 -0.01647232
v -0.01958115 0.07932764 -0.01624076
v -0.01929924 0.07932764 -0.01634337
v -0.01954705 0.07932764 -0.0161326
v -0.01925727 0.07932764 -0.01621024
v -0.0195225 0.07932764 -0.01602188
v -0.01922706 0.07932764 -0.01607397
v -0.01950769 0.07932764 -0.01590944
v -0.01920884 0.07932764 -0.01593558
v -0.01950275 0.07932764 -0.01579613
v -0.01920275 0.07932764 -0.01579613
v -0.01950769 0.07932764 -0.01568283
v -0.01920884 0.07932764 -0.01565668
v -0.0195225 0.07932764 -0.01557039
v -0.01922706 0.07932764 -0.0155183
v -0.01954705 0.07932764 -0.01545967
v -0.01925727 0.07932764 -0.01538202
v -0.01958115 0.07932764 -0.01535151
v -0.01929924 0.07932764 -0.0152489
v -0.01962455 0.07932764 -0.01524673
v -0.01935266 0.07932764 -0.01511994
v -0.01967692 0.07932764 -0.01514613
v -0.01941711 0.07932764 -0.01499613
v -0.01973785 0.07932764 -0.01505048
v -0.0194921 0.07932764 -0.01487841
v -0.01980689 0.07932764 -0.01496051
v -0.01957708 0.07932764 -0.01476767
v -0.01988351 0.07932764 -0.01487689
v -0.01967138 0.07932764 -0.01466476
v -0.01996712 0.07932764 -0.01480028
v -0.01977429 0.07932764 -0.01457046
v -0.0200571 0.07932764 -0.01473124
v -0.01988503 0.07932764 -0.01448549
v -0.02015275 0.07932764 -0.0146703
v -0.02000275 0.07932764 -0.01441049
v -0.02025335 0.07932764 -0.01461793
v -0.02012656 0.07932764 -0.01434604
v -0.02035812 0.07932764 -0.01457453
v -0.02025552 0.07932764 -0.01429262
v -0.02046628 0.07932764 -0.01454043
v -0.02038864 0.07932764 -0.01425065
v -0.02057701 0.07932764 -0.01451588
v -0.02052491 0.07932764 -0.01422044
v -0.02068945 0.07932764 -0.01450108
v -0.0206633 0.07932764 -0.01420222
v -0.02080275 0.07932764 -0.01449613
v -0.02080275 0.07932764 -0.01419613
v -0.02091605 0.07932764 -0.01450108
v -0.0209422 0.07932764 -0.01420222
v -0.02102849 0.07932764 -0.01451588
v -0.02108059 0.07932764 -0.01422044
v -0.02113921 0.07932764 -0.01454043
v -0.02121686 0.07932764 -0.01425065
v -0.02124737 0.07932764 -0.01457453
v -0.02134998 0.07932764 -0.01429262
v -0.02135215 0.07932764 -0.01461793
v -0.02147894 0.07932764 -0.01434604
v -0.02145275 0.07932764 -0.0146703
v -0.02160275 0.07932764 -0.01441049
v -0.0215484 0.07932764 -0.01473124
v -0.02172047 0.07932764 -0.01448549
v -0.02163837 0.07932764 -0.01480028
v -0.02183121 0.07932764 -0.01457046
v -0.02172199 0.07932764 -0.01487689
v -0.02193412 0.07932764 -0.01466476
v -0.02179861 0.07932764 -0.01496051
v -0.02202842 0.07932764 -0.01476767
v -0.02186765 0.07932764 -0.01505048
v -0.02211339 0.07932764 -0.01487841
v -0.02192858 0.07932764 -0.01514613
v -0.02218839 0.07932764 -0.01499613
v -0.02198095 0.07932764 -0.01524673
v -0.02225284 0.07932764 -0.01511994
v -0.02202435 0.07932764 -0.01535151
v -0.02230626 0.07932764 -0.0152489
v -0.02205845 0.07932764 -0.01545967
v -0.02234823 0.07932764 -0.01538202
v -0.022083 0.07932764 -0.01557039
v -0.02237844 0.07932764 -0.0155183
v -0.0220978 0.07932764 -0.01568283
v -0.02239666 0.07932764 -0.01565668
v -0.02210275 0.07932764 -0.01579613
v -0.02240275 0.07932764 -0.01579613
v -0.0220978 0.07932764 -0.01590944
v -0.02239666 0.07932764 -0.01593558
v -0.022083 0.07932764 -0.01602188
v -0.02237844 0.07932764 -0.01607397
v -0.02205845 0.07932764 -0.0161326
v -0.02234823 0.07932764 -0.01621024
v -0.02202435 0.07932764 -0.01624076
v -0.02230626 0.07932764 -0.01634336
v -0.02198095 0.07932764 -0.01634554
v -0.02225284 0.07932764 -0.01647232
v -0.02192858 0.07932764 -0.01644613
v -0.02218839 0.07932764 -0.01659613
v -0.02186765 0.07932764 -0.01654178
v -0.02211339 0.07932764 -0.01671386
v -0.02179861 0.07932764 -0.01663176
v -0.02202842 0.07932764 -0.01682459
v -0.02172199 0.07932764 -0.01671537
v -0.02193412 0.07932764 -0.0169275
v -0.02163837 0.07932764 -0.01679199
v -0.02183121 0.07932764 -0.01702181
v -0.02210275 0.08532764 -0.01579613
v -0.0220978 0.08532764 -0.01568283
v -0.022083 0.08532764 -0.01557039
v -0.02205845 0.08532764 -0.01545967
v -0.02202435 0.08532764 -0.01535151
v -0.02198095 0.08532764 -0.01524673
v -0.02192858 0.08532764 -0.01514613
v -0.02186765 0.08532764 -0.01505048
v -0.02179861 0.08532764 -0.01496051
v -0.02172199 0.08532764 -0.01487689
v -0.02163837 0.08532764 -0.01480028
v -0.0215484 0.08532764 -0.01473124
v -0.02145275 0.08532764 -0.0146703
v -0.02135215 0.08532764 -0.01461793
v -0.02124737 0.08532764 -0.01457453
v -0.02113921 0.08532764 -0.01454043
v -0.02102849 0.08532764 -0.01451588
v -0.02091605 0.08532764 -0.01450108
v -0.02080275 0.08532764 -0.01449613
v -0.02068945 0.08532764 -0.01450108
v -0.02057701 0.08532764 -0.01451588
v -0.02046628 0.08532764 -0.01454043
v -0.02035812 0.08532764 -0.01457453
v -0.02025335 0.08532764 -0.01461793
v -0.02015275 0.08532764 -0.0146703
v -0.0200571 0.08532764 -0.01473124
v -0.01996712 0.08532764 -0.01480028
v -0.01988351 0.08532764 -0.01487689
v -0.01980689 0.08532764 -0.01496051
v -0.01973785 0.08532764 -0.01505048
v -0.01967692 0.08532764 -0.01514613
v -0.01962455 0.08532764 -0.01524673
v -0.01958115 0.08532764 -0.01535151
v -0.01954705 0.08532764 -0.01545967
v -0.0195225 0.08532764 -0.01557039
v -0.01950769 0.08532764 -0.01568283
v -0.01950275 0.08532764 -0.01579613
v -0.01950769 0.08532764 -0.01590944
v -0.0195225 0.08532764 -0.01602188
v -0.01954705 0.08532764 -0.0161326
v -0.01958115 0.08532764 -0.01624076
v -0.01962455 0.08532764 -0.01634554
v -0.01967692 0.08532764 -0.01644613
v -0.01973785 0.08532764 -0.01654178
v -0.01980689 0.08532764 -0.01663176
v -0.01988351 0.08532764 -0.01671537
v -0.01996712 0.08532764 -0.01679199
v -0.0200571 0.08532764 -0.01686103
v -0.02015275 0.08532764 -0.01692197
v -0.02025335 0.08532764 -0.01697433
v -0.02035812 0.08532764 -0.01701773
v -0.02046628 0.08532764 -0.01705184
v -0.02057701 0.08532764 -0.01707638
v -0.02068945 0.08532764 -0.01709119
v -0.02080275 0.08532764 -0.01709613
v -0.02091605 0.08532764 -0.01709119
v -0.02102849 0.08532764 -0.01707638
v -0.02113921 0.08532764 -0.01705184
v -0.02124738 0.08532764 -0.01701773
v -0.02135215 0.08532764 -0.01697433
v -0.02145275 0.08532764 -0.01692197
v -0.0215484 0.08532764 -0.01686103
v -0.02163837 0.08532764 -0.01679199
v -0.02172199 0.08532764 -0.01671537
v -0.02179861 0.08532764 -0.01663176
v -0.02186765 0.08532764 -0.01654178
v -0.02192858 0.08532764 -0.01644613
v -0.02198095 0.08532764 -0.01634554
v -0.02202435 0.08532764 -0.01624076
v -0.02205845 0.08532764 -0.0161326
v -0.022083 0.08532764 -0.01602188
v -0.0220978 0.08532764 -0.01590944
v -0.01967692 0.07932764 -0.05180147
v -0.01941711 0.07932764 -0.05195147
v -0.01962455 0.07932764 -0.05170088
v -0.01935266 0.07932764 -0.05182766
v -0.01958115 0.07932764 -0.0515961
v -0.01929924 0.07932764 -0.0516987
v -0.01954705 0.07932764 -0.05148794
v -0.01925727 0.07932764 -0.05156558
v -0.0195225 0.07932764 -0.05137721
v -0.01922706 0.07932764 -0.05142931
v -0.01950769 0.07932764 -0.05126477
v -0.01920884 0.07932764 -0.05129092
v -0.01950275 0.07932764 -0.05115147
v -0.01920275 0.07932764 -0.05115147
v -0.01950769 0.07932764 -0.05103817
v -0.01920884 0.07932764 -0.05101202
v -0.0195225 0.07932764 -0.05092573
v -0.01922706 0.07932764 -0.05087363
v -0.01954705 0.07932764 -0.05081501
v -0.01925727 0.07932764 -0.05073736
v -0.01958115 0.07932764 -0.05070684
v -0.01929924 0.07932764 -0.05060424
v -0.01962455 0.07932764 -0.05060207
v -0.01935266 0.07932764 -0.05047528
v -0.01967692 0.07932764 -0.05050147
v -0.01941711 0.07932764 -0.05035147
v -0.01973785 0.07932764 -0.05040582
v -0.0194921 0.07932764 -0.05023375
v -0.01980689 0.07932764 -0.05031585
v -0.01957708 0.07932764 -0.05012301
v -0.01988351 0.07932764 -0.05023223
v -0.01967138 0.07932764 -0.0500201
v -0.01996713 0.07932764 -0.05015561
v -0.01977429 0.07932764 -0.0499258
v -0.0200571 0.07932764 -0.05008657
v -0.01988503 0.07932764 -0.04984083
v -0.02015275 0.07932764 -0.05002564
v -0.02000275 0.07932764 -0.04976583
v -0.02025335 0.07932764 -0.04997327
v -0.02012656 0.07932764 -0.04970138
v -0.02035812 0.07932764 -0.04992987
v -0.02025552 0.07932764 -0.04964796
v -0.02046628 0.07932764 -0.04989577
v -0.02038864 0.07932764 -0.04960599
v -0.02057701 0.07932764 -0.04987122
v -0.02052491 0.07932764 -0.04957578
v -0.02068945 0.07932764 -0.04985642
v -0.0206633 0.07932764 -0.04955756
v -0.02080275 0.07932764 -0.04985147
v -0.02080275 0.07932764 -0.04955147
v -0.02091605 0.07932764 -0.04985642
v -0.0209422 0.07932764 -0.04955756
v -0.02102849 0.07932764 -0.04987122
v -0.02108059 0.07932764 -0.04957578
v -0.02113921 0.07932764 -0.04989577
v -0.02121686 0.07932764 -0.04960599
v -0.02124738 0.07932764 -0.04992987
v -0.02134998 0.07932764 -0.04964796
v -0.02135215 0.07932764 -0.04997327
v -0.02147894 0.07932764 -0.04970138
v -0.02145275 0.07932764 -0.05002564
v -0.02160275 0.07932764 -0.04976583
v -0.0215484 0.07932764 -0.05008657
v -0.02172047 0.07932764 -0.04984083
v -0.02163837 0.07932764 -0.05015561
v -0.02183121 0.07932764 -0.0499258
v -0.02172199 0.07932764 -0.05023223
v -0.02193412 0.07932764 -0.0500201
v -0.02179861 0.07932764 -0.05031585
v -0.02202842 0.07932764 -0.05012301
v -0.02186765 0.07932764 -0.05040582
v -0.02211339 0.07932764 -0.05023375
v -0.02192858 0.07932764 -0.05050147
v -0.02218839 0.07932764 -0.05035147
v -0.02198095 0.07932764 -0.05060207
v -0.02225284 0.07932764 -0.05047528
v -0.02202435 0.07932764 -0.05070684
v -0.02230626 0.07932764 -0.05060424
v -0.02205845 0.07932764 -0.05081501
v -0.02234823 0.07932764 -0.05073736
v -0.022083 0.07932764 -0.05092573
v -0.02237844 0.07932764 -0.05087363
v -0.0220978 0.07932764 -0.05103817
v -0.02239666 0.07932764 -0.05101202
v -0.02210275 0.07932764 -0.05115147
v -0.02240275 0.07932764 -0.05115147
v -0.0220978 0.07932764 -0.05126477
v -0.02239666 0.07932764 -0.05129092
v -0.022083 0.07932764 -0.05137721
v -0.02237844 0.07932764 -0.05142931
v -0.02205845 0.07932764 -0.05148794
v -0.02234823 0.07932764 -0.05156558
v -0.02202435 0.07932764 -0.0515961
v -0.02230626 0.07932764 -0.0516987
v -0.02198095 0.07932764 -0.05170088
v -0.02225284 0.07932764 -0.05182766
v -0.02192858 0.07932764 -0.05180147
v -0.02218839 0.07932764 -0.05195147
v -0.02186765 0.07932764 -0.05189712
v -0.02211339 0.07932764 -0.05206919
v -0.02179861 0.07932764 -0.0519871
v -0.02202842 0.07932764 -0.05217993
v -0.02172199 0.07932764 -0.05207071
v -0.02193412 0.07932764 -0.05228284
v -0.02163837 0.07932764 -0.05214733
v -0.02183121 0.07932764 -0.05237714
v -0.0215484 0.07932764 -0.05221637
v -0.02172047 0.07932764 -0.05246212
v -0.02145275 0.07932764 -0.0522773
v -0.02160275 0.07932764 -0.05253711
v -0.02135215 0.07932764 -0.05232967
v -0.02147894 0.07932764 -0.05260156
v -0.02124738 0.07932764 -0.05237307
v -0.02134998 0.07932764 -0.05265498
v -0.02113921 0.07932764 -0.05240718
v -0.02121686 0.07932764 -0.05269695
v -0.02102849 0.07932764 -0.05243172
v -0.02108059 0.07932764 -0.05272716
v -0.02091605 0.07932764 -0.05244653
v -0.0209422 0.07932764 -0.05274538
v -0.02080275 0.07932764 -0.05245147
v -0.02080275 0.07932764 -0.05275147
v -0.02068945 0.07932764 -0.05244653
v -0.0206633 0.07932764 -0.05274538
v -0.02057701 0.07932764 -0.05243172
v -0.02052491 0.07932764 -0.05272716
v -0.02046628 0.07932764 -0.05240718
v -0.02038864 0.07932764 -0.05269695
v -0.02035812 0.07932764 -0.05237307
v -0.02025552 0.07932764 -0.05265498
v -0.02025335 0.07932764 -0.05232967
v -0.02012656 0.07932764 -0.05260156
v -0.02015275 0.07932764 -0.0522773
v -0.02000275 0.07932764 -0.05253711
v -0.0200571 0.07932764 -0.05221637
v -0.01988503 0.07932764 -0.05246212
v -0.01996713 0.07932764 -0.05214733
v -0.01977429 0.07932764 -0.05237714
v -0.01988351 0.07932764 -0.05207071
v -0.01967138 0.07932764 -0.05228284
v -0.01980689 0.07932764 -0.0519871
v -0.01957708 0.07932764 -0.05217993
v -0.01973785 0.07932764 -0.05189712
v -0.0194921 0.07932764 -0.05206919
v -0.02210275 0.08532764 -0.05115147
v -0.0220978 0.08532764 -0.05103817
v -0.022083 0.08532764 -0.05092573
v -0.02205845 0.08532764 -0.05081501
v -0.02202435 0.08532764 -0.05070684
v -0.02198095 0.08532764 -0.05060207
v -0.02192858 0.08532764 -0.05050147
v -0.02186765 0.08532764 -0.05040582
v -0.02179861 0.08532764 -0.05031585
v -0.02172199 0.08532764 -0.05023223
v -0.02163837 0.08532764 -0.05015561
v -0.0215484 0.08532764 -0.05008657
v -0.02145275 0.08532764 -0.05002564
v -0.02135215 0.08532764 -0.04997327
v -0.02124738 0.08532764 -0.04992987
v -0.02113921 0.08532764 -0.04989577
v -0.02102849 0.08532764 -0.04987122
v -0.02091605 0.08532764 -0.04985642
v -0.02080275 0.08532764 -0.04985147
v -0.02068945 0.08532764 -0.04985642
v -0.02057701 0.08532764 -0.04987122
v -0.02046628 0.08532764 -0.04989577
v -0.02035812 0.08532764 -0.04992987
v -0.02025335 0.08532764 -0.04997327
v -0.02015275 0.08532764 -0.05002564
v -0.0200571 0.08532764 -0.05008657
v -0.01996713 0.08532764 -0.05015561
v -0.01988351 0.08532764 -0.05023223
v -0.01980689 0.08532764 -0.05031585
v -0.01973785 0.08532764 -0.05040582
v -0.01967692 0.08532764 -0.05050147
v -0.01962455 0.08532764 -0.05060207
v -0.01958115 0.08532764 -0.05070684
v -0.01954705 0.08532764 -0.05081501
v -0.0195225 0.08532764 -0.05092573
v -0.01950769 0.08532764 -0.05103817
v -0.01950275 0.08532764 -0.05115147
v -0.01950769 0.08532764 -0.05126477
v -0.0195225 0.08532764 -0.05137721
v -0.01954705 0.08532764 -0.05148794
v -0.01958115 0.08532764 -0.0515961
v -0.01962455 0.08532764 -0.05170088
v -0.01967692 0.08532764 -0.05180147
v -0.01973785 0.08532764 -0.05189712
v -0.01980689 0.08532764 -0.0519871
v -0.01988351 0.08532764 -0.05207071
v -0.01996713 0.08532764 -0.05214733
v -0.0200571 0.08532764 -0.05221637
v -0.02015275 0.08532764 -0.0522773
v -0.02025335 0.08532764 -0.05232967
v -0.02035812 0.08532764 -0.05237307
v -0.02046628 0.08532764 -0.05240718
v -0.02057701 0.08532764 -0.05243172
v -0.02068945 0.08532764 -0.05244653
v -0.02080275 0.08532764 -0.05245147
v -0.02091605 0.08532764 -0.05244653
v -0.02102849 0.08532764 -0.05243172
v -0.02113921 0.08532764 -0.05240718
v -0.02124738 0.08532764 -0.05237307
v -0.02135215 0.08532764 -0.05232967
v -0.02145275 0.08532764 -0.0522773
v -0.0215484 0.08532764 -0.05221637
v -0.02163837 0.08532764 -0.05214733
v -0.02172199 0.08532764 -0.05207071
v -0.02179861 0.08532764 -0.0519871
v -0.02186765 0.08532764 -0.05189712
v -0.02192858 0.08532764 -0.05180147
v -0.02198095 0.08532764 -0.05170088
v -0.02202435 0.08532764 -0.0515961
v -0.02205845 0.08532764 -0.05148794
v -0.022083 0.08532764 -0.05137721
v -0.0220978 0.08532764 -0.05126477
v -0.05958042 0.06232764 -0.0334738
v -0.05958042 0.08532764 -0.0334738
v -0.05950013 0.06232764 -0.03163482
v -0.05950013 0.08532764 -0.03163482
v -0.05925986 0.06232764 -0.02980983
v -0.05925986 0.08532764 -0.02980983
v -0.05886145 0.06232764 -0.02801272
v -0.05886145 0.08532764 -0.02801272
v -0.05830793 0.06232764 -0.02625718
v -0.05830793 0.08532764 -0.02625718
v -0.05760351 0.06232764 -0.02455656
v -0.05760351 0.08532764 -0.02455656
v -0.05675355 0.06232764 -0.0229238
v -0.05675355 0.08532764 -0.0229238
v -0.05576453 0.06232764 -0.02137134
v -0.05576453 0.08532764 -0.02137134
v -0.05464396 0.06232764 -0.01991098
v -0.05464396 0.08532764 -0.01991098
v -0.05340037 0.06232764 -0.01855385
v -0.05340037 0.08532764 -0.01855385
v -0.05204324 0.06232764 -0.01731027
v -0.05204324 0.08532764 -0.01731027
v -0.05058288 0.06232764 -0.01618969
v -0.05058288 0.08532764 -0.01618969
v -0.04903042 0.06232764 -0.01520067
v -0.04903042 0.08532764 -0.01520067
v -0.04739766 0.06232764 -0.01435071
v -0.04739766 0.08532764 -0.01435071
v -0.04569704 0.06232764 -0.01364629
v -0.04569704 0.08532764 -0.01364629
v -0.0439415 0.06232764 -0.01309277
v -0.0439415 0.08532764 -0.01309277
v -0.0421444 0.06232764 -0.01269436
v -0.0421444 0.08532764 -0.01269436
v -0.04031941 0.06232764 -0.01245409
v -0.04031941 0.08532764 -0.01245409
v -0.03848042 0.06232764 -0.0123738
v -0.03848042 0.08532764 -0.0123738
v -0.03664143 0.06232764 -0.01245409
v -0.03664143 0.08532764 -0.01245409
v -0.03481644 0.06232764 -0.01269436
v -0.03481644 0.08532764 -0.01269436
v -0.03301934 0.06232764 -0.01309277
v -0.03301934 0.08532764 -0.01309277
v -0.03126379 0.06232764 -0.01364629
v -0.03126379 0.08532764 -0.01364629
v -0.02956317 0.06232764 -0.01435071
v -0.02956317 0.08532764 -0.01435071
v -0.02793042 0.06232764 -0.01520067
v -0.02793042 0.08532764 -0.01520067
v -0.02637796 0.06232764 -0.01618969
v -0.02637796 0.08532764 -0.01618969
v -0.0249176 0.06232764 -0.01731027
v -0.0249176 0.08532764 -0.01731027
v -0.02356046 0.06232764 -0.01855385
v -0.02356046 0.08532764 -0.01855385
v -0.02231688 0.06232764 -0.01991098
v -0.02231688 0.08532764 -0.01991098
v -0.02119631 0.06232764 -0.02137134
v -0.02119631 0.08532764 -0.02137134
v -0.02020728 0.06232764 -0.0229238
v -0.02020728 0.08532764 -0.0229238
v -0.01935732 0.06232764 -0.02455656
v -0.01935732 0.08532764 -0.02455656
v -0.0186529 0.06232764 -0.02625718
v -0.0186529 0.08532764 -0.02625718
v -0.01809938 0.06232764 -0.02801272
v -0.01809938 0.08532764 -0.02801272
v -0.01770097 0.06232764 -0.02980983
v -0.01770097 0.08532764 -0.02980983
v -0.01746071 0.06232764 -0.03163482
v -0.01746071 0.08532764 -0.03163482
v -0.01738042 0.06232764 -0.0334738
v -0.01738042 0.08532764 -0.0334738
v -0.01746071 0.06232764 -0.03531279
v -0.01746071 0.08532764 -0.03531279
v -0.01770097 0.06232764 -0.03713778
v -0.01770097 0.08532764 -0.03713778
v -0.01809938 0.06232764 -0.03893488
v -0.01809938 0.08532764 -0.03893488
v -0.0186529 0.06232764 -0.04069043
v -0.0186529 0.08532764 -0.04069043
v -0.01935732 0.06232764 -0.04239105
v -0.01935732 0.08532764 -0.04239105
v -0.02020728 0.06232764 -0.0440238
v -0.02020728 0.08532764 -0.0440238
v -0.02119631 0.06232764 -0.04557627
v -0.02119631 0.08532764 -0.04557627
v -0.02231688 0.06232764 -0.04703662
v -0.02231688 0.08532764 -0.04703662
v -0.02356046 0.06232764 -0.04839376
v -0.02356046 0.08532764 -0.04839376
v -0.0249176 0.06232764 -0.04963734
v -0.0249176 0.08532764 -0.04963734
v -0.02637796 0.06232764 -0.05075791
v -0.02637796 0.08532764 -0.05075791
v -0.02793042 0.06232764 -0.05174694
v -0.02793042 0.08532764 -0.05174694
v -0.02956317 0.06232764 -0.0525969
v -0.02956317 0.08532764 -0.0525969
v -0.03126379 0.06232764 -0.05330132
v -0.03126379 0.08532764 -0.05330132
v -0.03301934 0.06232764 -0.05385484
v -0.03301934 0.08532764 -0.05385484
v -0.03481644 0.06232764 -0.05425325
v -0.03481644 0.08532764 -0.05425325
v -0.03664143 0.06232764 -0.05449351
v -0.03664143 0.08532764 -0.05449351
v -0.03848042 0.06232764 -0.0545738
v -0.03848042 0.08532764 -0.0545738
v -0.04031941 0.06232764 -0.05449351
v -0.04031941 0.08532764 -0.05449351
v -0.0421444 0.06232764 -0.05425325
v -0.0421444 0.08532764 -0.05425325
v -0.0439415 0.06232764 -0.05385484
v -0.0439415 0.08532764 -0.05385484
v -0.04569704 0.06232764 -0.05330132
v -0.04569704 0.08532764 -0.05330132
v -0.04739766 0.06232764 -0.0525969
v -0.04739766 0.08532764 -0.0525969
v -0.04903042 0.06232764 -0.05174694
v -0.04903042 0.08532764 -0.05174694
v -0.05058288 0.06232764 -0.05075791
v -0.05058288 0.08532764 -0.05075791
v -0.05204324 0.06232764 -0.04963734
v -0.05204324 0.08532764 -0.04963734
v -0.05340037 0.06232764 -0.04839376
v -0.05340037 0.08532764 -0.04839376
v -0.05464396 0.06232764 -0.04703662
v -0.05464396 0.08532764 -0.04703662
v -0.05576453 0.06232764 -0.04557627
v -0.05576453 0.08532764 -0.04557627
v -0.05675355 0.06232764 -0.0440238
v -0.05675355 0.08532764 -0.0440238
v -0.05760351 0.06232764 -0.04239105
v -0.05760351 0.08532764 -0.04239105
v -0.05830793 0.06232764 -0.04069043
v -0.05830793 0.08532764 -0.04069043
v -0.05886145 0.06232764 -0.03893488
v -0.05886145 0.08532764 -0.03893488
v -0.05925986 0.06232764 -0.03713778
v -0.05925986 0.08532764 -0.03713778
v -0.05950013 0.06232764 -0.03531279
v -0.05950013 0.08532764 -0.03531279
v -0.01789177 0.08532764 -0.0524503
v -0.01950392 0.08532764 -0.05406246
v -0.01423171 0.08532764 -0.0474738
v -0.0131038 0.08532764 -0.04530711
v -0.05906907 0.08532764 -0.01449731
v -0.06272913 0.08532764 -0.0474738
v -0.06385703 0.08532764 -0.04530711
v -0.06479181 0.08532764 -0.04305037
v -0.06552634 0.08532764 -0.04072073
v -0.06605504 0.08532764 -0.03833595
v -0.06637387 0.08532764 -0.03591416
v -0.06648042 0.08532764 -0.0334738
v -0.06637387 0.08532764 -0.03103344
v -0.06605504 0.08532764 -0.02861165
v -0.06552634 0.08532764 -0.02622687
v -0.06479181 0.08532764 -0.02389724
v -0.06385703 0.08532764 -0.02164049
v -0.05745691 0.08532764 -0.01288515
v -0.06272913 0.08532764 -0.0194738
v -0.01950392 0.08532764 -0.01288515
v -0.01789177 0.08532764 -0.01449731
v -0.01216902 0.08532764 -0.04305037
v -0.0114345 0.08532764 -0.04072073
v -0.0109058 0.08532764 -0.03833595
v -0.01058697 0.08532764 -0.03591416
v -0.01048042 0.08532764 -0.0334738
v -0.01058697 0.08532764 -0.03103344
v -0.0109058 0.08532764 -0.02861165
v -0.0114345 0.08532764 -0.02622687
v -0.01216902 0.08532764 -0.02389724
v -0.0131038 0.08532764 -0.02164049
v -0.01423171 0.08532764 -0.0194738
v -0.01641612 0.09532764 -0.05071232
v -0.01789177 0.09532764 -0.0524503
v -0.01950392 0.09532764 -0.05406246
v -0.0212419 0.09532764 -0.0555381
v -0.06054472 0.09532764 -0.01623528
v -0.05906907 0.09532764 -0.01449731
v -0.05745691 0.09532764 -0.01288515
v -0.05571894 0.09532764 -0.0114095
v -0.05454056 0.09532764 -0.01053755
v -0.05248042 0.09532764 -0.00922509
v -0.05031373 0.09532764 -0.00809718
v -0.04805698 0.09532764 -0.00716241
v -0.04572735 0.09532764 -0.00642788
v -0.04334257 0.09532764 -0.00589919
v -0.04092078 0.09532764 -0.00558035
v -0.03848042 0.09532764 -0.0054738
v -0.03604006 0.09532764 -0.00558035
v -0.03361827 0.09532764 -0.00589919
v -0.03123349 0.09532764 -0.00642788
v -0.02890386 0.09532764 -0.00716241
v -0.02664711 0.09532764 -0.00809718
v -0.02448042 0.09532764 -0.00922509
v -0.02242028 0.09532764 -0.01053755
v -0.01554416 0.09532764 -0.01741366
v -0.01423171 0.09532764 -0.0194738
v -0.0131038 0.09532764 -0.02164049
v -0.01216902 0.09532764 -0.02389724
v -0.0114345 0.09532764 -0.02622687
v -0.0109058 0.09532764 -0.02861165
v -0.01058697 0.09532764 -0.03103344
v -0.01048042 0.09532764 -0.0334738
v -0.01058697 0.09532764 -0.03591416
v -0.0109058 0.09532764 -0.03833595
v -0.0114345 0.09532764 -0.04072073
v -0.01216902 0.09532764 -0.04305037
v -0.0131038 0.09532764 -0.04530711
v -0.01423171 0.09532764 -0.0474738
v -0.01554416 0.09532764 -0.04953394
v -0.02242028 0.09532764 -0.05641006
v -0.02448042 0.09532764 -0.05772251
v -0.02664711 0.09532764 -0.05885042
v -0.02890386 0.09532764 -0.05978519
v -0.03123349 0.09532764 -0.06051973
v -0.03361827 0.09532764 -0.06104842
v -0.03604006 0.09532764 -0.06136725
v -0.03848042 0.09532764 -0.0614738
v -0.04092078 0.09532764 -0.06136725
v -0.04334257 0.09532764 -0.06104842
v -0.04572735 0.09532764 -0.06051973
v -0.04805698 0.09532764 -0.05978519
v -0.05031373 0.09532764 -0.05885042
v -0.05248042 0.09532764 -0.05772251
v -0.05454056 0.09532764 -0.05641006
v -0.05571894 0.09532764 -0.0555381
v -0.05745691 0.09532764 -0.05406246
v -0.05906907 0.09532764 -0.0524503
v -0.06054472 0.09532764 -0.05071232
v -0.06141667 0.09532764 -0.04953394
v -0.06272913 0.09532764 -0.0474738
v -0.06385703 0.09532764 -0.04530711
v -0.06479181 0.09532764 -0.04305037
v -0.06552634 0.09532764 -0.04072073
v -0.06605504 0.09532764 -0.03833595
v -0.06637387 0.09532764 -0.03591416
v -0.06648042 0.09532764 -0.0334738
v -0.06637387 0.09532764 -0.03103344
v -0.06605504 0.09532764 -0.02861165
v -0.06552634 0.09532764 -0.02622687
v -0.06479181 0.09532764 -0.02389724
v -0.06385703 0.09532764 -0.02164049
v -0.06272913 0.09532764 -0.0194738
v -0.06141667 0.09532764 -0.01741366
v -0.02035812 0.09532764 -0.05237307
v -0.02025335 0.09532764 -0.05232967
v -0.02015275 0.09532764 -0.0522773
v -0.0200571 0.09532764 -0.05221637
v -0.01637436 0.09532764 -0.04983143
v -0.01935732 0.09532764 -0.04239105
v -0.0186529 0.09532764 -0.04069043
v -0.02102849 0.09532764 -0.05243172
v -0.02091605 0.09532764 -0.05244653
v -0.02080275 0.09532764 -0.05245147
v -0.01996713 0.09532764 -0.05214733
v -0.01988351 0.09532764 -0.05207071
v -0.01980689 0.09532764 -0.0519871
v -0.01973785 0.09532764 -0.05189712
v -0.01973785 0.09532764 -0.05040582
v -0.01980689 0.09532764 -0.05031585
v -0.01988351 0.09532764 -0.05023223
v -0.01996713 0.09532764 -0.05015561
v -0.0200571 0.09532764 -0.05008657
v -0.02015275 0.09532764 -0.05002564
v -0.02025335 0.09532764 -0.04997327
v -0.02035812 0.09532764 -0.04992987
v -0.02080275 0.09532764 -0.04985147
v -0.02119631 0.09532764 -0.04557627
v -0.02068945 0.09532764 -0.04985642
v -0.02020728 0.09532764 -0.0440238
v -0.02057701 0.09532764 -0.04987122
v -0.02046628 0.09532764 -0.04989577
v -0.02113921 0.09532764 -0.05240718
v -0.02212279 0.09532764 -0.05557987
v -0.02124738 0.09532764 -0.05237307
v -0.02068945 0.09532764 -0.05244653
v -0.02057701 0.09532764 -0.05243172
v -0.02046628 0.09532764 -0.05240718
v -0.01967692 0.09532764 -0.05180147
v -0.01962455 0.09532764 -0.05170088
v -0.01958115 0.09532764 -0.0515961
v -0.0215484 0.09532764 -0.05221637
v -0.02145275 0.09532764 -0.0522773
v -0.02135215 0.09532764 -0.05232967
v -0.01954705 0.09532764 -0.05148794
v -0.0195225 0.09532764 -0.05137721
v -0.01950769 0.09532764 -0.05126477
v -0.01958115 0.09532764 -0.05070684
v -0.01954705 0.09532764 -0.05081501
v -0.0195225 0.09532764 -0.05092573
v -0.01962455 0.09532764 -0.05060207
v -0.01967692 0.09532764 -0.05050147
v -0.02186765 0.09532764 -0.05189712
v -0.02179861 0.09532764 -0.0519871
v -0.01950275 0.09532764 -0.05115147
v -0.01950769 0.09532764 -0.05103817
v -0.02172199 0.09532764 -0.05207071
v -0.02163837 0.09532764 -0.05214733
v -0.02091605 0.09532764 -0.04985642
v -0.02102849 0.09532764 -0.04987122
v -0.02231688 0.09532764 -0.04703662
v -0.02113921 0.09532764 -0.04989577
v -0.02124738 0.09532764 -0.04992987
v -0.02356046 0.09532764 -0.04839376
v -0.02163837 0.09532764 -0.05015561
v -0.02172199 0.09532764 -0.05023223
v -0.02179861 0.09532764 -0.05031585
v -0.02186765 0.09532764 -0.05040582
v -0.0249176 0.09532764 -0.04963734
v -0.02192858 0.09532764 -0.05050147
v -0.02198095 0.09532764 -0.05060207
v -0.02202435 0.09532764 -0.0515961
v -0.02198095 0.09532764 -0.05170088
v -0.02637796 0.09532764 -0.05075791
v -0.02192858 0.09532764 -0.05180147
v -0.02135215 0.09532764 -0.04997327
v -0.02145275 0.09532764 -0.05002564
v -0.0215484 0.09532764 -0.05008657
v -0.02202435 0.09532764 -0.05070684
v -0.02205845 0.09532764 -0.05081501
v -0.022083 0.09532764 -0.05092573
v -0.0220978 0.09532764 -0.05103817
v -0.02210275 0.09532764 -0.05115147
v -0.0220978 0.09532764 -0.05126477
v -0.022083 0.09532764 -0.05137721
v -0.02205845 0.09532764 -0.05148794
v -0.02068945 0.09532764 -0.01450108
v -0.02080275 0.09532764 -0.01449613
v -0.0212419 0.09532764 -0.0114095
v -0.02119631 0.09532764 -0.02137134
v -0.01637436 0.09532764 -0.01711618
v -0.02212279 0.09532764 -0.01136774
v -0.02637796 0.09532764 -0.01618969
v -0.02793042 0.09532764 -0.01520067
v -0.02124737 0.09532764 -0.01457453
v -0.02135215 0.09532764 -0.01461793
v -0.02091605 0.09532764 -0.01450108
v -0.02102849 0.09532764 -0.01451588
v -0.02113921 0.09532764 -0.01454043
v -0.02020728 0.09532764 -0.0229238
v -0.01935732 0.09532764 -0.02455656
v -0.0186529 0.09532764 -0.02625718
v -0.01809938 0.09532764 -0.02801272
v -0.01770097 0.09532764 -0.02980983
v -0.01746071 0.09532764 -0.03163482
v -0.01738042 0.09532764 -0.0334738
v -0.01746071 0.09532764 -0.03531279
v -0.01770097 0.09532764 -0.03713778
v -0.01809938 0.09532764 -0.03893488
v -0.02145275 0.09532764 -0.0146703
v -0.0215484 0.09532764 -0.01473124
v -0.02163837 0.09532764 -0.01480028
v -0.02172199 0.09532764 -0.01487689
v -0.02179861 0.09532764 -0.01496051
v -0.02186765 0.09532764 -0.01505048
v -0.02192858 0.09532764 -0.01514613
v -0.02198095 0.09532764 -0.01524673
v -0.02202435 0.09532764 -0.01535151
v -0.02205845 0.09532764 -0.01545967
v -0.02179861 0.09532764 -0.01663176
v -0.02172199 0.09532764 -0.01671537
v -0.02356046 0.09532764 -0.01855385
v -0.02091605 0.09532764 -0.01709119
v -0.02080275 0.09532764 -0.01709613
v -0.02068945 0.09532764 -0.01709119
v -0.02057701 0.09532764 -0.01707638
v -0.01996712 0.09532764 -0.01480028
v -0.0200571 0.09532764 -0.01473124
v -0.01950392 0.09532764 -0.01288515
v -0.02015275 0.09532764 -0.0146703
v -0.02025335 0.09532764 -0.01461793
v -0.02035812 0.09532764 -0.01457453
v -0.02046628 0.09532764 -0.01454043
v -0.02057701 0.09532764 -0.01451588
v -0.022083 0.09532764 -0.01557039
v -0.0220978 0.09532764 -0.01568283
v -0.02210275 0.09532764 -0.01579613
v -0.0220978 0.09532764 -0.01590944
v -0.022083 0.09532764 -0.01602188
v -0.0249176 0.09532764 -0.01731027
v -0.02205845 0.09532764 -0.0161326
v -0.02202435 0.09532764 -0.01624076
v -0.02198095 0.09532764 -0.01634554
v -0.02192858 0.09532764 -0.01644613
v -0.02186765 0.09532764 -0.01654178
v -0.02163837 0.09532764 -0.01679199
v -0.0215484 0.09532764 -0.01686103
v -0.02231688 0.09532764 -0.01991098
v -0.02145275 0.09532764 -0.01692197
v -0.02135215 0.09532764 -0.01697433
v -0.02124738 0.09532764 -0.01701773
v -0.02113921 0.09532764 -0.01705184
v -0.02102849 0.09532764 -0.01707638
v -0.02046628 0.09532764 -0.01705184
v -0.02035812 0.09532764 -0.01701773
v -0.02025335 0.09532764 -0.01697433
v -0.01641612 0.09532764 -0.01623528
v -0.0195225 0.09532764 -0.01557039
v -0.01789177 0.09532764 -0.01449731
v -0.01954705 0.09532764 -0.01545967
v -0.01958115 0.09532764 -0.01535151
v -0.01962455 0.09532764 -0.01524673
v -0.01967692 0.09532764 -0.01514613
v -0.01973785 0.09532764 -0.01505048
v -0.01980689 0.09532764 -0.01496051
v -0.01988351 0.09532764 -0.01487689
v -0.01954705 0.09532764 -0.0161326
v -0.0195225 0.09532764 -0.01602188
v -0.01950769 0.09532764 -0.01590944
v -0.01950275 0.09532764 -0.01579613
v -0.01950769 0.09532764 -0.01568283
v -0.02015275 0.09532764 -0.01692197
v -0.0200571 0.09532764 -0.01686103
v -0.01996712 0.09532764 -0.01679199
v -0.01988351 0.09532764 -0.01671537
v -0.01967692 0.09532764 -0.01644613
v -0.01962455 0.09532764 -0.01634554
v -0.01958115 0.09532764 -0.01624076
v -0.01980689 0.09532764 -0.01663176
v -0.01973785 0.09532764 -0.01654178
v -0.05604478 0.09532764 -0.01450108
v -0.05615809 0.09532764 -0.01449613
v -0.05745314 0.09532764 -0.01568283
v -0.05745809 0.09532764 -0.01579613
v -0.05722298 0.09532764 -0.01505048
v -0.05728392 0.09532764 -0.01514613
v -0.05058288 0.09532764 -0.01618969
v -0.05483805 0.09532764 -0.01136774
v -0.06058648 0.09532764 -0.01711618
v -0.05576453 0.09532764 -0.02137134
v -0.05675355 0.09532764 -0.0229238
v -0.04903042 0.09532764 -0.01520067
v -0.04739766 0.09532764 -0.01435071
v -0.04569704 0.09532764 -0.01364629
v -0.0439415 0.09532764 -0.01309277
v -0.0421444 0.09532764 -0.01269436
v -0.04031941 0.09532764 -0.01245409
v -0.03848042 0.09532764 -0.0123738
v -0.03664143 0.09532764 -0.01245409
v -0.03481644 0.09532764 -0.01269436
v -0.03301934 0.09532764 -0.01309277
v -0.03126379 0.09532764 -0.01364629
v -0.02956317 0.09532764 -0.01435071
v -0.05680809 0.09532764 -0.01692197
v -0.05670749 0.09532764 -0.01697433
v -0.05660271 0.09532764 -0.01701773
v -0.05649455 0.09532764 -0.01705184
v -0.05340037 0.09532764 -0.01855385
v -0.05532246 0.09532764 -0.01679199
v -0.05523885 0.09532764 -0.01671537
v -0.05741379 0.09532764 -0.01545967
v -0.05743834 0.09532764 -0.01557039
v -0.05737969 0.09532764 -0.01624076
v -0.05733629 0.09532764 -0.01634554
v -0.05638383 0.09532764 -0.01707638
v -0.05627139 0.09532764 -0.01709119
v -0.05615809 0.09532764 -0.01709613
v -0.05604478 0.09532764 -0.01709119
v -0.05593235 0.09532764 -0.01707638
v -0.05464396 0.09532764 -0.01991098
v -0.05582162 0.09532764 -0.01705184
v -0.05571346 0.09532764 -0.01701773
v -0.05733629 0.09532764 -0.01524673
v -0.05737969 0.09532764 -0.01535151
v -0.05745314 0.09532764 -0.01590944
v -0.05743834 0.09532764 -0.01602188
v -0.05741379 0.09532764 -0.0161326
v -0.05728392 0.09532764 -0.01644613
v -0.05722298 0.09532764 -0.01654178
v -0.05715394 0.09532764 -0.01663176
v -0.05707733 0.09532764 -0.01671537
v -0.05699371 0.09532764 -0.01679199
v -0.05690374 0.09532764 -0.01686103
v -0.05627139 0.09532764 -0.01450108
v -0.05638383 0.09532764 -0.01451588
v -0.05649455 0.09532764 -0.01454043
v -0.05660271 0.09532764 -0.01457453
v -0.05670749 0.09532764 -0.01461793
v -0.05680809 0.09532764 -0.0146703
v -0.05690374 0.09532764 -0.01473124
v -0.05560868 0.09532764 -0.01697433
v -0.05550809 0.09532764 -0.01692197
v -0.05541244 0.09532764 -0.01686103
v -0.05516223 0.09532764 -0.01663176
v -0.05509319 0.09532764 -0.01654178
v -0.05204324 0.09532764 -0.01731027
v -0.05503225 0.09532764 -0.01644613
v -0.05497989 0.09532764 -0.01634554
v -0.05550809 0.09532764 -0.0146703
v -0.05560868 0.09532764 -0.01461793
v -0.05493649 0.09532764 -0.01624076
v -0.05490239 0.09532764 -0.0161326
v -0.05487784 0.09532764 -0.01602188
v -0.05486304 0.09532764 -0.01590944
v -0.05571346 0.09532764 -0.01457453
v -0.05582162 0.09532764 -0.01454043
v -0.05593235 0.09532764 -0.01451588
v -0.05699371 0.09532764 -0.01480028
v -0.05707733 0.09532764 -0.01487689
v -0.05715394 0.09532764 -0.01496051
v -0.05523885 0.09532764 -0.01487689
v -0.05532246 0.09532764 -0.01480028
v -0.05541244 0.09532764 -0.01473124
v -0.05485809 0.09532764 -0.01579613
v -0.05486304 0.09532764 -0.01568283
v -0.05487784 0.09532764 -0.01557039
v -0.05490239 0.09532764 -0.01545967
v -0.05493649 0.09532764 -0.01535151
v -0.05497989 0.09532764 -0.01524673
v -0.05503225 0.09532764 -0.01514613
v -0.05509319 0.09532764 -0.01505048
v -0.05516223 0.09532764 -0.01496051
v -0.05660271 0.09532764 -0.04992987
v -0.05670749 0.09532764 -0.04997327
v -0.05576453 0.09532764 -0.04557627
v -0.05204324 0.09532764 -0.04963734
v -0.05490239 0.09532764 -0.05081501
v -0.05493649 0.09532764 -0.05070684
v -0.06058648 0.09532764 -0.04983143
v -0.02793042 0.09532764 -0.05174694
v -0.02956317 0.09532764 -0.0525969
v -0.03126379 0.09532764 -0.05330132
v -0.03301934 0.09532764 -0.05385484
v -0.03481644 0.09532764 -0.05425325
v -0.03664143 0.09532764 -0.05449351
v -0.03848042 0.09532764 -0.0545738
v -0.04031941 0.09532764 -0.05449351
v -0.0421444 0.09532764 -0.05425325
v -0.0439415 0.09532764 -0.05385484
v -0.04569704 0.09532764 -0.05330132
v -0.04739766 0.09532764 -0.0525969
v -0.04903042 0.09532764 -0.05174694
v -0.05604479 0.09532764 -0.04985642
v -0.05615809 0.09532764 -0.04985147
v -0.05627139 0.09532764 -0.04985642
v -0.05675355 0.09532764 -0.0440238
v -0.05760351 0.09532764 -0.04239105
v -0.05830793 0.09532764 -0.04069043
v -0.05886145 0.09532764 -0.03893488
v -0.05925986 0.09532764 -0.03713778
v -0.05950013 0.09532764 -0.03531279
v -0.05958042 0.09532764 -0.0334738
v -0.05950013 0.09532764 -0.03163482
v -0.05925986 0.09532764 -0.02980983
v -0.05886145 0.09532764 -0.02801272
v -0.05830793 0.09532764 -0.02625718
v -0.05760351 0.09532764 -0.02455656
v -0.05483805 0.09532764 -0.05557987
v -0.05058288 0.09532764 -0.05075791
v -0.05638383 0.09532764 -0.04987122
v -0.05649455 0.09532764 -0.04989577
v -0.05487784 0.09532764 -0.05092573
v -0.05486304 0.09532764 -0.05103817
v -0.05571346 0.09532764 -0.05237307
v -0.05560868 0.09532764 -0.05232967
v -0.05490239 0.09532764 -0.05148794
v -0.05487784 0.09532764 -0.05137721
v -0.05516223 0.09532764 -0.05031585
v -0.05523885 0.09532764 -0.05023223
v -0.05340037 0.09532764 -0.04839376
v -0.05532246 0.09532764 -0.05015561
v -0.05541244 0.09532764 -0.05008657
v -0.05464396 0.09532764 -0.04703662
v -0.05550809 0.09532764 -0.05002564
v -0.05560868 0.09532764 -0.04997327
v -0.05707733 0.09532764 -0.05023223
v -0.05715394 0.09532764 -0.05031585
v -0.05486304 0.09532764 -0.05126477
v -0.05485809 0.09532764 -0.05115147
v -0.05497989 0.09532764 -0.05060207
v -0.05503225 0.09532764 -0.05050147
v -0.05509319 0.09532764 -0.05040582
v -0.05571346 0.09532764 -0.04992987
v -0.05582162 0.09532764 -0.04989577
v -0.05593235 0.09532764 -0.04987122
v -0.05680809 0.09532764 -0.05002564
v -0.05690374 0.09532764 -0.05008657
v -0.05699371 0.09532764 -0.05015561
v -0.05722298 0.09532764 -0.05040582
v -0.05728392 0.09532764 -0.05050147
v -0.05733629 0.09532764 -0.05060207
v -0.05690374 0.09532764 -0.05221637
v -0.05680809 0.09532764 -0.0522773
v -0.05670749 0.09532764 -0.05232967
v -0.05627139 0.09532764 -0.05244653
v -0.05615809 0.09532764 -0.05245147
v -0.05737969 0.09532764 -0.0515961
v -0.05733629 0.09532764 -0.05170088
v -0.05728392 0.09532764 -0.05180147
v -0.05722298 0.09532764 -0.05189712
v -0.05503225 0.09532764 -0.05180147
v -0.05497989 0.09532764 -0.05170088
v -0.05493649 0.09532764 -0.0515961
v -0.05660271 0.09532764 -0.05237307
v -0.05649455 0.09532764 -0.05240718
v -0.05638383 0.09532764 -0.05243172
v -0.05550809 0.09532764 -0.0522773
v -0.05541244 0.09532764 -0.05221637
v -0.05532246 0.09532764 -0.05214733
v -0.05523885 0.09532764 -0.05207071
v -0.05516223 0.09532764 -0.0519871
v -0.05509319 0.09532764 -0.05189712
v -0.05737969 0.09532764 -0.05070684
v -0.05741379 0.09532764 -0.05081501
v -0.05715394 0.09532764 -0.0519871
v -0.05707733 0.09532764 -0.05207071
v -0.05699371 0.09532764 -0.05214733
v -0.05743834 0.09532764 -0.05092573
v -0.05745314 0.09532764 -0.05103817
v -0.05745809 0.09532764 -0.05115147
v -0.05604479 0.09532764 -0.05244653
v -0.05593235 0.09532764 -0.05243172
v -0.05582162 0.09532764 -0.05240718
v -0.05745314 0.09532764 -0.05126477
v -0.05743834 0.09532764 -0.05137721
v -0.05741379 0.09532764 -0.05148794
v -0.05650176 0.08532764 -0.02085512
v -0.0510991 0.08532764 -0.01545246
v -0.04948042 0.08532764 -0.01442124
v -0.05533339 0.08532764 -0.01933248
v -0.05262174 0.08532764 -0.01662082
v -0.05403677 0.08532764 -0.01791745
v -0.05650176 0.08532764 -0.04609248
v -0.05753298 0.08532764 -0.0444738
v -0.05753298 0.08532764 -0.0224738
v -0.05841919 0.08532764 -0.0241762
v -0.05915366 0.08532764 -0.02594936
v -0.05973079 0.08532764 -0.02777978
v -0.06014619 0.08532764 -0.02965354
v -0.0603967 0.08532764 -0.03155638
v -0.06048042 0.08532764 -0.0334738
v -0.0603967 0.08532764 -0.03539123
v -0.06014619 0.08532764 -0.03729406
v -0.05973079 0.08532764 -0.03916782
v -0.05915366 0.08532764 -0.04099825
v -0.05841919 0.08532764 -0.0427714
v -0.05262174 0.08532764 -0.05032678
v -0.0510991 0.08532764 -0.05149515
v -0.05533339 0.08532764 -0.04761513
v -0.05403677 0.08532764 -0.04903015
v -0.02586174 0.08532764 -0.05149515
v -0.02748042 0.08532764 -0.05252636
v -0.04948042 0.08532764 -0.05252636
v -0.04777802 0.08532764 -0.05341258
v -0.04600486 0.08532764 -0.05414704
v -0.04417444 0.08532764 -0.05472417
v -0.04230068 0.08532764 -0.05513957
v -0.04039785 0.08532764 -0.05539009
v -0.03848042 0.08532764 -0.0554738
v -0.03656299 0.08532764 -0.05539009
v -0.03466016 0.08532764 -0.05513957
v -0.0327864 0.08532764 -0.05472417
v -0.03095598 0.08532764 -0.05414704
v -0.02918282 0.08532764 -0.05341258
v -0.02045907 0.08532764 -0.04609248
v -0.02433909 0.08532764 -0.05032678
v -0.02292407 0.08532764 -0.04903015
v -0.02162744 0.08532764 -0.04761513
v -0.02433909 0.08532764 -0.01662082
v -0.01942786 0.08532764 -0.0224738
v -0.01854165 0.08532764 -0.0241762
v -0.01780718 0.08532764 -0.02594936
v -0.01723005 0.08532764 -0.02777978
v -0.01681465 0.08532764 -0.02965354
v -0.01656413 0.08532764 -0.03155638
v -0.01648042 0.08532764 -0.0334738
v -0.01656413 0.08532764 -0.03539123
v -0.01681465 0.08532764 -0.03729406
v -0.01723005 0.08532764 -0.03916782
v -0.01780718 0.08532764 -0.04099825
v -0.01854165 0.08532764 -0.0427714
v -0.01942786 0.08532764 -0.0444738
v -0.02045907 0.08532764 -0.02085512
v -0.02292407 0.08532764 -0.01791745
v -0.02586174 0.08532764 -0.01545246
v -0.02748042 0.08532764 -0.01442124
v -0.02918282 0.08532764 -0.01353503
v -0.03095598 0.08532764 -0.01280056
v -0.0327864 0.08532764 -0.01222343
v -0.03466016 0.08532764 -0.01180803
v -0.03656299 0.08532764 -0.01155752
v -0.03848042 0.08532764 -0.0114738
v -0.04039785 0.08532764 -0.01155752
v -0.04230068 0.08532764 -0.01180803
v -0.04417444 0.08532764 -0.01222343
v -0.04600486 0.08532764 -0.01280056
v -0.04777802 0.08532764 -0.01353503
v -0.02162744 0.08532764 -0.01933248
v -0.0186529 0.09032764 -0.02625718
v -0.01780718 0.09032764 -0.02594936
v -0.01935732 0.09032764 -0.02455656
v -0.01854165 0.09032764 -0.0241762
v -0.02020728 0.09032764 -0.0229238
v -0.01942786 0.09032764 -0.0224738
v -0.02119631 0.09032764 -0.02137134
v -0.02045907 0.09032764 -0.02085512
v -0.02231688 0.09032764 -0.01991098
v -0.02162744 0.09032764 -0.01933248
v -0.02356046 0.09032764 -0.01855385
v -0.02292407 0.09032764 -0.01791745
v -0.0249176 0.09032764 -0.01731027
v -0.02433909 0.09032764 -0.01662082
v -0.02637796 0.09032764 -0.01618969
v -0.02586174 0.09032764 -0.01545246
v -0.02793042 0.09032764 -0.01520067
v -0.02748042 0.09032764 -0.01442124
v -0.02956317 0.09032764 -0.01435071
v -0.02918282 0.09032764 -0.01353503
v -0.03126379 0.09032764 -0.01364629
v -0.03095598 0.09032764 -0.01280056
v -0.03301934 0.09032764 -0.01309277
v -0.0327864 0.09032764 -0.01222343
v -0.03481644 0.09032764 -0.01269436
v -0.03466016 0.09032764 -0.01180803
v -0.03664143 0.09032764 -0.01245409
v -0.03656299 0.09032764 -0.01155752
v -0.03848042 0.09032764 -0.0123738
v -0.03848042 0.09032764 -0.0114738
v -0.04031941 0.09032764 -0.01245409
v -0.04039785 0.09032764 -0.01155752
v -0.0421444 0.09032764 -0.01269436
v -0.04230068 0.09032764 -0.01180803
v -0.0439415 0.09032764 -0.01309277
v -0.04417444 0.09032764 -0.01222343
v -0.04569704 0.09032764 -0.01364629
v -0.04600486 0.09032764 -0.01280056
v -0.04739766 0.09032764 -0.01435071
v -0.04777802 0.09032764 -0.01353503
v -0.04903042 0.09032764 -0.01520067
v -0.04948042 0.09032764 -0.01442124
v -0.05058288 0.09032764 -0.01618969
v -0.0510991 0.09032764 -0.01545246
v -0.05204324 0.09032764 -0.01731027
v -0.05262174 0.09032764 -0.01662082
v -0.05340037 0.09032764 -0.01855385
v -0.05403677 0.09032764 -0.01791745
v -0.05464396 0.09032764 -0.01991098
v -0.05533339 0.09032764 -0.01933248
v -0.05576453 0.09032764 -0.02137134
v -0.05650176 0.09032764 -0.02085512
v -0.05675355 0.09032764 -0.0229238
v -0.05753298 0.09032764 -0.0224738
v -0.05760351 0.09032764 -0.02455656
v -0.05841919 0.09032764 -0.0241762
v -0.05830793 0.09032764 -0.02625718
v -0.05915366 0.09032764 -0.02594936
v -0.05886145 0.09032764 -0.02801272
v -0.05973079 0.09032764 -0.02777978
v -0.05925986 0.09032764 -0.02980983
v -0.06014619 0.09032764 -0.02965354
v -0.05950013 0.09032764 -0.03163482
v -0.0603967 0.09032764 -0.03155638
v -0.05958042 0.09032764 -0.0334738
v -0.06048042 0.09032764 -0.0334738
v -0.05950013 0.09032764 -0.03531279
v -0.0603967 0.09032764 -0.03539123
v -0.05925986 0.09032764 -0.03713778
v -0.06014619 0.09032764 -0.03729406
v -0.05886145 0.09032764 -0.03893488
v -0.05973079 0.09032764 -0.03916782
v -0.05830793 0.09032764 -0.04069043
v -0.05915366 0.09032764 -0.04099825
v -0.05760351 0.09032764 -0.04239105
v -0.05841919 0.09032764 -0.0427714
v -0.05675355 0.09032764 -0.0440238
v -0.05753298 0.09032764 -0.0444738
v -0.05576453 0.09032764 -0.04557627
v -0.05650176 0.09032764 -0.04609248
v -0.05464396 0.09032764 -0.04703662
v -0.05533339 0.09032764 -0.04761513
v -0.05340037 0.09032764 -0.04839376
v -0.05403677 0.09032764 -0.04903015
v -0.05204324 0.09032764 -0.04963734
v -0.05262174 0.09032764 -0.05032678
v -0.05058288 0.09032764 -0.05075791
v -0.0510991 0.09032764 -0.05149515
v -0.04903042 0.09032764 -0.05174694
v -0.04948042 0.09032764 -0.05252636
v -0.04739766 0.09032764 -0.0525969
v -0.04777802 0.09032764 -0.05341258
v -0.04569704 0.09032764 -0.05330132
v -0.04600486 0.09032764 -0.05414704
v -0.0439415 0.09032764 -0.05385484
v -0.04417444 0.09032764 -0.05472417
v -0.0421444 0.09032764 -0.05425325
v -0.04230068 0.09032764 -0.05513957
v -0.04031941 0.09032764 -0.05449351
v -0.04039785 0.09032764 -0.05539009
v -0.03848042 0.09032764 -0.0545738
v -0.03848042 0.09032764 -0.0554738
v -0.03664143 0.09032764 -0.05449351
v -0.03656299 0.09032764 -0.05539009
v -0.03481644 0.09032764 -0.05425325
v -0.03466016 0.09032764 -0.05513957
v -0.03301934 0.09032764 -0.05385484
v -0.0327864 0.09032764 -0.05472417
v -0.03126379 0.09032764 -0.05330132
v -0.03095598 0.09032764 -0.05414704
v -0.02956317 0.09032764 -0.0525969
v -0.02918282 0.09032764 -0.05341258
v -0.02793042 0.09032764 -0.05174694
v -0.02748042 0.09032764 -0.05252636
v -0.02637796 0.09032764 -0.05075791
v -0.02586174 0.09032764 -0.05149515
v -0.0249176 0.09032764 -0.04963734
v -0.02433909 0.09032764 -0.05032678
v -0.02356046 0.09032764 -0.04839376
v -0.02292407 0.09032764 -0.04903015
v -0.02231688 0.09032764 -0.04703662
v -0.02162744 0.09032764 -0.04761513
v -0.02119631 0.09032764 -0.04557627
v -0.02045907 0.09032764 -0.04609248
v -0.02020728 0.09032764 -0.0440238
v -0.01942786 0.09032764 -0.0444738
v -0.01935732 0.09032764 -0.04239105
v -0.01854165 0.09032764 -0.0427714
v -0.0186529 0.09032764 -0.04069043
v -0.01780718 0.09032764 -0.04099825
v -0.01809938 0.09032764 -0.03893488
v -0.01723005 0.09032764 -0.03916782
v -0.01770097 0.09032764 -0.03713778
v -0.01681465 0.09032764 -0.03729406
v -0.01746071 0.09032764 -0.03531279
v -0.01656413 0.09032764 -0.03539123
v -0.01738042 0.09032764 -0.0334738
v -0.01648042 0.09032764 -0.0334738
v -0.01746071 0.09032764 -0.03163482
v -0.01656413 0.09032764 -0.03155638
v -0.01770097 0.09032764 -0.02980983
v -0.01681465 0.09032764 -0.02965354
v -0.01809938 0.09032764 -0.02801272
v -0.01723005 0.09032764 -0.02777978
vn -0 1 0
vn -0 -1 0
vn 0.88906 0 -0.4578
vn 0.84738 0 -0.53099
vn 0.79969 0 -0.60041
vn 0.74633 0 -0.66558
vn 0.68767 0 -0.72602
vn 0.62413 0 -0.78132
vn 0.55616 0 -0.83107
vn 0.48426 0 -0.87492
vn 0.40891 0 -0.91257
vn 0.33067 0 -0.94375
vn 0.25007 0 -0.96823
vn 0.16771 0 -0.98584
vn 0.08415 0 -0.99645
vn 0 0 -1
vn -0.08415 0 -0.99645
vn -0.16771 0 -0.98584
vn -0.25007 0 -0.96823
vn -0.33067 0 -0.94375
vn -0.40892 0 -0.91257
vn -0.48426 0 -0.87493
vn -0.55616 0 -0.83107
vn -0.62414 0 -0.78132
vn -0.68767 0 -0.72603
vn -0.74633 0 -0.66558
vn -0.79969 0 -0.60041
vn -0.84738 0 -0.53099
vn -0.88906 0 -0.4578
vn 0 0 1
vn 0.5373 -0 0.84339
vn 0.46175 0 0.88701
vn 0.38268 0 0.92388
vn 0.30071 0 0.95372
vn 0.21644 0 0.9763
vn 0.13053 0 0.99144
vn 0.04362 0 0.99905
vn -0.04362 -0 0.99905
vn -0.13053 -0 0.99144
vn -0.21644 -0 0.9763
vn -0.30071 -0 0.95372
vn -0.38268 -0 0.92388
vn -0.46175 -0 0.88701
vn -0.5373 -0 0.84339
vn -0.04736 0 -0.99888
vn -0.94139 0 -0.33733
vn 0.04736 -0 0.99888
vn 0.94139 -0 0.33733
vn -0.88906 0 0.4578
vn -0.84738 0 0.53099
vn -0.79969 0 0.60041
vn -0.74633 0 0.66558
vn -0.68767 0 0.72602
vn -0.62413 0 0.78132
vn -0.55617 0 0.83107
vn -0.48425 0 0.87493
vn -0.40892 0 0.91257
vn -0.33067 0 0.94375
vn -0.25007 0 0.96823
vn -0.16771 0 0.98584
vn -0.08415 0 0.99645
vn 0.08415 -0 0.99645
vn 0.16771 -0 0.98584
vn 0.25007 -0 0.96823
vn 0.33067 -0 0.94375
vn 0.40891 -0 0.91257
vn 0.48426 -0 0.87493
vn 0.55617 -0 0.83107
vn 0.62413 -0 0.78132
vn 0.68767 -0 0.72602
vn 0.74633 -0 0.66558
vn 0.79969 -0 0.60041
vn 0.84738 -0 0.53099
vn 0.88906 -0 0.4578
vn 0.80804 -0.58912 -0.00036
vn 0.79335 -0.60876 0
vn 0.84339 -0.5373 -0
vn 0.87673 -0.48099 0
vn 0.8745 -0.48502 3E-05
vn 0.89687 -0.44229 -4E-05
vn 0.89482 -0.44644 -0
vn 0.91529 -0.40279 0
vn 0.91531 -0.40275 -0
vn 0.932 -0.36246 0
vn 0.932 -0.36246 -0
vn 0.94693 -0.32143 0
vn 0.9469 -0.32151 0
vn 0.96006 -0.27981 -0
vn 0.96003 -0.27988 -0
vn 0.97135 -0.23764 0
vn 0.97135 -0.23765 0
vn 0.98079 -0.19509 0
vn 0.98079 -0.19508 -0
vn 0.98836 -0.1521 0
vn 0.98837 -0.15207 -0
vn 0.99405 -0.10888 0
vn 0.99406 -0.10886 -0
vn 0.99786 -0.06545 0
vn 0.99786 -0.06543 -0
vn 0.99976 -0.02188 0
vn 0.99976 -0.02184 0
vn 0.99976 0.02175 0
vn 0.99976 0.02188 0
vn 0.99786 0.06535 -0
vn 0.99786 0.06544 0
vn 0.99405 0.10895 0
vn 0.99405 0.1089 -0
vn 0.98835 0.15218 0
vn 0.98836 0.15213 0
vn 0.98077 0.19515 0
vn 0.98079 0.19508 -0
vn 0.97133 0.23772 0
vn 0.97134 0.23769 0
vn 0.96006 0.27981 0
vn 0.96006 0.27978 -0
vn 0.94693 0.32145 0
vn 0.94695 0.32138 0
vn 0.93203 0.36239 0
vn 0.93199 0.36248 0
vn 0.91533 0.40271 -0
vn 0.91528 0.40282 0
vn 0.89482 0.44644 0
vn 0.89686 0.44231 -4E-05
vn 0.8745 0.48502 3E-05
vn 0.87671 0.48101 0
vn 0.84339 0.5373 0
vn 0.79335 0.60876 0
vn 0.7515 0.65974 -0
vn 0.73726 0.67561 -0.00016
vn 0.72202 0.69187 0
vn 0.6881 0.72562 0
vn 0.67559 0.73728 0.00015
vn 0.65579 0.75494 0
vn 0.60876 0.79335 0
vn 0.53731 0.84338 0
vn 0.47434 0.88034 0
vn 0.48092 0.87676 -7E-05
vn 0.43554 0.90017 6E-05
vn 0.44226 0.89689 -0
vn 0.40272 0.91532 -0
vn 0.4027 0.91533 -0
vn 0.36244 0.93201 0
vn 0.36245 0.932 0
vn 0.32147 0.94692 0
vn 0.32146 0.94692 0
vn 0.27985 0.96004 0
vn 0.27988 0.96003 0
vn 0.242 0.97028 0
vn 0.23772 0.97133 3E-05
vn 0.19947 0.9799 -3E-05
vn 0.19513 0.98078 0
vn 0.15208 0.98837 0
vn 0.15207 0.98837 0
vn 0.10881 0.99406 0
vn 0.10884 0.99406 0
vn 0.06543 0.99786 0
vn 0.06547 0.99785 -0
vn 0.02202 0.99976 -0
vn 0.02186 0.99976 0
vn -0.02176 0.99976 0
vn -0.02178 0.99976 -0
vn -0.06536 0.99786 0
vn -0.06537 0.99786 -0
vn -0.10885 0.99406 0
vn -0.12149 0.99259 -9E-05
vn -0.15213 0.98836 4E-05
vn -0.16466 0.98635 0
vn -0.19512 0.98078 0
vn -0.1992 0.97996 -3E-05
vn -0.23773 0.97133 2E-05
vn -0.24174 0.97034 -0
vn -0.27984 0.96005 -0
vn -0.27988 0.96003 -0
vn -0.32143 0.94693 0
vn -0.32149 0.94691 -0
vn -0.36241 0.93202 0
vn -0.36247 0.932 -0
vn -0.4027 0.91533 0
vn -0.40274 0.91531 -0
vn -0.44234 0.89685 0
vn -0.43525 0.90031 6E-05
vn -0.48099 0.87673 -8E-05
vn -0.47405 0.8805 0
vn -0.53731 0.84338 -0
vn -0.60876 0.79335 -0
vn -0.67559 0.73728 -0
vn -0.65553 0.75517 0.0004
vn -0.68782 0.72588 -0
vn -0.72171 0.69219 0
vn -0.75121 0.66006 -0.00031
vn -0.73728 0.67559 0
vn -0.79335 0.60876 -0
vn -0.84338 0.53731 -0
vn -0.87671 0.48102 0
vn -0.8742 0.48556 4E-05
vn -0.89684 0.44236 -5E-05
vn -0.89454 0.44699 -0
vn -0.91535 0.40267 0
vn -0.91529 0.40279 0
vn -0.93202 0.36241 -0
vn -0.93198 0.36252 -0
vn -0.94694 0.32141 0
vn -0.94694 0.32141 -0
vn -0.96005 0.27981 0
vn -0.96006 0.2798 -0
vn -0.97134 0.2377 0
vn -0.97134 0.23768 -0
vn -0.98078 0.19511 -0
vn -0.98078 0.19511 -0
vn -0.98835 0.15218 0
vn -0.98835 0.15219 0
vn -0.99405 0.10895 0
vn -0.99405 0.10892 -0
vn -0.99786 0.06533 0
vn -0.99786 0.06536 0
vn -0.99976 0.02175 -0
vn -0.99976 0.02176 0
vn -0.99976 -0.02185 -0
vn -0.99976 -0.02181 -0
vn -0.99786 -0.06543 0
vn -0.99786 -0.06542 0
vn -0.99405 -0.10888 -0
vn -0.99406 -0.10887 -0
vn -0.98836 -0.15212 0
vn -0.98837 -0.15209 0
vn -0.98079 -0.19505 -0
vn -0.98079 -0.19505 -0
vn -0.97136 -0.23763 0
vn -0.97136 -0.2376 0
vn -0.96002 -0.27993 -0
vn -0.96004 -0.27988 -0
vn -0.94691 -0.3215 -0
vn -0.94691 -0.3215 0
vn -0.93199 -0.36249 -0
vn -0.93201 -0.36244 -0
vn -0.9153 -0.40278 0
vn -0.91531 -0.40276 0
vn -0.89453 -0.447 -0
vn -0.89688 -0.44228 -5E-05
vn -0.87422 -0.48554 4E-05
vn -0.87675 -0.48094 0
vn -0.84338 -0.53731 -0
vn -0.78148 -0.62393 -0
vn -0.80806 -0.5891 0
vn -0.79333 -0.60879 -0.00016
vn -0.7816 -0.62378 0
vn -0.73728 -0.67559 -0
vn -0.68781 -0.72589 -0
vn -0.67559 -0.73728 0.0001
vn -0.65549 -0.7552 0
vn -0.60876 -0.79335 -0
vn -0.5373 -0.84339 -0
vn -0.47407 -0.88049 -0
vn -0.48106 -0.87669 -5E-05
vn -0.43524 -0.90031 4E-05
vn -0.44232 -0.89686 0
vn -0.40278 -0.9153 0
vn -0.40269 -0.91533 0
vn -0.36249 -0.93199 -0
vn -0.36238 -0.93203 0
vn -0.32149 -0.94691 -0
vn -0.32144 -0.94693 0
vn -0.27983 -0.96005 -0
vn -0.27978 -0.96006 0
vn -0.23772 -0.97133 0
vn -0.24175 -0.97034 2E-05
vn -0.19511 -0.98078 -2E-05
vn -0.19918 -0.97996 0
vn -0.15212 -0.98836 -0
vn -0.15217 -0.98835 -0
vn -0.10888 -0.99406 0
vn -0.10892 -0.99405 0
vn -0.06547 -0.99785 -0
vn -0.06537 -0.99786 0
vn -0.02187 -0.99976 -0
vn -0.02175 -0.99976 0
vn 0.02191 -0.99976 0
vn -0 -1 0.00011
vn 0.0655 -0.99785 -0.00022
vn 0.02211 -0.99976 0.00022
vn 0.06555 -0.99785 -0
vn 0.10884 -0.99406 0
vn 0.10889 -0.99405 -0
vn 0.15208 -0.98837 0
vn 0.15216 -0.98836 -0
vn 0.19505 -0.98079 0
vn 0.19947 -0.9799 -2E-05
vn 0.23764 -0.97135 2E-05
vn 0.24204 -0.97027 -0
vn 0.27989 -0.96003 0
vn 0.27981 -0.96006 0
vn 0.32149 -0.94691 -0
vn 0.32141 -0.94694 -0
vn 0.36245 -0.932 0
vn 0.36252 -0.93198 -0
vn 0.40274 -0.91531 0
vn 0.40281 -0.91529 -0
vn 0.44225 -0.89689 0
vn 0.4355 -0.90019 4E-05
vn 0.48097 -0.87674 -5E-05
vn 0.60876 -0.79335 0
vn 0.5373 -0.84339 -0
vn 0.47436 -0.88033 -0
vn 0.65585 -0.75489 0.00027
vn 0.67559 -0.73728 -0
vn 0.68808 -0.72563 0
vn 0.73728 -0.67559 -0
vn 0.7816 -0.62378 -0
vn 0.78149 -0.62392 -0
vn 0.00036 -0.5891 0.80806
vn 0 -0.60876 0.79335
vn -0 -0.5373 0.84339
vn 0 -0.48099 0.87673
vn -3E-05 -0.48502 0.8745
vn 4E-05 -0.44229 0.89687
vn -0 -0.44644 0.89482
vn 0 -0.40279 0.91529
vn -0 -0.40282 0.91528
vn 0 -0.36246 0.932
vn -0 -0.36248 0.93199
vn 0 -0.32143 0.94693
vn 0 -0.32141 0.94694
vn 0 -0.27981 0.96006
vn -0 -0.27981 0.96006
vn 0 -0.23764 0.97135
vn -0 -0.2377 0.97134
vn 0 -0.19506 0.98079
vn -0 -0.19509 0.98079
vn 0 -0.15214 0.98836
vn -0 -0.15219 0.98835
vn 0 -0.10888 0.99405
vn -0 -0.10892 0.99405
vn 0 -0.06545 0.99786
vn 0 -0.06536 0.99786
vn -0 -0.02188 0.99976
vn 0 -0.02179 0.99976
vn -0 0.02185 0.99976
vn -0 0.02188 0.99976
vn -0 0.06546 0.99786
vn 0 0.06544 0.99786
vn -0 0.10888 0.99405
vn -0 0.1089 0.99405
vn 0 0.15212 0.98836
vn 0 0.15216 0.98836
vn -0 0.19505 0.98079
vn -0 0.19505 0.98079
vn 0 0.23763 0.97136
vn 0 0.23769 0.97134
vn -0 0.2799 0.96003
vn 0 0.27978 0.96006
vn -0 0.32152 0.9469
vn 0 0.32138 0.94695
vn -0 0.36247 0.93199
vn -0 0.36248 0.93199
vn 0 0.4028 0.91529
vn 0 0.40282 0.91528
vn -0 0.44644 0.89482
vn 4E-05 0.44231 0.89686
vn -3E-05 0.48502 0.8745
vn 0 0.48101 0.87671
vn -0 0.5373 0.84339
vn -0 0.60876 0.79335
vn 0 0.65974 0.7515
vn 0.00016 0.67562 0.73725
vn 0 0.69189 0.722
vn -0 0.72561 0.68811
vn -0.00015 0.73727 0.6756
vn 0 0.75494 0.65579
vn -0 0.79335 0.60876
vn -0 0.84339 0.5373
vn -0 0.88034 0.47434
vn 7E-05 0.87676 0.48093
vn -6E-05 0.90016 0.43556
vn -0 0.89689 0.44225
vn 0 0.91528 0.40281
vn -0 0.91533 0.40271
vn 0 0.93199 0.36248
vn 0 0.932 0.36245
vn -0 0.94692 0.32146
vn 0 0.94692 0.32146
vn -0 0.96004 0.27988
vn 0 0.96003 0.27988
vn -0 0.97028 0.242
vn -3E-05 0.97133 0.23772
vn 3E-05 0.9799 0.19947
vn 0 0.98078 0.19513
vn -0 0.98836 0.15215
vn -0 0.98837 0.15207
vn 0 0.99406 0.10888
vn 0 0.99406 0.10884
vn -0 0.99785 0.06552
vn -0 0.99785 0.06547
vn 0 0.99976 0.02208
vn -0 0.99976 0.02186
vn 0 0.99976 -0.02176
vn 0 0.99976 -0.02186
vn -0 0.99786 -0.06536
vn -0 0.99785 -0.06547
vn 0 0.99406 -0.10885
vn 0 0.99405 -0.10892
vn -0 0.98836 -0.15213
vn -0 0.98836 -0.15216
vn 0 0.98078 -0.19512
vn 3E-05 0.97996 -0.19918
vn -2E-05 0.97133 -0.23773
vn 0 0.97034 -0.24174
vn 0 0.96005 -0.27984
vn -0 0.96006 -0.27981
vn 0 0.94693 -0.32143
vn -0 0.94695 -0.32138
vn 0 0.93202 -0.36241
vn 0 0.93198 -0.36252
vn -0 0.91533 -0.4027
vn -0 0.91528 -0.40282
vn 0 0.89685 -0.44234
vn -6E-05 0.90031 -0.43525
vn 8E-05 0.87673 -0.48099
vn 0 0.8805 -0.47405
vn -0 0.84338 -0.53731
vn -0 0.79335 -0.60876
vn -0 0.73728 -0.67559
vn -0.0004 0.75517 -0.65553
vn -0 0.72588 -0.68782
vn 0 0.69219 -0.72171
vn 0.00031 0.66008 -0.75119
vn 0 0.67559 -0.73727
vn -0 0.60875 -0.79336
vn -0 0.53731 -0.84338
vn 0 0.48102 -0.87671
vn -4E-05 0.48556 -0.8742
vn 5E-05 0.44234 -0.89685
vn -0 0.44698 -0.89454
vn 0 0.40269 -0.91533
vn -0 0.40277 -0.9153
vn 0 0.3624 -0.93202
vn -0 0.36246 -0.932
vn 0 0.32141 -0.94694
vn -0 0.32149 -0.94691
vn 0 0.2798 -0.96006
vn -0 0.27988 -0.96003
vn 0 0.23771 -0.97134
vn 0 0.23766 -0.97135
vn -0 0.19511 -0.98078
vn -0 0.19506 -0.98079
vn 0 0.15219 -0.98835
vn 0 0.1521 -0.98836
vn -0 0.10893 -0.99405
vn -0 0.10886 -0.99406
vn 0 0.06533 -0.99786
vn -0 0.06541 -0.99786
vn 0 0.02176 -0.99976
vn 0 0.02184 -0.99976
vn 0 -0.02175 -0.99976
vn -0 -0.02184 -0.99976
vn 0 -0.06534 -0.99786
vn 0 -0.0654 -0.99786
vn 0 -0.10896 -0.99405
vn 0 -0.10885 -0.99406
vn -0 -0.15221 -0.98835
vn 0 -0.1521 -0.98836
vn 0 -0.19513 -0.98078
vn 0 -0.19503 -0.9808
vn -0 -0.23773 -0.97133
vn 0 -0.23764 -0.97135
vn 0 -0.27982 -0.96005
vn -0 -0.27988 -0.96004
vn 0 -0.32143 -0.94693
vn 0 -0.32149 -0.94691
vn 0 -0.3624 -0.93202
vn -0 -0.36245 -0.932
vn 0 -0.4027 -0.91533
vn 0 -0.40276 -0.91531
vn 0 -0.44699 -0.89454
vn 5E-05 -0.44227 -0.89688
vn -4E-05 -0.48554 -0.87422
vn 0 -0.48094 -0.87675
vn 0 -0.53731 -0.84338
vn 0 -0.62394 -0.78147
vn -0 -0.58908 -0.80807
vn 0.00016 -0.60877 -0.79334
vn 0 -0.62376 -0.78161
vn 0 -0.67559 -0.73727
vn 0 -0.72589 -0.68781
vn -0.0001 -0.73728 -0.67559
vn 0 -0.7552 -0.65549
vn 0 -0.79335 -0.60876
vn 0 -0.84339 -0.5373
vn 0 -0.88049 -0.47407
vn 5E-05 -0.8767 -0.48103
vn -4E-05 -0.90031 -0.43524
vn -0 -0.89685 -0.44234
vn -0 -0.91532 -0.40273
vn -0 -0.91533 -0.40269
vn 0 -0.93202 -0.36241
vn 0 -0.93203 -0.36238
vn 0 -0.94692 -0.32146
vn -0 -0.94693 -0.32144
vn 0 -0.96004 -0.27985
vn 0 -0.96006 -0.27978
vn -0 -0.97133 -0.23773
vn -2E-05 -0.97034 -0.24175
vn 3E-05 -0.98078 -0.19511
vn 0 -0.97996 -0.19918
vn 0 -0.98837 -0.15205
vn 0 -0.98835 -0.15217
vn -0 -0.99406 -0.10881
vn 0 -0.99405 -0.10892
vn 0 -0.99786 -0.06538
vn -0 -0.99786 -0.06537
vn 0 -0.99976 -0.02181
vn 0 -0.99976 -0.02175
vn 0 -0.99976 0.02191
vn -0.00011 -1 -0
vn 0.00022 -0.99785 0.0655
vn -0.00022 -0.99976 0.02203
vn -0 -0.99786 0.06545
vn 0 -0.99406 0.10884
vn 6E-05 -0.99259 0.12149
vn -3E-05 -0.98837 0.15208
vn 0 -0.98634 0.16473
vn 0 -0.98079 0.19504
vn 2E-05 -0.97991 0.19946
vn -2E-05 -0.97135 0.23764
vn 0 -0.97027 0.24204
vn -0 -0.96003 0.27989
vn 0 -0.96003 0.27991
vn -0 -0.94691 0.32149
vn -0 -0.94691 0.32149
vn 0 -0.932 0.36245
vn -0 -0.93201 0.36244
vn -0 -0.91531 0.40276
vn -0 -0.9153 0.40277
vn 0 -0.8969 0.44224
vn -4E-05 -0.90019 0.4355
vn 5E-05 -0.87673 0.48098
vn 0 -0.79335 0.60876
vn -0 -0.8434 0.53729
vn -0 -0.88033 0.47436
vn -0.00027 -0.75489 0.65585
vn -0 -0.73728 0.67559
vn 0 -0.72562 0.6881
vn 0 -0.67559 0.73727
vn 0 -0.67559 0.73728
vn -0 -0.62378 0.7816
vn 0 -0.62394 0.78147
vn 1E-05 -0.63543 -0.77216
vn 0 -0.63529 -0.77227
vn -0 -0.69608 -0.71797
vn -0 -0.74409 -0.66808
vn -0.00035 -0.75405 -0.65682
vn 0 -0.77156 -0.63616
vn -0 -0.80669 -0.59097
vn -0 -0.85359 -0.52095
vn -0 -0.89442 -0.44723
vn -0 -0.92891 -0.37032
vn -0 -0.95678 -0.2908
vn 0 -0.96957 -0.24482
vn 0.00018 -0.97788 -0.20917
vn 0 -0.97903 -0.20372
vn -0 -0.99202 -0.12611
vn -0 -0.99911 -0.04214
vn 1E-05 -0.63529 0.77227
vn -0 -0.63543 0.77216
vn 0 -0.69608 0.71796
vn 0 -0.95679 0.2908
vn -0 -0.92891 0.37032
vn -0 -0.89442 0.44723
vn -0 -0.85359 0.52095
vn -0 -0.80669 0.59098
vn -0 -0.77178 0.63589
vn -0.00035 -0.75405 0.65682
vn -0 -0.7443 0.66785
vn 0.00131 -0.96969 0.24432
vn -0 -0.97787 0.2092
vn 0 -0.97908 0.20349
vn -0 -0.99202 0.12611
vn -0 -0.99911 0.04214
vn -0.77214 -0.63545 -1E-05
vn -0.77224 -0.63533 0
vn -0.71794 -0.6961 0
vn -0.66808 -0.74409 0
vn -0.6568 -0.75407 0.00035
vn -0.63614 -0.77158 0
vn -0.59095 -0.80671 0
vn -0.52093 -0.8536 0
vn -0.44721 -0.89443 0
vn -0.37031 -0.92891 0
vn -0.29078 -0.95679 0
vn -0.24484 -0.96956 -0
vn -0.20917 -0.97788 -0.00018
vn -0.20372 -0.97903 0
vn -0.12612 -0.99202 0
vn -0.04213 -0.99911 0
vn 0.77225 -0.63532 -0
vn 0.77216 -0.63543 -0
vn 0.71793 -0.69611 0
vn 0.29077 -0.95679 0
vn 0.37032 -0.9289 -0
vn 0.4472 -0.89444 -0
vn 0.52093 -0.8536 -0
vn 0.59095 -0.80671 -0
vn 0.63588 -0.77179 -0
vn 0.65679 -0.75407 0.00035
vn 0.66783 -0.74431 -0
vn 0.24435 -0.96969 -0.00131
vn 0.20919 -0.97787 -0
vn 0.20349 -0.97908 0
vn 0.12612 -0.99202 -0
vn 0.04213 -0.99911 -0
vn -0.06433 0.00232 0.99793
vn -0.04795 0.00634 0.99883
vn -0.04361 0.00852 0.99901
vn -0.02565 0.00278 0.99967
vn -0.00855 1E-05 0.99996
vn -0.14198 0.00367 0.98986
vn -0.15655 0.00087 0.98767
vn -0.12748 0.00841 0.9918
vn -0.11298 0.01526 0.99348
vn -0.13053 0.00418 0.99144
vn -0.0938 -0 0.99559
vn -0.07727 0 0.99701
vn -0.23652 0.00091 0.97163
vn -0.21203 0.0063 0.97724
vn -0.21643 0.00439 0.97629
vn -0.18379 -0 0.98296
vn -0.1688 0 0.98565
vn -0.3271 0.00028 0.94499
vn -0.30974 0.00203 0.95082
vn -0.29141 0.00578 0.95658
vn -0.30071 0.0026 0.95371
vn -0.26664 1E-05 0.9638
vn -0.25412 -1E-05 0.96717
vn -0.39744 -0.00082 0.91763
vn -0.3944 -0.00118 0.91894
vn -0.38525 -0.0025 0.92281
vn -0.3886 -0.00196 0.92141
vn -0.39156 -0.00154 0.92015
vn -0.37284 -0.00521 0.92788
vn -0.37739 -0.00408 0.92605
vn -0.38156 -0.00318 0.92434
vn -0.4013 0.00033 0.91595
vn -0.39654 0.00075 0.91802
vn -0.39345 0.00105 0.91935
vn -0.39048 0.00135 0.92061
vn -0.38741 0.0017 0.92191
vn -0.38402 0.00213 0.92332
vn -0.3801 0.0027 0.92494
vn -0.37577 0.00342 0.9267
vn -0.37092 0.00434 0.92866
vn -0.36571 0.00548 0.93071
vn -0.38268 0.00118 0.92388
vn -0.34666 -0 0.93799
vn -0.33892 0 0.94081
vn -0.31069 -0.00283 0.95051
vn -0.32725 -0.00039 0.94494
vn -0.38268 0 0.92388
vn -0.36191 -0.00869 0.93217
vn -0.36798 -0.00662 0.92981
vn -0.237 -0.00158 0.97151
vn -0.25412 1E-05 0.96717
vn -0.30071 -8E-05 0.95372
vn -0.28036 -0.01566 0.95977
vn -0.29378 -0.00816 0.95584
vn -0.07728 0 0.99701
vn -0.09383 -0 0.99559
vn -0.13052 -0.01511 0.99133
vn -0.1198 -0.03941 0.99202
vn -0.1317 -0.02103 0.99107
vn -0.14402 -0.009 0.98953
vn -0.15709 -0.00211 0.98758
vn -0.16882 -0 0.98565
vn -0.21644 0 0.9763
vn -0.19789 -0.02726 0.97984
vn -0.21492 -0.01107 0.97657
vn 0.00844 0 0.99996
vn -0.00859 -5E-05 0.99996
vn -0.0265 -0.01553 0.99953
vn -0.04357 -0.04332 0.99811
vn -0.04626 -0.03649 0.99826
vn -0.06102 -0.01277 0.99806
vn 0.07716 -0 0.99702
vn 0.06084 -0.01296 0.99806
vn 0.04358 -0.04084 0.99821
vn 0.04748 -0.04954 0.99764
vn 0.02628 -0.01526 0.99954
vn 0.15692 -0.00216 0.98761
vn 0.14382 -0.00912 0.98956
vn 0.13149 -0.02123 0.99109
vn 0.1305 -0.02278 0.99119
vn 0.11025 -0.00669 0.99388
vn 0.09371 0 0.9956
vn 0.2368 -0.00163 0.97156
vn 0.21477 -0.01116 0.9766
vn 0.21643 -0.00956 0.97625
vn 0.18366 -0 0.98299
vn 0.16869 0 0.98567
vn 0.32704 -0.0004 0.94501
vn 0.31049 -0.00287 0.95057
vn 0.29363 -0.00821 0.95588
vn 0.30071 -0.00423 0.95371
vn 0.2665 -1E-05 0.96383
vn 0.25405 1E-05 0.96719
vn 0.38728 0.00171 0.92196
vn 0.38384 0.00215 0.9234
vn 0.37078 0.00436 0.92871
vn 0.37558 0.00345 0.92678
vn 0.37996 0.00272 0.925
vn 0.39041 0.00135 0.92064
vn 0.39327 0.00106 0.91942
vn 0.39635 0.00077 0.9181
vn 0.40159 -0.00036 0.91582
vn 0.39726 -0.00083 0.91771
vn 0.39432 -0.00118 0.91897
vn 0.39141 -0.00155 0.92021
vn 0.38844 -0.00198 0.92147
vn 0.3851 -0.00252 0.92287
vn 0.38141 -0.00321 0.9244
vn 0.37723 -0.0041 0.92611
vn 0.37271 -0.00523 0.92793
vn 0.36777 -0.00667 0.92989
vn 0.38268 -0.00155 0.92388
vn 0.34658 -0 0.93802
vn 0.33886 0 0.94084
vn 0.30954 0.00206 0.95089
vn 0.32689 0.00029 0.94506
vn 0.38268 -0 0.92388
vn 0.35912 0.00713 0.93326
vn 0.3655 0.00552 0.93079
vn 0.23631 0.00094 0.97168
vn 0.25406 -1E-05 0.96719
vn 0.30071 5E-05 0.95372
vn 0.27613 0.01098 0.96106
vn 0.29125 0.00582 0.95663
vn 0.1273 0.00848 0.99183
vn 0.14174 0.00373 0.9899
vn 0.15636 0.00089 0.9877
vn 0.16866 -0 0.98567
vn 0.21644 -0 0.9763
vn 0.19155 0.0152 0.98137
vn 0.21185 0.00636 0.97728
vn 0.0593 0.00324 0.99823
vn 0.13053 -0 0.99144
vn 0.09952 0.02373 0.99475
vn 0.11276 0.01537 0.9935
vn 0.0084 0 0.99996
vn 0.04362 0.00565 0.99903
vn 0.02637 0.01721 0.9995
vn 0.04305 0.00879 0.99903
vn -0.99702 0 0.07718
vn -0.99783 -0.00949 0.06523
vn -0.99839 -0.02636 0.05016
vn -0.99812 -0.0432 0.04357
vn -0.98761 -0.00217 0.15689
vn -0.98956 -0.00914 0.14381
vn -0.99109 -0.0212 0.13152
vn -0.99119 -0.0228 0.1305
vn -0.99388 -0.00671 0.11029
vn -0.9956 0 0.09371
vn -0.97156 -0.00163 0.2368
vn -0.9766 -0.01116 0.21476
vn -0.97625 -0.00956 0.21643
vn -0.98299 -0 0.18366
vn -0.98567 0 0.16869
vn -0.945 -0.0004 0.32707
vn -0.95057 -0.00287 0.31049
vn -0.95589 -0.00822 0.29361
vn -0.95371 -0.00422 0.30071
vn -0.96382 -1E-05 0.26654
vn -0.96719 1E-05 0.25405
vn -0.91814 0.00078 0.39625
vn -0.91943 0.00106 0.39325
vn -0.9234 0.00216 0.38382
vn -0.92193 0.0017 0.38736
vn -0.92065 0.00136 0.39039
vn -0.92872 0.00436 0.37076
vn -0.92678 0.00345 0.37558
vn -0.92501 0.00272 0.37994
vn -0.91579 -0.00036 0.40166
vn -0.91772 -0.00084 0.39722
vn -0.91899 -0.00118 0.39427
vn -0.92022 -0.00155 0.39141
vn -0.92145 -0.00197 0.38848
vn -0.92287 -0.00252 0.3851
vn -0.9244 -0.00321 0.3814
vn -0.9261 -0.0041 0.37725
vn -0.92793 -0.00523 0.37271
vn -0.92989 -0.00668 0.36777
vn -0.92388 -0.00155 0.38268
vn -0.93802 -0 0.34658
vn -0.94086 0 0.33878
vn -0.95089 0.00206 0.30954
vn -0.94506 0.00029 0.32691
vn -0.92388 0 0.38268
vn -0.93326 0.00713 0.35912
vn -0.9308 0.00552 0.3655
vn -0.97168 0.00094 0.23631
vn -0.96719 -1E-05 0.25406
vn -0.95372 5E-05 0.30071
vn -0.96105 0.01097 0.27617
vn -0.95664 0.00583 0.29122
vn -0.99183 0.00848 0.12728
vn -0.98989 0.00373 0.14176
vn -0.9877 0.00089 0.15639
vn -0.98567 -0 0.16867
vn -0.9763 0 0.21644
vn -0.98137 0.0152 0.19155
vn -0.97728 0.00636 0.21185
vn -0.99823 0.00323 0.05935
vn -0.99702 -0 0.07716
vn -0.99144 0 0.13053
vn -0.99475 0.02373 0.09952
vn -0.9935 0.01536 0.11278
vn -1 0 -0
vn -0.99996 -0 0.00844
vn -0.99903 0.00566 0.04361
vn -0.9995 0.01718 0.02642
vn -0.99904 0.0088 0.04302
vn -0.99822 0.00318 -0.05955
vn -0.99903 0.00869 -0.04327
vn -0.99901 0.00852 -0.04361
vn -0.99967 0.00279 -0.02568
vn -0.99996 1E-05 -0.00858
vn -0.98986 0.00367 -0.142
vn -0.98766 0.00087 -0.15658
vn -0.99181 0.00842 -0.12745
vn -0.99348 0.01527 -0.11296
vn -0.99144 0.00418 -0.13053
vn -0.99559 -0 -0.0938
vn -0.99701 0 -0.07728
vn -0.97163 0.00091 -0.23652
vn -0.97724 0.0063 -0.21203
vn -0.97629 0.00439 -0.21643
vn -0.98296 -0 -0.18379
vn -0.98565 0 -0.1688
vn -0.94499 0.00028 -0.3271
vn -0.95082 0.00203 -0.30975
vn -0.95658 0.00579 -0.29141
vn -0.95371 0.0026 -0.30071
vn -0.9638 1E-05 -0.26664
vn -0.96717 -1E-05 -0.25412
vn -0.92142 -0.00196 -0.38856
vn -0.92281 -0.0025 -0.38525
vn -0.92787 -0.0052 -0.37287
vn -0.92603 -0.00407 -0.37743
vn -0.92435 -0.00319 -0.38153
vn -0.92016 -0.00154 -0.39154
vn -0.91893 -0.00117 -0.39441
vn -0.91761 -0.00082 -0.39749
vn -0.91604 0.00035 -0.40109
vn -0.91798 0.00075 -0.39662
vn -0.91938 0.00105 -0.39337
vn -0.92058 0.00134 -0.39055
vn -0.9219 0.0017 -0.38742
vn -0.92333 0.00214 -0.384
vn -0.92494 0.0027 -0.38011
vn -0.92671 0.00342 -0.37576
vn -0.92865 0.00434 -0.37094
vn -0.93072 0.00548 -0.36569
vn -0.92388 0.00118 -0.38268
vn -0.93799 -0 -0.34667
vn -0.94081 0 -0.33892
vn -0.95051 -0.00283 -0.31069
vn -0.94494 -0.00039 -0.32725
vn -0.92388 -0 -0.38268
vn -0.93217 -0.00869 -0.36191
vn -0.92982 -0.00663 -0.36797
vn -0.97151 -0.00158 -0.237
vn -0.96717 1E-05 -0.25412
vn -0.95372 -8E-05 -0.30071
vn -0.95977 -0.01566 -0.28036
vn -0.95584 -0.00816 -0.29378
vn -0.99559 0 -0.09383
vn -0.99133 -0.01511 -0.13052
vn -0.99202 -0.03938 -0.11981
vn -0.99107 -0.02105 -0.13168
vn -0.98954 -0.00902 -0.144
vn -0.98759 -0.00211 -0.15707
vn -0.98565 -0 -0.16882
vn -0.9763 -0 -0.21644
vn -0.97984 -0.02726 -0.19789
vn -0.97657 -0.01107 -0.21492
vn -0.99954 -0.01523 0.02627
vn -0.99996 -0 0.00841
vn -0.99996 -5E-05 -0.00855
vn -0.99953 -0.01549 -0.02648
vn -0.99811 -0.04332 -0.04357
vn -0.99826 -0.03657 -0.04622
vn -0.99806 -0.01278 -0.061
vn -0.916 0.00034 0.40119
vn -0.91426 -0 0.40512
vn -0.88701 0 0.46175
vn -0.84339 0 0.5373
vn -0.79335 0 0.60876
vn -0.73728 0 0.67559
vn -0.67559 0 0.73728
vn -0.60876 0 0.79335
vn -0.5373 0 0.84339
vn -0.46175 0 0.88701
vn -0.40523 0 0.91421
vn -0.4018 -0.00035 0.91573
vn 0.40106 0.00035 0.91605
vn 0.40512 -0 0.91427
vn 0.46175 -0 0.88701
vn 0.5373 -0 0.84339
vn 0.60876 -0 0.79335
vn 0.67559 -0 0.73728
vn 0.73727 -0 0.6756
vn 0.79335 -0 0.60876
vn 0.84339 -0 0.5373
vn 0.88701 -0 0.46175
vn 0.92388 -0 0.38269
vn 0.95372 -0 0.3007
vn 0.9763 -0 0.21644
vn 0.99144 -0 0.13053
vn 0.99905 -0 0.04362
vn 0.99905 0 -0.04362
vn 0.99144 0 -0.13053
vn 0.9763 0 -0.21644
vn 0.95372 0 -0.3007
vn 0.92388 0 -0.38268
vn 0.88701 0 -0.46175
vn 0.84339 0 -0.5373
vn 0.79335 0 -0.60876
vn 0.73728 0 -0.67559
vn 0.67559 0 -0.73728
vn 0.60876 0 -0.79335
vn 0.5373 0 -0.84339
vn 0.46175 0 -0.88701
vn 0.38268 0 -0.92388
vn 0.30071 0 -0.95372
vn 0.21644 0 -0.9763
vn 0.13053 0 -0.99144
vn 0.04362 0 -0.99905
vn -0.04362 0 -0.99905
vn -0.13053 0 -0.99144
vn -0.21644 0 -0.9763
vn -0.30071 0 -0.95372
vn -0.38269 0 -0.92388
vn -0.46175 0 -0.88701
vn -0.5373 0 -0.84339
vn -0.60876 0 -0.79335
vn -0.67559 0 -0.73728
vn -0.73728 0 -0.67559
vn -0.79335 0 -0.60876
vn -0.84339 0 -0.5373
vn -0.88701 0 -0.46175
vn -0.91421 0 -0.40523
vn -0.91577 -0.00036 -0.4017
vn -0.09234 0.70677 -0.70139
vn -0.09234 0.70677 -0.70139
vn -0.15312 0.70677 -0.69067
vn -0.15312 0.70677 -0.69067
vn -0.21273 0.70677 -0.6747
vn -0.21273 0.70677 -0.6747
vn -0.27073 0.70677 -0.65359
vn -0.27073 0.70677 -0.65359
vn -0.32666 0.70677 -0.62751
vn -0.32666 0.70677 -0.62751
vn -0.38011 0.70677 -0.59665
vn -0.38011 0.70677 -0.59665
vn -0.43067 0.70677 -0.56125
vn -0.43067 0.70677 -0.56125
vn -0.47794 0.70677 -0.52158
vn -0.47794 0.70677 -0.52158
vn -0.52158 0.70677 -0.47794
vn -0.52158 0.70677 -0.47794
vn -0.56125 0.70677 -0.43066
vn -0.56125 0.70677 -0.43066
vn -0.59665 0.70677 -0.38011
vn -0.59665 0.70677 -0.38011
vn -0.62751 0.70677 -0.32666
vn -0.62751 0.70677 -0.32666
vn -0.65359 0.70677 -0.27072
vn -0.65359 0.70677 -0.27073
vn -0.6747 0.70677 -0.21273
vn -0.6747 0.70677 -0.21273
vn -0.69067 0.70677 -0.15312
vn -0.69067 0.70677 -0.15312
vn -0.70139 0.70677 -0.09234
vn -0.70139 0.70677 -0.09234
vn -0.70677 0.70677 -0.03086
vn -0.70677 0.70677 -0.03086
vn -0.70677 0.70677 0.03086
vn -0.70677 0.70677 0.03086
vn -0.70139 0.70677 0.09234
vn -0.70139 0.70677 0.09234
vn -0.69067 0.70677 0.15312
vn -0.69067 0.70677 0.15312
vn -0.6747 0.70677 0.21274
vn -0.6747 0.70677 0.21273
vn -0.65359 0.70677 0.27072
vn -0.65359 0.70677 0.27073
vn -0.62751 0.70677 0.32666
vn -0.62751 0.70677 0.32666
vn -0.59665 0.70677 0.38011
vn -0.59665 0.70677 0.38011
vn -0.56125 0.70677 0.43066
vn -0.56125 0.70677 0.43066
vn -0.52158 0.70677 0.47794
vn -0.52158 0.70677 0.47794
vn -0.47794 0.70677 0.52158
vn -0.47794 0.70677 0.52158
vn -0.43067 0.70677 0.56125
vn -0.43066 0.70677 0.56125
vn -0.38011 0.70677 0.59665
vn -0.38011 0.70677 0.59665
vn -0.32666 0.70677 0.62751
vn -0.32666 0.70677 0.62751
vn -0.27072 0.70677 0.65359
vn -0.27073 0.70677 0.65359
vn -0.21273 0.70677 0.6747
vn -0.21273 0.70677 0.6747
vn -0.15312 0.70677 0.69067
vn -0.15312 0.70677 0.69067
vn -0.09234 0.70677 0.70139
vn -0.09234 0.70677 0.70139
vn -0.03086 0.70677 0.70677
vn -0.03086 0.70677 0.70677
vn 0.03086 0.70677 0.70677
vn 0.03086 0.70677 0.70677
vn 0.09234 0.70677 0.70139
vn 0.09234 0.70677 0.70139
vn 0.15312 0.70677 0.69067
vn 0.15312 0.70677 0.69067
vn 0.21274 0.70677 0.6747
vn 0.21273 0.70677 0.6747
vn 0.27072 0.70677 0.65359
vn 0.27073 0.70677 0.65359
vn 0.32666 0.70677 0.62751
vn 0.32666 0.70677 0.62751
vn 0.38011 0.70677 0.59665
vn 0.38011 0.70677 0.59665
vn 0.43066 0.70677 0.56125
vn 0.43066 0.70677 0.56125
vn 0.47794 0.70677 0.52158
vn 0.47794 0.70677 0.52158
vn 0.52158 0.70677 0.47795
vn 0.52158 0.70677 0.47794
vn 0.56125 0.70677 0.43066
vn 0.56125 0.70677 0.43066
vn 0.59665 0.70677 0.38011
vn 0.59665 0.70677 0.38011
vn 0.62751 0.70677 0.32666
vn 0.62751 0.70677 0.32666
vn 0.65359 0.70677 0.27073
vn 0.65359 0.70677 0.27073
vn 0.6747 0.70677 0.21273
vn 0.6747 0.70677 0.21273
vn 0.69067 0.70677 0.15312
vn 0.69067 0.70677 0.15312
vn 0.70139 0.70677 0.09234
vn 0.70139 0.70677 0.09234
vn 0.70677 0.70677 0.03086
vn 0.70677 0.70677 0.03086
vn 0.70677 0.70677 -0.03086
vn 0.70677 0.70677 -0.03086
vn 0.70139 0.70677 -0.09234
vn 0.70139 0.70677 -0.09234
vn 0.69067 0.70677 -0.15312
vn 0.69067 0.70677 -0.15312
vn 0.6747 0.70677 -0.21273
vn 0.6747 0.70677 -0.21273
vn 0.65359 0.70677 -0.27073
vn 0.65359 0.70677 -0.27073
vn 0.62751 0.70677 -0.32666
vn 0.62751 0.70677 -0.32666
vn 0.59665 0.70677 -0.38011
vn 0.59665 0.70677 -0.38011
vn 0.56125 0.70677 -0.43066
vn 0.56125 0.70677 -0.43066
vn 0.52158 0.70677 -0.47794
vn 0.52158 0.70677 -0.47794
vn 0.47794 0.70677 -0.52158
vn 0.47794 0.70677 -0.52158
vn 0.43066 0.70677 -0.56125
vn 0.43067 0.70677 -0.56125
vn 0.38011 0.70677 -0.59665
vn 0.38011 0.70677 -0.59665
vn 0.32666 0.70677 -0.62751
vn 0.32666 0.70677 -0.62751
vn 0.27073 0.70677 -0.65359
vn 0.27073 0.70677 -0.65359
vn 0.21273 0.70677 -0.6747
vn 0.21273 0.70677 -0.6747
vn 0.15312 0.70677 -0.69067
vn 0.15312 0.70677 -0.69067
vn 0.09234 0.70677 -0.70139
vn 0.09234 0.70677 -0.70139
vn 0.03086 0.70677 -0.70677
vn 0.03086 0.70677 -0.70677
vn -0.03086 0.70677 -0.70677
vn -0.03086 0.70677 -0.70677
vn 0.76527 -0 0.64371
vn 0.81647 -0 0.57739
vn 0.86189 -0 0.5071
vn 0.90131 -0 0.43317
vn 0.93443 -0 0.35615
vn 0.96094 -0 0.27674
vn 0.98071 -0 0.19545
vn 0.99365 -0 0.11255
vn 0.99957 -0 0.02916
vn 0.9985 0 -0.05473
vn 0.99043 0 -0.138
vn 0.97538 0 -0.22053
vn 0.95352 0 -0.30133
vn 0.92498 0 -0.38002
vn 0.88994 0 -0.45609
vn 0.84862 0 -0.52901
vn 0.80133 0 -0.59822
vn 0.74856 0 -0.66307
vn 0.69036 0 -0.72347
vn 0.62745 0 -0.77866
vn 0.56002 0 -0.82848
vn 0.5613 0 -0.82761
vn 0.6311 -0 -0.7757
vn 0.69593 -0 -0.71811
vn 0.75568 -0 -0.65494
vn 0.80957 -0 -0.58702
vn 0.85754 -0 -0.51442
vn 0.89892 -0 -0.43812
vn 0.93355 -0 -0.35845
vn 0.96112 -0 -0.27613
vn 0.98146 -0 -0.19166
vn 0.99438 -0 -0.10588
vn 0.99982 -0 -0.01912
vn 0.9977 0 0.06777
vn 0.98807 0 0.15404
vn 0.97099 0 0.2391
vn 0.94655 0 0.32254
vn 0.91498 0 0.40351
vn 0.87656 0 0.4813
vn 0.83145 0 0.5556
vn 0.78014 0 0.62561
vn 0.72292 0 0.69093
vn 0.66018 0 0.75111
vn 0.59254 0 0.80554
vn 0.52045 0 0.85389
vn 0.44437 0 0.89584
vn 0.36496 0 0.93102
vn 0.28284 0 0.95917
vn 0.19852 0 0.9801
vn 0.11262 0 0.99364
vn 0.0261 0 0.99966
vn -0.06078 -0 0.99815
vn -0.14718 -0 0.98911
vn -0.23246 -0 0.97261
vn -0.31593 -0 0.94878
vn -0.39707 -0 0.91779
vn -0.47522 -0 0.87986
vn -0.54977 -0 0.83532
vn -0.55107 0 0.83446
vn -0.47924 0 0.87768
vn -0.40426 0 0.91465
vn -0.32614 0 0.94532
vn -0.24596 0 0.96928
vn -0.16396 0 0.98647
vn -0.08092 0 0.99672
vn 0.00284 -0 1
vn 0.0866 -0 0.99624
vn 0.16951 -0 0.98553
vn 0.25151 -0 0.96786
vn 0.3316 -0 0.94342
vn 0.40941 -0 0.91235
vn 0.48428 -0 0.87491
vn 0.55581 -0 0.83131
vn 0.62346 -0 0.78186
vn 0.68662 -0 0.72702
vn 0.74513 -0 0.66692
vn 0.79831 -0 0.60225
vn 0.8459 -0 0.53334
vn 0.88755 -0 0.4607
vn 0.91521 -0 0.40298
vn 0.93211 -0 0.36218
vn 0.95333 -0 0.30192
vn 0.97527 -0 0.22102
vn 0.99035 -0 0.13862
vn 0.99847 -0 0.05535
vn 0.99997 -0 0.00818
vn 0.99959 -2E-05 -0.02854
vn 0.20039 0 -0.97972
vn 0.28166 0 -0.95951
vn 0.36101 0 -0.93256
vn 0.4377 0 -0.89912
vn 0.51149 0 -0.85929
vn 0.5816 0 -0.81347
vn 0.64759 0 -0.76199
vn 0.70914 0 -0.70507
vn 0.76561 0 -0.6433
vn 0.81677 0 -0.57696
vn 0.86222 0 -0.50653
vn 0.90157 0 -0.43263
vn 0.93461 0 -0.35568
vn 0.96112 0 -0.27614
vn 0.98084 0 -0.19481
vn 0.9937 0 -0.11206
vn 0.99946 0 -0.03288
vn 0.20184 0 -0.97942
vn 0.28614 -0 -0.95819
vn 0.36824 -0 -0.92973
vn 0.44746 -0 -0.8943
vn 0.52341 -0 -0.85208
vn 0.5953 -0 -0.8035
vn 0.66285 -0 -0.74875
vn 0.72531 -0 -0.68842
vn 0.78231 -0 -0.62289
vn 0.83337 -0 -0.55272
vn 0.87819 -0 -0.47831
vn 0.91641 -0 -0.40024
vn 0.94767 -0 -0.31924
vn 0.97178 -0 -0.2359
vn 0.98861 -0 -0.15049
vn 0.99793 -0 -0.06434
vn 0.99974 0 0.02267
vn 0.99402 0 0.10918
vn 0.98078 0 0.1951
vn 0.96017 0 0.27941
vn 0.93226 0 0.36178
vn 0.89737 0 0.44127
vn 0.85575 0 0.51739
vn 0.80755 0 0.5898
vn 0.75334 0 0.65763
vn 0.6935 0 0.72046
vn 0.62832 0 0.77795
vn 0.55846 0 0.82953
vn 0.48441 0 0.87484
vn 0.40662 0 0.9136
vn 0.32573 0 0.94546
vn 0.24265 0 0.97011
vn 0.15748 0 0.98752
vn 0.07107 0 0.99747
vn -0.01556 -0 0.99988
vn -0.10233 -0 0.99475
vn -0.18836 -0 0.9821
vn -0.18977 0 0.98183
vn -0.10686 0 0.99427
vn -0.02347 0 0.99972
vn 0.06041 -0 0.99817
vn 0.14369 -0 0.98962
vn 0.22596 -0 0.97414
vn 0.30676 -0 0.95179
vn 0.3853 -0 0.92279
vn 0.46119 -0 0.8873
vn 0.53386 -0 0.84557
vn 0.60274 -0 0.79793
vn 0.66738 -0 0.74472
vn 0.72732 -0 0.6863
vn 0.78229 -0 0.62292
vn 0.83161 -0 0.55536
vn 0.87518 -0 0.4838
vn 0.91257 -0 0.40891
vn 0.94364 -0 0.33098
vn 0.96801 -0 0.2509
vn 0.98562 -0 0.169
vn 0.9963 -0 0.08599
vn 0.99976 -0 0.02207
vn 0.99976 0 -0.02207
vn 0.9963 0 -0.08599
vn 0.98562 0 -0.169
vn 0.96801 0 -0.2509
vn 0.94364 0 -0.33098
vn 0.91257 0 -0.40891
vn 0.87518 0 -0.4838
vn 0.83161 0 -0.55536
vn 0.78229 0 -0.62292
vn 0.72732 0 -0.6863
vn 0.66738 0 -0.74472
vn 0.60274 0 -0.79793
vn 0.53386 0 -0.84557
vn 0.46119 0 -0.8873
vn 0.3853 0 -0.92279
vn 0.30676 0 -0.95179
vn 0.22596 0 -0.97414
vn 0.14369 0 -0.98962
vn 0.06041 0 -0.99817
vn -0.02347 0 -0.99972
vn -0.10686 0 -0.99427
vn -0.18977 0 -0.98183
vn -0.18836 0 -0.9821
vn -0.10233 -0 -0.99475
vn -0.01556 -0 -0.99988
vn 0.07107 -0 -0.99747
vn 0.15748 -0 -0.98752
vn 0.24265 -0 -0.97011
vn 0.32573 -0 -0.94546
vn 0.40662 -0 -0.9136
vn 0.48441 -0 -0.87484
vn 0.55846 -0 -0.82953
vn 0.62832 -0 -0.77795
vn 0.6935 -0 -0.72046
vn 0.75334 -0 -0.65763
vn 0.80755 -0 -0.5898
vn 0.85575 -0 -0.51739
vn 0.89737 -0 -0.44127
vn 0.93226 -0 -0.36178
vn 0.96017 -0 -0.27941
vn 0.98078 -0 -0.1951
vn 0.99402 -0 -0.10918
vn 0.99974 -0 -0.02267
vn 0.99793 0 0.06434
vn 0.98861 0 0.15049
vn 0.97178 0 0.2359
vn 0.94767 0 0.31924
vn 0.91641 0 0.40024
vn 0.87819 0 0.47831
vn 0.83337 0 0.55272
vn 0.78231 0 0.62289
vn 0.72531 0 0.68842
vn 0.66285 0 0.74875
vn 0.5953 0 0.8035
vn 0.52341 0 0.85208
vn 0.44746 0 0.8943
vn 0.36824 0 0.92973
vn 0.28614 0 0.95819
vn 0.20184 0 0.97942
vn 0.20039 -0 0.97972
vn 0.28166 -0 0.95951
vn 0.36101 -0 0.93256
vn 0.4377 -0 0.89912
vn 0.51149 -0 0.85929
vn 0.5816 -0 0.81347
vn 0.64759 -0 0.76199
vn 0.70914 -0 0.70507
vn 0.76561 -0 0.6433
vn 0.81677 -0 0.57696
vn 0.86222 -0 0.50653
vn 0.90157 -0 0.43263
vn 0.93461 -0 0.35568
vn 0.96113 -0 0.27611
vn 0.98084 -0 0.19483
vn 0.9937 -0 0.11206
vn 0.95333 0 -0.30192
vn 0.97527 0 -0.22102
vn 0.99035 0 -0.13862
vn 0.99847 0 -0.05535
vn 0.99959 0 0.02854
vn 0.99997 -0.00017 -0.00818
vn 0.99946 0 0.03288
vn 0.93211 0 -0.36218
vn 0.91521 0 -0.40298
vn 0.88755 0 -0.4607
vn 0.8459 0 -0.53334
vn 0.79831 0 -0.60225
vn 0.74513 0 -0.66692
vn 0.68662 0 -0.72702
vn 0.6235 0 -0.78183
vn 0.55581 0 -0.83131
vn 0.48428 0 -0.87491
vn 0.40936 0 -0.91237
vn 0.3316 0 -0.94342
vn 0.25145 0 -0.96787
vn 0.16963 0 -0.98551
vn 0.08648 0 -0.99625
vn 0.0029 0 -1
vn -0.08086 0 -0.99673
vn -0.16402 0 -0.98646
vn -0.24596 0 -0.96928
vn -0.32614 0 -0.94532
vn -0.40426 0 -0.91465
vn -0.47929 0 -0.87766
vn -0.55103 0 -0.83448
vn -0.54977 0 -0.83532
vn -0.47522 -0 -0.87986
vn -0.39707 -0 -0.91779
vn -0.31593 -0 -0.94878
vn -0.23246 -0 -0.97261
vn -0.14718 -0 -0.98911
vn -0.06078 -0 -0.99815
vn 0.0261 -0 -0.99966
vn 0.11262 -0 -0.99364
vn 0.19852 -0 -0.9801
vn 0.28284 -0 -0.95917
vn 0.36496 -0 -0.93102
vn 0.44437 -0 -0.89584
vn 0.5204 -0 -0.85392
vn 0.59258 -0 -0.80551
vn 0.66021 -0 -0.75108
vn 0.72289 -0 -0.69096
vn 0.78014 -0 -0.62561
vn 0.83145 -0 -0.5556
vn 0.87657 -0 -0.48127
vn 0.91497 -0 -0.40353
vn 0.94655 -0 -0.32254
vn 0.97099 -0 -0.2391
vn 0.98806 -0 -0.15405
vn 0.9977 -0 -0.06777
vn 0.99982 0 0.01912
vn 0.99438 0 0.10588
vn 0.98146 0 0.19167
vn 0.96113 0 0.2761
vn 0.93354 0 0.35847
vn 0.89893 0 0.4381
vn 0.8575 0 0.51448
vn 0.80959 0 0.58699
vn 0.75571 0 0.65491
vn 0.69593 0 0.71811
vn 0.63103 0 0.77576
vn 0.56134 0 0.82758
vn 0.56006 -0 0.82845
vn 0.62741 -0 0.77869
vn 0.69036 -0 0.72347
vn 0.74856 -0 0.66307
vn 0.80135 -0 0.59819
vn 0.84862 -0 0.52901
vn 0.88991 -0 0.45614
vn 0.92498 -0 0.38002
vn 0.95353 -0 0.30131
vn 0.97538 -0 0.22053
vn 0.99043 -0 0.138
vn 0.9985 -0 0.05473
vn 0.99957 0 -0.02916
vn 0.99365 0 -0.11255
vn 0.98071 0 -0.19545
vn 0.96095 0 -0.27673
vn 0.93441 0 -0.3562
vn 0.90132 0 -0.43315
vn 0.86189 0 -0.5071
vn 0.81649 0 -0.57736
vn 0.76522 0 -0.64377
vn 0.72255 0 -0.69132
vn 0.69133 0 -0.72254
vn 0.64368 0 -0.7653
vn 0.57747 0 -0.81641
vn 0.50701 0 -0.86194
vn 0.43322 0 -0.90129
vn 0.35615 0 -0.93443
vn 0.2768 0 -0.96093
vn 0.19539 0 -0.98073
vn 0.11261 0 -0.99364
vn 0.02903 0 -0.99958
vn -0.05467 0 -0.9985
vn -0.13806 0 -0.99042
vn -0.22047 0 -0.97539
vn -0.30133 0 -0.95352
vn -0.38002 0 -0.92498
vn -0.45614 0 -0.88991
vn -0.52901 0 -0.84862
vn -0.59812 0 -0.80141
vn -0.66314 0 -0.7485
vn -0.72344 0 -0.69039
vn -0.77872 0 -0.62737
vn -0.8284 0 -0.56013
vn -0.82763 0 -0.56127
vn -0.77576 -0 -0.63103
vn -0.71802 -0 -0.69602
vn -0.65501 -0 -0.75562
vn -0.58698 -0 -0.8096
vn -0.51442 -0 -0.85754
vn -0.43812 -0 -0.89892
vn -0.35854 -0 -0.93351
vn -0.2761 -0 -0.96113
vn -0.19166 -0 -0.98146
vn -0.10582 -0 -0.99438
vn -0.01912 -0 -0.99982
vn 0.06771 -0 -0.9977
vn 0.15404 -0 -0.98807
vn 0.23922 -0 -0.97097
vn 0.32254 -0 -0.94655
vn 0.40345 -0 -0.915
vn 0.48129 -0 -0.87656
vn 0.55556 -0 -0.83147
vn 0.62561 -0 -0.78014
vn 0.69097 -0 -0.72289
vn 0.75111 -0 -0.66018
vn 0.80554 -0 -0.59254
vn 0.85389 -0 -0.52045
vn 0.89584 -0 -0.44437
vn 0.93102 -0 -0.36496
vn 0.95917 -0 -0.28284
vn 0.98012 -0 -0.1984
vn 0.99362 -0 -0.11274
vn 0.99966 -0 -0.0261
vn 0.99815 0 0.06078
vn 0.98911 0 0.14717
vn 0.9726 0 0.23247
vn 0.94878 0 0.31593
vn 0.91779 0 0.39707
vn 0.87986 0 0.47522
vn 0.83532 0 0.54977
vn 0.83444 -0 0.5511
vn 0.87768 -0 0.47924
vn 0.91466 -0 0.40423
vn 0.94531 -0 0.32616
vn 0.96928 -0 0.24596
vn 0.98647 -0 0.16395
vn 0.99672 -0 0.08092
vn 1 0 -0.00284
vn 0.99624 0 -0.0866
vn 0.98553 0 -0.16951
vn 0.96785 0 -0.25154
vn 0.94343 0 -0.33159
vn 0.91239 0 -0.40931
vn 0.8749 0 -0.4843
vn 0.83131 0 -0.55581
vn 0.78184 0 -0.62347
vn 0.72696 0 -0.68668
vn 0.66696 0 -0.7451
vn 0.60225 0 -0.79831
vn 0.53334 0 -0.8459
vn 0.46065 0 -0.88758
vn 0.40298 0 -0.91521
vn 0.3622 0 -0.9321
vn 0.3019 0 -0.95334
vn 0.221 0 -0.97527
vn 0.13862 0 -0.99035
vn 0.05529 0 -0.99847
vn -0.02848 0 -0.99959
vn -0.11206 0 -0.9937
vn -0.19483 0 -0.98084
vn -0.27616 0 -0.96111
vn -0.35568 0 -0.93461
vn -0.43258 0 -0.9016
vn -0.50663 0 -0.86216
vn -0.57691 0 -0.81681
vn -0.6433 0 -0.76561
vn -0.70507 0 -0.70914
vn -0.76196 0 -0.64762
vn -0.81347 0 -0.5816
vn -0.85929 0 -0.51149
vn -0.89912 0 -0.4377
vn -0.93257 0 -0.36099
vn -0.95951 0 -0.28168
vn -0.97972 0 -0.20039
vn -0.97942 0 -0.20184
vn -0.95819 -0 -0.28614
vn -0.92973 -0 -0.36824
vn -0.89432 -0 -0.44743
vn -0.85208 -0 -0.52341
vn -0.80348 -0 -0.59533
vn -0.74875 -0 -0.66285
vn -0.68845 -0 -0.72528
vn -0.62289 -0 -0.78231
vn -0.55272 -0 -0.83337
vn -0.47826 -0 -0.87822
vn -0.40029 -0 -0.91639
vn -0.31924 -0 -0.94767
vn -0.23578 -0 -0.97181
vn -0.15061 -0 -0.98859
vn -0.06428 -0 -0.99793
vn 0.02261 -0 -0.99974
vn 0.10924 -0 -0.99402
vn 0.1951 -0 -0.98078
vn 0.27947 -0 -0.96015
vn 0.36172 -0 -0.93229
vn 0.44122 -0 -0.8974
vn 0.51744 -0 -0.85572
vn 0.58976 -0 -0.80758
vn 0.65763 -0 -0.75334
vn 0.72049 -0 -0.69347
vn 0.77795 -0 -0.62832
vn 0.82953 -0 -0.55846
vn 0.87489 -0 -0.48432
vn 0.91355 -0 -0.40672
vn 0.94546 -0 -0.32575
vn 0.97012 -0 -0.24264
vn 0.98752 -0 -0.15748
vn 0.99747 -0 -0.07108
vn 0.99988 0 0.01556
vn 0.99475 0 0.10232
vn 0.9821 0 0.18836
vn 0.98183 -0 0.18977
vn 0.99426 -0 0.10699
vn 0.99973 -0 0.02335
vn 0.99817 0 -0.06041
vn 0.98962 0 -0.14368
vn 0.97414 0 -0.22596
vn 0.95179 0 -0.30676
vn 0.92278 0 -0.38532
vn 0.8873 0 -0.46119
vn 0.84559 0 -0.53383
vn 0.79793 0 -0.60274
vn 0.74472 0 -0.66738
vn 0.68627 0 -0.72735
vn 0.62299 0 -0.78223
vn 0.55536 0 -0.83161
vn 0.48375 0 -0.87521
vn 0.40886 0 -0.9126
vn 0.33103 0 -0.94362
vn 0.2509 0 -0.96801
vn 0.16903 0 -0.98561
vn 0.08592 0 -0.9963
vn 0.02207 0 -0.99976
vn -0.02207 0 -0.99976
vn -0.08593 0 -0.9963
vn -0.169 0 -0.98562
vn -0.2509 0 -0.96801
vn -0.33103 0 -0.94362
vn -0.40891 0 -0.91258
vn -0.4837 0 -0.87524
vn -0.55536 0 -0.83161
vn -0.62299 0 -0.78223
vn -0.68627 0 -0.72735
vn -0.74472 0 -0.66738
vn -0.79793 0 -0.60274
vn -0.84559 0 -0.53383
vn -0.8873 0 -0.46119
vn -0.92278 0 -0.38532
vn -0.95182 0 -0.30665
vn -0.97411 0 -0.22608
vn -0.98962 0 -0.14368
vn -0.99817 0 -0.06041
vn -0.99972 0 0.02347
vn -0.99427 0 0.10686
vn -0.98181 0 0.18989
vn -0.98212 0 0.18824
vn -0.99475 -0 0.10232
vn -0.99988 -0 0.01569
vn -0.99746 -0 -0.0712
vn -0.98752 -0 -0.15748
vn -0.97015 -0 -0.24252
vn -0.94542 -0 -0.32586
vn -0.9136 -0 -0.40662
vn -0.87484 -0 -0.48441
vn -0.82953 -0 -0.55846
vn -0.77795 -0 -0.62832
vn -0.72049 -0 -0.69347
vn -0.65763 -0 -0.75334
vn -0.58976 -0 -0.80758
vn -0.51744 -0 -0.85572
vn -0.44122 -0 -0.8974
vn -0.36172 -0 -0.93229
vn -0.27947 -0 -0.96015
vn -0.1951 -0 -0.98078
vn -0.10925 -0 -0.99401
vn -0.02261 -0 -0.99974
vn 0.06427 -0 -0.99793
vn 0.15061 -0 -0.98859
vn 0.23578 -0 -0.97181
vn 0.31924 -0 -0.94767
vn 0.40034 -0 -0.91637
vn 0.47821 -0 -0.87824
vn 0.55272 -0 -0.83337
vn 0.62289 -0 -0.78231
vn 0.68845 -0 -0.72528
vn 0.74875 -0 -0.66285
vn 0.80348 -0 -0.59533
vn 0.85208 -0 -0.52341
vn 0.89432 -0 -0.44743
vn 0.92973 -0 -0.36824
vn 0.95822 -0 -0.28603
vn 0.97939 -0 -0.20196
vn 0.97972 0 -0.20039
vn 0.95951 0 -0.28168
vn 0.93257 0 -0.36099
vn 0.89912 0 -0.4377
vn 0.85929 0 -0.51149
vn 0.81347 0 -0.5816
vn 0.76196 0 -0.64762
vn 0.70507 0 -0.70914
vn 0.6433 0 -0.76561
vn 0.57696 0 -0.81677
vn 0.50658 0 -0.86219
vn 0.43258 0 -0.9016
vn 0.35568 0 -0.93461
vn 0.2762 0 -0.9611
vn 0.19481 0 -0.98084
vn 0.11206 0 -0.9937
vn 0.02848 0 -0.99959
vn -0.05529 0 -0.99847
vn -0.13862 0 -0.99035
vn -0.22102 0 -0.97527
vn -0.30187 0 -0.95335
vn -0.3622 0 -0.9321
vn -0.40298 0 -0.91521
vn -0.46065 0 -0.88758
vn -0.53334 0 -0.8459
vn -0.60225 0 -0.79831
vn -0.66696 0 -0.7451
vn -0.72696 0 -0.68668
vn -0.7819 0 -0.6234
vn -0.83131 0 -0.55581
vn -0.8749 0 -0.4843
vn -0.91235 0 -0.40941
vn -0.94343 0 -0.33159
vn -0.96788 0 -0.25142
vn -0.98551 0 -0.16963
vn -0.99624 0 -0.0866
vn -1 0 -0.00284
vn -0.99672 0 0.08092
vn -0.98647 0 0.16395
vn -0.96928 0 0.24596
vn -0.94531 0 0.32616
vn -0.91466 0 0.40423
vn -0.87763 0 0.47934
vn -0.83449 0 0.55102
vn 0.82761 -0 0.5613
vn 0.7757 0 0.6311
vn 0.71811 0 0.69593
vn 0.65494 0 0.75568
vn 0.58696 0 0.80961
vn 0.51448 0 0.8575
vn 0.43812 0 0.89892
vn 0.35845 0 0.93355
vn 0.2761 0 0.96113
vn 0.1918 0 0.98143
vn 0.10575 0 0.99439
vn 0.01912 0 0.99982
vn -0.06777 -0 0.9977
vn -0.15404 -0 0.98807
vn -0.2391 -0 0.97099
vn -0.32254 -0 0.94655
vn -0.40341 -0 0.91502
vn -0.48139 -0 0.87651
vn -0.5556 -0 0.83145
vn -0.62561 -0 0.78014
vn -0.69093 -0 0.72292
vn -0.75111 -0 0.66018
vn -0.80548 -0 0.59262
vn -0.85395 -0 0.52036
vn -0.89584 -0 0.44437
vn -0.93102 -0 0.36496
vn -0.95917 -0 0.28284
vn -0.9801 -0 0.19852
vn -0.99364 -0 0.11262
vn -0.99966 -0 0.0261
vn -0.99815 -0 -0.06078
vn -0.98911 -0 -0.14718
vn -0.97263 -0 -0.23234
vn -0.94874 -0 -0.31604
vn -0.91779 -0 -0.39707
vn -0.87986 -0 -0.47522
vn -0.83532 -0 -0.54977
vn -0.83448 0 -0.55105
vn -0.87763 0 -0.47934
vn -0.91467 0 -0.40421
vn -0.94532 0 -0.32614
vn -0.96927 0 -0.24599
vn -0.98647 0 -0.16394
vn -0.99672 0 -0.08092
vn -1 0 0.00284
vn -0.99624 0 0.0866
vn -0.98551 0 0.16963
vn -0.96789 0 0.25139
vn -0.94342 0 0.3316
vn -0.91235 0 0.40941
vn -0.87491 0 0.48428
vn -0.83131 0 0.55581
vn -0.78186 0 0.62346
vn -0.72702 0 0.68662
vn -0.66692 0 0.74513
vn -0.60225 0 0.79831
vn -0.53334 0 0.8459
vn -0.4607 0 0.88755
vn -0.40298 0 0.91521
vn -0.36219 0 0.93211
vn -0.30192 0 0.95333
vn -0.22102 0 0.97527
vn -0.13862 0 0.99035
vn -0.05522 0 0.99847
vn 0.02842 -0 0.9996
vn 0.11206 -0 0.9937
vn 0.19481 -0 0.98084
vn 0.27625 -0 0.96108
vn 0.35557 -0 0.93465
vn 0.43263 -0 0.90157
vn 0.50663 -0 0.86217
vn 0.57696 -0 0.81677
vn 0.64323 -0 0.76567
vn 0.70513 -0 0.70908
vn 0.76194 -0 0.64765
vn 0.81347 -0 0.5816
vn 0.85929 -0 0.51149
vn 0.89912 -0 0.4377
vn 0.93256 -0 0.36101
vn 0.95951 -0 0.28166
vn 0.97972 -0 0.20039
vn 0.97939 -0 0.20196
vn 0.95822 0 0.28603
vn 0.92973 0 0.36824
vn 0.8943 0 0.44746
vn 0.85208 0 0.52341
vn 0.8035 0 0.5953
vn 0.74875 0 0.66285
vn 0.68849 0 0.72525
vn 0.62281 0 0.78237
vn 0.55272 0 0.83337
vn 0.47826 0 0.87822
vn 0.40029 0 0.91639
vn 0.31924 0 0.94767
vn 0.2359 0 0.97178
vn 0.15061 0 0.98859
vn 0.06421 0 0.99794
vn -0.02267 -0 0.99974
vn -0.10919 -0 0.99402
vn -0.1951 -0 0.98078
vn -0.27941 -0 0.96017
vn -0.36178 -0 0.93226
vn -0.44127 -0 0.89737
vn -0.51739 -0 0.85575
vn -0.58972 -0 0.80761
vn -0.6577 -0 0.75328
vn -0.72046 -0 0.6935
vn -0.77795 -0 0.62832
vn -0.82953 -0 0.55846
vn -0.87484 -0 0.48441
vn -0.9136 -0 0.40662
vn -0.94542 -0 0.32584
vn -0.97014 -0 0.24254
vn -0.98752 -0 0.15748
vn -0.99746 -0 0.07119
vn -0.99988 -0 -0.01569
vn -0.99475 -0 -0.10233
vn -0.98212 -0 -0.18824
vn -0.98181 0 -0.18989
vn -0.99427 0 -0.10686
vn -0.99972 0 -0.02347
vn -0.99817 0 0.06041
vn -0.98962 0 0.14369
vn -0.97411 0 0.22608
vn -0.95182 0 0.30665
vn -0.92277 0 0.38534
vn -0.88733 0 0.46114
vn -0.84557 0 0.53386
vn -0.79793 0 0.60274
vn -0.74472 0 0.66738
vn -0.6863 0 0.72732
vn -0.62292 0 0.78229
vn -0.55536 0 0.83161
vn -0.48374 0 0.87521
vn -0.40885 0 0.9126
vn -0.33109 0 0.9436
vn -0.2509 0 0.96801
vn -0.169 0 0.98562
vn -0.08599 0 0.9963
vn -0.02207 0 0.99976
vn 0.02207 -0 0.99976
vn 0.08598 -0 0.9963
vn 0.16903 -0 0.98561
vn 0.2509 -0 0.96801
vn 0.33109 -0 0.9436
vn 0.40881 -0 0.91262
vn 0.4838 -0 0.87518
vn 0.55536 -0 0.83161
vn 0.62292 -0 0.78229
vn 0.6863 -0 0.72732
vn 0.74472 -0 0.66738
vn 0.79793 -0 0.60274
vn 0.84561 -0 0.5338
vn 0.8873 -0 0.46119
vn 0.92277 -0 0.38534
vn 0.95179 -0 0.30676
vn 0.97414 -0 0.22596
vn 0.98962 -0 0.14369
vn 0.99817 -0 0.06041
vn 0.99973 0 -0.02335
vn 0.99426 0 -0.10699
vn 0.98183 0 -0.18977
vn 0.9821 0 -0.18836
vn 0.99475 -0 -0.10233
vn 0.99988 -0 -0.01556
vn 0.99747 0 0.07107
vn 0.98752 0 0.15748
vn 0.97011 0 0.24265
vn 0.94546 0 0.32573
vn 0.91355 0 0.40672
vn 0.87489 0 0.48432
vn 0.82953 0 0.55846
vn 0.77795 0 0.62832
vn 0.72046 0 0.6935
vn 0.6577 0 0.75328
vn 0.58972 0 0.80761
vn 0.51739 0 0.85575
vn 0.44127 0 0.89737
vn 0.36178 0 0.93226
vn 0.27941 0 0.96017
vn 0.1951 0 0.98078
vn 0.10918 0 0.99402
vn 0.02267 0 0.99974
vn -0.06422 -0 0.99794
vn -0.15061 -0 0.98859
vn -0.2359 -0 0.97178
vn -0.31924 -0 0.94767
vn -0.40024 -0 0.91641
vn -0.47831 -0 0.87819
vn -0.55272 -0 0.83337
vn -0.62281 -0 0.78237
vn -0.68849 -0 0.72525
vn -0.74875 -0 0.66285
vn -0.8035 -0 0.5953
vn -0.85208 -0 0.52341
vn -0.8943 -0 0.44746
vn -0.92973 -0 0.36824
vn -0.95819 -0 0.28614
vn -0.97942 -0 0.20184
vn -0.97972 0 0.20039
vn -0.95951 0 0.28166
vn -0.93256 0 0.36101
vn -0.89912 0 0.4377
vn -0.85929 0 0.51149
vn -0.81347 0 0.5816
vn -0.76194 0 0.64765
vn -0.70513 0 0.70908
vn -0.64323 0 0.76567
vn -0.57691 0 0.81681
vn -0.50668 0 0.86213
vn -0.43263 0 0.90157
vn -0.35557 0 0.93465
vn -0.27622 0 0.96109
vn -0.19483 0 0.98084
vn -0.11206 0 0.9937
vn -0.02842 0 0.9996
vn 0.05522 -0 0.99847
vn 0.13862 -0 0.99035
vn 0.221 -0 0.97527
vn 0.30196 -0 0.95332
vn 0.69132 -0 0.72255
vn 0.72255 -0 0.69132
vn -0.82842 0 0.5601
vn -0.77872 0 0.62737
vn -0.72347 0 0.69036
vn -0.66307 0 0.74856
vn -0.59816 0 0.80138
vn -0.52901 0 0.84862
vn -0.45614 0 0.88991
vn -0.38002 0 0.92498
vn -0.30133 0 0.95352
vn -0.22053 0 0.97538
vn -0.138 0 0.99043
vn -0.05473 0 0.9985
vn 0.02916 -0 0.99957
vn 0.11255 -0 0.99365
vn 0.19545 -0 0.98071
vn 0.27674 -0 0.96094
vn 0.35615 -0 0.93443
vn 0.43317 -0 0.90131
vn 0.5071 -0 0.86189
vn 0.57747 -0 0.81641
vn 0.64364 -0 0.76533
vn 0.83532 0 -0.54977
vn 0.87986 -0 -0.47522
vn 0.91779 -0 -0.39707
vn 0.94878 -0 -0.31593
vn 0.97261 -0 -0.23246
vn 0.98911 -0 -0.14718
vn 0.99815 -0 -0.06078
vn 0.99966 0 0.0261
vn 0.99362 0 0.11274
vn 0.98012 0 0.1984
vn 0.95917 0 0.28284
vn 0.93102 0 0.36496
vn 0.89584 0 0.44437
vn 0.85389 0 0.52045
vn 0.80554 0 0.59254
vn 0.75111 0 0.66018
vn 0.69093 0 0.72292
vn 0.62561 0 0.78014
vn 0.5556 0 0.83145
vn 0.48134 0 0.87653
vn 0.40345 0 0.915
vn 0.32254 0 0.94655
vn 0.2391 0 0.97099
vn 0.15404 0 0.98807
vn 0.06777 0 0.9977
vn -0.01912 -0 0.99982
vn -0.10576 -0 0.99439
vn -0.19178 -0 0.98144
vn -0.2761 -0 0.96113
vn -0.35849 -0 0.93353
vn -0.43812 -0 0.89892
vn -0.51442 -0 0.85754
vn -0.58702 -0 0.80957
vn -0.65494 -0 0.75568
vn -0.71805 -0 0.69599
vn -0.77576 -0 0.63103
vn -0.82761 -0 0.5613
vn 0.4607 -0 0.88755
vn 0.53334 -0 0.8459
vn 0.60225 -0 0.79831
vn 0.66692 -0 0.74513
vn 0.72702 -0 0.68662
vn 0.7818 -0 0.62353
vn 0.83131 -0 0.55581
vn 0.87491 -0 0.48428
vn 0.91239 -0 0.40931
vn 0.94342 -0 0.3316
vn 0.96786 -0 0.25151
vn 0.98553 -0 0.16951
vn 0.99624 -0 0.0866
vn 1 -0 0.00284
vn 0.99672 0 -0.08092
vn 0.98647 0 -0.16394
vn 0.96927 0 -0.24599
vn 0.94532 0 -0.32614
vn 0.91467 0 -0.40421
vn 0.87768 0 -0.47924
vn 0.83442 0 -0.55113
vn 0.36218 -0 0.93211
vn 0.40298 -0 0.91521
vn -0.6437 0 0.76528
vn -0.57747 0 0.81641
vn -0.5071 0 0.86189
vn -0.43317 0 0.90131
vn -0.35615 0 0.93443
vn -0.27674 0 0.96094
vn -0.19545 0 0.98071
vn -0.11255 0 0.99365
vn -0.02916 0 0.99957
vn 0.05473 -0 0.9985
vn 0.138 -0 0.99043
vn 0.22053 -0 0.97538
vn 0.30133 -0 0.95352
vn 0.38002 -0 0.92498
vn 0.45609 -0 0.88994
vn 0.52901 -0 0.84862
vn 0.59822 -0 0.80133
vn 0.66307 -0 0.74856
vn 0.72347 -0 0.69036
vn 0.77866 -0 0.62745
vn 0.82848 -0 0.56002
vn -0.72255 0 0.69132
vn -0.69131 0 0.72255
vn -0.56002 0 -0.82848
vn -0.62745 0 -0.77866
vn -0.69036 0 -0.72347
vn -0.74856 0 -0.66307
vn -0.80133 0 -0.59822
vn -0.84862 0 -0.52901
vn -0.88994 0 -0.45609
vn -0.92498 0 -0.38002
vn -0.95352 0 -0.30133
vn -0.97541 0 -0.22041
vn -0.99042 0 -0.13812
vn -0.9985 0 -0.05473
vn -0.99957 0 0.02916
vn -0.99365 0 0.11255
vn -0.98071 0 0.19545
vn -0.96094 0 0.27674
vn -0.93443 0 0.35615
vn -0.90131 0 0.43317
vn -0.86189 0 0.5071
vn -0.81641 0 0.57747
vn -0.76533 0 0.64364
vn 0.54977 -0 0.83532
vn 0.47522 0 0.87986
vn 0.39707 0 0.91779
vn 0.31593 0 0.94878
vn 0.23246 0 0.97261
vn 0.14718 0 0.98911
vn 0.06078 0 0.99815
vn -0.0261 -0 0.99966
vn -0.11262 -0 0.99364
vn -0.19852 -0 0.9801
vn -0.28284 -0 0.95917
vn -0.36496 -0 0.93102
vn -0.44437 -0 0.89584
vn -0.52045 -0 0.85389
vn -0.59254 -0 0.80554
vn -0.66018 -0 0.75111
vn -0.72292 -0 0.69093
vn -0.78014 -0 0.62561
vn -0.83145 -0 0.5556
vn -0.87651 -0 0.48139
vn -0.91502 -0 0.40341
vn -0.94655 -0 0.32254
vn -0.97097 -0 0.23922
vn -0.98808 -0 0.15392
vn -0.9977 -0 0.06777
vn -0.99982 -0 -0.01912
vn -0.99439 -0 -0.10576
vn -0.98146 -0 -0.19166
vn -0.96109 -0 -0.27624
vn -0.93355 -0 -0.35845
vn -0.89892 -0 -0.43812
vn -0.85754 -0 -0.51442
vn -0.80957 -0 -0.58702
vn -0.75568 -0 -0.65494
vn -0.69593 -0 -0.71811
vn -0.6311 -0 -0.7757
vn -0.5613 -0 -0.82761
vn -0.8876 0 0.46061
vn -0.8459 0 0.53334
vn -0.79831 0 0.60225
vn -0.74507 0 0.66699
vn -0.68668 0 0.72696
vn -0.6234 0 0.7819
vn -0.55587 0 0.83127
vn -0.48428 0 0.87491
vn -0.40941 0 0.91235
vn -0.33157 0 0.94343
vn -0.25154 0 0.96785
vn -0.16951 0 0.98553
vn -0.0866 0 0.99624
vn -0.00284 0 1
vn 0.08092 -0 0.99672
vn 0.16394 -0 0.98647
vn 0.24599 -0 0.96927
vn 0.32614 -0 0.94532
vn 0.40421 -0 0.91467
vn 0.47924 -0 0.87768
vn 0.55113 -0 0.83442
vn -0.93211 0 0.36218
vn -0.9152 0 0.403
vn -0.20039 0 -0.97972
vn -0.28166 0 -0.95951
vn -0.36101 0 -0.93256
vn -0.4377 0 -0.89912
vn -0.51149 0 -0.85929
vn -0.5816 0 -0.81347
vn -0.64765 0 -0.76194
vn -0.70908 0 -0.70513
vn -0.76567 0 -0.64323
vn -0.81677 0 -0.57696
vn -0.86217 0 -0.50663
vn -0.90157 0 -0.43263
vn -0.93465 0 -0.35557
vn -0.96108 0 -0.27625
vn -0.98084 0 -0.19481
vn -0.9937 0 -0.11206
vn -0.95333 0 0.30192
vn -0.97527 0 0.22102
vn -0.99035 0 0.13862
vn -0.99847 0 0.05522
vn -0.9996 -0 -0.02842
vn -0.99996 -0.00017 0.00935
vn -0.99946 -0 -0.03288
vn 0.18836 -0 0.9821
vn 0.10232 0 0.99475
vn 0.01556 0 0.99988
vn -0.07108 -0 0.99747
vn -0.15748 -0 0.98752
vn -0.24262 -0 0.97012
vn -0.32577 -0 0.94545
vn -0.40662 -0 0.9136
vn -0.48441 -0 0.87484
vn -0.55846 -0 0.82953
vn -0.62832 -0 0.77795
vn -0.69344 -0 0.72052
vn -0.75334 -0 0.65763
vn -0.80761 -0 0.58972
vn -0.85575 -0 0.51739
vn -0.89737 -0 0.44127
vn -0.93226 -0 0.36178
vn -0.96017 -0 0.27941
vn -0.98078 -0 0.1951
vn -0.99401 -0 0.1093
vn -0.99975 -0 0.02255
vn -0.99794 -0 -0.06422
vn -0.98859 -0 -0.15061
vn -0.97181 -0 -0.23578
vn -0.94764 -0 -0.31935
vn -0.91641 -0 -0.40024
vn -0.87819 -0 -0.47831
vn -0.83342 -0 -0.55263
vn -0.78231 -0 -0.62289
vn -0.72525 -0 -0.68849
vn -0.66285 -0 -0.74875
vn -0.59536 -0 -0.80346
vn -0.52335 -0 -0.85212
vn -0.44746 -0 -0.8943
vn -0.36824 -0 -0.92973
vn -0.28614 -0 -0.95819
vn -0.20184 -0 -0.97942
vn -0.99631 0 0.08587
vn -0.98562 0 0.169
vn -0.96801 0 0.2509
vn -0.9436 0 0.33109
vn -0.91262 0 0.40881
vn -0.87518 0 0.4838
vn -0.83161 0 0.55536
vn -0.78229 0 0.62292
vn -0.72732 0 0.6863
vn -0.66738 0 0.74472
vn -0.60274 0 0.79793
vn -0.5338 0 0.84561
vn -0.46119 0 0.8873
vn -0.38534 0 0.92277
vn -0.30676 0 0.95179
vn -0.22596 0 0.97414
vn -0.14369 0 0.98962
vn -0.06041 0 0.99817
vn 0.02347 -0 0.99972
vn 0.10686 -0 0.99427
vn 0.18977 -0 0.98183
vn -0.99976 0 -0.02208
vn -0.99976 0 0.02208
vn 0.18977 0 -0.98183
vn 0.10686 0 -0.99427
vn 0.02347 0 -0.99972
vn -0.06041 0 -0.99817
vn -0.14369 0 -0.98962
vn -0.22596 0 -0.97414
vn -0.30676 0 -0.95179
vn -0.38534 0 -0.92277
vn -0.46119 0 -0.8873
vn -0.5338 0 -0.84561
vn -0.60274 0 -0.79793
vn -0.66738 0 -0.74472
vn -0.72732 0 -0.6863
vn -0.78229 0 -0.62292
vn -0.83161 0 -0.55536
vn -0.87518 0 -0.4838
vn -0.91262 0 -0.40881
vn -0.9436 0 -0.33109
vn -0.96801 0 -0.2509
vn -0.98562 0 -0.169
vn -0.99631 0 -0.08587
vn -0.20184 0 0.97942
vn -0.28614 -0 0.95819
vn -0.36824 -0 0.92973
vn -0.44746 -0 0.8943
vn -0.52335 -0 0.85212
vn -0.59536 -0 0.80346
vn -0.66285 -0 0.74875
vn -0.72525 -0 0.68849
vn -0.78231 -0 0.62289
vn -0.83342 -0 0.55263
vn -0.87819 -0 0.47831
vn -0.91641 -0 0.40024
vn -0.94764 -0 0.31935
vn -0.97181 -0 0.23578
vn -0.98859 -0 0.15061
vn -0.99794 -0 0.06422
vn -0.99975 -0 -0.02255
vn -0.99401 -0 -0.1093
vn -0.98078 -0 -0.1951
vn -0.96017 -0 -0.27941
vn -0.93226 -0 -0.36178
vn -0.89737 -0 -0.44127
vn -0.85575 -0 -0.51739
vn -0.80761 -0 -0.58972
vn -0.75334 -0 -0.65763
vn -0.69344 -0 -0.72052
vn -0.62832 -0 -0.77795
vn -0.55846 -0 -0.82953
vn -0.48441 -0 -0.87484
vn -0.40662 -0 -0.9136
vn -0.32577 -0 -0.94545
vn -0.24262 -0 -0.97012
vn -0.15748 -0 -0.98752
vn -0.07108 -0 -0.99747
vn 0.01556 -0 -0.99988
vn 0.10232 -0 -0.99475
vn 0.18836 -0 -0.9821
vn -0.95333 0 -0.30192
vn -0.97527 0 -0.22102
vn -0.99035 0 -0.13862
vn -0.99847 0 -0.05522
vn -0.99996 0 -0.00935
vn -0.9996 -2E-05 0.02842
vn -0.20039 0 0.97972
vn -0.28166 0 0.95951
vn -0.36101 0 0.93256
vn -0.4377 0 0.89912
vn -0.51149 0 0.85929
vn -0.5816 0 0.81347
vn -0.64765 0 0.76194
vn -0.70908 0 0.70513
vn -0.76567 0 0.64323
vn -0.81677 0 0.57696
vn -0.86217 0 0.50663
vn -0.90157 0 0.43263
vn -0.93465 0 0.35557
vn -0.96108 0 0.27625
vn -0.98084 0 0.19481
vn -0.9937 0 0.11206
vn -0.99946 0 0.03288
vn -0.9152 0 -0.403
vn -0.93211 0 -0.36218
vn 0.55109 0 -0.83445
vn 0.47929 0 -0.87766
vn 0.40416 0 -0.91469
vn 0.3262 0 -0.9453
vn 0.24599 0 -0.96927
vn 0.164 0 -0.98646
vn 0.08086 0 -0.99673
vn -0.0029 0 -1
vn -0.08648 0 -0.99625
vn -0.16963 0 -0.98551
vn -0.25148 0 -0.96786
vn -0.33157 0 -0.94343
vn -0.40936 0 -0.91237
vn -0.48428 0 -0.87491
vn -0.55587 0 -0.83127
vn -0.62344 0 -0.78187
vn -0.68668 0 -0.72696
vn -0.74507 0 -0.66699
vn -0.79831 0 -0.60225
vn -0.8459 0 -0.53334
vn -0.8876 0 -0.46061
vn -0.56134 0 0.82758
vn -0.63103 -0 0.77576
vn -0.69593 -0 0.71811
vn -0.75571 -0 0.65491
vn -0.80959 -0 0.58699
vn -0.8575 -0 0.51448
vn -0.89893 -0 0.4381
vn -0.93354 -0 0.35847
vn -0.9611 -0 0.27621
vn -0.98146 -0 0.19167
vn -0.99439 -0 0.10576
vn -0.99982 -0 0.01912
vn -0.9977 -0 -0.06777
vn -0.98808 -0 -0.15393
vn -0.97097 -0 -0.23922
vn -0.94655 -0 -0.32254
vn -0.91501 -0 -0.40343
vn -0.87652 -0 -0.48137
vn -0.83145 -0 -0.5556
vn -0.78014 -0 -0.62561
vn -0.72289 -0 -0.69096
vn -0.66021 -0 -0.75108
vn -0.59258 -0 -0.80551
vn -0.5204 -0 -0.85392
vn -0.44437 -0 -0.89584
vn -0.36496 -0 -0.93102
vn -0.28284 -0 -0.95917
vn -0.19852 -0 -0.9801
vn -0.11262 -0 -0.99364
vn -0.0261 -0 -0.99966
vn 0.06078 -0 -0.99815
vn 0.14718 -0 -0.98911
vn 0.23246 -0 -0.97261
vn 0.31588 -0 -0.9488
vn 0.39712 -0 -0.91777
vn 0.47522 -0 -0.87986
vn 0.54977 -0 -0.83532
vn -0.76528 0 -0.6437
vn -0.81643 0 -0.57744
vn -0.86189 0 -0.5071
vn -0.90132 0 -0.43315
vn -0.93441 0 -0.3562
vn -0.96095 0 -0.27673
vn -0.98071 0 -0.19545
vn -0.99365 0 -0.11255
vn -0.99957 0 -0.02916
vn -0.9985 0 0.05473
vn -0.99042 0 0.13812
vn -0.97541 0 0.22041
vn -0.95353 0 0.30131
vn -0.92498 0 0.38002
vn -0.88991 0 0.45614
vn -0.84862 0 0.52901
vn -0.80135 0 0.59819
vn -0.74856 0 0.66307
vn -0.69036 0 0.72347
vn -0.62741 0 0.77869
vn -0.56006 0 0.82845
vn -0.69132 0 -0.72255
vn -0.72255 0 -0.69132
vn 0.82846 0 -0.56005
vn 0.77866 0 -0.62745
vn 0.72344 0 -0.69039
vn 0.66314 0 -0.7485
vn 0.59818 0 -0.80136
vn 0.52901 0 -0.84862
vn 0.45609 0 -0.88994
vn 0.38002 0 -0.92498
vn 0.30133 0 -0.95352
vn 0.22047 0 -0.97539
vn 0.13806 0 -0.99042
vn 0.05467 0 -0.9985
vn -0.02903 0 -0.99958
vn -0.11261 0 -0.99364
vn -0.19539 0 -0.98073
vn -0.2768 0 -0.96093
vn -0.35615 0 -0.93443
vn -0.43322 0 -0.90129
vn -0.50701 0 -0.86194
vn -0.57747 0 -0.81641
vn -0.64374 0 -0.76525
vn -0.83532 0 0.54977
vn -0.87986 -0 0.47522
vn -0.91779 -0 0.39707
vn -0.94874 -0 0.31604
vn -0.97263 -0 0.23236
vn -0.98911 -0 0.14717
vn -0.99815 -0 0.06078
vn -0.99966 -0 -0.0261
vn -0.99364 -0 -0.11262
vn -0.9801 -0 -0.19852
vn -0.95917 -0 -0.28284
vn -0.93102 -0 -0.36496
vn -0.89584 -0 -0.44437
vn -0.85395 -0 -0.52036
vn -0.80548 -0 -0.59262
vn -0.75111 -0 -0.66018
vn -0.69097 -0 -0.72289
vn -0.62561 -0 -0.78014
vn -0.55556 -0 -0.83147
vn -0.48134 -0 -0.87653
vn -0.40341 -0 -0.91502
vn -0.32254 -0 -0.94655
vn -0.23922 -0 -0.97097
vn -0.15404 -0 -0.98807
vn -0.06771 -0 -0.9977
vn 0.01912 -0 -0.99982
vn 0.10581 -0 -0.99439
vn 0.19168 -0 -0.98146
vn 0.2761 -0 -0.96113
vn 0.3585 -0 -0.93353
vn 0.43812 -0 -0.89892
vn 0.51448 -0 -0.8575
vn 0.58692 -0 -0.80964
vn 0.65501 -0 -0.75562
vn 0.71808 -0 -0.69596
vn 0.7757 -0 -0.6311
vn 0.82763 -0 -0.56127
vn -0.99888 0 -0.04736
vn -0.33733 0 -0.94139
vn -0.94139 0 0.33733
vn -0.04736 0 0.99888
vn 0.99888 -0 0.04736
vn 0.33733 -0 0.94139
vn 0.33733 0 -0.94139
vn 0.99888 0 -0.04736
vn 0.04736 0 -0.99888
vn 0.94139 0 -0.33733
vn -0.33733 0 0.94139
vn -0.99888 0 0.04736
vn 0 -0.70711 0.70711
vn 0 -0.70711 0.70711
vn 0 -0.70711 0.70711
vn -0 -0.70711 0.70711
vn -0 -0.70711 0.70711
vn -0 -0.7071 0.70711
vn 0 -0.70711 0.70711
vn 0 -0.70711 0.70711
vn -1E-05 -0.70711 0.7071
vn -0 -0.70711 0.70711
vn 0 -0.70711 0.70711
vn -0 -0.70711 0.70711
vn 0 -0.70711 0.70711
vn 0 -0.70711 0.7071
vn 0 -0.70711 0.70711
vn -0 -0.7071 0.70711
vn 0 -0.70711 0.7071
vn -0 -0.70711 0.70711
vn 0 -0.7071 0.70711
vn -0 -0.70711 0.70711
vn 1E-05 -0.7071 0.70711
vn -1E-05 -0.7071 0.70711
vn 1E-05 -0.70711 0.7071
vn 1E-05 -0.7071 0.70711
vn -0 -0.7071 0.70712
vn 0 -0.7071 0.70711
vn -0 -0.70711 0.7071
vn -0 -0.70711 0.70711
vn -1E-05 -0.70711 0.7071
vn 1E-05 -0.7071 0.70711
vn -0 -0.7071 0.70712
vn 0 -0.70712 0.7071
vn 0 -0.70711 0.70711
vn -0 -0.70711 0.70711
vn 1E-05 -0.70712 0.70709
vn 1E-05 -0.70712 0.7071
vn -1E-05 -0.7071 0.70711
vn -1E-05 -0.7071 0.70711
vn 1E-05 -0.70711 0.7071
vn 0 -0.70711 0.7071
vn -0 -0.7071 0.70711
vn 0 -0.70711 0.70711
vn 0 -0.70712 0.70709
vn 0 -0.70712 0.70709
vn -0 -0.70711 0.70711
vn 1E-05 -0.7071 0.70711
vn -1E-05 -0.70711 0.7071
vn -0 -0.7071 0.70711
vn 0 -0.70711 0.70711
vn 1E-05 -0.70711 0.7071
vn -1E-05 -0.7071 0.70711
vn 0 -0.70711 0.70711
vn 0 -0.70711 0.70711
vn 0 -0.70711 0.7071
vn -0 -0.7071 0.70712
vn -0 -0.7071 0.70711
vn 0 -0.70711 0.7071
vn -0 -0.7071 0.70711
vn 0 -0.7071 0.70711
vn -0 -0.70711 0.7071
vn -0 -0.70711 0.70711
vn -0 -0.70711 0.70711
vn -0 -0.70711 0.70711
vn -0 -0.70711 0.70711
vn -0 -0.70711 0.70711
vn -0 -0.70711 0.70711
vn 0 -0.70711 0.70711
vn -0 -0.70711 0.7071
vn -0 -0.7071 0.70711
vn 0 -0.70711 0.7071
vn 0 -0.70711 0.70711
vn 0 -0.70711 0.70711
vn 0 -0.70711 0.70711
vn 0 -0.70711 0.70711
vn 0 -0.70711 0.7071
vn -0 -0.70711 0.7071
vn -0 -0.7071 0.70711
vn 0 -0.70711 0.7071
vn -0 -0.7071 0.70711
vn 0 -0.70711 0.7071
vn -0 -0.7071 0.70711
vn 0 -0.70711 0.70711
vn 0.70711 -0.70711 -0
vn 0.70711 -0.70711 -0
vn 0.70711 -0.7071 0
vn 0.70711 -0.70711 0
vn 0.70711 -0.70711 -0
vn 0.70711 -0.70711 0
vn 0.7071 -0.70711 0
vn 0.70711 -0.7071 0
vn 0.7071 -0.70711 0
vn 0.70711 -0.7071 0
vn -0.70711 -0.70711 0
vn -0.70711 -0.70711 -0
vn -0.70711 -0.70711 0
vn -0.70711 -0.70711 0
vn -0.70711 -0.70711 -0
vn -0.70711 -0.7071 0
vn -0.70711 -0.7071 -0
vn -0.70711 -0.70711 -0
vn -0.7071 -0.70711 0
vn 0 -0.70711 -0.70711
vn -0 -0.70711 -0.70711
vn -0 -0.70711 -0.70711
vn 0 -0.70711 -0.70711
vn 0 -0.70711 -0.70711
vn 0 -0.70711 -0.70711
vn 0 -0.70711 -0.70711
vn -0 -0.70711 -0.70711
vn -0 -0.70711 -0.70711
vn -0.99905 -0.04362 0
vn -0.99144 -0.13053 0
vn -0.97629 -0.21644 0
vn -0.95372 -0.3007 0
vn -0.92388 -0.38268 0
vn -0.88701 -0.46175 0
vn -0.84339 -0.5373 0
vn -0.79336 -0.60876 0
vn -0.73728 -0.67559 0
vn -0.67559 -0.73728 0
vn -0.60876 -0.79335 0
vn -0.5373 -0.84339 0
vn -0.46175 -0.88701 0
vn -0.38268 -0.92388 0
vn -0.3007 -0.95372 0
vn -0.21644 -0.9763 0
vn -0.13053 -0.99144 0
vn -0.04362 -0.99905 0
vn 0.04362 -0.99905 0
vn 0.13053 -0.99144 0
vn 0.21644 -0.9763 0
vn 0.3007 -0.95372 0
vn 0.38269 -0.92388 0
vn 0.46175 -0.88701 0
vn 0.5373 -0.84339 0
vn 0.60877 -0.79335 0
vn 0.67559 -0.73728 0
vn 0.73728 -0.67559 0
vn 0.79335 -0.60876 0
vn 0.84339 -0.53729 0
vn 0.88701 -0.46176 0
vn 0.92388 -0.38268 0
vn 0.95372 -0.3007 0
vn 0.9763 -0.21643 0
vn 0.99144 -0.13053 0
vn 0.99905 -0.04362 0
vn 0.99905 0.04362 -0
vn 0.99144 0.13053 -0
vn 0.9763 0.21644 -0
vn 0.95372 0.3007 -0
vn 0.92388 0.38268 -0
vn 0.88701 0.46176 -0
vn 0.84339 0.5373 -0
vn 0.79335 0.60876 -0
vn 0.73728 0.67559 -0
vn 0.67559 0.73728 -0
vn 0.60876 0.79335 -0
vn 0.5373 0.84339 -0
vn 0.46175 0.88701 -0
vn 0.38268 0.92388 -0
vn 0.30071 0.95372 -0
vn 0.21644 0.9763 -0
vn 0.13053 0.99144 -0
vn 0.04362 0.99905 -0
vn -0.04362 0.99905 0
vn -0.13053 0.99144 0
vn -0.21644 0.9763 0
vn -0.30071 0.95372 0
vn -0.38268 0.92388 0
vn -0.46175 0.88701 0
vn -0.5373 0.84339 0
vn -0.60876 0.79336 0
vn -0.67559 0.73728 0
vn -0.73728 0.67559 0
vn -0.79336 0.60876 0
vn -0.84339 0.5373 0
vn -0.88701 0.46175 0
vn -0.92388 0.38268 0
vn -0.95372 0.3007 0
vn -0.97629 0.21644 0
vn -0.99144 0.13053 0
vn -0.99905 0.04362 0
vn 0.60877 -0.79335 0.00093
vn 0.53729 -0.84339 0.00088
vn 0.55556 -0.83148 -0
vn 0.59131 -0.80644 0
vn 0.46175 -0.88701 0.00085
vn 0.48099 -0.87673 -0
vn 0.51878 -0.85491 0
vn 0.38268 -0.92388 0.00082
vn 0.40275 -0.91531 -0
vn 0.44229 -0.89687 0
vn 0.3007 -0.95372 0.0008
vn 0.32144 -0.94693 -0
vn 0.36244 -0.93201 0
vn 0.21644 -0.97629 0.00079
vn 0.23769 -0.97134 -0
vn 0.27982 -0.96005 0
vn 0.13053 -0.99144 0.00078
vn 0.15213 -0.98836 -0
vn 0.1951 -0.98078 0
vn 0.04362 -0.99905 0.00077
vn 0.06539 -0.99786 -0
vn 0.10887 -0.99406 0
vn -0.04362 -0.99905 0.00077
vn -0.02182 -0.99976 -0
vn 0.02182 -0.99976 0
vn -0.13053 -0.99144 0.00078
vn -0.10887 -0.99406 -0
vn -0.06539 -0.99786 0
vn -0.21645 -0.97629 0.00079
vn -0.1951 -0.98078 -0
vn -0.15212 -0.98836 0
vn -0.3007 -0.95372 0.0008
vn -0.27982 -0.96005 -0
vn -0.23769 -0.97134 0
vn -0.38268 -0.92388 0.00082
vn -0.36243 -0.93201 -0
vn -0.32145 -0.94693 0
vn -0.46175 -0.88701 0.00085
vn -0.44229 -0.89687 -0
vn -0.40275 -0.91531 0
vn -0.5373 -0.84339 0.00088
vn -0.51878 -0.85491 -0
vn -0.48099 -0.87673 0
vn -0.62504 -0.78059 0.0018
vn -0.59131 -0.80644 -0
vn -0.55557 -0.83147 0
vn -0.67559 -0.73728 0
vn -0.95372 -0.3007 0
vn -0.95374 -0.30063 -1E-05
vn 0.62593 -0.77988 0
vn 0.67559 -0.73728 -0
vn 0.95374 -0.30063 -0
vn 0.95372 -0.3007 -1E-05
vn 0.96901 -0.24701 0
vn 0.9763 -0.21644 0.00162
vn 0.97885 -0.20457 -0
vn 0.99144 0.13053 -0
vn 0.9763 0.21644 -0
vn 0.84339 0.5373 -0
vn 0.79335 0.60876 -0
vn 0.73728 0.67559 -0
vn 0.60877 0.79335 -0
vn 0.46175 0.88701 -0
vn 0.30071 0.95372 -0
vn 0.13052 0.99145 -0
vn 0.04362 0.99905 -0
vn -0.04362 0.99905 0
vn -0.13052 0.99145 0
vn -0.30071 0.95372 0
vn -0.46175 0.88701 0
vn -0.60876 0.79335 0
vn -0.73728 0.67559 0
vn -0.79336 0.60875 0
vn -0.84339 0.5373 0
vn -0.97629 0.21645 0
vn -0.99144 0.13053 0
vn -0.97629 -0.21645 0
vn -0.97885 -0.20457 0.00225
vn -0.96901 -0.24702 0
vn 0.60877 -0.79335 0.00092
vn 0.59132 -0.80643 0
vn 0.38268 -0.92388 0.00082
vn 0.3007 -0.95372 0.0008
vn 0.32145 -0.94693 -0
vn 0.36243 -0.93201 0
vn 0.21644 -0.97629 0.00079
vn 0.23769 -0.97134 -0
vn 0.27982 -0.96005 0
vn 0.13053 -0.99144 0.00078
vn 0.15213 -0.98836 -0
vn 0.04362 -0.99905 0.00077
vn 0.06539 -0.99786 -0
vn 0.10887 -0.99406 0
vn -0.04362 -0.99905 0.00077
vn -0.02182 -0.99976 -0
vn -0.13053 -0.99144 0.00078
vn -0.10887 -0.99406 -0
vn -0.06539 -0.99786 0
vn -0.21644 -0.97629 0.00079
vn -0.15213 -0.98836 0
vn -0.3007 -0.95372 0.0008
vn -0.27982 -0.96005 -0
vn -0.23769 -0.97134 0
vn -0.38268 -0.92388 0.00082
vn -0.36243 -0.93201 -0
vn -0.32145 -0.94693 0
vn -0.46175 -0.88701 0.00085
vn -0.44229 -0.89687 -0
vn -0.5373 -0.84339 0.00088
vn -0.48098 -0.87673 0
vn -0.62504 -0.78059 0.0018
vn -0.55556 -0.83147 0
vn -0.60876 -0.79335 0
vn -0.79335 -0.60876 0
vn -0.84339 -0.5373 0
vn -0.88701 -0.46175 0
vn -0.95374 -0.30062 -1E-05
vn 0.62592 -0.77989 0
vn 0.88701 -0.46175 -0
vn 0.95374 -0.30064 -0
vn 0.95371 -0.30071 -1E-05
vn 0.95371 0.30071 -0
vn 0.88701 0.46175 -0
vn 0.38268 0.92388 -0
vn 0.21644 0.9763 -0
vn 0.04362 0.99905 -0
vn -0.04362 0.99905 0
vn -0.21644 0.9763 0
vn -0.38268 0.92388 0
vn -0.5373 0.84339 0
vn -0.60876 0.79335 0
vn -0.79336 0.60876 0
vn -0.84339 0.5373 0
vn -0.88701 0.46175 0
vn -0.9763 0.21644 0
vn -0.9763 -0.21644 0
vn -0.97885 -0.20457 0.00225
vn -0.96901 -0.24702 0
vn -0.9763 -0.21644 0
vn -0.5373 -0.84339 0
vn -0.38269 -0.92388 0
vn -0.21644 -0.9763 0
vn -0.04362 -0.99905 0
vn 0.04362 -0.99905 0
vn 0.21644 -0.9763 0
vn 0.38269 -0.92388 0
vn 0.95371 -0.30071 0
vn 0.04362 0.99905 -0
vn -0.04362 0.99905 0
vn -0.60876 0.79335 0
vn -0.79335 0.60876 0
vn -0.84339 0.5373 0
vn -0.9763 0.21644 0
vn -0.86603 -0.5 0
vn -0.86603 -0.5 -0
vn -0.86603 -0.5 0
vn 0.86603 -0.5 0
vn 0.86602 -0.5 0
vn 0.86603 -0.5 0
vn 0.86603 0.5 -0
vn -0.86603 0.5 0
vn 0.86603 0.5 -0
vn -0.86603 0.5 0
vn -0.86603 -0.5 0
vn 0.86603 -0.5 -0
vn 0.86603 -0.5 0
vn -0.86603 -0.5 0
vn -0.86603 -0.5 0
vn -0.86603 -0.5 0
vn 0.04363 -0.99905 0
vn 0.13053 -0.99144 0
vn 0.21644 -0.9763 0
vn 0.30071 -0.95372 0
vn 0.38268 -0.92388 0
vn 0.46175 -0.88701 0
vn 0.5373 -0.84339 0
vn 0.60876 -0.79335 0
vn 0.67559 -0.73728 0
vn 0.73728 -0.67559 0
vn 0.79335 -0.60876 0
vn 0.84339 -0.5373 0
vn 0.88702 -0.46174 0
vn 0.92388 -0.38269 0
vn 0.95372 -0.30071 0
vn 0.9763 -0.21644 0
vn 0.99144 -0.13053 0
vn 0.99905 -0.04362 0
vn 0.99905 0.04362 -0
vn 0.99144 0.13053 -0
vn 0.9763 0.21644 -0
vn 0.95372 0.3007 -0
vn 0.92388 0.38269 -0
vn 0.88702 0.46173 -0
vn 0.84339 0.5373 -0
vn 0.79335 0.60876 -0
vn 0.73728 0.67559 -0
vn 0.67559 0.73728 -0
vn 0.60876 0.79335 -0
vn 0.53729 0.8434 -0
vn 0.46175 0.88701 -0
vn 0.38268 0.92388 -0
vn 0.30071 0.95372 -0
vn 0.21644 0.9763 -0
vn 0.13053 0.99144 -0
vn 0.04362 0.99905 -0
vn -0.04362 0.99905 0
vn -0.13053 0.99144 0
vn -0.21644 0.9763 0
vn -0.30071 0.95372 0
vn -0.38268 0.92388 0
vn -0.46175 0.88701 0
vn -0.53729 0.8434 0
vn -0.60876 0.79335 0
vn -0.67559 0.73728 0
vn -0.73728 0.67559 0
vn -0.79335 0.60876 0
vn -0.84339 0.5373 0
vn -0.88701 0.46175 0
vn -0.92388 0.38269 0
vn -0.95372 0.3007 0
vn -0.9763 0.21644 0
vn -0.99144 0.13053 0
vn -0.99905 0.04362 0
vn -0.99905 -0.04362 0
vn -0.99144 -0.13053 0
vn -0.9763 -0.21644 0
vn -0.95372 -0.30071 0
vn -0.92388 -0.38268 0
vn -0.88701 -0.46175 0
vn -0.84339 -0.5373 0
vn -0.79335 -0.60876 0
vn -0.73728 -0.67559 0
vn -0.67559 -0.73728 0
vn -0.60876 -0.79335 0
vn -0.5373 -0.84339 0
vn -0.46175 -0.88701 0
vn -0.38268 -0.92388 0
vn -0.30071 -0.95372 0
vn -0.21644 -0.9763 0
vn -0.13053 -0.99144 0
vn -0.04363 -0.99905 0
vn 0.9763 0.21644 -0
vn 0.95372 0.30071 -0
vn 0.92388 0.38269 -0
vn 0.88702 0.46174 -0
vn 0.84339 0.5373 -0
vn 0.79335 0.60876 -0
vn 0.73728 0.67559 -0
vn 0.5373 0.84339 -0
vn 0.46175 0.88701 -0
vn -0.46175 0.88701 0
vn -0.5373 0.84339 0
vn -0.73728 0.67559 0
vn -0.79335 0.60876 0
vn -0.84339 0.5373 0
vn -0.88701 0.46175 0
vn -0.92388 0.38268 0
vn -0.95372 0.30071 0
vn -0.9763 0.21644 0
vn 0.30071 -0.95372 0
vn 0.38268 -0.92388 0
vn 0.5373 -0.84339 0
vn 0.79335 -0.60877 0
vn 0.84339 -0.5373 0
vn 0.88701 -0.46175 0
vn 0.92388 -0.38267 0
vn 0.92388 0.38267 -0
vn 0.88701 0.46175 -0
vn 0.84339 0.5373 -0
vn 0.79335 0.60877 -0
vn 0.5373 0.84339 -0
vn 0.38268 0.92388 -0
vn 0.30071 0.95372 -0
vn -0.3007 0.95372 0
vn -0.38269 0.92388 0
vn -0.46174 0.88701 0
vn -0.5373 0.84339 0
vn -0.79336 0.60876 0
vn -0.92388 0.38269 0
vn -0.92388 -0.38269 0
vn -0.79336 -0.60875 0
vn -0.5373 -0.84339 0
vn -0.46174 -0.88702 0
vn -0.38269 -0.92388 0
vn -0.3007 -0.95372 0
vn 0.92388 0.38268 -0
vn 0.88701 0.46175 -0
vn 0.84339 0.5373 -0
vn 0.79335 0.60877 -0
vn 0.5373 0.84339 -0
vn -0.46175 0.88701 0
vn -0.5373 0.84339 0
vn -0.79336 0.60875 0
vn -0.92388 0.38269 0
vn 1 0 -0
vn -0.00255 0 -1
vn 0.87595 0.01799 -0.48207
vn -0.87595 0.01798 0.48207
vn -0.11443 0.00079 -0.99343
vn -0.12104 0.00098 -0.99265
vn -0.15978 -0.02193 -0.98691
vn -0.16605 -0.02742 -0.98574
vn -0.14082 -0.00665 -0.99001
vn -0.13505 -0.00111 -0.99084
vn -0.1362 -0.00207 -0.99068
vn -0.1377 -0.0032 -0.99047
vn -0.1401 -0.00486 -0.99013
vn -0.14351 -0.00705 -0.98962
vn -0.14915 -0.0105 -0.98876
vn -0.15856 -0.01602 -0.98722
vn -0.17581 -0.02587 -0.98408
vn -0.21428 -0.0475 -0.97562
vn -0.34252 -0.11983 -0.93184
vn -0.15012 -0.01251 -0.98859
vn -0.22777 -0.06932 -0.97124
vn -0.40456 -0.20072 -0.89221
vn -0.12769 0.00062 -0.99181
vn -0.12821 0.00024 -0.99175
vn -0.129 -0.00025 -0.99165
vn -0.13055 -0.00508 -0.99143
vn -0.12684 0.00152 -0.99192
vn -0.12721 0.00106 -0.99187
vn -0.12147 -0.00304 -0.99259
vn -0.12026 0.00196 -0.99274
vn -0.12061 0.00138 -0.9927
vn -0.11241 -0.0022 -0.99366
vn -0.11382 0.00243 -0.9935
vn -0.11395 0.0014 -0.99349
vn -0.11546 0.01462 -0.9932
vn -0.09787 -0.00124 -0.9952
vn -0.10727 0.00161 -0.99423
vn -0.10758 0.00209 -0.99419
vn -0.10749 0.00061 -0.99421
vn -0.23329 -0.00309 -0.9724
vn -0.20158 -0.00079 -0.97947
vn -0.18966 -0.00023 -0.98185
vn -0.1787 0 -0.9839
vn -0.21644 0 -0.9763
vn -0.30071 0 -0.95372
vn -0.38268 0 -0.92388
vn -0.46175 0 -0.88701
vn -0.5373 0 -0.84339
vn -0.60876 0 -0.79335
vn -0.64734 0.00673 -0.76217
vn -0.67559 -0 -0.73728
vn -0.67999 0 -0.73322
vn -0.73728 0 -0.67559
vn -0.79335 0 -0.60876
vn -0.84342 0 -0.53725
vn -0.84339 -1E-05 -0.5373
vn -0.86845 0 -0.49578
vn -0.8801 0.00031 -0.47478
vn -0.88701 0.00128 -0.46175
vn -0.89793 0 -0.44013
vn -0.91531 0 -0.40275
vn -0.92388 0.00136 -0.38268
vn -0.93201 0 -0.36244
vn -0.94693 0 -0.32144
vn -0.95372 0.00142 -0.30071
vn -0.96005 0 -0.27983
vn -0.97134 0 -0.23769
vn -0.97629 0.00147 -0.21644
vn -0.98079 0 -0.19509
vn -0.98836 0 -0.15213
vn -0.99144 0.0015 -0.13053
vn -0.99406 0 -0.10887
vn -0.99786 0 -0.0654
vn -0.99905 0.00152 -0.04362
vn -0.99976 -0 -0.02182
vn -0.99905 0 0.04362
vn -0.99976 0.00303 0.02188
vn -0.99786 -0 0.0654
vn -0.99144 0 0.13053
vn -0.99402 0.00298 0.10919
vn -0.98836 -0 0.15213
vn -0.9763 0 0.21644
vn -0.98067 0.00289 0.19564
vn -0.97134 -0 0.23769
vn -0.95372 0 0.30071
vn -0.95983 0.00278 0.28058
vn -0.94693 -0 0.32144
vn -0.92388 0 0.38268
vn -0.93166 0.00265 0.36333
vn -0.91531 -0 0.40275
vn -0.88701 0 0.46175
vn -0.89739 0.00279 0.44123
vn -0.87791 0 0.47883
vn -0.84342 -1E-05 0.53726
vn -0.84339 0 0.5373
vn -0.79335 -0 0.60876
vn -0.73728 -0 0.67559
vn -0.67999 -0 0.73322
vn -0.67559 0.00092 0.73728
vn -0.64736 0 0.76219
vn -0.60876 -0 0.79335
vn -0.46175 -0 0.88701
vn -0.38268 -0 0.92388
vn -0.30071 -0 0.95372
vn -0.21644 -0 0.9763
vn -0.13053 -0 0.99144
vn -0.04362 -0 0.99905
vn 0.04362 -0 0.99905
vn 0.13053 -0 0.99144
vn 0.21644 -0 0.9763
vn 0.30071 -0 0.95372
vn 0.38268 -0 0.92388
vn 0.46175 -0 0.88701
vn 0.5373 -0 0.84339
vn 0.60876 -0 0.79335
vn 0.64735 0.00673 0.76217
vn 0.67559 -0 0.73728
vn 0.67999 0 0.73322
vn 0.73728 -0 0.67559
vn 0.79335 -0 0.60876
vn 0.84342 -0 0.53725
vn 0.84339 -1E-05 0.5373
vn 0.86844 0 0.49579
vn 0.8801 0.00031 0.47478
vn 0.88701 0.00128 0.46175
vn 0.89793 0 0.44013
vn 0.91531 -0 0.40275
vn 0.92388 0.00136 0.38268
vn 0.93201 0 0.36244
vn 0.94693 -0 0.32144
vn 0.95372 0.00142 0.30071
vn 0.98183 -0.00018 0.18974
vn 0.97946 -0.00061 0.20166
vn 0.98079 -0.00024 0.19504
vn 0.9724 0.0003 0.23333
vn 0.97134 0 0.23769
vn 0.96005 0 0.27983
vn 0.99303 0.01579 0.11681
vn 0.99519 -0.00126 0.09792
vn 0.99422 0.0016 0.10731
vn 0.99419 0.00206 0.10761
vn 0.99342 0.00079 0.11452
vn 0.99348 0.00142 0.11401
vn 0.99346 -0.00019 0.11421
vn 0.99409 4E-05 0.10856
vn 0.9942 0.00063 0.10752
vn 0.99334 0.00042 0.11518
vn 0.99246 -0.00165 0.12253
vn 0.99269 0.00138 0.12067
vn 0.99173 0.00021 0.12831
vn 0.99181 0.00063 0.12775
vn 0.99187 0.00106 0.12728
vn 0.99133 -0.00389 0.13134
vn 0.99258 0.00069 0.12156
vn 0.99264 0.00099 0.12108
vn 0.98723 -0.01596 0.15852
vn 0.98406 -0.0259 0.17594
vn 0.98875 -0.0105 0.14922
vn 0.9896 -0.0071 0.14366
vn 0.99012 -0.00483 0.14014
vn 0.99045 -0.00324 0.13782
vn 0.99067 -0.00205 0.13624
vn 0.98997 -0.00615 0.14113
vn 0.99151 -0.00078 0.13004
vn 0.99164 -0.00023 0.12902
vn 0.98858 -0.0125 0.15019
vn 0.93161 -0.12008 0.34304
vn 0.97567 -0.04735 0.21408
vn 0.98606 -2E-05 0.16637
vn 0.98494 0 0.17287
vn 0.9839 0 0.17872
vn 0.99739 -0.0002 0.07224
vn 0.99784 0.00261 0.06557
vn 0.99989 -0.00547 0.01352
vn 0.99981 -0.00471 0.01878
vn 0.99971 -0.00402 0.02394
vn 0.99957 -0.00339 0.02904
vn 0.99942 -0.00283 0.03399
vn 0.99924 -0.00232 0.0389
vn 0.99904 -0.00188 0.04368
vn 0.99883 -0.00149 0.0484
vn 0.99859 -0.00115 0.053
vn 0.99835 -0.00086 0.05748
vn 0.99795 -0.00051 0.06396
vn 0.99679 -3E-05 0.08004
vn 0.99634 0 0.08553
vn 0.99406 -0 0.10887
vn 0.99588 -0.00148 0.09068
vn 0.98828 0.00311 0.15259
vn 0.99495 -0.00491 0.10029
vn 0.99151 -0.00076 0.13001
vn 0.89211 -0.20081 0.40475
vn 0.97117 -0.06947 0.22804
vn 0.99634 0 -0.08548
vn 0.9968 -4E-05 -0.07997
vn 0.99739 -0.0002 -0.07218
vn 0.99796 -0.00051 -0.0639
vn 0.99957 -0.0034 -0.02897
vn 0.99835 -0.00087 -0.0574
vn 0.9986 -0.00115 -0.05292
vn 0.99883 -0.00149 -0.04832
vn 0.99905 -0.00188 -0.04364
vn 0.99924 -0.00233 -0.03883
vn 0.99942 -0.00283 -0.03393
vn 0.99971 -0.00403 -0.02387
vn 0.99981 -0.00472 -0.01871
vn 0.99785 0.00206 -0.06554
vn 0.99992 -0.00095 -0.01296
vn 0.99997 -0.00129 -0.00781
vn 0.99976 -0.0002 -0.02181
vn 1 0 -0.00255
vn 0.99976 -0 0.02182
vn 1 -0.0017 0.00265
vn 0.99997 -0.00129 0.00786
vn 0.99343 0.00079 -0.11444
vn 0.99265 0.00098 -0.12103
vn 0.99001 -0.00664 -0.14082
vn 0.99083 -0.00113 -0.13508
vn 0.99068 -0.00205 -0.13618
vn 0.99046 -0.00325 -0.13777
vn 0.99013 -0.00483 -0.14006
vn 0.98962 -0.00708 -0.14355
vn 0.98876 -0.0105 -0.14915
vn 0.98723 -0.01598 -0.15849
vn 0.98408 -0.02588 -0.17582
vn 0.97561 -0.04752 -0.21432
vn 0.93176 -0.11992 -0.3427
vn 0.98859 -0.0125 -0.15012
vn 0.97121 -0.06941 -0.22789
vn 0.89215 -0.20079 -0.40465
vn 0.99182 0.00063 -0.12768
vn 0.99174 0.00022 -0.12824
vn 0.99165 -0.00024 -0.12897
vn 0.99143 -0.00509 -0.13055
vn 0.99192 0.00154 -0.12682
vn 0.99187 0.00106 -0.12722
vn 0.99259 -0.00303 -0.12146
vn 0.99274 0.00194 -0.12026
vn 0.9927 0.00138 -0.1206
vn 0.99366 -0.0022 -0.11241
vn 0.9935 0.00243 -0.11383
vn 0.99349 0.00141 -0.11395
vn 0.99305 0.01574 -0.11667
vn 0.9952 -0.00126 -0.09783
vn 0.99423 0.0016 -0.10724
vn 0.9942 0.00207 -0.10756
vn 0.99421 0.00062 -0.10746
vn 0.99495 -0.00492 -0.10022
vn 0.99603 -0 -0.08899
vn 0.99406 -0.00013 -0.10885
vn 0.98828 0.00312 -0.15259
vn 0.97947 -0.0006 -0.20159
vn 0.9724 -0.00235 -0.23329
vn 0.98185 -0.00018 -0.18967
vn 0.98391 0 -0.17869
vn 0.99079 -0 -0.13543
vn 0.98573 -0.02745 -0.16609
vn 0.98691 -0.02193 -0.15977
vn 0.98067 0.00289 -0.19564
vn 0.97134 -0 -0.23769
vn 0.95372 0 -0.30071
vn 0.95983 0.00278 -0.28057
vn 0.94693 -0 -0.32144
vn 0.92388 0 -0.38268
vn 0.93166 0.00265 -0.36333
vn 0.91531 -0 -0.40275
vn 0.88701 0 -0.46175
vn 0.89739 0.00279 -0.44123
vn 0.87791 0 -0.47883
vn 0.84342 -1E-05 -0.53726
vn 0.84339 0 -0.5373
vn 0.79335 -0 -0.60876
vn 0.73728 -0 -0.67559
vn 0.67999 -0 -0.73322
vn 0.67559 0.00092 -0.73728
vn 0.64736 0 -0.76218
vn 0.60876 -0 -0.79335
vn 0.5373 -0 -0.84339
vn 0.46175 -0 -0.88701
vn 0.38268 -0 -0.92388
vn 0.30071 -0 -0.95372
vn 0.17874 0 -0.9839
vn 0.18972 -0.00024 -0.98184
vn 0.20166 -0.00079 -0.97945
vn 0.21644 -0.00187 -0.97629
vn 0.23333 -0 -0.9724
vn 0.11508 0.01425 -0.99325
vn 0.09786 -0.00128 -0.9952
vn 0.1073 0.00158 -0.99423
vn 0.10762 0.00207 -0.99419
vn 0.1145 0.0008 -0.99342
vn 0.11402 0.00141 -0.99348
vn 0.11422 -0.00018 -0.99346
vn 0.10856 4E-05 -0.99409
vn 0.10753 0.00063 -0.9942
vn 0.11516 0.00044 -0.99335
vn 0.12254 -0.00164 -0.99246
vn 0.12069 0.00136 -0.99269
vn 0.12835 0.00019 -0.99173
vn 0.12775 0.00063 -0.99181
vn 0.12727 0.00108 -0.99187
vn 0.13134 -0.00389 -0.99133
vn 0.12157 0.00068 -0.99258
vn 0.12108 0.001 -0.99264
vn 0.15867 -0.01604 -0.9872
vn 0.17584 -0.02585 -0.98408
vn 0.14923 -0.0105 -0.98875
vn 0.14361 -0.00707 -0.98961
vn 0.14013 -0.00483 -0.99012
vn 0.13782 -0.00323 -0.99045
vn 0.13627 -0.00207 -0.99067
vn 0.14113 -0.00615 -0.98997
vn 0.13001 -0.00076 -0.99151
vn 0.12902 -0.00022 -0.99164
vn 0.40477 -0.20084 -0.89209
vn 0.22803 -0.06947 -0.97117
vn 0.1502 -0.01251 -0.98858
vn 0.34301 -0.12007 -0.93163
vn 0.21398 -0.04729 -0.97569
vn 0.13033 -0.00099 -0.99147
vn 0.16636 -2E-05 -0.98607
vn 0.17282 -0 -0.98495
vn 0.07232 -0.00027 -0.99738
vn 0.00263 -0 -1
vn 0.00776 -8E-05 -0.99997
vn 0.04362 -0.00112 -0.99905
vn 0.01379 -0.00759 -0.99988
vn 0.01903 -0.00653 -0.9998
vn 0.02428 -0.00555 -0.99969
vn 0.02932 -0.00468 -0.99956
vn 0.03431 -0.00389 -0.9994
vn 0.03921 -0.00319 -0.99923
vn 0.04395 -0.00258 -0.99903
vn 0.04862 -0.00204 -0.99882
vn 0.05322 -0.00157 -0.99858
vn 0.05766 -0.00118 -0.99834
vn 0.06407 -0.00069 -0.99795
vn 0.08004 -5E-05 -0.99679
vn 0.08551 -0 -0.99634
vn 0.13052 -1E-05 -0.99145
vn 0.09738 -0.00741 -0.99522
vn 0.10222 -0.00639 -0.99474
vn -0.13543 -0 -0.99079
vn -0.10213 -0.00641 -0.99475
vn -0.13053 -0.00038 -0.99144
vn -0.08901 -0 -0.99603
vn -0.08548 -0 -0.99634
vn -0.07997 -5E-05 -0.9968
vn -0.07223 -0.00027 -0.99739
vn -0.06401 -0.0007 -0.99795
vn -0.02925 -0.00469 -0.99956
vn -0.05761 -0.00118 -0.99834
vn -0.05311 -0.00158 -0.99859
vn -0.04858 -0.00204 -0.99882
vn -0.04389 -0.00258 -0.99903
vn -0.03913 -0.0032 -0.99923
vn -0.03426 -0.0039 -0.99941
vn -0.02421 -0.00556 -0.99969
vn -0.01897 -0.00654 -0.9998
vn -0.04362 -0.00156 -0.99905
vn -0.0129 -0.00023 -0.99992
vn -0.00773 -7E-05 -0.99997
vn 0.99905 0 -0.04362
vn 0.99144 0 -0.13053
vn 0.9763 0 -0.21644
vn 0.95372 0 -0.30071
vn 0.92388 0 -0.38268
vn 0.88701 0 -0.46175
vn 0.84339 0 -0.5373
vn 0.79335 0 -0.60876
vn 0.73728 0 -0.67559
vn 0.67559 0 -0.73728
vn 0.60876 0 -0.79335
vn 0.5373 0 -0.84339
vn 0.46175 0 -0.88701
vn 0.38268 0 -0.92388
vn 0.30071 0 -0.95372
vn 0.21644 0 -0.9763
vn 0.13053 0 -0.99144
vn 0.04362 0 -0.99905
vn -0.04362 0 -0.99905
vn -0.13053 0 -0.99144
vn -0.21644 0 -0.9763
vn -0.30071 0 -0.95372
vn -0.38268 0 -0.92388
vn -0.46175 0 -0.88701
vn -0.60876 0 -0.79335
vn -0.67559 0 -0.73728
vn -0.73728 0 -0.67559
vn -0.84339 0 -0.5373
vn -0.88701 0 -0.46175
vn -0.92388 0 -0.38268
vn -0.95372 0 -0.30071
vn -0.9763 0 -0.21644
vn -0.99144 0 -0.13053
vn -0.99905 0 -0.04362
vn -0.99905 0 0.04362
vn -0.99144 0 0.13053
vn -0.9763 0 0.21644
vn -0.95372 0 0.30071
vn -0.92388 0 0.38268
vn -0.88701 0 0.46175
vn -0.84339 0 0.5373
vn -0.79335 0 0.60876
vn -0.73728 0 0.67559
vn -0.67559 0 0.73728
vn -0.60876 0 0.79335
vn -0.5373 0 0.84339
vn -0.46175 0 0.88701
vn -0.38268 0 0.92388
vn -0.30071 0 0.95372
vn -0.21644 0 0.9763
vn -0.13053 0 0.99144
vn -0.04362 0 0.99905
vn 0.04362 -0 0.99905
vn 0.13053 -0 0.99144
vn 0.21644 -0 0.9763
vn 0.30071 -0 0.95372
vn 0.38268 -0 0.92388
vn 0.46175 -0 0.88701
vn 0.5373 -0 0.84339
vn 0.60876 -0 0.79335
vn 0.67559 -0 0.73728
vn 0.73728 -0 0.67559
vn 0.79335 -0 0.60876
vn 0.84339 -0 0.5373
vn 0.88701 -0 0.46175
vn 0.92388 -0 0.38268
vn 0.95372 -0 0.30071
vn 0.9763 -0 0.21644
vn 0.99145 -0 0.13053
vn 0.99905 -0 0.04362
vn -0.99905 -0 -0.04362
vn -0.99145 -0 -0.13052
vn -0.97629 -0 -0.21645
vn -0.95372 -0 -0.3007
vn -0.92388 -0 -0.38269
vn -0.88701 -0 -0.46175
vn -0.84339 -0 -0.5373
vn -0.79335 -0 -0.60877
vn -0.73728 -0 -0.67559
vn -0.6756 -0 -0.73727
vn -0.60875 -0 -0.79336
vn -0.5373 -0 -0.84339
vn -0.46175 -0 -0.88701
vn -0.38269 -0 -0.92388
vn -0.3007 -0 -0.95372
vn -0.21645 -0 -0.97629
vn -0.13054 -0 -0.99144
vn -0.04361 -0 -0.99905
vn 0.04361 0 -0.99905
vn 0.13054 0 -0.99144
vn 0.21644 0 -0.97629
vn 0.3007 0 -0.95372
vn 0.38269 0 -0.92388
vn 0.46175 0 -0.88701
vn 0.5373 0 -0.84339
vn 0.60875 0 -0.79336
vn 0.6756 0 -0.73727
vn 0.73728 0 -0.67559
vn 0.79335 0 -0.60876
vn 0.84338 0 -0.53731
vn 0.88702 0 -0.46174
vn 0.92388 0 -0.38269
vn 0.95371 0 -0.30071
vn 0.9763 0 -0.21644
vn 0.99145 0 -0.13052
vn 0.99905 0 -0.04362
vn 0.99905 0 0.04362
vn 0.99145 0 0.13052
vn 0.9763 0 0.21643
vn 0.95371 0 0.30072
vn 0.92388 0 0.38268
vn 0.88701 0 0.46175
vn 0.84339 0 0.5373
vn 0.79335 0 0.60876
vn 0.73728 0 0.67559
vn 0.67558 0 0.73729
vn 0.60877 0 0.79335
vn 0.5373 0 0.84339
vn 0.46175 0 0.88701
vn 0.38269 0 0.92388
vn 0.3007 0 0.95372
vn 0.21642 0 0.9763
vn 0.13054 0 0.99144
vn 0.04364 0 0.99905
vn -0.04364 0 0.99905
vn -0.13054 0 0.99144
vn -0.21642 0 0.9763
vn -0.3007 0 0.95372
vn -0.38269 0 0.92388
vn -0.46175 0 0.88701
vn -0.5373 0 0.84339
vn -0.60877 0 0.79335
vn -0.67559 0 0.73728
vn -0.73728 0 0.67559
vn -0.79335 0 0.60877
vn -0.8434 0 0.53729
vn -0.88701 0 0.46176
vn -0.92388 0 0.38268
vn -0.95372 0 0.30071
vn -0.97629 0 0.21644
vn -0.99145 0 0.13052
vn -0.99905 0 0.04362
vn -0.99145 -0 -0.13052
vn -0.97629 -0 -0.21645
vn -0.95372 -0 -0.3007
vn -0.92388 -0 -0.38268
vn -0.88701 -0 -0.46174
vn -0.84339 -0 -0.5373
vn -0.79335 -0 -0.60876
vn -0.73727 -0 -0.6756
vn -0.67559 -0 -0.73727
vn -0.60876 -0 -0.79335
vn -0.53729 -0 -0.8434
vn -0.46175 -0 -0.88701
vn -0.38268 -0 -0.92388
vn -0.21644 -0 -0.9763
vn -0.13053 -0 -0.99144
vn -0.04362 -0 -0.99905
vn 0.04362 0 -0.99905
vn 0.13053 0 -0.99144
vn 0.21644 0 -0.9763
vn 0.3007 0 -0.95372
vn 0.38269 0 -0.92388
vn 0.46175 0 -0.88701
vn 0.53729 0 -0.8434
vn 0.60876 0 -0.79335
vn 0.67559 0 -0.73728
vn 0.73728 0 -0.67559
vn 0.84339 0 -0.5373
vn 0.88701 0 -0.46174
vn 0.92388 0 -0.38268
vn 0.95371 0 -0.30072
vn 0.9763 0 -0.21643
vn 0.99145 0 -0.13052
vn 0.99905 0 0.04362
vn 0.9763 0 0.21643
vn 0.95371 0 0.30072
vn 0.67559 0 0.73728
vn 0.60876 0 0.79335
vn 0.38268 0 0.92388
vn 0.21644 0 0.97629
vn 0.13052 0 0.99145
vn 0.04362 0 0.99905
vn -0.04362 0 0.99905
vn -0.13052 0 0.99145
vn -0.21645 0 0.97629
vn -0.38268 0 0.92388
vn -0.60876 0 0.79335
vn -0.67559 0 0.73727
vn -0.73727 0 0.6756
vn -0.79335 0 0.60876
vn -0.84339 0 0.5373
vn -0.88701 0 0.46175
vn -0.92388 0 0.38268
vn -0.95372 0 0.3007
vn -0.97629 0 0.21645
vn -0.99905 0 0.04362
vn -0.99905 -0 -0.04364
vn -0.99145 -0 -0.13051
vn -0.97629 -0 -0.21645
vn -0.92388 -0 -0.38269
vn -0.79336 -0 -0.60875
vn -0.67559 -0 -0.73728
vn -0.60876 -0 -0.79335
vn -0.38269 -0 -0.92388
vn -0.3007 -0 -0.95372
vn -0.21644 -0 -0.9763
vn -0.04362 -0 -0.99905
vn 0.21644 0 -0.9763
vn 0.30071 0 -0.95372
vn 0.38268 0 -0.92388
vn 0.60876 0 -0.79335
vn 0.67559 0 -0.73728
vn 0.73728 0 -0.67558
vn 0.79335 0 -0.60877
vn 0.92388 0 -0.38269
vn 0.95372 0 -0.3007
vn 0.97629 0 -0.21645
vn 0.99145 0 -0.13051
vn 0.99905 0 -0.04364
vn 0.99905 0 0.04364
vn 0.99145 0 0.13051
vn 0.97629 0 0.21645
vn 0.95372 0 0.3007
vn 0.92388 0 0.38269
vn 0.79335 0 0.60877
vn 0.73728 0 0.67559
vn 0.6756 0 0.73727
vn 0.38268 0 0.92388
vn 0.30071 0 0.95372
vn -0.04362 0 0.99905
vn -0.21644 0 0.97629
vn -0.3007 0 0.95372
vn -0.38269 0 0.92388
vn -0.6756 0 0.73727
vn -0.73727 0 0.6756
vn -0.79336 0 0.60875
vn -0.92388 0 0.38269
vn -0.95372 0 0.3007
vn -0.99145 0 0.13051
vn -0.99905 0 0.04364
vn -0.99145 -0 -0.13051
vn -0.92387 -0 -0.3827
vn -0.88702 -0 -0.46174
vn -0.84338 -0 -0.53731
vn -0.73727 -0 -0.6756
vn -0.6756 -0 -0.73727
vn -0.3827 -0 -0.92387
vn -0.21644 -0 -0.97629
vn -0.04361 -0 -0.99905
vn 0.38269 0 -0.92388
vn 0.73729 0 -0.67558
vn 0.92387 0 -0.3827
vn 0.95372 0 -0.3007
vn 0.97629 0 -0.21645
vn 0.99145 0 -0.13051
vn 0.99905 0 0.04364
vn 0.97629 0 0.21644
vn 0.95372 0 0.30071
vn 0.73729 0 0.67558
vn 0.38269 0 0.92388
vn 0.04361 0 0.99905
vn -0.04361 0 0.99905
vn -0.21642 0 0.9763
vn -0.3827 0 0.92387
vn -0.67558 0 0.73729
vn -0.99905 0 0.04364
vn 0.99905 0 -0.04362
vn 0.99144 0 -0.13053
vn 0.9763 0 -0.21644
vn 0.95372 0 -0.30071
vn 0.92388 0 -0.38268
vn 0.79335 0 -0.60876
vn 0.67559 0 -0.73728
vn 0.60876 0 -0.79335
vn 0.46175 0 -0.88701
vn 0.38268 0 -0.92388
vn 0.30071 0 -0.95372
vn 0.21644 0 -0.9763
vn 0.13053 0 -0.99144
vn 0.04362 0 -0.99905
vn -0.04362 0 -0.99905
vn -0.13053 0 -0.99144
vn -0.21644 0 -0.9763
vn -0.30071 0 -0.95372
vn -0.38268 0 -0.92388
vn -0.46175 0 -0.88701
vn -0.60876 0 -0.79335
vn -0.79335 0 -0.60876
vn -0.84339 0 -0.5373
vn -0.92388 0 -0.38268
vn -0.95372 0 -0.30071
vn -0.9763 0 -0.21644
vn -0.99144 0 -0.13053
vn -0.99905 0 -0.04362
vn -0.99905 0 0.04362
vn -0.99144 0 0.13053
vn -0.9763 0 0.21644
vn -0.95372 0 0.30071
vn -0.92388 0 0.38268
vn -0.67559 0 0.73728
vn -0.60876 0 0.79335
vn -0.46175 0 0.88701
vn -0.38268 0 0.92388
vn -0.30071 0 0.95372
vn -0.21644 0 0.9763
vn -0.13052 0 0.99145
vn -0.04362 0 0.99905
vn 0.04362 -0 0.99905
vn 0.13053 -0 0.99145
vn 0.21644 -0 0.9763
vn 0.30071 -0 0.95372
vn 0.38268 -0 0.92388
vn 0.46175 -0 0.88701
vn 0.60876 -0 0.79335
vn 0.79335 -0 0.60876
vn 0.84339 -0 0.5373
vn 0.88701 -0 0.46175
vn 0.92388 -0 0.38268
vn 0.95372 -0 0.30071
vn 0.9763 -0 0.21644
vn 0.99144 -0 0.13053
vn 0.99905 -0 0.04362
vn -0.84339 0 0.5373
vn -0.88701 -0 0.46175
vn -0.92388 -0 0.38268
vn -0.9763 -0 0.21644
vn -0.99144 -0 0.13053
vn -0.99905 -0 0.04362
vn -0.99905 -0 -0.04362
vn -0.99144 -0 -0.13053
vn -0.9763 -0 -0.21644
vn -0.95372 -0 -0.30071
vn -0.92388 -0 -0.38268
vn -0.88701 -0 -0.46175
vn -0.84339 -0 -0.5373
vn 0.64723 0 -0.76229
vn 0.70711 -0 -0.70711
vn 0.76229 -0 -0.64723
vn 0.98839 0.00038 -0.15195
vn 0.99144 -0 -0.13053
vn 0.99565 0.00567 -0.09296
vn 0.98972 0.00078 -0.14304
vn 0.99303 0.00264 -0.11784
vn 0.99204 0.00192 -0.12589
vn 0.99094 0.00129 -0.13432
vn 0.99528 0.0051 -0.09688
vn 0.99465 0.00425 -0.10325
vn 0.9939 0.00343 -0.11026
vn 0.99849 0.00094 -0.055
vn 0.99881 0.00135 -0.04876
vn 1 -0 -0.00193
vn 0.99905 0.00031 -0.04362
vn 0.99996 0.00619 -0.00623
vn 0.99993 0.00558 -0.01029
vn 0.99988 0.00501 -0.01433
vn 0.99982 0.00447 -0.01827
vn 0.99975 0.00398 -0.02216
vn 0.99966 0.00352 -0.02598
vn 0.99955 0.00309 -0.02972
vn 0.99944 0.00271 -0.03338
vn 0.99931 0.00235 -0.03695
vn 0.99918 0.00203 -0.04045
vn 0.99904 0.00174 -0.04386
vn 0.99815 0.00062 -0.06081
vn 0.99781 0.00039 -0.06617
vn 0.99755 0.00026 -0.06993
vn 0.99726 0.00015 -0.074
vn 0.99682 4E-05 -0.07963
vn 0.99639 0 -0.08491
vn 0.99682 4E-05 0.07968
vn 0.99725 0.00015 0.07405
vn 0.99755 0.00026 0.06998
vn 0.99781 0.00039 0.06622
vn 0.99815 0.00062 0.06085
vn 0.99848 0.00094 0.05504
vn 0.99881 0.00135 0.04881
vn 0.99903 0.00173 0.04392
vn 0.99918 0.00202 0.04051
vn 0.99931 0.00235 0.037
vn 0.99944 0.0027 0.03342
vn 0.99955 0.00309 0.02976
vn 0.99966 0.00351 0.02603
vn 0.99975 0.00397 0.02222
vn 0.99982 0.00447 0.01833
vn 0.99988 0.005 0.01438
vn 0.99993 0.00557 0.01036
vn 0.99905 0.00059 0.04362
vn 0.99998 3E-05 0.00586
vn 1 0 0.00197
vn 0.98838 0.00038 0.152
vn 0.98971 0.00077 0.14309
vn 0.99093 0.00129 0.13437
vn 0.99204 0.00192 0.12594
vn 0.99302 0.00263 0.11789
vn 0.99389 0.00342 0.11031
vn 0.99464 0.00425 0.10329
vn 0.99528 0.00509 0.09693
vn 0.99144 0.00018 0.13053
vn 0.99609 -0 0.08834
vn 0.99639 0 0.08494
vn 0.98628 0 -0.16505
vn 0.9763 -0 -0.21644
vn 0.95372 -0 -0.30071
vn 0.92388 -0 -0.38268
vn 0.88701 -0 -0.46175
vn 0.98628 0 0.16508
vn 0.9763 0 0.21644
vn 0.95372 0 0.30071
vn 0.92388 0 0.38268
vn 0.88701 0 0.46175
vn 0.84339 0 0.5373
vn 0.76229 -0 0.64723
vn 0.70711 0 0.70711
vn 0.64723 0 0.76229
vn -0.64723 0 0.76229
vn -0.70711 -0 0.70711
vn -0.76229 -0 0.64723
vn -0.76229 0 -0.64723
vn -0.70711 -0 -0.70711
vn -0.64723 -0 -0.76229
vn -0.15195 0.00038 -0.98839
vn -0.13053 -0 -0.99144
vn -0.09296 0.00567 -0.99565
vn -0.14303 0.00078 -0.98972
vn -0.11785 0.00264 -0.99303
vn -0.12588 0.00192 -0.99204
vn -0.13433 0.00129 -0.99094
vn -0.09688 0.0051 -0.99528
vn -0.10325 0.00425 -0.99465
vn -0.11025 0.00343 -0.9939
vn -0.05498 0.00094 -0.99849
vn -0.04876 0.00135 -0.99881
vn -0.00191 -0 -1
vn -0.04362 0.00031 -0.99905
vn -0.00625 0.00619 -0.99996
vn -0.01031 0.00558 -0.99993
vn -0.0143 0.00501 -0.99989
vn -0.01827 0.00447 -0.99982
vn -0.02215 0.00398 -0.99975
vn -0.026 0.00352 -0.99966
vn -0.02971 0.00309 -0.99955
vn -0.03338 0.00271 -0.99944
vn -0.03696 0.00235 -0.99931
vn -0.04047 0.00203 -0.99918
vn -0.04386 0.00174 -0.99904
vn -0.06081 0.00062 -0.99815
vn -0.06617 0.00039 -0.99781
vn -0.07005 0.00026 -0.99754
vn -0.07394 0.00015 -0.99726
vn -0.07963 4E-05 -0.99682
vn -0.08492 0 -0.99639
vn 0.07967 4E-05 -0.99682
vn 0.07399 0.00015 -0.99726
vn 0.0701 0.00026 -0.99754
vn 0.06622 0.00039 -0.99781
vn 0.06085 0.00062 -0.99815
vn 0.05504 0.00094 -0.99848
vn 0.04882 0.00135 -0.99881
vn 0.04391 0.00173 -0.99903
vn 0.04051 0.00202 -0.99918
vn 0.03699 0.00235 -0.99931
vn 0.03344 0.0027 -0.99944
vn 0.02975 0.00309 -0.99955
vn 0.02605 0.00351 -0.99965
vn 0.02219 0.00397 -0.99975
vn 0.01835 0.00446 -0.99982
vn 0.01439 0.005 -0.99988
vn 0.01034 0.00558 -0.99993
vn 0.04362 0.00059 -0.99905
vn 0.00587 3E-05 -0.99998
vn 0.00195 0 -1
vn 0.15201 0.00038 -0.98838
vn 0.14309 0.00077 -0.98971
vn 0.13438 0.00129 -0.99093
vn 0.12594 0.00192 -0.99204
vn 0.11788 0.00263 -0.99302
vn 0.11032 0.00342 -0.99389
vn 0.10329 0.00425 -0.99464
vn 0.09693 0.00509 -0.99528
vn 0.13053 0.00018 -0.99144
vn 0.08838 -0 -0.99609
vn 0.08494 0 -0.99639
vn -0.16505 0 -0.98628
vn -0.21644 0 -0.9763
vn -0.30071 0 -0.95372
vn -0.38268 0 -0.92388
vn -0.46175 0 -0.88701
vn -0.5373 0 -0.84339
vn 0.16508 0 -0.98628
vn 0.21644 -0 -0.9763
vn 0.30071 -0 -0.95372
vn 0.38268 -0 -0.92388
vn 0.46175 -0 -0.88701
vn 0.5373 -0 -0.84339
vn -0.13053 -0 -0.99144
vn -0.04362 -0 -0.99905
vn 0.04362 -0 -0.99905
vn 0.13053 -0 -0.99144
vn 0.99905 0 -0.04362
vn 0.99144 0 -0.13054
vn 0.9763 0 -0.21644
vn 0.95372 0 -0.30068
vn 0.92388 0 -0.38268
vn 0.887 0 -0.46178
vn 0.8434 0 -0.53729
vn 0.79335 0 -0.60877
vn 0.73729 0 -0.67557
vn 0.67559 0 -0.73728
vn 0.60877 0 -0.79335
vn 0.53729 0 -0.8434
vn 0.46174 0 -0.88702
vn 0.38268 0 -0.92388
vn 0.30072 0 -0.95371
vn 0.21643 0 -0.9763
vn 0.1305 0 -0.99145
vn 0.04362 0 -0.99905
vn -0.04362 0 -0.99905
vn -0.1305 0 -0.99145
vn -0.21643 0 -0.9763
vn -0.30071 0 -0.95371
vn -0.38268 0 -0.92388
vn -0.46175 0 -0.88701
vn -0.53729 0 -0.8434
vn -0.60877 0 -0.79335
vn -0.67559 0 -0.73728
vn -0.73728 0 -0.67559
vn -0.79336 0 -0.60875
vn -0.84338 0 -0.53731
vn -0.88701 0 -0.46175
vn -0.92388 0 -0.38268
vn -0.95372 0 -0.30068
vn -0.97629 0 -0.21647
vn -0.99145 0 -0.1305
vn -0.99905 0 -0.04362
vn -0.99905 0 0.04362
vn -0.99145 0 0.1305
vn -0.97629 0 0.21646
vn -0.95372 0 0.30069
vn -0.92388 0 0.38268
vn -0.88702 0 0.46174
vn -0.84337 0 0.53733
vn -0.79337 0 0.60874
vn -0.73726 0 0.67561
vn -0.67559 0 0.73728
vn -0.60877 0 0.79335
vn -0.53729 0 0.8434
vn -0.46175 0 0.88701
vn -0.38271 0 0.92387
vn -0.30068 0 0.95372
vn -0.21643 0 0.9763
vn -0.13054 0 0.99144
vn -0.04362 0 0.99905
vn 0.04362 -0 0.99905
vn 0.13054 -0 0.99144
vn 0.21643 -0 0.9763
vn 0.30069 -0 0.95372
vn 0.38271 -0 0.92387
vn 0.46174 -0 0.88702
vn 0.53729 -0 0.8434
vn 0.60877 -0 0.79335
vn 0.67559 -0 0.73728
vn 0.73728 -0 0.67559
vn 0.79336 -0 0.60876
vn 0.84339 -0 0.5373
vn 0.887 -0 0.46176
vn 0.92388 -0 0.38268
vn 0.95372 -0 0.30069
vn 0.9763 -0 0.21643
vn 0.99144 -0 0.13054
vn 0.99905 -0 0.04362
vn 0.99905 0 -0.04362
vn 0.99144 0 -0.13054
vn 0.9763 0 -0.21643
vn 0.95372 0 -0.30069
vn 0.887 0 -0.46177
vn 0.8434 0 -0.53729
vn 0.79335 0 -0.60876
vn 0.73728 0 -0.67559
vn 0.67559 0 -0.73727
vn 0.60877 0 -0.79335
vn 0.5373 0 -0.84339
vn 0.46174 0 -0.88701
vn 0.38269 0 -0.92388
vn 0.30071 0 -0.95372
vn 0.13053 0 -0.99144
vn -0.04362 0 -0.99905
vn -0.13053 0 -0.99144
vn -0.3007 0 -0.95372
vn -0.38269 0 -0.92388
vn -0.46176 0 -0.88701
vn -0.5373 0 -0.84339
vn -0.60877 0 -0.79335
vn -0.67559 0 -0.73727
vn -0.73726 0 -0.67561
vn -0.79337 0 -0.60874
vn -0.84338 0 -0.53732
vn -0.88701 0 -0.46175
vn -0.95372 0 -0.30069
vn -0.97629 0 -0.21647
vn -0.99145 0 -0.1305
vn -0.99905 0 -0.04362
vn -0.99905 0 0.04362
vn -0.88701 0 0.46175
vn -0.84338 0 0.53731
vn -0.79337 0 0.60874
vn -0.46176 0 0.887
vn -0.38268 0 0.92388
vn -0.3007 0 0.95372
vn -0.13054 0 0.99144
vn -0.04362 0 0.99905
vn 0.30071 -0 0.95372
vn 0.38268 -0 0.92388
vn 0.46175 -0 0.88701
vn 0.79335 -0 0.60876
vn 0.8434 -0 0.53729
vn 0.887 -0 0.46177
vn 0.99905 -0 0.04362
vn 0.99145 0 -0.13052
vn 0.97629 0 -0.21645
vn 0.95372 0 -0.3007
vn 0.88701 0 -0.46175
vn 0.84339 0 -0.53731
vn 0.79336 0 -0.60876
vn 0.73727 0 -0.67559
vn 0.60876 0 -0.79336
vn 0.5373 0 -0.84339
vn 0.46175 0 -0.88701
vn 0.38268 0 -0.92388
vn -0.04362 0 -0.99905
vn -0.13053 0 -0.99144
vn -0.30071 0 -0.95372
vn -0.46175 0 -0.88701
vn -0.60876 0 -0.79336
vn -0.73728 0 -0.67559
vn -0.79335 0 -0.60877
vn -0.8434 0 -0.53729
vn -0.88701 0 -0.46176
vn -0.95372 0 -0.3007
vn -0.9763 0 -0.21643
vn -0.99144 0 -0.13054
vn -0.99144 0 0.13054
vn -0.9763 0 0.21643
vn -0.95372 0 0.30071
vn -0.88701 0 0.46175
vn -0.84339 0 0.5373
vn -0.79335 0 0.60876
vn -0.73728 0 0.67559
vn -0.6756 0 0.73727
vn -0.60875 0 0.79336
vn -0.46176 0 0.88701
vn -0.30071 0 0.95372
vn -0.04362 0 0.99905
vn 0.3007 -0 0.95372
vn 0.46176 -0 0.88701
vn 0.5373 -0 0.84339
vn 0.60875 -0 0.79336
vn 0.6756 -0 0.73727
vn 0.73727 -0 0.6756
vn 0.79336 -0 0.60875
vn 0.84339 -0 0.53731
vn 0.88702 -0 0.46174
vn 0.95372 -0 0.30071
vn 0.97629 -0 0.21645
vn 0.99145 -0 0.13052
vn 0.97629 0 -0.21646
vn 0.95372 0 -0.3007
vn 0.88701 0 -0.46175
vn 0.84339 0 -0.5373
vn 0.79335 0 -0.60876
vn 0.73729 0 -0.67558
vn 0.60876 0 -0.79335
vn 0.5373 0 -0.84339
vn 0.46175 0 -0.88701
vn 0.30072 0 -0.95371
vn -0.21644 0 -0.9763
vn -0.30072 0 -0.95371
vn -0.46175 0 -0.88701
vn -0.67558 0 -0.73729
vn -0.73729 0 -0.67557
vn -0.79335 0 -0.60877
vn -0.8434 0 -0.53729
vn -0.887 0 -0.46176
vn -0.95372 0 -0.3007
vn -0.9763 0 -0.21644
vn -0.8434 0 0.53729
vn -0.79335 0 0.60877
vn -0.67558 0 0.73729
vn -0.46175 0 0.88701
vn -0.30069 0 0.95372
vn -0.21644 0 0.9763
vn 0.30069 -0 0.95372
vn 0.46175 -0 0.88701
vn 0.60876 -0 0.79335
vn 0.79335 -0 0.60876
vn 0.84339 -0 0.5373
vn 0.99144 -0 -0.13053
vn 0.99905 -0 -0.04362
vn 0.99905 0 0.04362
vn 0.99144 0 0.13053
f 1//1 2//1 3//1
f 4//1 5//1 2//1
f 6//1 7//1 8//1
f 7//1 9//1 8//1
f 3//1 10//1 1//1
f 10//1 11//1 1//1
f 1//1 11//1 12//1
f 13//1 14//1 15//1
f 14//1 16//1 15//1
f 17//1 18//1 19//1
f 20//1 21//1 22//1
f 21//1 23//1 22//1
f 2//1 5//1 3//1
f 5//1 24//1 3//1
f 3//1 24//1 25//1
f 26//1 27//1 28//1
f 27//1 29//1 28//1
f 30//1 31//1 32//1
f 31//1 33//1 32//1
f 32//1 33//1 34//1
f 33//1 35//1 34//1
f 34//1 35//1 36//1
f 36//1 37//1 34//1
f 37//1 38//1 34//1
f 34//1 38//1 39//1
f 40//1 41//1 42//1
f 41//1 43//1 42//1
f 44//1 45//1 7//1
f 45//1 46//1 7//1
f 7//1 46//1 47//1
f 47//1 48//1 7//1
f 48//1 49//1 7//1
f 7//1 49//1 9//1
f 50//1 51//1 52//1
f 53//1 54//1 55//1
f 56//1 57//1 2//1
f 17//1 19//1 15//1
f 19//1 58//1 15//1
f 15//1 58//1 13//1
f 58//1 59//1 13//1
f 13//1 59//1 60//1
f 61//1 62//1 15//1
f 62//1 63//1 15//1
f 64//1 65//1 66//1
f 65//1 67//1 66//1
f 66//1 67//1 68//1
f 12//1 69//1 1//1
f 69//1 70//1 1//1
f 1//1 70//1 71//1
f 72//1 73//1 74//1
f 38//1 75//1 39//1
f 75//1 76//1 39//1
f 39//1 76//1 77//1
f 54//1 78//1 55//1
f 78//1 79//1 55//1
f 55//1 79//1 80//1
f 57//1 81//1 2//1
f 81//1 82//1 2//1
f 2//1 82//1 4//1
f 83//1 84//1 85//1
f 84//1 86//1 85//1
f 85//1 86//1 87//1
f 88//1 89//1 8//1
f 89//1 90//1 8//1
f 8//1 90//1 91//1
f 91//1 92//1 8//1
f 92//1 93//1 8//1
f 8//1 93//1 94//1
f 95//1 96//1 97//1
f 98//1 99//1 95//1
f 99//1 100//1 95//1
f 95//1 100//1 101//1
f 60//1 102//1 13//1
f 102//1 95//1 13//1
f 13//1 95//1 103//1
f 95//1 101//1 103//1
f 63//1 104//1 15//1
f 104//1 105//1 15//1
f 15//1 105//1 106//1
f 7//1 107//1 44//1
f 107//1 108//1 44//1
f 44//1 108//1 109//1
f 110//1 111//1 112//1
f 111//1 113//1 112//1
f 112//1 113//1 114//1
f 113//1 115//1 114//1
f 116//1 117//1 118//1
f 117//1 119//1 118//1
f 116//1 120//1 117//1
f 120//1 121//1 117//1
f 117//1 121//1 122//1
f 122//1 123//1 117//1
f 123//1 124//1 117//1
f 117//1 124//1 125//1
f 124//1 126//1 125//1
f 52//1 51//1 127//1
f 51//1 128//1 127//1
f 127//1 128//1 27//1
f 128//1 129//1 27//1
f 27//1 129//1 29//1
f 130//1 131//1 132//1
f 131//1 133//1 132//1
f 132//1 133//1 52//1
f 133//1 134//1 52//1
f 52//1 134//1 50//1
f 135//1 136//1 132//1
f 136//1 137//1 132//1
f 137//1 138//1 132//1
f 138//1 139//1 132//1
f 132//1 139//1 130//1
f 71//1 140//1 1//1
f 140//1 141//1 1//1
f 1//1 141//1 142//1
f 141//1 143//1 142//1
f 142//1 143//1 144//1
f 143//1 145//1 144//1
f 144//1 145//1 146//1
f 147//1 148//1 149//1
f 148//1 150//1 149//1
f 150//1 151//1 149//1
f 149//1 151//1 152//1
f 151//1 153//1 152//1
f 154//1 147//1 155//1
f 147//1 149//1 155//1
f 155//1 149//1 156//1
f 149//1 157//1 156//1
f 156//1 157//1 158//1
f 157//1 159//1 158//1
f 53//1 55//1 2//1
f 55//1 160//1 2//1
f 2//1 160//1 56//1
f 25//1 161//1 3//1
f 161//1 162//1 3//1
f 3//1 162//1 163//1
f 163//1 164//1 3//1
f 164//1 165//1 3//1
f 3//1 165//1 166//1
f 88//1 8//1 167//1
f 8//1 168//1 167//1
f 167//1 168//1 169//1
f 169//1 170//1 167//1
f 170//1 84//1 167//1
f 167//1 84//1 171//1
f 84//1 83//1 171//1
f 94//1 172//1 8//1
f 172//1 173//1 8//1
f 8//1 173//1 6//1
f 97//1 174//1 95//1
f 174//1 175//1 95//1
f 95//1 175//1 98//1
f 16//1 176//1 15//1
f 176//1 177//1 15//1
f 15//1 177//1 61//1
f 106//1 178//1 15//1
f 178//1 179//1 15//1
f 15//1 179//1 180//1
f 180//1 181//1 15//1
f 181//1 182//1 15//1
f 15//1 182//1 183//1
f 184//1 185//1 186//1
f 185//1 187//1 186//1
f 186//1 187//1 188//1
f 189//1 190//1 64//1
f 190//1 191//1 64//1
f 64//1 191//1 192//1
f 192//1 193//1 64//1
f 193//1 194//1 64//1
f 64//1 194//1 65//1
f 68//1 195//1 66//1
f 195//1 196//1 66//1
f 66//1 196//1 113//1
f 196//1 197//1 113//1
f 113//1 197//1 115//1
f 198//1 199//1 200//1
f 199//1 201//1 200//1
f 200//1 201//1 202//1
f 201//1 203//1 202//1
f 204//1 205//1 206//1
f 153//1 151//1 74//1
f 151//1 207//1 74//1
f 74//1 207//1 72//1
f 146//1 145//1 73//1
f 145//1 208//1 73//1
f 73//1 208//1 74//1
f 209//1 210//1 211//1
f 210//1 158//1 211//1
f 211//1 158//1 212//1
f 158//1 159//1 212//1
f 77//1 213//1 39//1
f 213//1 214//1 39//1
f 39//1 214//1 215//1
f 215//1 216//1 39//1
f 216//1 217//1 39//1
f 39//1 217//1 42//1
f 217//1 218//1 42//1
f 42//1 218//1 40//1
f 43//1 219//1 42//1
f 219//1 220//1 42//1
f 42//1 220//1 221//1
f 220//1 222//1 221//1
f 223//1 224//1 225//1
f 224//1 226//1 225//1
f 166//1 227//1 3//1
f 227//1 224//1 3//1
f 3//1 224//1 228//1
f 224//1 223//1 228//1
f 183//1 182//1 186//1
f 182//1 229//1 186//1
f 186//1 229//1 184//1
f 109//1 230//1 44//1
f 230//1 231//1 44//1
f 44//1 231//1 64//1
f 231//1 232//1 64//1
f 64//1 232//1 189//1
f 233//1 234//1 235//1
f 234//1 233//1 236//1
f 237//1 238//1 239//1
f 240//1 241//1 242//1
f 241//1 243//1 242//1
f 242//1 243//1 244//1
f 243//1 245//1 244//1
f 246//1 247//1 248//1
f 23//1 249//1 22//1
f 249//1 250//1 22//1
f 22//1 250//1 251//1
f 250//1 252//1 251//1
f 251//1 252//1 253//1
f 209//1 254//1 210//1
f 254//1 255//1 210//1
f 210//1 255//1 32//1
f 255//1 256//1 32//1
f 32//1 256//1 30//1
f 220//1 257//1 258//1
f 259//1 260//1 261//1
f 260//1 262//1 261//1
f 262//1 263//1 261//1
f 263//1 264//1 261//1
f 261//1 264//1 265//1
f 80//1 266//1 55//1
f 266//1 260//1 55//1
f 55//1 260//1 267//1
f 260//1 259//1 267//1
f 124//1 268//1 126//1
f 268//1 269//1 126//1
f 126//1 269//1 270//1
f 271//1 272//1 273//1
f 274//1 111//1 117//1
f 111//1 110//1 117//1
f 117//1 110//1 119//1
f 239//1 275//1 237//1
f 275//1 276//1 237//1
f 237//1 276//1 201//1
f 276//1 277//1 201//1
f 201//1 277//1 203//1
f 278//1 279//1 280//1
f 280//1 281//1 278//1
f 281//1 282//1 278//1
f 278//1 282//1 283//1
f 284//1 285//1 286//1
f 285//1 241//1 286//1
f 286//1 241//1 287//1
f 241//1 240//1 287//1
f 285//1 288//1 289//1
f 288//1 290//1 289//1
f 289//1 290//1 291//1
f 292//1 293//1 294//1
f 295//1 296//1 297//1
f 296//1 136//1 297//1
f 297//1 136//1 298//1
f 136//1 135//1 298//1
f 298//1 135//1 299//1
f 269//1 300//1 270//1
f 300//1 301//1 270//1
f 270//1 301//1 302//1
f 301//1 303//1 302//1
f 302//1 303//1 304//1
f 271//1 273//1 305//1
f 238//1 237//1 306//1
f 237//1 307//1 306//1
f 306//1 307//1 308//1
f 309//1 310//1 17//1
f 310//1 311//1 17//1
f 312//1 205//1 313//1
f 205//1 314//1 313//1
f 313//1 314//1 315//1
f 283//1 316//1 278//1
f 316//1 317//1 278//1
f 278//1 317//1 318//1
f 319//1 320//1 285//1
f 320//1 321//1 285//1
f 285//1 321//1 288//1
f 20//1 322//1 323//1
f 26//1 324//1 27//1
f 324//1 325//1 27//1
f 27//1 325//1 326//1
f 325//1 327//1 326//1
f 326//1 327//1 328//1
f 327//1 21//1 328//1
f 292//1 294//1 329//1
f 330//1 297//1 331//1
f 297//1 332//1 331//1
f 330//1 333//1 297//1
f 333//1 334//1 297//1
f 297//1 334//1 335//1
f 335//1 336//1 297//1
f 336//1 337//1 297//1
f 297//1 337//1 295//1
f 338//1 155//1 339//1
f 155//1 251//1 339//1
f 339//1 251//1 340//1
f 251//1 253//1 340//1
f 338//1 341//1 155//1
f 341//1 342//1 155//1
f 155//1 342//1 343//1
f 344//1 345//1 346//1
f 235//1 347//1 233//1
f 347//1 348//1 233//1
f 233//1 348//1 303//1
f 348//1 349//1 303//1
f 303//1 349//1 304//1
f 350//1 351//1 273//1
f 236//1 233//1 352//1
f 233//1 273//1 352//1
f 352//1 273//1 353//1
f 273//1 272//1 353//1
f 353//1 272//1 354//1
f 355//1 356//1 307//1
f 356//1 357//1 307//1
f 307//1 357//1 308//1
f 358//1 359//1 360//1
f 311//1 361//1 17//1
f 361//1 362//1 17//1
f 17//1 362//1 18//1
f 363//1 364//1 206//1
f 204//1 206//1 365//1
f 291//1 366//1 289//1
f 366//1 367//1 289//1
f 289//1 367//1 368//1
f 367//1 369//1 368//1
f 368//1 369//1 370//1
f 246//1 248//1 20//1
f 248//1 371//1 20//1
f 20//1 371//1 322//1
f 323//1 372//1 20//1
f 372//1 373//1 20//1
f 20//1 373//1 21//1
f 373//1 374//1 21//1
f 21//1 374//1 328//1
f 375//1 376//1 377//1
f 376//1 378//1 377//1
f 378//1 379//1 377//1
f 377//1 379//1 380//1
f 293//1 381//1 294//1
f 381//1 382//1 294//1
f 294//1 382//1 383//1
f 384//1 385//1 297//1
f 385//1 386//1 297//1
f 297//1 386//1 332//1
f 343//1 387//1 155//1
f 387//1 388//1 155//1
f 155//1 388//1 154//1
f 257//1 220//1 346//1
f 220//1 389//1 346//1
f 346//1 389//1 344//1
f 258//1 390//1 220//1
f 390//1 391//1 220//1
f 220//1 391//1 222//1
f 392//1 393//1 354//1
f 274//1 394//1 111//1
f 394//1 395//1 111//1
f 111//1 395//1 355//1
f 395//1 396//1 355//1
f 355//1 396//1 356//1
f 358//1 360//1 397//1
f 398//1 399//1 400//1
f 399//1 401//1 400//1
f 400//1 401//1 360//1
f 360//1 402//1 199//1
f 402//1 403//1 199//1
f 403//1 404//1 199//1
f 199//1 404//1 405//1
f 404//1 406//1 405//1
f 407//1 408//1 409//1
f 408//1 410//1 409//1
f 409//1 410//1 243//1
f 410//1 411//1 243//1
f 243//1 411//1 245//1
f 412//1 413//1 312//1
f 413//1 414//1 312//1
f 312//1 414//1 205//1
f 414//1 415//1 205//1
f 205//1 415//1 206//1
f 416//1 417//1 418//1
f 419//1 314//1 420//1
f 314//1 421//1 420//1
f 419//1 422//1 314//1
f 422//1 423//1 314//1
f 314//1 423//1 315//1
f 279//1 278//1 284//1
f 278//1 424//1 284//1
f 284//1 424//1 425//1
f 370//1 426//1 368//1
f 426//1 427//1 368//1
f 368//1 427//1 246//1
f 427//1 428//1 246//1
f 246//1 428//1 247//1
f 380//1 429//1 377//1
f 429//1 430//1 377//1
f 377//1 430//1 431//1
f 430//1 432//1 431//1
f 135//1 433//1 299//1
f 433//1 294//1 299//1
f 299//1 294//1 434//1
f 294//1 383//1 434//1
f 345//1 435//1 346//1
f 435//1 436//1 346//1
f 346//1 436//1 437//1
f 436//1 438//1 437//1
f 350//1 273//1 439//1
f 198//1 440//1 199//1
f 440//1 441//1 199//1
f 199//1 441//1 360//1
f 441//1 442//1 360//1
f 360//1 442//1 397//1
f 359//1 443//1 360//1
f 443//1 444//1 360//1
f 360//1 444//1 400//1
f 400//1 445//1 398//1
f 445//1 446//1 398//1
f 398//1 446//1 447//1
f 446//1 448//1 447//1
f 447//1 448//1 17//1
f 448//1 449//1 17//1
f 17//1 449//1 309//1
f 412//1 450//1 413//1
f 450//1 418//1 413//1
f 413//1 418//1 451//1
f 418//1 417//1 451//1
f 318//1 317//1 452//1
f 317//1 453//1 452//1
f 452//1 453//1 314//1
f 453//1 454//1 314//1
f 314//1 454//1 421//1
f 425//1 455//1 284//1
f 455//1 456//1 284//1
f 284//1 456//1 285//1
f 456//1 457//1 285//1
f 285//1 457//1 319//1
f 329//1 294//1 377//1
f 294//1 458//1 377//1
f 377//1 458//1 375//1
f 351//1 459//1 273//1
f 459//1 460//1 273//1
f 273//1 460//1 461//1
f 462//1 463//1 354//1
f 463//1 464//1 354//1
f 354//1 464//1 392//1
f 393//1 465//1 354//1
f 465//1 466//1 354//1
f 354//1 466//1 353//1
f 467//1 468//1 469//1
f 468//1 405//1 469//1
f 469//1 405//1 470//1
f 405//1 406//1 470//1
f 364//1 471//1 206//1
f 471//1 472//1 206//1
f 206//1 472//1 473//1
f 473//1 474//1 206//1
f 474//1 475//1 206//1
f 206//1 475//1 476//1
f 476//1 477//1 206//1
f 477//1 478//1 206//1
f 206//1 478//1 365//1
f 479//1 480//1 481//1
f 480//1 482//1 481//1
f 481//1 482//1 483//1
f 481//1 484//1 485//1
f 479//1 481//1 436//1
f 481//1 486//1 436//1
f 436//1 486//1 438//1
f 273//1 487//1 488//1
f 488//1 489//1 273//1
f 489//1 490//1 273//1
f 273//1 490//1 491//1
f 491//1 492//1 273//1
f 492//1 493//1 273//1
f 273//1 493//1 439//1
f 494//1 495//1 354//1
f 495//1 496//1 354//1
f 354//1 496//1 462//1
f 494//1 497//1 495//1
f 497//1 498//1 495//1
f 495//1 498//1 499//1
f 500//1 501//1 502//1
f 501//1 503//1 502//1
f 502//1 503//1 504//1
f 504//1 503//1 418//1
f 503//1 505//1 418//1
f 418//1 505//1 416//1
f 506//1 206//1 507//1
f 206//1 508//1 507//1
f 506//1 509//1 206//1
f 509//1 510//1 206//1
f 206//1 510//1 511//1
f 511//1 512//1 206//1
f 512//1 513//1 206//1
f 206//1 513//1 363//1
f 483//1 514//1 481//1
f 514//1 515//1 481//1
f 481//1 515//1 484//1
f 273//1 516//1 517//1
f 461//1 518//1 273//1
f 518//1 519//1 273//1
f 273//1 519//1 305//1
f 467//1 520//1 468//1
f 520//1 521//1 468//1
f 468//1 521//1 409//1
f 521//1 522//1 409//1
f 409//1 522//1 407//1
f 485//1 523//1 481//1
f 523//1 524//1 481//1
f 481//1 524//1 525//1
f 517//1 526//1 273//1
f 526//1 527//1 273//1
f 273//1 527//1 487//1
f 528//1 529//1 530//1
f 531//1 532//1 533//1
f 530//1 534//1 528//1
f 534//1 535//1 528//1
f 528//1 535//1 536//1
f 537//1 538//1 539//1
f 540//1 541//1 542//1
f 541//1 543//1 542//1
f 540//1 544//1 541//1
f 544//1 545//1 541//1
f 541//1 545//1 546//1
f 547//1 548//1 549//1
f 550//1 551//1 552//1
f 553//1 554//1 555//1
f 554//1 556//1 555//1
f 536//1 557//1 528//1
f 557//1 558//1 528//1
f 528//1 558//1 541//1
f 558//1 559//1 541//1
f 541//1 559//1 543//1
f 537//1 539//1 560//1
f 539//1 561//1 560//1
f 560//1 561//1 562//1
f 563//1 564//1 553//1
f 564//1 565//1 553//1
f 553//1 565//1 554//1
f 565//1 552//1 554//1
f 554//1 552//1 566//1
f 552//1 551//1 566//1
f 556//1 567//1 555//1
f 567//1 568//1 555//1
f 555//1 568//1 569//1
f 568//1 570//1 569//1
f 569//1 570//1 571//1
f 572//1 573//1 574//1
f 573//1 575//1 574//1
f 576//1 577//1 578//1
f 579//1 580//1 533//1
f 580//1 581//1 533//1
f 533//1 581//1 531//1
f 582//1 583//1 579//1
f 583//1 584//1 579//1
f 579//1 584//1 580//1
f 585//1 586//1 587//1
f 586//1 588//1 587//1
f 587//1 588//1 528//1
f 588//1 589//1 528//1
f 528//1 589//1 529//1
f 590//1 591//1 592//1
f 591//1 593//1 592//1
f 594//1 595//1 596//1
f 595//1 597//1 596//1
f 596//1 597//1 598//1
f 597//1 599//1 598//1
f 594//1 600//1 595//1
f 600//1 601//1 595//1
f 595//1 601//1 553//1
f 601//1 602//1 553//1
f 553//1 602//1 563//1
f 550//1 552//1 549//1
f 552//1 603//1 549//1
f 549//1 603//1 547//1
f 604//1 605//1 606//1
f 575//1 573//1 607//1
f 573//1 608//1 607//1
f 607//1 608//1 609//1
f 610//1 611//1 612//1
f 578//1 577//1 613//1
f 614//1 615//1 616//1
f 615//1 617//1 616//1
f 616//1 617//1 618//1
f 617//1 533//1 618//1
f 618//1 533//1 619//1
f 533//1 532//1 619//1
f 620//1 621//1 537//1
f 621//1 622//1 537//1
f 537//1 622//1 538//1
f 620//1 537//1 592//1
f 537//1 623//1 592//1
f 592//1 623//1 590//1
f 593//1 624//1 592//1
f 624//1 625//1 592//1
f 592//1 625//1 626//1
f 627//1 628//1 592//1
f 628//1 629//1 592//1
f 592//1 629//1 630//1
f 631//1 632//1 633//1
f 632//1 634//1 633//1
f 635//1 636//1 637//1
f 637//1 638//1 635//1
f 638//1 639//1 635//1
f 635//1 639//1 640//1
f 641//1 642//1 643//1
f 642//1 635//1 643//1
f 643//1 635//1 644//1
f 635//1 640//1 644//1
f 641//1 645//1 642//1
f 645//1 646//1 642//1
f 642//1 646//1 647//1
f 648//1 649//1 650//1
f 649//1 651//1 650//1
f 650//1 651//1 597//1
f 651//1 652//1 597//1
f 597//1 652//1 599//1
f 653//1 654//1 655//1
f 654//1 656//1 655//1
f 655//1 656//1 657//1
f 658//1 659//1 660//1
f 659//1 661//1 660//1
f 660//1 661//1 608//1
f 661//1 662//1 608//1
f 608//1 662//1 609//1
f 572//1 663//1 664//1
f 663//1 665//1 664//1
f 664//1 665//1 666//1
f 667//1 668//1 669//1
f 668//1 612//1 669//1
f 670//1 671//1 672//1
f 671//1 673//1 672//1
f 672//1 673//1 674//1
f 673//1 613//1 674//1
f 674//1 613//1 675//1
f 613//1 577//1 675//1
f 676//1 677//1 616//1
f 678//1 679//1 680//1
f 679//1 681//1 680//1
f 680//1 681//1 682//1
f 683//1 684//1 685//1
f 684//1 679//1 685//1
f 685//1 679//1 686//1
f 679//1 678//1 686//1
f 671//1 687//1 587//1
f 687//1 688//1 587//1
f 587//1 688//1 585//1
f 626//1 689//1 592//1
f 689//1 690//1 592//1
f 592//1 690//1 627//1
f 634//1 691//1 633//1
f 691//1 692//1 633//1
f 633//1 692//1 693//1
f 692//1 592//1 693//1
f 693//1 592//1 694//1
f 592//1 630//1 694//1
f 695//1 696//1 697//1
f 696//1 698//1 697//1
f 562//1 699//1 560//1
f 699//1 700//1 560//1
f 560//1 700//1 701//1
f 700//1 702//1 701//1
f 703//1 704//1 548//1
f 704//1 705//1 548//1
f 548//1 705//1 549//1
f 706//1 707//1 654//1
f 707//1 708//1 654//1
f 709//1 710//1 711//1
f 710//1 712//1 711//1
f 711//1 712//1 713//1
f 714//1 715//1 656//1
f 715//1 716//1 656//1
f 605//1 604//1 717//1
f 604//1 718//1 717//1
f 717//1 718//1 719//1
f 606//1 720//1 604//1
f 720//1 721//1 604//1
f 604//1 721//1 660//1
f 721//1 722//1 660//1
f 660//1 722//1 658//1
f 666//1 723//1 664//1
f 723//1 724//1 664//1
f 664//1 724//1 725//1
f 611//1 726//1 612//1
f 726//1 727//1 612//1
f 612//1 727//1 669//1
f 610//1 612//1 728//1
f 612//1 729//1 728//1
f 728//1 729//1 730//1
f 664//1 731//1 572//1
f 731//1 732//1 572//1
f 572//1 732//1 573//1
f 732//1 733//1 573//1
f 573//1 733//1 734//1
f 734//1 735//1 573//1
f 735//1 736//1 573//1
f 573//1 736//1 737//1
f 736//1 738//1 737//1
f 738//1 739//1 737//1
f 739//1 740//1 737//1
f 737//1 740//1 741//1
f 740//1 742//1 741//1
f 741//1 742//1 743//1
f 615//1 744//1 617//1
f 744//1 745//1 617//1
f 617//1 745//1 746//1
f 746//1 747//1 617//1
f 747//1 748//1 617//1
f 617//1 748//1 749//1
f 683//1 685//1 670//1
f 685//1 750//1 670//1
f 670//1 750//1 751//1
f 752//1 753//1 545//1
f 753//1 754//1 545//1
f 545//1 754//1 755//1
f 695//1 756//1 696//1
f 756//1 757//1 696//1
f 696//1 757//1 635//1
f 757//1 758//1 635//1
f 635//1 758//1 636//1
f 759//1 760//1 761//1
f 760//1 762//1 761//1
f 763//1 764//1 765//1
f 764//1 766//1 765//1
f 765//1 766//1 767//1
f 768//1 766//1 769//1
f 766//1 770//1 769//1
f 768//1 771//1 766//1
f 771//1 772//1 766//1
f 766//1 772//1 767//1
f 773//1 774//1 775//1
f 774//1 776//1 775//1
f 777//1 711//1 778//1
f 716//1 779//1 656//1
f 779//1 780//1 656//1
f 656//1 780//1 657//1
f 571//1 781//1 569//1
f 781//1 782//1 569//1
f 569//1 782//1 783//1
f 782//1 784//1 783//1
f 783//1 784//1 785//1
f 786//1 787//1 788//1
f 789//1 730//1 790//1
f 730//1 791//1 790//1
f 792//1 793//1 794//1
f 676//1 616//1 795//1
f 677//1 796//1 616//1
f 796//1 797//1 616//1
f 616//1 797//1 798//1
f 798//1 799//1 616//1
f 799//1 800//1 616//1
f 616//1 800//1 614//1
f 801//1 802//1 803//1
f 582//1 579//1 682//1
f 579//1 804//1 682//1
f 682//1 804//1 680//1
f 805//1 806//1 807//1
f 808//1 809//1 545//1
f 809//1 810//1 545//1
f 755//1 811//1 545//1
f 811//1 812//1 545//1
f 545//1 812//1 546//1
f 813//1 814//1 631//1
f 814//1 815//1 631//1
f 631//1 815//1 632//1
f 815//1 816//1 632//1
f 632//1 816//1 817//1
f 647//1 701//1 642//1
f 701//1 702//1 642//1
f 642//1 702//1 818//1
f 702//1 819//1 818//1
f 818//1 819//1 820//1
f 819//1 821//1 820//1
f 820//1 821//1 759//1
f 821//1 822//1 759//1
f 759//1 822//1 760//1
f 762//1 823//1 761//1
f 823//1 824//1 761//1
f 761//1 824//1 650//1
f 824//1 825//1 650//1
f 650//1 825//1 648//1
f 826//1 827//1 763//1
f 828//1 829//1 770//1
f 829//1 830//1 770//1
f 770//1 830//1 769//1
f 708//1 831//1 654//1
f 831//1 832//1 654//1
f 654//1 832//1 833//1
f 833//1 834//1 654//1
f 834//1 835//1 654//1
f 654//1 835//1 836//1
f 836//1 837//1 654//1
f 837//1 838//1 654//1
f 654//1 838//1 839//1
f 713//1 840//1 711//1
f 840//1 841//1 711//1
f 711//1 841//1 778//1
f 842//1 843//1 844//1
f 843//1 845//1 844//1
f 844//1 845//1 846//1
f 667//1 847//1 668//1
f 847//1 848//1 668//1
f 668//1 848//1 849//1
f 848//1 850//1 849//1
f 849//1 850//1 725//1
f 850//1 851//1 725//1
f 725//1 851//1 664//1
f 743//1 852//1 741//1
f 852//1 853//1 741//1
f 741//1 853//1 854//1
f 853//1 855//1 854//1
f 854//1 855//1 856//1
f 792//1 794//1 616//1
f 794//1 857//1 616//1
f 616//1 857//1 795//1
f 858//1 859//1 860//1
f 859//1 861//1 860//1
f 862//1 863//1 671//1
f 863//1 864//1 671//1
f 671//1 864//1 865//1
f 865//1 866//1 671//1
f 866//1 867//1 671//1
f 671//1 867//1 687//1
f 868//1 805//1 869//1
f 805//1 870//1 869//1
f 806//1 805//1 545//1
f 805//1 871//1 545//1
f 545//1 871//1 808//1
f 810//1 872//1 545//1
f 872//1 873//1 545//1
f 545//1 873//1 874//1
f 874//1 875//1 545//1
f 875//1 876//1 545//1
f 545//1 876//1 752//1
f 877//1 878//1 879//1
f 880//1 881//1 882//1
f 881//1 814//1 882//1
f 882//1 814//1 883//1
f 884//1 885//1 886//1
f 885//1 887//1 886//1
f 888//1 889//1 890//1
f 889//1 885//1 890//1
f 890//1 885//1 891//1
f 885//1 884//1 891//1
f 888//1 890//1 816//1
f 890//1 892//1 816//1
f 816//1 892//1 893//1
f 893//1 894//1 816//1
f 894//1 895//1 816//1
f 816//1 895//1 817//1
f 896//1 897//1 763//1
f 897//1 898//1 763//1
f 763//1 898//1 764//1
f 898//1 899//1 764//1
f 899//1 900//1 764//1
f 764//1 900//1 901//1
f 706//1 654//1 902//1
f 654//1 653//1 902//1
f 902//1 653//1 775//1
f 653//1 903//1 775//1
f 775//1 903//1 904//1
f 904//1 905//1 775//1
f 905//1 906//1 775//1
f 775//1 906//1 773//1
f 907//1 908//1 909//1
f 908//1 910//1 909//1
f 910//1 911//1 909//1
f 909//1 911//1 912//1
f 844//1 786//1 842//1
f 786//1 788//1 842//1
f 842//1 788//1 913//1
f 788//1 783//1 913//1
f 913//1 783//1 914//1
f 783//1 785//1 914//1
f 856//1 915//1 854//1
f 915//1 916//1 854//1
f 854//1 916//1 578//1
f 916//1 917//1 578//1
f 578//1 917//1 576//1
f 801//1 803//1 860//1
f 803//1 918//1 860//1
f 860//1 918//1 858//1
f 749//1 919//1 617//1
f 919//1 860//1 617//1
f 617//1 860//1 920//1
f 860//1 861//1 920//1
f 751//1 921//1 670//1
f 921//1 922//1 670//1
f 670//1 922//1 671//1
f 922//1 923//1 671//1
f 671//1 923//1 862//1
f 807//1 924//1 805//1
f 924//1 925//1 805//1
f 805//1 925//1 870//1
f 868//1 926//1 805//1
f 926//1 927//1 805//1
f 805//1 927//1 928//1
f 813//1 929//1 814//1
f 929//1 930//1 814//1
f 814//1 930//1 931//1
f 698//1 696//1 932//1
f 696//1 933//1 932//1
f 932//1 933//1 934//1
f 935//1 936//1 937//1
f 938//1 939//1 940//1
f 939//1 941//1 940//1
f 940//1 941//1 776//1
f 941//1 942//1 776//1
f 776//1 942//1 775//1
f 907//1 909//1 838//1
f 909//1 943//1 838//1
f 838//1 943//1 944//1
f 944//1 945//1 838//1
f 945//1 946//1 838//1
f 838//1 946//1 839//1
f 777//1 778//1 947//1
f 778//1 948//1 947//1
f 947//1 948//1 656//1
f 948//1 949//1 656//1
f 656//1 949//1 714//1
f 709//1 711//1 846//1
f 711//1 950//1 846//1
f 846//1 950//1 844//1
f 787//1 951//1 788//1
f 951//1 952//1 788//1
f 788//1 952//1 718//1
f 952//1 953//1 718//1
f 718//1 953//1 719//1
f 791//1 730//1 954//1
f 730//1 729//1 954//1
f 954//1 729//1 955//1
f 729//1 956//1 955//1
f 955//1 956//1 957//1
f 957//1 958//1 955//1
f 958//1 959//1 955//1
f 955//1 959//1 960//1
f 960//1 961//1 955//1
f 961//1 962//1 955//1
f 955//1 962//1 963//1
f 802//1 964//1 803//1
f 964//1 965//1 803//1
f 803//1 965//1 966//1
f 966//1 967//1 803//1
f 967//1 968//1 803//1
f 803//1 968//1 969//1
f 931//1 970//1 814//1
f 970//1 971//1 814//1
f 814//1 971//1 972//1
f 972//1 973//1 814//1
f 973//1 974//1 814//1
f 814//1 974//1 883//1
f 880//1 882//1 879//1
f 882//1 975//1 879//1
f 879//1 975//1 877//1
f 878//1 976//1 879//1
f 976//1 977//1 879//1
f 879//1 977//1 978//1
f 763//1 979//1 980//1
f 981//1 982//1 983//1
f 901//1 984//1 764//1
f 984//1 937//1 764//1
f 764//1 937//1 985//1
f 937//1 936//1 985//1
f 828//1 770//1 986//1
f 770//1 987//1 986//1
f 986//1 987//1 548//1
f 987//1 988//1 548//1
f 548//1 988//1 703//1
f 989//1 990//1 963//1
f 990//1 991//1 963//1
f 963//1 991//1 992//1
f 993//1 994//1 790//1
f 994//1 995//1 790//1
f 790//1 995//1 789//1
f 993//1 996//1 994//1
f 996//1 997//1 994//1
f 994//1 997//1 998//1
f 999//1 1000//1 1001//1
f 934//1 1002//1 932//1
f 1002//1 1003//1 932//1
f 932//1 1003//1 1004//1
f 979//1 763//1 1005//1
f 763//1 1006//1 1005//1
f 1005//1 1006//1 1007//1
f 980//1 1008//1 763//1
f 1008//1 1009//1 763//1
f 763//1 1009//1 826//1
f 827//1 1010//1 763//1
f 1010//1 1011//1 763//1
f 763//1 1011//1 896//1
f 982//1 1012//1 983//1
f 1012//1 1013//1 983//1
f 983//1 1013//1 1014//1
f 1015//1 1016//1 1017//1
f 981//1 983//1 937//1
f 983//1 1018//1 937//1
f 937//1 1018//1 935//1
f 992//1 1019//1 963//1
f 1019//1 1020//1 963//1
f 963//1 1020//1 1021//1
f 1021//1 1022//1 963//1
f 1022//1 1023//1 963//1
f 963//1 1023//1 955//1
f 998//1 1024//1 994//1
f 1024//1 999//1 994//1
f 994//1 999//1 1025//1
f 999//1 1001//1 1025//1
f 1026//1 1027//1 1028//1
f 1029//1 1028//1 1030//1
f 1028//1 1031//1 1030//1
f 1029//1 1032//1 1028//1
f 1032//1 1033//1 1028//1
f 1028//1 1033//1 1034//1
f 1034//1 1035//1 1028//1
f 1035//1 1036//1 1028//1
f 1028//1 1036//1 1037//1
f 1015//1 1017//1 1013//1
f 1017//1 1038//1 1013//1
f 1013//1 1038//1 1014//1
f 1039//1 1040//1 989//1
f 1040//1 1041//1 989//1
f 989//1 1041//1 990//1
f 1004//1 1042//1 932//1
f 1042//1 1043//1 932//1
f 932//1 1043//1 1028//1
f 1043//1 1044//1 1028//1
f 1028//1 1044//1 1026//1
f 1045//1 1046//1 1047//1
f 1016//1 1048//1 1017//1
f 1048//1 1049//1 1017//1
f 1017//1 1049//1 1050//1
f 1027//1 1051//1 1028//1
f 1051//1 1052//1 1028//1
f 1028//1 1052//1 1031//1
f 1037//1 1053//1 1028//1
f 1053//1 1045//1 1028//1
f 1028//1 1045//1 1054//1
f 1045//1 1047//1 1054//1
f 1055//2 1056//2 1057//2
f 1056//2 1058//2 1057//2
f 1059//2 1060//2 1056//2
f 1060//2 1061//2 1056//2
f 1056//2 1061//2 1062//2
f 1063//2 1064//2 1062//2
f 1065//2 541//2 1056//2
f 541//2 1066//2 1056//2
f 1056//2 1066//2 1059//2
f 1067//2 1068//2 1069//2
f 1070//2 1071//2 1056//2
f 1072//2 1073//2 1056//2
f 1073//2 1074//2 1056//2
f 1056//2 1074//2 1075//2
f 1055//2 1076//2 1056//2
f 1076//2 1077//2 1056//2
f 1056//2 1077//2 1078//2
f 44//2 1056//2 1079//2
f 1056//2 1080//2 1079//2
f 1081//2 1082//2 1083//2
f 1063//2 1062//2 1084//2
f 1062//2 1085//2 1084//2
f 1084//2 1085//2 1086//2
f 1084//2 1087//2 1088//2
f 1088//2 1089//2 1084//2
f 1089//2 1067//2 1084//2
f 1084//2 1067//2 1090//2
f 1067//2 1069//2 1090//2
f 1075//2 1091//2 1056//2
f 1091//2 1092//2 1056//2
f 1056//2 1092//2 1058//2
f 1093//2 1094//2 1095//2
f 1086//2 1096//2 1084//2
f 1096//2 1097//2 1084//2
f 1084//2 1097//2 1087//2
f 1098//2 1099//2 1100//2
f 1099//2 1101//2 1100//2
f 1100//2 1101//2 1102//2
f 1101//2 1103//2 1102//2
f 1071//2 1104//2 1056//2
f 1104//2 1105//2 1056//2
f 1056//2 1105//2 1072//2
f 1106//2 1107//2 1056//2
f 1108//2 1109//2 1083//2
f 1109//2 1110//2 1083//2
f 1083//2 1110//2 1111//2
f 1112//2 1113//2 1083//2
f 1113//2 1114//2 1083//2
f 1101//2 1115//2 1103//2
f 1115//2 1116//2 1103//2
f 1103//2 1116//2 1067//2
f 1116//2 1117//2 1067//2
f 1067//2 1117//2 1068//2
f 1064//2 1118//2 1062//2
f 1118//2 1119//2 1062//2
f 1062//2 1119//2 1056//2
f 1119//2 1120//2 1056//2
f 1056//2 1120//2 1070//2
f 1121//2 1122//2 1095//2
f 1093//2 1095//2 1078//2
f 1095//2 1123//2 1078//2
f 1078//2 1123//2 1124//2
f 1111//2 1125//2 1083//2
f 1125//2 1126//2 1083//2
f 1083//2 1126//2 1127//2
f 1128//2 1129//2 1083//2
f 1129//2 1130//2 1083//2
f 1083//2 1130//2 1112//2
f 1122//2 1131//2 1095//2
f 1131//2 1132//2 1095//2
f 1095//2 1132//2 1133//2
f 1124//2 1134//2 1078//2
f 1134//2 1135//2 1078//2
f 1078//2 1135//2 1056//2
f 1135//2 1136//2 1056//2
f 1056//2 1136//2 1106//2
f 1107//2 1137//2 1056//2
f 1137//2 1138//2 1056//2
f 1056//2 1138//2 1080//2
f 1127//2 1139//2 1083//2
f 1139//2 1140//2 1083//2
f 1083//2 1140//2 1128//2
f 1114//2 1141//2 1083//2
f 1141//2 1142//2 1083//2
f 1083//2 1142//2 1143//2
f 1144//2 1145//2 1099//2
f 1145//2 1146//2 1099//2
f 1094//2 1147//2 1095//2
f 1147//2 1148//2 1095//2
f 1095//2 1148//2 1149//2
f 1082//2 1150//2 1083//2
f 1150//2 1151//2 1083//2
f 1083//2 1151//2 1152//2
f 1152//2 1153//2 1083//2
f 1153//2 1154//2 1083//2
f 1083//2 1154//2 1155//2
f 1155//2 1156//2 1083//2
f 1156//2 1157//2 1083//2
f 1083//2 1157//2 1158//2
f 1158//2 1159//2 1083//2
f 1159//2 1160//2 1083//2
f 1083//2 1160//2 1108//2
f 1161//2 1162//2 1163//2
f 1162//2 1083//2 1163//2
f 1163//2 1083//2 1164//2
f 1083//2 1143//2 1164//2
f 1165//2 1166//2 1163//2
f 1166//2 1167//2 1163//2
f 1163//2 1167//2 1161//2
f 1098//2 1168//2 1099//2
f 1168//2 1169//2 1099//2
f 1099//2 1169//2 1170//2
f 1170//2 1171//2 1099//2
f 1171//2 1172//2 1099//2
f 1099//2 1172//2 1173//2
f 1146//2 1174//2 1099//2
f 1174//2 1175//2 1099//2
f 1099//2 1175//2 1176//2
f 1177//2 1178//2 1179//2
f 1149//2 1180//2 1095//2
f 1180//2 1181//2 1095//2
f 1095//2 1181//2 1121//2
f 1083//2 1182//2 1081//2
f 1182//2 1183//2 1081//2
f 1081//2 1183//2 1184//2
f 1183//2 1185//2 1184//2
f 1184//2 1185//2 1133//2
f 1185//2 1186//2 1133//2
f 1133//2 1186//2 1095//2
f 1173//2 1187//2 1099//2
f 1187//2 1188//2 1099//2
f 1099//2 1188//2 1144//2
f 1178//2 1189//2 1179//2
f 1189//2 1190//2 1179//2
f 1179//2 1190//2 1191//2
f 1192//2 1193//2 1194//2
f 1193//2 1195//2 1194//2
f 1176//2 1196//2 1099//2
f 1196//2 1194//2 1099//2
f 1099//2 1194//2 1197//2
f 1194//2 1198//2 1197//2
f 1191//2 1190//2 1199//2
f 1190//2 1200//2 1199//2
f 1199//2 1200//2 1201//2
f 1177//2 1179//2 1194//2
f 1179//2 1202//2 1194//2
f 1194//2 1202//2 1192//2
f 1195//2 1203//2 1194//2
f 1203//2 1204//2 1194//2
f 1194//2 1204//2 1198//2
f 1201//2 1205//2 1199//2
f 1205//2 1206//2 1199//2
f 1199//2 1206//2 1207//2
f 1208//2 1209//2 1210//2
f 1209//2 1211//2 1210//2
f 1210//2 1211//2 1212//2
f 42//2 1213//2 1214//2
f 1215//2 1216//2 1217//2
f 1218//2 1219//2 1217//2
f 1219//2 1220//2 1217//2
f 1220//2 1221//2 1217//2
f 1221//2 1222//2 1217//2
f 1217//2 1222//2 1223//2
f 1224//2 1225//2 1210//2
f 1210//2 1226//2 1227//2
f 1228//2 1229//2 1230//2
f 1229//2 1231//2 1230//2
f 1232//2 1233//2 1234//2
f 1233//2 1235//2 1234//2
f 1234//2 1235//2 1236//2
f 1235//2 1237//2 1236//2
f 1236//2 1237//2 42//2
f 1237//2 1238//2 42//2
f 42//2 1238//2 1213//2
f 1239//2 1240//2 1217//2
f 1240//2 1241//2 1217//2
f 1217//2 1241//2 1242//2
f 1242//2 1243//2 1217//2
f 1243//2 1244//2 1217//2
f 1217//2 1244//2 696//2
f 1245//2 1246//2 1247//2
f 1227//2 1248//2 1210//2
f 1248//2 1230//2 1210//2
f 1210//2 1230//2 1249//2
f 1230//2 1231//2 1249//2
f 1250//2 1251//2 1208//2
f 1251//2 1252//2 1208//2
f 1252//2 1253//2 1208//2
f 1208//2 1253//2 1254//2
f 1254//2 1255//2 1208//2
f 1255//2 1256//2 1208//2
f 1208//2 1256//2 1209//2
f 1257//2 1258//2 1259//2
f 1216//2 1260//2 1217//2
f 1260//2 1261//2 1217//2
f 1217//2 1261//2 1218//2
f 1262//2 1263//2 1264//2
f 1265//2 1223//2 1266//2
f 1223//2 1267//2 1266//2
f 1245//2 1247//2 1230//2
f 1247//2 1268//2 1230//2
f 1230//2 1268//2 1228//2
f 1269//2 1270//2 1208//2
f 1270//2 1271//2 1208//2
f 1259//2 1272//2 1257//2
f 1272//2 1273//2 1257//2
f 1257//2 1273//2 1274//2
f 1275//2 1276//2 1217//2
f 1277//2 1278//2 1279//2
f 1278//2 1280//2 1279//2
f 1279//2 1280//2 1281//2
f 1263//2 1262//2 1281//2
f 1262//2 1282//2 1281//2
f 1281//2 1282//2 1279//2
f 1212//2 1283//2 1210//2
f 1283//2 1284//2 1210//2
f 1210//2 1284//2 1285//2
f 1285//2 1286//2 1210//2
f 1286//2 1287//2 1210//2
f 1210//2 1287//2 1224//2
f 1288//2 1210//2 1289//2
f 1210//2 1290//2 1289//2
f 1288//2 1291//2 1210//2
f 1291//2 1292//2 1210//2
f 1210//2 1292//2 1226//2
f 1232//2 1234//2 1208//2
f 1234//2 1293//2 1208//2
f 1208//2 1293//2 1269//2
f 1271//2 1294//2 1208//2
f 1294//2 1295//2 1208//2
f 1208//2 1295//2 1250//2
f 1214//2 1296//2 42//2
f 1296//2 1297//2 42//2
f 42//2 1297//2 1257//2
f 1297//2 1298//2 1257//2
f 1257//2 1298//2 1258//2
f 1274//2 1299//2 1257//2
f 1299//2 1300//2 1257//2
f 1257//2 1300//2 1217//2
f 1300//2 1301//2 1217//2
f 1217//2 1301//2 1275//2
f 1264//2 1302//2 1262//2
f 1302//2 1303//2 1262//2
f 1262//2 1303//2 1304//2
f 1305//2 1306//2 1304//2
f 1306//2 1307//2 1304//2
f 1304//2 1307//2 1262//2
f 1267//2 1223//2 1279//2
f 1223//2 1308//2 1279//2
f 1279//2 1308//2 1277//2
f 1225//2 1309//2 1210//2
f 1309//2 1310//2 1210//2
f 1210//2 1310//2 1290//2
f 1265//2 1311//2 1223//2
f 1311//2 1312//2 1223//2
f 1223//2 1312//2 1217//2
f 1312//2 1313//2 1217//2
f 1217//2 1313//2 1239//2
f 1246//2 1314//2 1247//2
f 1314//2 1315//2 1247//2
f 1247//2 1315//2 1316//2
f 1317//2 1318//2 1319//2
f 1318//2 1320//2 1319//2
f 1316//2 1321//2 1247//2
f 1321//2 1320//2 1247//2
f 1247//2 1320//2 1322//2
f 1320//2 1318//2 1322//2
f 1276//2 1323//2 1217//2
f 1323//2 1324//2 1217//2
f 1217//2 1324//2 1215//2
f 1325//2 1326//2 1327//2
f 1328//2 1329//2 1305//2
f 1330//2 1331//2 1305//2
f 1331//2 1332//2 1305//2
f 1305//2 1332//2 1333//2
f 1333//2 1334//2 1305//2
f 1334//2 1335//2 1305//2
f 1305//2 1335//2 1336//2
f 1329//2 1337//2 1305//2
f 1337//2 1338//2 1305//2
f 1305//2 1338//2 1330//2
f 1336//2 1339//2 1305//2
f 1339//2 1340//2 1305//2
f 1305//2 1340//2 1306//2
f 1341//2 1342//2 1326//2
f 1328//2 1305//2 1326//2
f 1305//2 1343//2 1326//2
f 1326//2 1343//2 1341//2
f 1342//2 1344//2 1326//2
f 1344//2 1345//2 1326//2
f 1326//2 1345//2 1327//2
f 1346//2 1347//2 1327//2
f 1347//2 1348//2 1327//2
f 1327//2 1348//2 1349//2
f 1349//2 1350//2 1327//2
f 1350//2 1351//2 1327//2
f 1327//2 1351//2 1325//2
f 1352//2 1353//2 1327//2
f 1353//2 1354//2 1327//2
f 1327//2 1354//2 1346//2
f 1355//2 1356//2 1357//2
f 1356//2 1358//2 1357//2
f 1352//2 1359//2 1353//2
f 1359//2 1356//2 1353//2
f 1353//2 1356//2 1360//2
f 1356//2 1355//2 1360//2
f 1361//3 64//3 1362//3
f 64//3 66//3 1362//3
f 1362//4 66//4 1363//4
f 66//4 113//4 1363//4
f 1363//5 113//5 1364//5
f 113//5 111//5 1364//5
f 1364//6 111//6 1365//6
f 111//6 355//6 1365//6
f 1365//7 355//7 1366//7
f 355//7 307//7 1366//7
f 1366//8 307//8 1367//8
f 307//8 237//8 1367//8
f 1367//9 237//9 1368//9
f 237//9 201//9 1368//9
f 1368//10 201//10 1369//10
f 201//10 199//10 1369//10
f 1369//11 199//11 1370//11
f 199//11 405//11 1370//11
f 1370//12 405//12 1371//12
f 405//12 468//12 1371//12
f 1371//13 468//13 1372//13
f 468//13 409//13 1372//13
f 1372//14 409//14 1373//14
f 409//14 243//14 1373//14
f 1373//15 243//15 1374//15
f 243//15 241//15 1374//15
f 1374//16 241//16 1375//16
f 241//16 285//16 1375//16
f 1375//17 285//17 1376//17
f 285//17 289//17 1376//17
f 1376//18 289//18 1377//18
f 289//18 368//18 1377//18
f 1377//19 368//19 1378//19
f 368//19 246//19 1378//19
f 1378//20 246//20 1379//20
f 246//20 20//20 1379//20
f 1379//21 20//21 1380//21
f 20//21 22//21 1380//21
f 1380//22 22//22 1381//22
f 22//22 251//22 1381//22
f 1381//23 251//23 1382//23
f 251//23 155//23 1382//23
f 1382//24 155//24 1383//24
f 155//24 156//24 1383//24
f 1383//25 156//25 1384//25
f 156//25 158//25 1384//25
f 1384//26 158//26 1385//26
f 158//26 210//26 1385//26
f 1385//27 210//27 1386//27
f 210//27 32//27 1386//27
f 1386//28 32//28 1387//28
f 32//28 34//28 1387//28
f 1387//29 34//29 1388//29
f 34//29 39//29 1388//29
f 1389//2 1390//2 1391//2
f 1392//2 1393//2 1394//2
f 1393//2 1395//2 1394//2
f 1394//2 1395//2 1396//2
f 1397//2 1398//2 1399//2
f 1398//2 1400//2 1399//2
f 1401//2 1402//2 1403//2
f 1404//2 1405//2 1393//2
f 1405//2 1406//2 1393//2
f 1393//2 1406//2 1407//2
f 1396//2 1395//2 1408//2
f 1395//2 1409//2 1408//2
f 1408//2 1409//2 1410//2
f 1409//2 1411//2 1410//2
f 1410//2 1411//2 1412//2
f 1411//2 1413//2 1412//2
f 1412//2 1413//2 1414//2
f 1413//2 1415//2 1414//2
f 1414//2 1415//2 1416//2
f 1417//2 1418//2 1392//2
f 1407//2 1419//2 1393//2
f 1419//2 1420//2 1393//2
f 1393//2 1420//2 1421//2
f 1390//2 1422//2 1391//2
f 1422//2 1423//2 1391//2
f 1391//2 1423//2 1392//2
f 1423//2 1424//2 1392//2
f 1392//2 1424//2 1417//2
f 1418//2 1425//2 1392//2
f 1425//2 1426//2 1392//2
f 1392//2 1426//2 1427//2
f 1421//2 1428//2 1393//2
f 1428//2 1429//2 1393//2
f 1393//2 1429//2 1430//2
f 1429//2 1431//2 1430//2
f 1430//2 1431//2 1432//2
f 1432//2 1433//2 1430//2
f 1433//2 1434//2 1430//2
f 1430//2 1434//2 1403//2
f 1434//2 1435//2 1403//2
f 1403//2 1435//2 1401//2
f 1436//2 1437//2 1438//2
f 1437//2 1439//2 1438//2
f 1436//2 1440//2 1437//2
f 1440//2 1441//2 1437//2
f 1437//2 1441//2 1442//2
f 1441//2 1443//2 1442//2
f 1442//2 1443//2 1444//2
f 1443//2 1445//2 1444//2
f 1444//2 1445//2 1446//2
f 1445//2 1447//2 1446//2
f 1446//2 1447//2 1400//2
f 1447//2 1448//2 1400//2
f 1400//2 1448//2 1399//2
f 1436//2 1449//2 1440//2
f 1449//2 1450//2 1440//2
f 1440//2 1450//2 1451//2
f 1452//2 1453//2 1454//2
f 1453//2 1455//2 1454//2
f 1454//2 1455//2 1456//2
f 1456//2 1457//2 1454//2
f 1457//2 1458//2 1454//2
f 1454//2 1458//2 1391//2
f 1458//2 1459//2 1391//2
f 1391//2 1459//2 1389//2
f 1427//2 1460//2 1392//2
f 1460//2 1461//2 1392//2
f 1392//2 1461//2 1393//2
f 1461//2 1462//2 1393//2
f 1393//2 1462//2 1404//2
f 1402//2 1463//2 1403//2
f 1463//2 1464//2 1403//2
f 1403//2 1464//2 1465//2
f 1464//2 1466//2 1465//2
f 1465//2 1466//2 1467//2
f 1468//2 1469//2 1437//2
f 1469//2 1470//2 1437//2
f 1437//2 1470//2 1471//2
f 1471//2 1472//2 1437//2
f 1472//2 1473//2 1437//2
f 1437//2 1473//2 1439//2
f 1474//2 1475//2 1476//2
f 1477//2 1478//2 1479//2
f 1478//2 1480//2 1479//2
f 1467//2 1481//2 1465//2
f 1481//2 1482//2 1465//2
f 1465//2 1482//2 1437//2
f 1482//2 1483//2 1437//2
f 1437//2 1483//2 1468//2
f 1476//2 1484//2 1474//2
f 1484//2 1485//2 1474//2
f 1474//2 1485//2 1478//2
f 1485//2 1486//2 1478//2
f 1478//2 1486//2 1480//2
f 1477//2 1487//2 1478//2
f 1487//2 1488//2 1478//2
f 1478//2 1488//2 1454//2
f 1488//2 1489//2 1454//2
f 1454//2 1489//2 1452//2
f 1451//2 1490//2 1440//2
f 1490//2 1491//2 1440//2
f 1440//2 1491//2 1492//2
f 1492//2 1493//2 1440//2
f 1493//2 1494//2 1440//2
f 1440//2 1494//2 1474//2
f 1494//2 1495//2 1474//2
f 1474//2 1495//2 1475//2
f 1496//2 1497//2 1498//2
f 1497//2 1499//2 1498//2
f 1498//2 1499//2 1500//2
f 1500//2 1501//2 1498//2
f 1501//2 1502//2 1498//2
f 1498//2 1502//2 1503//2
f 1504//2 1505//2 1506//2
f 1507//2 1508//2 1498//2
f 1508//2 1509//2 1498//2
f 1498//2 1509//2 1496//2
f 1503//2 1510//2 1498//2
f 1510//2 1511//2 1498//2
f 1498//2 1511//2 1512//2
f 1513//2 1514//2 1515//2
f 1514//2 1506//2 1515//2
f 1515//2 1506//2 1516//2
f 1505//2 1517//2 1506//2
f 1517//2 1518//2 1506//2
f 1506//2 1518//2 1516//2
f 1519//2 1520//2 1506//2
f 1520//2 1521//2 1506//2
f 1506//2 1521//2 1522//2
f 1512//2 1523//2 1498//2
f 1523//2 1524//2 1498//2
f 1498//2 1524//2 1506//2
f 1524//2 1525//2 1506//2
f 1506//2 1525//2 1519//2
f 1522//2 1526//2 1506//2
f 1526//2 1527//2 1506//2
f 1506//2 1527//2 1504//2
f 1528//16 1529//16 1530//16
f 1531//16 1532//16 1388//16
f 1532//16 1533//16 1388//16
f 1534//16 1535//16 1388//16
f 1535//16 1536//16 1388//16
f 1388//16 1536//16 1537//16
f 1538//16 1528//16 1539//16
f 1528//16 1540//16 1539//16
f 1538//16 1541//16 1528//16
f 1541//16 1542//16 1528//16
f 1528//16 1542//16 1257//16
f 1542//16 1543//16 1257//16
f 1543//16 1544//16 1257//16
f 1544//16 1545//16 1257//16
f 1257//16 1545//16 1546//16
f 1547//16 1548//16 1388//16
f 1528//16 1549//16 1550//16
f 1551//16 1552//16 1528//16
f 1552//16 1553//16 1528//16
f 1528//16 1553//16 1540//16
f 39//16 1554//16 1555//16
f 1533//16 1556//16 1388//16
f 1556//16 1557//16 1388//16
f 1388//16 1557//16 1558//16
f 1558//16 1559//16 1388//16
f 1559//16 1560//16 1388//16
f 1388//16 1560//16 1561//16
f 1561//16 1562//16 1388//16
f 1562//16 1563//16 1388//16
f 1388//16 1563//16 1564//16
f 1564//16 1565//16 1388//16
f 1565//16 1566//16 1388//16
f 1388//16 1566//16 1534//16
f 1528//16 1567//16 1529//16
f 1567//16 1568//16 1529//16
f 1529//16 1568//16 1569//16
f 1568//16 1570//16 1569//16
f 1571//16 1572//16 1568//16
f 1572//16 1573//16 1568//16
f 1573//16 1574//16 1568//16
f 1574//16 1575//16 1568//16
f 1568//16 1575//16 1576//16
f 1550//16 1577//16 1528//16
f 1577//16 1578//16 1528//16
f 1528//16 1578//16 1551//16
f 1546//16 1579//16 1257//16
f 1579//16 1580//16 1257//16
f 1257//16 1580//16 1581//16
f 1537//16 1582//16 1388//16
f 1582//16 1583//16 1388//16
f 1388//16 1583//16 1568//16
f 1583//16 1584//16 1568//16
f 1568//16 1584//16 1571//16
f 1576//16 1585//16 1568//16
f 1585//16 1586//16 1568//16
f 1568//16 1586//16 1570//16
f 1530//16 1587//16 1528//16
f 1587//16 1588//16 1528//16
f 1528//16 1588//16 1589//16
f 1589//16 1590//16 1528//16
f 1590//16 1591//16 1528//16
f 1528//16 1591//16 1592//16
f 1592//16 1593//16 1528//16
f 1593//16 1594//16 1528//16
f 1528//16 1594//16 1595//16
f 1595//16 1596//16 1528//16
f 1596//16 1597//16 1528//16
f 1528//16 1597//16 1598//16
f 1547//16 1388//16 1599//16
f 1598//16 1600//16 1528//16
f 1600//16 1601//16 1528//16
f 1528//16 1601//16 1602//16
f 1555//16 1603//16 39//16
f 1603//16 1604//16 39//16
f 39//16 1604//16 1388//16
f 1604//16 1605//16 1388//16
f 1388//16 1605//16 1599//16
f 1606//16 1607//16 1548//16
f 1607//16 1608//16 1548//16
f 1548//16 1608//16 1388//16
f 1608//16 1609//16 1388//16
f 1388//16 1609//16 1531//16
f 1610//16 1257//16 1611//16
f 1257//16 1612//16 1611//16
f 1613//16 1614//16 1548//16
f 1614//16 1615//16 1548//16
f 1548//16 1615//16 1616//16
f 1581//16 1617//16 1257//16
f 1617//16 1618//16 1257//16
f 1257//16 1618//16 1612//16
f 1610//16 1619//16 1257//16
f 1619//16 1620//16 1257//16
f 1257//16 1620//16 1621//16
f 1622//16 1623//16 39//16
f 1623//16 1624//16 39//16
f 1625//16 1626//16 39//16
f 1626//16 1627//16 39//16
f 39//16 1627//16 1554//16
f 1602//16 1628//16 1528//16
f 1628//16 1629//16 1528//16
f 1528//16 1629//16 1549//16
f 1629//16 1630//16 1549//16
f 1624//16 1631//16 39//16
f 1631//16 1632//16 39//16
f 39//16 1632//16 1625//16
f 1613//16 1548//16 1633//16
f 1548//16 1634//16 1633//16
f 1633//16 1634//16 1635//16
f 1636//16 1637//16 1633//16
f 1637//16 1638//16 1633//16
f 1548//16 1639//16 1640//16
f 1621//16 1641//16 1257//16
f 1641//16 1642//16 1257//16
f 1257//16 1642//16 42//16
f 1642//16 1643//16 42//16
f 42//16 1643//16 1644//16
f 1644//16 1645//16 42//16
f 1645//16 1646//16 42//16
f 42//16 1646//16 1647//16
f 1635//16 1648//16 1633//16
f 1648//16 1649//16 1633//16
f 1633//16 1649//16 1636//16
f 1638//16 1650//16 1633//16
f 1650//16 1651//16 1633//16
f 1633//16 1651//16 1652//16
f 1653//16 1654//16 1655//16
f 1616//16 1656//16 1548//16
f 1656//16 1657//16 1548//16
f 1548//16 1657//16 1639//16
f 1640//16 1658//16 1548//16
f 1658//16 1659//16 1548//16
f 1548//16 1659//16 1606//16
f 1647//16 1660//16 42//16
f 1660//16 1661//16 42//16
f 42//16 1661//16 39//16
f 1661//16 1662//16 39//16
f 39//16 1662//16 1622//16
f 1652//16 1663//16 1633//16
f 1663//16 1664//16 1633//16
f 1633//16 1664//16 1665//16
f 1654//16 1666//16 1655//16
f 1666//16 1667//16 1655//16
f 1655//16 1667//16 1668//16
f 1667//16 1669//16 1668//16
f 1668//16 1669//16 1670//16
f 1669//16 1549//16 1670//16
f 1670//16 1549//16 1671//16
f 1549//16 1630//16 1671//16
f 1665//16 1664//16 1672//16
f 1664//16 1673//16 1672//16
f 1672//16 1673//16 1655//16
f 1673//16 1674//16 1655//16
f 1655//16 1674//16 1653//16
f 1675//30 1676//30 1677//30
f 1678//30 1679//30 1217//30
f 1680//30 1681//30 1508//30
f 1682//30 635//30 1683//30
f 635//30 1508//30 1683//30
f 1675//30 1684//30 1685//30
f 1686//30 1687//30 1675//30
f 1687//30 1688//30 1675//30
f 1675//30 1688//30 1689//30
f 1677//30 1690//30 1675//30
f 1690//30 1691//30 1675//30
f 1675//30 1691//30 1692//30
f 1692//30 1693//30 1675//30
f 1693//30 1694//30 1675//30
f 1675//30 1694//30 1695//30
f 1694//30 1696//30 1695//30
f 1695//30 1696//30 1697//30
f 1697//30 1698//30 1695//30
f 1698//30 1699//30 1695//30
f 1695//30 1699//30 1700//30
f 1701//30 1702//30 1508//30
f 1685//30 1703//30 1675//30
f 1703//30 1704//30 1675//30
f 1675//30 1704//30 1686//30
f 1705//30 1706//30 1507//30
f 1507//30 1707//30 1708//30
f 1702//30 1709//30 1508//30
f 1709//30 1710//30 1508//30
f 1508//30 1710//30 1680//30
f 1711//30 1712//30 1508//30
f 1713//30 1714//30 1217//30
f 1715//30 1716//30 1217//30
f 1716//30 1717//30 1217//30
f 1217//30 1717//30 1675//30
f 1689//30 1718//30 1675//30
f 1718//30 1719//30 1675//30
f 1675//30 1719//30 1676//30
f 1700//30 1720//30 1695//30
f 1720//30 1721//30 1695//30
f 1695//30 1721//30 1507//30
f 1721//30 1722//30 1507//30
f 1507//30 1722//30 1723//30
f 1724//30 1725//30 1508//30
f 1725//30 1726//30 1508//30
f 1711//30 1508//30 1727//30
f 1712//30 1728//30 1508//30
f 1728//30 1729//30 1508//30
f 1508//30 1729//30 1683//30
f 1714//30 1730//30 1217//30
f 1730//30 1731//30 1217//30
f 1217//30 1731//30 1678//30
f 1679//30 1732//30 1217//30
f 1732//30 1733//30 1217//30
f 1217//30 1733//30 1715//30
f 1706//30 1734//30 1507//30
f 1734//30 1735//30 1507//30
f 1507//30 1735//30 1707//30
f 1708//30 1736//30 1507//30
f 1736//30 1737//30 1507//30
f 1507//30 1737//30 1738//30
f 1681//30 1739//30 1508//30
f 1739//30 1740//30 1508//30
f 1508//30 1740//30 1724//30
f 1717//30 1741//30 1675//30
f 1741//30 1742//30 1675//30
f 1675//30 1742//30 1743//30
f 1744//30 1745//30 1508//30
f 1745//30 1746//30 1508//30
f 1508//30 1746//30 1747//30
f 1748//30 1749//30 1675//30
f 1749//30 1750//30 1675//30
f 1675//30 1750//30 1751//30
f 1752//30 1753//30 1508//30
f 1738//30 1754//30 1507//30
f 1754//30 1755//30 1507//30
f 1507//30 1755//30 1756//30
f 1726//30 1757//30 1508//30
f 1757//30 1758//30 1508//30
f 1508//30 1758//30 1744//30
f 1743//30 1759//30 1675//30
f 1759//30 1760//30 1675//30
f 1675//30 1760//30 1748//30
f 1753//30 1761//30 1508//30
f 1761//30 1762//30 1508//30
f 1508//30 1762//30 1727//30
f 1682//30 1763//30 635//30
f 1763//30 1764//30 635//30
f 635//30 1764//30 1765//30
f 1766//30 1767//30 635//30
f 1767//30 1768//30 635//30
f 635//30 1768//30 1769//30
f 1723//30 1770//30 1507//30
f 1770//30 1771//30 1507//30
f 1507//30 1771//30 1705//30
f 1756//30 1772//30 1507//30
f 1772//30 1773//30 1507//30
f 1507//30 1773//30 1508//30
f 1773//30 1774//30 1508//30
f 1508//30 1774//30 1701//30
f 1765//30 1775//30 635//30
f 1775//30 1776//30 635//30
f 635//30 1776//30 1766//30
f 1777//30 1778//30 1217//30
f 1747//30 1779//30 1508//30
f 1779//30 1780//30 1508//30
f 1508//30 1780//30 1781//30
f 1508//30 1782//30 1783//30
f 1769//30 1784//30 635//30
f 1784//30 1785//30 635//30
f 635//30 1785//30 696//30
f 1785//30 1786//30 696//30
f 696//30 1786//30 1787//30
f 1777//30 1217//30 1788//30
f 1778//30 1789//30 1217//30
f 1789//30 1790//30 1217//30
f 1217//30 1790//30 1713//30
f 1783//30 1791//30 1508//30
f 1791//30 1792//30 1508//30
f 1508//30 1792//30 1752//30
f 1787//30 1793//30 696//30
f 1793//30 1794//30 696//30
f 696//30 1794//30 1795//30
f 1795//30 1796//30 696//30
f 1796//30 1797//30 696//30
f 696//30 1797//30 1217//30
f 1797//30 1798//30 1217//30
f 1217//30 1798//30 1788//30
f 1751//30 1799//30 1675//30
f 1799//30 1800//30 1675//30
f 1675//30 1800//30 1801//30
f 1802//30 1803//30 1684//30
f 1803//30 1804//30 1684//30
f 1805//30 1806//30 1782//30
f 1807//30 1782//30 1808//30
f 1782//30 1809//30 1808//30
f 1801//30 1810//30 1675//30
f 1810//30 1811//30 1675//30
f 1675//30 1811//30 1684//30
f 1811//30 1812//30 1684//30
f 1684//30 1812//30 1802//30
f 1781//30 1813//30 1508//30
f 1813//30 1814//30 1508//30
f 1508//30 1814//30 1782//30
f 1814//30 1815//30 1782//30
f 1782//30 1815//30 1805//30
f 1806//30 1816//30 1782//30
f 1816//30 1817//30 1782//30
f 1782//30 1817//30 1809//30
f 1804//30 1818//30 1684//30
f 1818//30 1819//30 1684//30
f 1684//30 1819//30 1808//30
f 1819//30 1820//30 1808//30
f 1808//30 1820//30 1807//30
f 1821//16 1822//16 1823//16
f 1821//16 1824//16 1825//16
f 1821//16 1823//16 1826//16
f 1056//16 1827//16 1828//16
f 64//16 1361//16 1829//16
f 1056//16 1828//16 1830//16
f 1825//16 1831//16 1821//16
f 1831//16 1832//16 1821//16
f 1821//16 1832//16 1822//16
f 1829//16 1833//16 64//16
f 1833//16 1834//16 64//16
f 64//16 1834//16 1835//16
f 64//16 1836//16 1837//16
f 1838//16 1839//16 1830//16
f 1839//16 1840//16 1830//16
f 1823//16 1841//16 1826//16
f 1841//16 1842//16 1826//16
f 1826//16 1842//16 1843//16
f 1837//16 1844//16 64//16
f 1844//16 1845//16 64//16
f 64//16 1845//16 1846//16
f 1846//16 1847//16 64//16
f 1847//16 1848//16 64//16
f 64//16 1848//16 1849//16
f 1850//16 44//16 1851//16
f 44//16 64//16 1851//16
f 1851//16 64//16 1852//16
f 64//16 1849//16 1852//16
f 1853//16 1854//16 1056//16
f 1854//16 1855//16 1056//16
f 1056//16 1855//16 1827//16
f 1856//16 1857//16 1830//16
f 1857//16 1858//16 1830//16
f 1830//16 1858//16 1838//16
f 1840//16 1859//16 1830//16
f 1859//16 1860//16 1830//16
f 1830//16 1860//16 1861//16
f 1862//16 1863//16 1830//16
f 1863//16 1864//16 1830//16
f 1830//16 1864//16 1821//16
f 1864//16 1865//16 1821//16
f 1821//16 1865//16 1824//16
f 1866//16 1867//16 1826//16
f 1868//16 1869//16 1056//16
f 1869//16 1870//16 1056//16
f 1871//16 1872//16 1830//16
f 1872//16 1873//16 1830//16
f 1830//16 1873//16 1856//16
f 1861//16 1874//16 1830//16
f 1874//16 1875//16 1830//16
f 1830//16 1875//16 1862//16
f 1843//16 1876//16 1826//16
f 1876//16 1877//16 1826//16
f 1826//16 1877//16 1878//16
f 1879//16 1880//16 1361//16
f 1880//16 1881//16 1361//16
f 1361//16 1881//16 1829//16
f 1828//16 1882//16 1830//16
f 1882//16 1883//16 1830//16
f 1830//16 1883//16 1884//16
f 1056//16 1885//16 1886//16
f 1870//16 1887//16 1056//16
f 1887//16 1888//16 1056//16
f 1056//16 1888//16 1853//16
f 1889//16 1890//16 1830//16
f 1890//16 1891//16 1830//16
f 1830//16 1891//16 1892//16
f 1893//16 1871//16 1894//16
f 1871//16 1830//16 1894//16
f 1894//16 1830//16 1895//16
f 1830//16 1896//16 1895//16
f 1897//16 1898//16 1835//16
f 1899//16 1900//16 64//16
f 1900//16 1901//16 64//16
f 64//16 1901//16 1836//16
f 44//16 1902//16 1056//16
f 1902//16 1903//16 1056//16
f 1903//16 1904//16 1056//16
f 1904//16 1905//16 1056//16
f 1056//16 1905//16 1885//16
f 1886//16 1906//16 1056//16
f 1906//16 1907//16 1056//16
f 1056//16 1907//16 1868//16
f 1878//16 1908//16 1826//16
f 1908//16 1909//16 1826//16
f 1826//16 1909//16 1910//16
f 1910//16 1911//16 1826//16
f 1911//16 1912//16 1826//16
f 1826//16 1912//16 1913//16
f 1867//16 1914//16 1826//16
f 1914//16 1915//16 1826//16
f 1826//16 1915//16 1361//16
f 1915//16 1916//16 1361//16
f 1361//16 1916//16 1917//16
f 1917//16 1918//16 1361//16
f 1918//16 1919//16 1361//16
f 1361//16 1919//16 1920//16
f 1921//16 1922//16 1361//16
f 1923//16 1924//16 1361//16
f 1924//16 1925//16 1361//16
f 1361//16 1925//16 1879//16
f 1884//16 1926//16 1830//16
f 1926//16 1927//16 1830//16
f 1830//16 1927//16 1889//16
f 1892//16 1928//16 1830//16
f 1928//16 1929//16 1830//16
f 1830//16 1929//16 1896//16
f 1930//16 1931//16 1835//16
f 1931//16 1932//16 1835//16
f 1850//16 1933//16 44//16
f 1933//16 1934//16 44//16
f 44//16 1934//16 1935//16
f 1913//16 1936//16 1826//16
f 1936//16 1937//16 1826//16
f 1826//16 1937//16 1866//16
f 1920//16 1938//16 1361//16
f 1938//16 1939//16 1361//16
f 1361//16 1939//16 1940//16
f 1941//16 1942//16 1943//16
f 1944//16 1945//16 1835//16
f 1945//16 1946//16 1835//16
f 1835//16 1946//16 1930//16
f 1932//16 1947//16 1835//16
f 1947//16 1948//16 1835//16
f 1835//16 1948//16 1897//16
f 1898//16 1949//16 1835//16
f 1949//16 1950//16 1835//16
f 1835//16 1950//16 64//16
f 1950//16 1951//16 64//16
f 64//16 1951//16 1899//16
f 1935//16 1952//16 44//16
f 1952//16 1953//16 44//16
f 44//16 1953//16 1902//16
f 1940//16 1954//16 1361//16
f 1954//16 1955//16 1361//16
f 1361//16 1955//16 1921//16
f 1922//16 1956//16 1361//16
f 1956//16 1957//16 1361//16
f 1361//16 1957//16 1923//16
f 1944//16 1835//16 1943//16
f 1835//16 1958//16 1943//16
f 1943//16 1958//16 1941//16
f 1893//16 1959//16 1871//16
f 1959//16 1960//16 1871//16
f 1871//16 1960//16 1961//16
f 1961//16 1962//16 1871//16
f 1962//16 1963//16 1871//16
f 1871//16 1963//16 1964//16
f 1963//16 1965//16 1964//16
f 1964//16 1965//16 1966//16
f 1965//16 1943//16 1966//16
f 1966//16 1943//16 1967//16
f 1943//16 1942//16 1967//16
f 1968//30 1969//30 1513//30
f 1970//30 1971//30 1972//30
f 1971//30 1973//30 1972//30
f 1972//30 1973//30 1974//30
f 1969//30 1975//30 1513//30
f 1975//30 1976//30 1513//30
f 1513//30 1976//30 1977//30
f 1978//30 1514//30 1979//30
f 1514//30 1513//30 1979//30
f 1978//30 1980//30 1514//30
f 1980//30 1981//30 1514//30
f 1514//30 1981//30 1982//30
f 1983//30 1984//30 1513//30
f 1984//30 1985//30 1513//30
f 1513//30 1985//30 1986//30
f 1987//30 1988//30 528//30
f 1989//30 1990//30 528//30
f 1990//30 1991//30 528//30
f 1991//30 1992//30 528//30
f 1992//30 1993//30 528//30
f 528//30 1993//30 1994//30
f 1977//30 1995//30 1513//30
f 1995//30 1996//30 1513//30
f 1513//30 1996//30 1997//30
f 1997//30 1998//30 1513//30
f 1998//30 1999//30 1513//30
f 1513//30 1999//30 2000//30
f 2000//30 2001//30 1513//30
f 2001//30 2002//30 1513//30
f 1513//30 2002//30 2003//30
f 2004//30 2005//30 1513//30
f 2005//30 2006//30 1513//30
f 1513//30 2006//30 1979//30
f 1982//30 2007//30 1514//30
f 2007//30 2008//30 1514//30
f 1514//30 2008//30 2009//30
f 1994//30 2010//30 528//30
f 2010//30 2011//30 528//30
f 528//30 2011//30 1513//30
f 2011//30 2012//30 1513//30
f 1513//30 2012//30 1983//30
f 2013//30 2014//30 2015//30
f 1988//30 2016//30 528//30
f 2016//30 2017//30 528//30
f 528//30 2017//30 1989//30
f 2018//30 2019//30 1986//30
f 2003//30 2020//30 1513//30
f 2020//30 2021//30 1513//30
f 1513//30 2021//30 2004//30
f 2009//30 2022//30 1514//30
f 2022//30 2023//30 1514//30
f 1514//30 2023//30 2024//30
f 2013//30 2015//30 1986//30
f 2015//30 2025//30 1986//30
f 1986//30 2025//30 2018//30
f 2019//30 2026//30 1986//30
f 2026//30 2027//30 1986//30
f 1986//30 2027//30 2028//30
f 2028//30 2029//30 1986//30
f 2029//30 2030//30 1986//30
f 1986//30 2030//30 1513//30
f 2030//30 2031//30 1513//30
f 1513//30 2031//30 1968//30
f 1972//30 2032//30 1970//30
f 2032//30 1514//30 1970//30
f 1970//30 1514//30 2033//30
f 1514//30 2024//30 2033//30
f 1974//30 2034//30 1972//30
f 2034//30 2035//30 1972//30
f 1972//30 2035//30 2036//30
f 2036//30 2037//30 1972//30
f 2037//30 2038//30 1972//30
f 1972//30 2038//30 2039//30
f 2040//30 1065//30 2041//30
f 1065//30 2042//30 2041//30
f 2043//30 2044//30 541//30
f 2044//30 2045//30 541//30
f 541//30 2045//30 528//30
f 2045//30 2046//30 528//30
f 528//30 2046//30 1987//30
f 2014//30 2047//30 2015//30
f 2047//30 2048//30 2015//30
f 2015//30 2048//30 2049//30
f 2040//30 2050//30 1065//30
f 2050//30 2051//30 1065//30
f 1065//30 2051//30 2052//30
f 2053//30 2054//30 1065//30
f 2055//30 2056//30 1065//30
f 2056//30 2057//30 1065//30
f 2052//30 2058//30 1065//30
f 2058//30 2059//30 1065//30
f 1065//30 2059//30 541//30
f 2059//30 2060//30 541//30
f 541//30 2060//30 2061//30
f 2061//30 2062//30 541//30
f 2062//30 2063//30 541//30
f 541//30 2063//30 2043//30
f 2064//30 2065//30 2066//30
f 2054//30 2067//30 1065//30
f 2067//30 2068//30 1065//30
f 1065//30 2068//30 2055//30
f 2069//30 2070//30 1065//30
f 2070//30 2071//30 1065//30
f 1065//30 2071//30 2042//30
f 2039//30 2072//30 1972//30
f 2072//30 2073//30 1972//30
f 1972//30 2073//30 2074//30
f 2075//30 2076//30 1065//30
f 2076//30 2077//30 1065//30
f 1065//30 2077//30 2066//30
f 2057//30 2078//30 1065//30
f 2078//30 2079//30 1065//30
f 1065//30 2079//30 2069//30
f 2074//30 2080//30 1972//30
f 2080//30 2081//30 1972//30
f 1972//30 2081//30 2082//30
f 2065//30 2083//30 2066//30
f 2083//30 2084//30 2066//30
f 2066//30 2084//30 1065//30
f 2084//30 2085//30 1065//30
f 1065//30 2085//30 2053//30
f 2082//30 2086//30 1972//30
f 2086//30 2087//30 1972//30
f 1972//30 2087//30 1065//30
f 2087//30 2088//30 1065//30
f 1065//30 2088//30 2075//30
f 2089//30 2090//30 2048//30
f 2090//30 2091//30 2048//30
f 2048//30 2091//30 2049//30
f 2066//30 2092//30 2093//30
f 2089//30 2094//30 2090//30
f 2094//30 2095//30 2090//30
f 2090//30 2095//30 2096//30
f 2096//30 2097//30 2090//30
f 2097//30 2098//30 2090//30
f 2090//30 2098//30 2099//30
f 2098//30 2100//30 2099//30
f 2093//30 2101//30 2066//30
f 2101//30 2102//30 2066//30
f 2066//30 2102//30 2064//30
f 2103//30 2104//30 2066//30
f 2104//30 2105//30 2066//30
f 2105//30 2106//30 2066//30
f 2066//30 2106//30 2092//30
f 2100//30 2098//30 2107//30
f 2098//30 2108//30 2107//30
f 2107//30 2108//30 2109//30
f 2108//30 2110//30 2109//30
f 2109//30 2110//30 2111//30
f 2110//30 2112//30 2111//30
f 2111//30 2112//30 2066//30
f 2112//30 2113//30 2066//30
f 2066//30 2113//30 2103//30
f 1826//2 1361//2 2114//2
f 1361//2 1362//2 2114//2
f 2114//2 1362//2 1363//2
f 1383//2 1384//2 2115//2
f 1363//2 1364//2 2114//2
f 1364//2 1365//2 2114//2
f 2114//2 1365//2 1366//2
f 2115//2 1376//2 1377//2
f 1388//2 1568//2 1387//2
f 1568//2 2115//2 1387//2
f 1366//2 1367//2 2114//2
f 1367//2 1368//2 2114//2
f 2114//2 1368//2 1369//2
f 1369//2 1370//2 2114//2
f 1370//2 1371//2 2114//2
f 2114//2 1371//2 1372//2
f 1384//2 1385//2 2115//2
f 1385//2 1386//2 2115//2
f 2115//2 1386//2 1387//2
f 1372//2 1373//2 2114//2
f 1373//2 1374//2 2114//2
f 2114//2 1374//2 2115//2
f 1374//2 1375//2 2115//2
f 2115//2 1375//2 1376//2
f 1377//2 1378//2 2115//2
f 1378//2 1379//2 2115//2
f 2115//2 1379//2 1380//2
f 1380//2 1381//2 2115//2
f 1381//2 1382//2 2115//2
f 2115//2 1382//2 1383//2
f 2116//31 2117//31 2118//31
f 2116//31 2118//31 2119//31
f 2118//32 2120//32 2119//32
f 2119//32 2120//32 2121//32
f 2120//33 2122//33 2121//33
f 2121//33 2122//33 2123//33
f 2122//34 2124//34 2123//34
f 2123//34 2124//34 2125//34
f 2124//35 2126//35 2125//35
f 2125//35 2126//35 2127//35
f 2126//36 2128//36 2127//36
f 2127//36 2128//36 2129//36
f 2128//37 2130//37 2129//37
f 2129//37 2130//37 2131//37
f 2130//38 2132//38 2131//38
f 2131//38 2132//38 2133//38
f 2132//39 2134//39 2133//39
f 2133//39 2134//39 2135//39
f 2134//40 2136//40 2135//40
f 2135//40 2136//40 2137//40
f 2136//41 2138//41 2137//41
f 2137//41 2138//41 2139//41
f 2138//42 2140//42 2139//42
f 2139//42 2140//42 2141//42
f 2140//43 2142//43 2141//43
f 2141//43 2142//43 2143//43
f 2142//44 2144//44 2143//44
f 2143//44 2144//44 2145//44
f 2146//45 2147//45 2148//45
f 2147//45 2149//45 2148//45
f 2150//46 2146//46 2151//46
f 2146//46 2148//46 2151//46
f 2152//47 2153//47 2154//47
f 2153//47 2155//47 2154//47
f 2116//48 2152//48 2117//48
f 2152//48 2154//48 2117//48
f 1508//49 635//49 1509//49
f 635//49 642//49 1509//49
f 1509//50 642//50 1496//50
f 642//50 818//50 1496//50
f 1496//51 818//51 1497//51
f 818//51 820//51 1497//51
f 1497//52 820//52 1499//52
f 820//52 759//52 1499//52
f 1499//53 759//53 1500//53
f 759//53 761//53 1500//53
f 1500//54 761//54 1501//54
f 761//54 650//54 1501//54
f 1501//55 650//55 1502//55
f 650//55 597//55 1502//55
f 1502//56 597//56 1503//56
f 597//56 595//56 1503//56
f 1503//57 595//57 1510//57
f 595//57 553//57 1510//57
f 1510//58 553//58 1511//58
f 553//58 555//58 1511//58
f 1511//59 555//59 1512//59
f 555//59 569//59 1512//59
f 1512//60 569//60 1523//60
f 569//60 783//60 1523//60
f 1523//61 783//61 1524//61
f 783//61 788//61 1524//61
f 1524//30 788//30 1525//30
f 788//30 718//30 1525//30
f 1525//62 718//62 1519//62
f 718//62 604//62 1519//62
f 1519//63 604//63 1520//63
f 604//63 660//63 1520//63
f 1520//64 660//64 1521//64
f 660//64 608//64 1521//64
f 1521//65 608//65 1522//65
f 608//65 573//65 1522//65
f 1522//66 573//66 1526//66
f 573//66 737//66 1526//66
f 1526//67 737//67 1527//67
f 737//67 741//67 1527//67
f 1527//68 741//68 1504//68
f 741//68 854//68 1504//68
f 1504//69 854//69 1505//69
f 854//69 578//69 1505//69
f 1505//70 578//70 1517//70
f 578//70 613//70 1517//70
f 1517//71 613//71 1518//71
f 613//71 673//71 1518//71
f 1518//72 673//72 1516//72
f 673//72 671//72 1516//72
f 1516//73 671//73 1515//73
f 671//73 587//73 1515//73
f 1515//74 587//74 1513//74
f 587//74 528//74 1513//74
f 2156//75 2157//75 2158//75
f 2158//76 2159//76 2156//76
f 2159//77 2160//77 2156//77
f 2156//77 2160//77 2161//77
f 2161//78 2160//78 2162//78
f 2160//79 2163//79 2162//79
f 2162//80 2163//80 2164//80
f 2163//81 2165//81 2164//81
f 2164//82 2165//82 2166//82
f 2165//83 2167//83 2166//83
f 2166//84 2167//84 2168//84
f 2167//85 2169//85 2168//85
f 2168//86 2169//86 2170//86
f 2169//87 2171//87 2170//87
f 2170//88 2171//88 2172//88
f 2171//89 2173//89 2172//89
f 2172//90 2173//90 2174//90
f 2173//91 2175//91 2174//91
f 2174//92 2175//92 2176//92
f 2175//93 2177//93 2176//93
f 2176//94 2177//94 2178//94
f 2177//95 2179//95 2178//95
f 2178//96 2179//96 2180//96
f 2179//97 2181//97 2180//97
f 2180//98 2181//98 2182//98
f 2181//99 2183//99 2182//99
f 2182//100 2183//100 2184//100
f 2183//101 2185//101 2184//101
f 2185//102 2186//102 2184//102
f 2184//103 2186//103 2187//103
f 2186//104 2188//104 2187//104
f 2187//105 2188//105 2189//105
f 2188//106 2190//106 2189//106
f 2189//107 2190//107 2191//107
f 2190//108 2192//108 2191//108
f 2191//109 2192//109 2193//109
f 2192//110 2194//110 2193//110
f 2193//111 2194//111 2195//111
f 2194//112 2196//112 2195//112
f 2195//113 2196//113 2197//113
f 2196//114 2198//114 2197//114
f 2197//115 2198//115 2199//115
f 2198//116 2200//116 2199//116
f 2199//117 2200//117 2201//117
f 2200//118 2202//118 2201//118
f 2201//119 2202//119 2203//119
f 2202//120 2204//120 2203//120
f 2203//121 2204//121 2205//121
f 2204//122 2206//122 2205//122
f 2205//123 2206//123 2207//123
f 2206//124 2208//124 2207//124
f 2207//125 2208//125 2209//125
f 2208//126 2210//126 2209//126
f 2209//126 2210//126 2211//126
f 2210//127 2212//127 2211//127
f 2211//127 2212//127 2213//127
f 2213//128 2212//128 2214//128
f 2212//129 2215//129 2214//129
f 2214//130 2215//130 2216//130
f 2215//131 2217//131 2216//131
f 2216//132 2217//132 2218//132
f 2217//133 2219//133 2218//133
f 2219//134 2220//134 2218//134
f 2218//134 2220//134 2221//134
f 2220//135 2222//135 2221//135
f 2221//135 2222//135 2223//135
f 2222//136 2224//136 2223//136
f 2223//137 2224//137 2225//137
f 2224//138 2226//138 2225//138
f 2225//139 2226//139 2227//139
f 2226//140 2228//140 2227//140
f 2227//141 2228//141 2229//141
f 2228//142 2230//142 2229//142
f 2229//143 2230//143 2231//143
f 2230//144 2232//144 2231//144
f 2231//145 2232//145 2233//145
f 2232//146 2234//146 2233//146
f 2233//147 2234//147 2235//147
f 2234//148 2236//148 2235//148
f 2235//149 2236//149 2237//149
f 2236//150 2238//150 2237//150
f 2237//151 2238//151 2239//151
f 2238//152 2240//152 2239//152
f 2239//153 2240//153 2241//153
f 2240//154 2242//154 2241//154
f 2241//155 2242//155 2243//155
f 2242//156 2244//156 2243//156
f 2243//157 2244//157 2245//157
f 2244//158 2246//158 2245//158
f 2245//159 2246//159 2247//159
f 2246//1 2248//1 2247//1
f 2247//160 2248//160 2249//160
f 2248//161 2250//161 2249//161
f 2249//162 2250//162 2251//162
f 2250//163 2252//163 2251//163
f 2251//164 2252//164 2253//164
f 2252//165 2254//165 2253//165
f 2253//166 2254//166 2255//166
f 2254//167 2256//167 2255//167
f 2255//168 2256//168 2257//168
f 2256//169 2258//169 2257//169
f 2257//170 2258//170 2259//170
f 2258//171 2260//171 2259//171
f 2259//172 2260//172 2261//172
f 2260//173 2262//173 2261//173
f 2261//174 2262//174 2263//174
f 2262//175 2264//175 2263//175
f 2263//176 2264//176 2265//176
f 2264//177 2266//177 2265//177
f 2265//178 2266//178 2267//178
f 2266//179 2268//179 2267//179
f 2267//180 2268//180 2269//180
f 2268//181 2270//181 2269//181
f 2269//182 2270//182 2271//182
f 2270//183 2272//183 2271//183
f 2272//184 2273//184 2271//184
f 2271//184 2273//184 2274//184
f 2273//185 2275//185 2274//185
f 2274//185 2275//185 2276//185
f 2275//186 2277//186 2276//186
f 2275//187 2278//187 2277//187
f 2278//188 2279//188 2277//188
f 2277//189 2279//189 2280//189
f 2279//190 2281//190 2280//190
f 2279//191 2282//191 2281//191
f 2282//192 2283//192 2281//192
f 2281//192 2283//192 2284//192
f 2283//193 2285//193 2284//193
f 2284//193 2285//193 2286//193
f 2286//194 2285//194 2287//194
f 2285//195 2288//195 2287//195
f 2287//196 2288//196 2289//196
f 2288//197 2290//197 2289//197
f 2289//198 2290//198 2291//198
f 2290//199 2292//199 2291//199
f 2291//200 2292//200 2293//200
f 2292//201 2294//201 2293//201
f 2293//202 2294//202 2295//202
f 2294//203 2296//203 2295//203
f 2295//204 2296//204 2297//204
f 2296//205 2298//205 2297//205
f 2297//206 2298//206 2299//206
f 2298//207 2300//207 2299//207
f 2299//208 2300//208 2301//208
f 2300//209 2302//209 2301//209
f 2301//210 2302//210 2303//210
f 2302//211 2304//211 2303//211
f 2303//212 2304//212 2305//212
f 2304//213 2306//213 2305//213
f 2305//214 2306//214 2307//214
f 2306//215 2308//215 2307//215
f 2307//216 2308//216 2309//216
f 2308//217 2310//217 2309//217
f 2310//218 2311//218 2309//218
f 2309//219 2311//219 2312//219
f 2311//220 2313//220 2312//220
f 2312//221 2313//221 2314//221
f 2313//222 2315//222 2314//222
f 2314//223 2315//223 2316//223
f 2315//224 2317//224 2316//224
f 2316//225 2317//225 2318//225
f 2317//226 2319//226 2318//226
f 2318//227 2319//227 2320//227
f 2319//228 2321//228 2320//228
f 2320//229 2321//229 2322//229
f 2321//230 2323//230 2322//230
f 2322//231 2323//231 2324//231
f 2323//232 2325//232 2324//232
f 2324//233 2325//233 2326//233
f 2325//234 2327//234 2326//234
f 2326//235 2327//235 2328//235
f 2327//236 2329//236 2328//236
f 2328//237 2329//237 2330//237
f 2329//238 2331//238 2330//238
f 2330//239 2331//239 2332//239
f 2331//240 2333//240 2332//240
f 2332//241 2333//241 2334//241
f 2333//242 2335//242 2334//242
f 2334//242 2335//242 2336//242
f 2337//243 2338//243 2339//243
f 2336//244 2335//244 2339//244
f 2335//245 2340//245 2339//245
f 2339//246 2340//246 2337//246
f 2340//247 2341//247 2337//247
f 2337//247 2341//247 2342//247
f 2341//248 2343//248 2342//248
f 2342//249 2343//249 2344//249
f 2343//250 2345//250 2344//250
f 2345//251 2346//251 2344//251
f 2344//251 2346//251 2347//251
f 2346//252 2348//252 2347//252
f 2347//252 2348//252 2349//252
f 2348//253 2350//253 2349//253
f 2349//254 2350//254 2351//254
f 2350//255 2352//255 2351//255
f 2351//256 2352//256 2353//256
f 2352//257 2354//257 2353//257
f 2353//258 2354//258 2355//258
f 2354//259 2356//259 2355//259
f 2355//260 2356//260 2357//260
f 2356//261 2358//261 2357//261
f 2357//262 2358//262 2359//262
f 2358//263 2360//263 2359//263
f 2359//264 2360//264 2361//264
f 2361//265 2360//265 2362//265
f 2360//266 2363//266 2362//266
f 2362//267 2363//267 2364//267
f 2363//268 2365//268 2364//268
f 2365//269 2366//269 2364//269
f 2364//270 2366//270 2367//270
f 2366//271 2368//271 2367//271
f 2367//272 2368//272 2369//272
f 2368//273 2370//273 2369//273
f 2369//274 2370//274 2371//274
f 2370//275 2372//275 2371//275
f 2371//276 2372//276 2373//276
f 2373//277 2372//277 2374//277
f 2372//278 2375//278 2374//278
f 2374//279 2375//279 2376//279
f 2375//280 2377//280 2376//280
f 2377//281 2378//281 2376//281
f 2376//282 2378//282 2379//282
f 2378//283 2380//283 2379//283
f 2379//284 2380//284 2381//284
f 2380//285 2382//285 2381//285
f 2381//286 2382//286 2383//286
f 2382//287 2384//287 2383//287
f 2383//288 2384//288 2385//288
f 2384//289 2386//289 2385//289
f 2385//290 2386//290 2387//290
f 2386//291 2388//291 2387//291
f 2387//292 2388//292 2389//292
f 2388//293 2390//293 2389//293
f 2389//294 2390//294 2391//294
f 2390//295 2392//295 2391//295
f 2391//296 2392//296 2393//296
f 2392//297 2394//297 2393//297
f 2393//298 2394//298 2395//298
f 2394//299 2396//299 2395//299
f 2395//300 2396//300 2397//300
f 2398//301 2399//301 2400//301
f 2399//302 2397//302 2400//302
f 2400//302 2397//302 2401//302
f 2397//303 2396//303 2401//303
f 2402//304 2403//304 2398//304
f 2403//305 2404//305 2398//305
f 2398//301 2404//301 2399//301
f 2402//306 2405//306 2403//306
f 2405//307 2158//307 2403//307
f 2403//307 2158//307 2406//307
f 2158//308 2157//308 2406//308
f 2406//309 2157//309 2407//309
f 2408//310 2409//310 2410//310
f 2410//311 2411//311 2408//311
f 2411//312 2412//312 2408//312
f 2408//312 2412//312 2413//312
f 2413//313 2412//313 2414//313
f 2412//314 2415//314 2414//314
f 2414//315 2415//315 2416//315
f 2415//316 2417//316 2416//316
f 2416//317 2417//317 2418//317
f 2417//318 2419//318 2418//318
f 2418//319 2419//319 2420//319
f 2419//320 2421//320 2420//320
f 2420//321 2421//321 2422//321
f 2421//322 2423//322 2422//322
f 2422//323 2423//323 2424//323
f 2423//324 2425//324 2424//324
f 2424//325 2425//325 2426//325
f 2425//326 2427//326 2426//326
f 2426//327 2427//327 2428//327
f 2427//328 2429//328 2428//328
f 2428//329 2429//329 2430//329
f 2429//330 2431//330 2430//330
f 2430//331 2431//331 2432//331
f 2431//332 2433//332 2432//332
f 2432//333 2433//333 2434//333
f 2433//334 2435//334 2434//334
f 2434//335 2435//335 2436//335
f 2435//336 2437//336 2436//336
f 2437//337 2438//337 2436//337
f 2436//338 2438//338 2439//338
f 2438//339 2440//339 2439//339
f 2439//340 2440//340 2441//340
f 2440//341 2442//341 2441//341
f 2441//342 2442//342 2443//342
f 2442//343 2444//343 2443//343
f 2443//344 2444//344 2445//344
f 2444//345 2446//345 2445//345
f 2445//346 2446//346 2447//346
f 2446//347 2448//347 2447//347
f 2447//348 2448//348 2449//348
f 2448//349 2450//349 2449//349
f 2449//350 2450//350 2451//350
f 2450//351 2452//351 2451//351
f 2451//352 2452//352 2453//352
f 2452//353 2454//353 2453//353
f 2453//354 2454//354 2455//354
f 2454//355 2456//355 2455//355
f 2455//356 2456//356 2457//356
f 2456//357 2458//357 2457//357
f 2457//358 2458//358 2459//358
f 2458//359 2460//359 2459//359
f 2459//360 2460//360 2461//360
f 2460//361 2462//361 2461//361
f 2461//361 2462//361 2463//361
f 2462//362 2464//362 2463//362
f 2463//362 2464//362 2465//362
f 2465//363 2464//363 2466//363
f 2464//364 2467//364 2466//364
f 2466//365 2467//365 2468//365
f 2467//366 2469//366 2468//366
f 2468//367 2469//367 2470//367
f 2469//368 2471//368 2470//368
f 2471//369 2472//369 2470//369
f 2470//369 2472//369 2473//369
f 2472//370 2474//370 2473//370
f 2473//370 2474//370 2475//370
f 2474//371 2476//371 2475//371
f 2475//372 2476//372 2477//372
f 2476//373 2478//373 2477//373
f 2477//374 2478//374 2479//374
f 2478//375 2480//375 2479//375
f 2479//376 2480//376 2481//376
f 2480//377 2482//377 2481//377
f 2481//378 2482//378 2483//378
f 2482//379 2484//379 2483//379
f 2483//380 2484//380 2485//380
f 2484//381 2486//381 2485//381
f 2485//382 2486//382 2487//382
f 2486//383 2488//383 2487//383
f 2487//384 2488//384 2489//384
f 2488//385 2490//385 2489//385
f 2489//386 2490//386 2491//386
f 2490//387 2492//387 2491//387
f 2491//388 2492//388 2493//388
f 2492//389 2494//389 2493//389
f 2493//390 2494//390 2495//390
f 2494//391 2496//391 2495//391
f 2495//392 2496//392 2497//392
f 2496//393 2498//393 2497//393
f 2497//394 2498//394 2499//394
f 2498//1 2500//1 2499//1
f 2499//395 2500//395 2501//395
f 2500//396 2502//396 2501//396
f 2501//397 2502//397 2503//397
f 2502//398 2504//398 2503//398
f 2503//399 2504//399 2505//399
f 2504//400 2506//400 2505//400
f 2505//401 2506//401 2507//401
f 2506//402 2508//402 2507//402
f 2507//403 2508//403 2509//403
f 2508//404 2510//404 2509//404
f 2509//405 2510//405 2511//405
f 2510//406 2512//406 2511//406
f 2511//407 2512//407 2513//407
f 2512//408 2514//408 2513//408
f 2513//409 2514//409 2515//409
f 2514//410 2516//410 2515//410
f 2515//411 2516//411 2517//411
f 2516//412 2518//412 2517//412
f 2517//413 2518//413 2519//413
f 2518//414 2520//414 2519//414
f 2519//415 2520//415 2521//415
f 2520//416 2522//416 2521//416
f 2521//417 2522//417 2523//417
f 2522//418 2524//418 2523//418
f 2524//419 2525//419 2523//419
f 2523//419 2525//419 2526//419
f 2525//420 2527//420 2526//420
f 2526//420 2527//420 2528//420
f 2527//421 2529//421 2528//421
f 2527//422 2530//422 2529//422
f 2530//423 2531//423 2529//423
f 2529//424 2531//424 2532//424
f 2531//425 2533//425 2532//425
f 2531//426 2534//426 2533//426
f 2534//427 2535//427 2533//427
f 2533//427 2535//427 2536//427
f 2535//428 2537//428 2536//428
f 2536//428 2537//428 2538//428
f 2538//429 2537//429 2539//429
f 2537//430 2540//430 2539//430
f 2539//431 2540//431 2541//431
f 2540//432 2542//432 2541//432
f 2541//433 2542//433 2543//433
f 2542//434 2544//434 2543//434
f 2543//435 2544//435 2545//435
f 2544//436 2546//436 2545//436
f 2545//437 2546//437 2547//437
f 2546//438 2548//438 2547//438
f 2547//439 2548//439 2549//439
f 2548//440 2550//440 2549//440
f 2549//441 2550//441 2551//441
f 2550//442 2552//442 2551//442
f 2551//443 2552//443 2553//443
f 2552//444 2554//444 2553//444
f 2553//445 2554//445 2555//445
f 2554//446 2556//446 2555//446
f 2555//447 2556//447 2557//447
f 2556//448 2558//448 2557//448
f 2557//449 2558//449 2559//449
f 2558//450 2560//450 2559//450
f 2559//451 2560//451 2561//451
f 2560//452 2562//452 2561//452
f 2562//453 2563//453 2561//453
f 2561//454 2563//454 2564//454
f 2563//455 2565//455 2564//455
f 2564//456 2565//456 2566//456
f 2565//457 2567//457 2566//457
f 2566//458 2567//458 2568//458
f 2567//459 2569//459 2568//459
f 2568//460 2569//460 2570//460
f 2569//461 2571//461 2570//461
f 2570//462 2571//462 2572//462
f 2571//463 2573//463 2572//463
f 2572//464 2573//464 2574//464
f 2573//465 2575//465 2574//465
f 2574//466 2575//466 2576//466
f 2575//467 2577//467 2576//467
f 2576//468 2577//468 2578//468
f 2577//469 2579//469 2578//469
f 2578//470 2579//470 2580//470
f 2579//471 2581//471 2580//471
f 2580//472 2581//472 2582//472
f 2581//473 2583//473 2582//473
f 2582//474 2583//474 2584//474
f 2583//475 2585//475 2584//475
f 2584//476 2585//476 2586//476
f 2585//477 2587//477 2586//477
f 2586//477 2587//477 2588//477
f 2589//478 2590//478 2591//478
f 2588//479 2587//479 2591//479
f 2587//480 2592//480 2591//480
f 2591//481 2592//481 2589//481
f 2592//482 2593//482 2589//482
f 2589//482 2593//482 2594//482
f 2593//483 2595//483 2594//483
f 2594//484 2595//484 2596//484
f 2595//485 2597//485 2596//485
f 2597//486 2598//486 2596//486
f 2596//486 2598//486 2599//486
f 2598//487 2600//487 2599//487
f 2599//487 2600//487 2601//487
f 2600//488 2602//488 2601//488
f 2601//489 2602//489 2603//489
f 2602//490 2604//490 2603//490
f 2603//491 2604//491 2605//491
f 2604//492 2606//492 2605//492
f 2605//493 2606//493 2607//493
f 2606//494 2608//494 2607//494
f 2607//495 2608//495 2609//495
f 2608//496 2610//496 2609//496
f 2609//497 2610//497 2611//497
f 2610//498 2612//498 2611//498
f 2611//499 2612//499 2613//499
f 2613//500 2612//500 2614//500
f 2612//501 2615//501 2614//501
f 2614//502 2615//502 2616//502
f 2615//503 2617//503 2616//503
f 2617//504 2618//504 2616//504
f 2616//505 2618//505 2619//505
f 2618//506 2620//506 2619//506
f 2619//507 2620//507 2621//507
f 2620//508 2622//508 2621//508
f 2621//509 2622//509 2623//509
f 2622//510 2624//510 2623//510
f 2623//511 2624//511 2625//511
f 2625//512 2624//512 2626//512
f 2624//513 2627//513 2626//513
f 2626//514 2627//514 2628//514
f 2627//515 2629//515 2628//515
f 2629//516 2630//516 2628//516
f 2628//517 2630//517 2631//517
f 2630//518 2632//518 2631//518
f 2631//519 2632//519 2633//519
f 2632//520 2634//520 2633//520
f 2633//521 2634//521 2635//521
f 2634//522 2636//522 2635//522
f 2635//523 2636//523 2637//523
f 2636//524 2638//524 2637//524
f 2637//525 2638//525 2639//525
f 2638//526 2640//526 2639//526
f 2639//527 2640//527 2641//527
f 2640//528 2642//528 2641//528
f 2641//529 2642//529 2643//529
f 2642//530 2644//530 2643//530
f 2643//531 2644//531 2645//531
f 2644//532 2646//532 2645//532
f 2645//533 2646//533 2647//533
f 2646//534 2648//534 2647//534
f 2647//535 2648//535 2649//535
f 2650//536 2651//536 2652//536
f 2651//537 2649//537 2652//537
f 2652//537 2649//537 2653//537
f 2649//538 2648//538 2653//538
f 2654//539 2655//539 2650//539
f 2655//540 2656//540 2650//540
f 2650//536 2656//536 2651//536
f 2654//541 2657//541 2655//541
f 2657//542 2410//542 2655//542
f 2655//543 2410//543 2658//543
f 2410//544 2409//544 2658//544
f 2658//545 2409//545 2659//545
f 2660//546 2591//546 2590//546
f 2590//547 2661//547 2660//547
f 2661//548 2662//548 2660//548
f 2660//548 2662//548 2663//548
f 2662//549 2664//549 2663//549
f 2663//550 2664//550 2665//550
f 2664//551 2666//551 2665//551
f 2666//552 2667//552 2665//552
f 2665//552 2667//552 2668//552
f 2667//553 2669//553 2668//553
f 2668//553 2669//553 2670//553
f 2669//554 2671//554 2670//554
f 2670//554 2671//554 2672//554
f 2671//555 2673//555 2672//555
f 2672//555 2673//555 2674//555
f 2673//556 2675//556 2674//556
f 2674//556 2675//556 2676//556
f 2676//557 2675//557 2677//557
f 2675//558 2678//558 2677//558
f 2677//559 2678//559 2679//559
f 2678//560 2680//560 2679//560
f 2679//560 2680//560 2681//560
f 2680//561 2682//561 2681//561
f 2681//561 2682//561 2683//561
f 2659//562 2409//562 2684//562
f 2409//563 2685//563 2684//563
f 2684//564 2685//564 2686//564
f 2687//565 2688//565 2689//565
f 2688//566 2690//566 2689//566
f 2689//566 2690//566 2691//566
f 2690//567 2692//567 2691//567
f 2691//567 2692//567 2693//567
f 2692//568 2694//568 2693//568
f 2693//568 2694//568 2695//568
f 2694//569 2696//569 2695//569
f 2695//569 2696//569 2697//569
f 2696//570 2698//570 2697//570
f 2697//571 2698//571 2686//571
f 2698//572 2699//572 2686//572
f 2686//564 2699//564 2684//564
f 2700//573 2701//573 2687//573
f 2701//574 2702//574 2687//574
f 2687//565 2702//565 2688//565
f 2700//575 2703//575 2701//575
f 2703//576 2704//576 2701//576
f 2701//576 2704//576 2705//576
f 2704//577 1398//577 2705//577
f 2705//577 1398//577 1397//577
f 2706//578 2339//578 2338//578
f 2338//579 2707//579 2706//579
f 2707//580 2708//580 2706//580
f 2706//580 2708//580 2709//580
f 2708//581 2710//581 2709//581
f 2709//582 2710//582 2711//582
f 2710//583 2712//583 2711//583
f 2712//584 2713//584 2711//584
f 2711//584 2713//584 2714//584
f 2713//585 2715//585 2714//585
f 2714//585 2715//585 2716//585
f 2715//586 2717//586 2716//586
f 2716//586 2717//586 2718//586
f 2717//587 2719//587 2718//587
f 2718//587 2719//587 2720//587
f 2719//588 2721//588 2720//588
f 2720//588 2721//588 2722//588
f 2722//589 2721//589 2723//589
f 2721//590 2724//590 2723//590
f 2723//591 2724//591 2725//591
f 2724//592 2726//592 2725//592
f 2725//592 2726//592 2727//592
f 2726//593 1416//593 2727//593
f 2727//593 1416//593 1415//593
f 2407//594 2157//594 2728//594
f 2157//595 2729//595 2728//595
f 2728//596 2729//596 2730//596
f 2731//597 2732//597 2733//597
f 2732//598 2734//598 2733//598
f 2733//598 2734//598 2735//598
f 2734//599 2736//599 2735//599
f 2735//599 2736//599 2737//599
f 2736//600 2738//600 2737//600
f 2737//600 2738//600 2739//600
f 2738//601 2740//601 2739//601
f 2739//601 2740//601 2741//601
f 2740//602 2742//602 2741//602
f 2741//603 2742//603 2730//603
f 2742//604 2743//604 2730//604
f 2730//596 2743//596 2728//596
f 2744//605 2745//605 2731//605
f 2745//606 2746//606 2731//606
f 2731//597 2746//597 2732//597
f 2744//607 2747//607 2745//607
f 2747//608 2748//608 2745//608
f 2745//608 2748//608 2749//608
f 2748//609 2750//609 2749//609
f 2749//609 2750//609 2751//609
f 2256//610 2254//610 2752//610
f 2254//611 2252//611 2752//611
f 2752//612 2252//612 2753//612
f 2252//613 2250//613 2753//613
f 2753//614 2250//614 2248//614
f 2266//615 2264//615 2754//615
f 2266//616 2754//616 2268//616
f 2264//617 2262//617 2754//617
f 2262//618 2260//618 2754//618
f 2754//619 2260//619 2752//619
f 2260//620 2258//620 2752//620
f 2752//621 2258//621 2256//621
f 2275//622 2273//622 2755//622
f 2273//623 2272//623 2755//623
f 2755//624 2272//624 2754//624
f 2272//625 2270//625 2754//625
f 2754//626 2270//626 2268//626
f 2285//627 2283//627 2756//627
f 2283//628 2282//628 2756//628
f 2282//629 2279//629 2756//629
f 2756//630 2279//630 2755//630
f 2279//631 2278//631 2755//631
f 2755//632 2278//632 2275//632
f 2313//633 2311//633 2757//633
f 2313//634 2757//634 2315//634
f 2321//635 2319//635 2757//635
f 2319//636 2317//636 2757//636
f 2757//637 2317//637 2315//637
f 2327//638 2325//638 2757//638
f 2325//639 2323//639 2757//639
f 2757//640 2323//640 2321//640
f 2310//641 2308//641 2758//641
f 2308//642 2306//642 2758//642
f 2306//643 2304//643 2758//643
f 2304//644 2302//644 2758//644
f 2758//645 2302//645 2300//645
f 2300//646 2298//646 2758//646
f 2298//647 2296//647 2758//647
f 2758//648 2296//648 2294//648
f 2294//649 2292//649 2758//649
f 2292//650 2290//650 2758//650
f 2758//651 2290//651 2756//651
f 2290//652 2288//652 2756//652
f 2756//653 2288//653 2285//653
f 2340//654 2335//654 2759//654
f 2335//655 2333//655 2759//655
f 2333//653 2331//653 2759//653
f 2759//656 2331//656 2757//656
f 2331//657 2329//657 2757//657
f 2757//658 2329//658 2327//658
f 2346//659 2345//659 2760//659
f 2345//660 2343//660 2760//660
f 2760//661 2343//661 2759//661
f 2343//662 2341//662 2759//662
f 2759//663 2341//663 2340//663
f 2365//664 2363//664 2761//664
f 2363//665 2360//665 2761//665
f 2761//666 2360//666 2762//666
f 2360//667 2358//667 2762//667
f 2358//668 2356//668 2762//668
f 2762//669 2356//669 2354//669
f 2354//670 2352//670 2762//670
f 2352//671 2350//671 2762//671
f 2762//672 2350//672 2760//672
f 2350//673 2348//673 2760//673
f 2760//674 2348//674 2346//674
f 2377//675 2375//675 2763//675
f 2375//30 2372//30 2763//30
f 2372//676 2370//676 2763//676
f 2370//677 2368//677 2763//677
f 2763//678 2368//678 2761//678
f 2368//679 2366//679 2761//679
f 2761//680 2366//680 2365//680
f 2384//681 2382//681 2764//681
f 2382//682 2380//682 2764//682
f 2764//683 2380//683 2763//683
f 2380//684 2378//684 2763//684
f 2763//685 2378//685 2377//685
f 2394//686 2392//686 2765//686
f 2392//687 2390//687 2765//687
f 2390//688 2388//688 2765//688
f 2765//689 2388//689 2764//689
f 2388//690 2386//690 2764//690
f 2764//691 2386//691 2384//691
f 2398//692 2400//692 2766//692
f 2400//693 2401//693 2766//693
f 2766//694 2401//694 2765//694
f 2401//695 2396//695 2765//695
f 2765//696 2396//696 2394//696
f 2160//697 2159//697 2767//697
f 2159//698 2158//698 2767//698
f 2158//699 2405//699 2767//699
f 2767//700 2405//700 2766//700
f 2405//701 2402//701 2766//701
f 2766//702 2402//702 2398//702
f 2194//703 2192//703 2768//703
f 2194//704 2768//704 2196//704
f 2202//705 2200//705 2768//705
f 2200//706 2198//706 2768//706
f 2768//707 2198//707 2196//707
f 2192//708 2190//708 2768//708
f 2190//709 2188//709 2768//709
f 2768//710 2188//710 2186//710
f 2185//711 2183//711 2769//711
f 2183//712 2181//712 2769//712
f 2181//713 2179//713 2769//713
f 2179//714 2177//714 2769//714
f 2769//715 2177//715 2175//715
f 2175//716 2173//716 2769//716
f 2173//717 2171//717 2769//717
f 2769//718 2171//718 2169//718
f 2169//719 2167//719 2769//719
f 2167//720 2165//720 2769//720
f 2769//721 2165//721 2767//721
f 2165//722 2163//722 2767//722
f 2767//723 2163//723 2160//723
f 2212//724 2210//724 2770//724
f 2210//725 2208//725 2770//725
f 2208//723 2206//723 2770//723
f 2770//726 2206//726 2768//726
f 2206//727 2204//727 2768//727
f 2768//728 2204//728 2202//728
f 2220//729 2219//729 2771//729
f 2219//730 2217//730 2771//730
f 2771//731 2217//731 2770//731
f 2217//732 2215//732 2770//732
f 2770//733 2215//733 2212//733
f 2232//734 2230//734 2772//734
f 2230//735 2228//735 2772//735
f 2228//736 2226//736 2772//736
f 2226//737 2224//737 2772//737
f 2772//738 2224//738 2771//738
f 2224//739 2222//739 2771//739
f 2771//740 2222//740 2220//740
f 2240//741 2238//741 2773//741
f 2238//681 2236//681 2773//681
f 2773//742 2236//742 2772//742
f 2236//743 2234//743 2772//743
f 2772//744 2234//744 2232//744
f 2248//30 2246//30 2753//30
f 2246//745 2244//745 2753//745
f 2753//746 2244//746 2773//746
f 2244//747 2242//747 2773//747
f 2773//748 2242//748 2240//748
f 2774//749 2636//749 2634//749
f 2634//750 2632//750 2774//750
f 2632//751 2630//751 2774//751
f 2774//752 2630//752 2775//752
f 2646//753 2644//753 2776//753
f 2644//754 2642//754 2776//754
f 2642//755 2640//755 2776//755
f 2776//756 2640//756 2774//756
f 2640//757 2638//757 2774//757
f 2774//758 2638//758 2636//758
f 2650//759 2652//759 2777//759
f 2652//760 2653//760 2777//760
f 2777//761 2653//761 2776//761
f 2653//762 2648//762 2776//762
f 2776//763 2648//763 2646//763
f 2412//764 2411//764 2778//764
f 2411//765 2410//765 2778//765
f 2410//766 2657//766 2778//766
f 2778//767 2657//767 2777//767
f 2657//768 2654//768 2777//768
f 2777//769 2654//769 2650//769
f 2440//770 2438//770 2779//770
f 2440//771 2779//771 2442//771
f 2448//772 2446//772 2779//772
f 2446//773 2444//773 2779//773
f 2779//774 2444//774 2442//774
f 2454//775 2452//775 2779//775
f 2452//776 2450//776 2779//776
f 2779//777 2450//777 2448//777
f 2437//778 2435//778 2780//778
f 2435//779 2433//779 2780//779
f 2433//780 2431//780 2780//780
f 2431//781 2429//781 2780//781
f 2780//782 2429//782 2427//782
f 2427//783 2425//783 2780//783
f 2425//784 2423//784 2780//784
f 2780//785 2423//785 2421//785
f 2421//786 2419//786 2780//786
f 2419//787 2417//787 2780//787
f 2780//788 2417//788 2778//788
f 2417//789 2415//789 2778//789
f 2778//790 2415//790 2412//790
f 2464//791 2462//791 2781//791
f 2462//792 2460//792 2781//792
f 2460//790 2458//790 2781//790
f 2781//793 2458//793 2779//793
f 2458//794 2456//794 2779//794
f 2779//795 2456//795 2454//795
f 2472//796 2471//796 2782//796
f 2471//797 2469//797 2782//797
f 2782//798 2469//798 2781//798
f 2469//799 2467//799 2781//799
f 2781//800 2467//800 2464//800
f 2484//801 2482//801 2783//801
f 2482//802 2480//802 2783//802
f 2480//803 2478//803 2783//803
f 2478//804 2476//804 2783//804
f 2783//805 2476//805 2782//805
f 2476//806 2474//806 2782//806
f 2782//807 2474//807 2472//807
f 2492//808 2490//808 2784//808
f 2490//809 2488//809 2784//809
f 2784//810 2488//810 2783//810
f 2488//811 2486//811 2783//811
f 2783//812 2486//812 2484//812
f 2500//813 2498//813 2785//813
f 2498//814 2496//814 2785//814
f 2785//815 2496//815 2784//815
f 2496//816 2494//816 2784//816
f 2784//817 2494//817 2492//817
f 2508//818 2506//818 2786//818
f 2506//819 2504//819 2786//819
f 2786//820 2504//820 2785//820
f 2504//821 2502//821 2785//821
f 2785//822 2502//822 2500//822
f 2518//823 2516//823 2787//823
f 2518//824 2787//824 2520//824
f 2516//825 2514//825 2787//825
f 2514//826 2512//826 2787//826
f 2787//827 2512//827 2786//827
f 2512//828 2510//828 2786//828
f 2786//829 2510//829 2508//829
f 2527//830 2525//830 2788//830
f 2525//831 2524//831 2788//831
f 2788//832 2524//832 2787//832
f 2524//833 2522//833 2787//833
f 2787//834 2522//834 2520//834
f 2537//835 2535//835 2789//835
f 2535//836 2534//836 2789//836
f 2534//837 2531//837 2789//837
f 2789//838 2531//838 2788//838
f 2531//839 2530//839 2788//839
f 2788//840 2530//840 2527//840
f 2571//841 2569//841 2790//841
f 2571//842 2790//842 2573//842
f 2579//843 2577//843 2790//843
f 2577//844 2575//844 2790//844
f 2790//845 2575//845 2573//845
f 2569//846 2567//846 2790//846
f 2567//847 2565//847 2790//847
f 2790//848 2565//848 2563//848
f 2562//849 2560//849 2791//849
f 2560//850 2558//850 2791//850
f 2558//851 2556//851 2791//851
f 2556//852 2554//852 2791//852
f 2791//853 2554//853 2552//853
f 2552//854 2550//854 2791//854
f 2550//855 2548//855 2791//855
f 2791//856 2548//856 2546//856
f 2546//857 2544//857 2791//857
f 2544//858 2542//858 2791//858
f 2791//859 2542//859 2789//859
f 2542//860 2540//860 2789//860
f 2789//861 2540//861 2537//861
f 2592//862 2587//862 2792//862
f 2587//863 2585//863 2792//863
f 2585//861 2583//861 2792//861
f 2792//864 2583//864 2790//864
f 2583//865 2581//865 2790//865
f 2790//866 2581//866 2579//866
f 2598//867 2597//867 2793//867
f 2597//868 2595//868 2793//868
f 2793//869 2595//869 2792//869
f 2595//870 2593//870 2792//870
f 2792//871 2593//871 2592//871
f 2617//829 2615//829 2794//829
f 2615//872 2612//872 2794//872
f 2794//873 2612//873 2795//873
f 2612//874 2610//874 2795//874
f 2610//875 2608//875 2795//875
f 2795//876 2608//876 2606//876
f 2606//877 2604//877 2795//877
f 2604//878 2602//878 2795//878
f 2795//879 2602//879 2793//879
f 2602//880 2600//880 2793//880
f 2793//881 2600//881 2598//881
f 2630//882 2629//882 2775//882
f 2629//883 2627//883 2775//883
f 2775//813 2627//813 2624//813
f 2624//884 2622//884 2775//884
f 2622//885 2620//885 2775//885
f 2775//886 2620//886 2794//886
f 2620//887 2618//887 2794//887
f 2794//888 2618//888 2617//888
f 2438//889 2437//889 2779//889
f 2437//890 2780//890 2779//890
f 2779//891 2780//891 2796//891
f 2780//891 2797//891 2796//891
f 2796//892 2797//892 2798//892
f 2797//892 2799//892 2798//892
f 2798//893 2799//893 2800//893
f 2799//893 2801//893 2800//893
f 2800//894 2801//894 2802//894
f 2801//894 2803//894 2802//894
f 2802//895 2803//895 2804//895
f 2803//895 2805//895 2804//895
f 2804//896 2805//896 2806//896
f 2805//896 2807//896 2806//896
f 2806//897 2807//897 2808//897
f 2807//897 2809//897 2808//897
f 2808//898 2809//898 2758//898
f 2809//898 2757//898 2758//898
f 2758//899 2757//899 2310//899
f 2757//900 2311//900 2310//900
f 2186//901 2185//901 2768//901
f 2185//902 2769//902 2768//902
f 2768//903 2769//903 2810//903
f 2769//903 2811//903 2810//903
f 2810//904 2811//904 2812//904
f 2811//904 2813//904 2812//904
f 2812//905 2813//905 2814//905
f 2813//905 2815//905 2814//905
f 2814//906 2815//906 2816//906
f 2815//906 2817//906 2816//906
f 2816//907 2817//907 2818//907
f 2817//907 2819//907 2818//907
f 2818//908 2819//908 2820//908
f 2819//908 2821//908 2820//908
f 2820//909 2821//909 2822//909
f 2821//909 2823//909 2822//909
f 2822//910 2823//910 2824//910
f 2823//910 2825//910 2824//910
f 2824//911 2825//911 2826//911
f 2825//911 2827//911 2826//911
f 2826//912 2827//912 2828//912
f 2827//912 2829//912 2828//912
f 2828//913 2829//913 2830//913
f 2829//913 2831//913 2830//913
f 2830//914 2831//914 2832//914
f 2831//914 2833//914 2832//914
f 2832//915 2833//915 2834//915
f 2833//915 2835//915 2834//915
f 2834//916 2835//916 2836//916
f 2835//916 2837//916 2836//916
f 2836//917 2837//917 2838//917
f 2837//917 2839//917 2838//917
f 2838//918 2839//918 2840//918
f 2839//918 2841//918 2840//918
f 2840//919 2841//919 2842//919
f 2841//919 2843//919 2842//919
f 2842//920 2843//920 2844//920
f 2843//920 2845//920 2844//920
f 2844//921 2845//921 2846//921
f 2845//921 2847//921 2846//921
f 2846//922 2847//922 2848//922
f 2847//922 2849//922 2848//922
f 2848//923 2849//923 2850//923
f 2849//923 2851//923 2850//923
f 2850//924 2851//924 2852//924
f 2851//924 2853//924 2852//924
f 2852//925 2853//925 2854//925
f 2853//925 2855//925 2854//925
f 2854//926 2855//926 2856//926
f 2855//926 2857//926 2856//926
f 2856//927 2857//927 2858//927
f 2857//927 2859//927 2858//927
f 2858//928 2859//928 2860//928
f 2859//928 2861//928 2860//928
f 2860//929 2861//929 2862//929
f 2861//929 2863//929 2862//929
f 2862//930 2863//930 2864//930
f 2863//930 2865//930 2864//930
f 2864//931 2865//931 2866//931
f 2865//931 2867//931 2866//931
f 2866//932 2867//932 2868//932
f 2867//932 2869//932 2868//932
f 2868//933 2869//933 2870//933
f 2869//933 2871//933 2870//933
f 2870//934 2871//934 2872//934
f 2871//934 2873//934 2872//934
f 2872//935 2873//935 2874//935
f 2873//935 2875//935 2874//935
f 2874//936 2875//936 2876//936
f 2875//936 2877//936 2876//936
f 2876//937 2877//937 2878//937
f 2877//937 2879//937 2878//937
f 2878//938 2879//938 2880//938
f 2879//938 2881//938 2880//938
f 2880//939 2881//939 2882//939
f 2881//939 2883//939 2882//939
f 2882//940 2883//940 2884//940
f 2883//940 2885//940 2884//940
f 2884//941 2885//941 2886//941
f 2885//941 2887//941 2886//941
f 2886//942 2887//942 2888//942
f 2887//942 2889//942 2888//942
f 2888//943 2889//943 2890//943
f 2889//943 2891//943 2890//943
f 2890//944 2891//944 2892//944
f 2891//944 2893//944 2892//944
f 2892//945 2893//945 2894//945
f 2893//945 2895//945 2894//945
f 2894//946 2895//946 2791//946
f 2895//946 2790//946 2791//946
f 2791//947 2790//947 2562//947
f 2790//948 2563//948 2562//948
f 2873//949 2896//949 2875//949
f 2896//950 2897//950 2875//950
f 2875//951 2897//951 2877//951
f 2897//952 2898//952 2877//952
f 2877//953 2898//953 2879//953
f 2898//954 2899//954 2879//954
f 2879//955 2899//955 2881//955
f 2899//956 2900//956 2881//956
f 2881//957 2900//957 2883//957
f 2900//958 2901//958 2883//958
f 2883//959 2901//959 2885//959
f 2901//960 2902//960 2885//960
f 2885//961 2902//961 2887//961
f 2902//962 2903//962 2887//962
f 2887//963 2903//963 2889//963
f 2903//964 2904//964 2889//964
f 2889//965 2904//965 2891//965
f 2904//966 2905//966 2891//966
f 2891//967 2905//967 2893//967
f 2905//968 2906//968 2893//968
f 2893//969 2906//969 2895//969
f 2906//970 2907//970 2895//970
f 2895//971 2907//971 2790//971
f 2907//972 2908//972 2790//972
f 2790//973 2908//973 2792//973
f 2908//974 2909//974 2792//974
f 2792//975 2909//975 2793//975
f 2909//976 2910//976 2793//976
f 2793//977 2910//977 2795//977
f 2910//978 2911//978 2795//978
f 2795//979 2911//979 2794//979
f 2911//980 2912//980 2794//980
f 2794//981 2912//981 2775//981
f 2912//982 2913//982 2775//982
f 2775//983 2913//983 2774//983
f 2913//984 2914//984 2774//984
f 2774//985 2914//985 2776//985
f 2914//986 2915//986 2776//986
f 2776//987 2915//987 2777//987
f 2915//988 2916//988 2777//988
f 2777//989 2916//989 2778//989
f 2916//990 2917//990 2778//990
f 2778//991 2917//991 2780//991
f 2917//992 2918//992 2780//992
f 2780//993 2918//993 2797//993
f 2918//994 2919//994 2797//994
f 2797//995 2919//995 2799//995
f 2919//996 2920//996 2799//996
f 2799//997 2920//997 2801//997
f 2920//998 2921//998 2801//998
f 2801//999 2921//999 2803//999
f 2921//1000 2922//1000 2803//1000
f 2803//1001 2922//1001 2805//1001
f 2922//1002 2923//1002 2805//1002
f 2805//1003 2923//1003 2807//1003
f 2923//1004 2924//1004 2807//1004
f 2807//1005 2924//1005 2809//1005
f 2924//1006 2925//1006 2809//1006
f 2809//1007 2925//1007 2757//1007
f 2925//1008 2926//1008 2757//1008
f 2757//1009 2926//1009 2759//1009
f 2926//1010 2927//1010 2759//1010
f 2759//1011 2927//1011 2760//1011
f 2927//1012 2928//1012 2760//1012
f 2760//1013 2928//1013 2762//1013
f 2928//1014 2929//1014 2762//1014
f 2762//1015 2929//1015 2761//1015
f 2929//1016 2930//1016 2761//1016
f 2761//1017 2930//1017 2763//1017
f 2930//1018 2931//1018 2763//1018
f 2763//1019 2931//1019 2764//1019
f 2931//1020 2932//1020 2764//1020
f 2764//1021 2932//1021 2765//1021
f 2932//1022 2933//1022 2765//1022
f 2765//1023 2933//1023 2766//1023
f 2933//1024 2934//1024 2766//1024
f 2766//1025 2934//1025 2767//1025
f 2934//1026 2935//1026 2767//1026
f 2767//1027 2935//1027 2769//1027
f 2935//1028 2936//1028 2769//1028
f 2769//1029 2936//1029 2811//1029
f 2936//1030 2937//1030 2811//1030
f 2811//1031 2937//1031 2813//1031
f 2937//1032 2938//1032 2813//1032
f 2813//1033 2938//1033 2815//1033
f 2938//1034 2939//1034 2815//1034
f 2815//1035 2939//1035 2817//1035
f 2939//1036 2940//1036 2817//1036
f 2817//1037 2940//1037 2819//1037
f 2940//1038 2941//1038 2819//1038
f 2819//1039 2941//1039 2821//1039
f 2941//1040 2942//1040 2821//1040
f 2821//1041 2942//1041 2823//1041
f 2942//1042 2943//1042 2823//1042
f 2823//1043 2943//1043 2825//1043
f 2943//1044 2944//1044 2825//1044
f 2825//1045 2944//1045 2827//1045
f 2944//1046 2945//1046 2827//1046
f 2827//1047 2945//1047 2829//1047
f 2945//1048 2946//1048 2829//1048
f 2829//1049 2946//1049 2831//1049
f 2946//1050 2947//1050 2831//1050
f 2831//1051 2947//1051 2833//1051
f 2947//1052 2948//1052 2833//1052
f 2833//1053 2948//1053 2835//1053
f 2948//1054 2949//1054 2835//1054
f 2835//1055 2949//1055 2837//1055
f 2949//1056 2950//1056 2837//1056
f 2837//1057 2950//1057 2839//1057
f 2950//1058 2951//1058 2839//1058
f 2839//1059 2951//1059 2841//1059
f 2951//1060 2952//1060 2841//1060
f 2841//1061 2952//1061 2843//1061
f 2952//1062 2953//1062 2843//1062
f 2843//1063 2953//1063 2845//1063
f 2953//1064 2954//1064 2845//1064
f 2845//1065 2954//1065 2847//1065
f 2954//1066 2955//1066 2847//1066
f 2847//1067 2955//1067 2849//1067
f 2955//1068 2956//1068 2849//1068
f 2849//1069 2956//1069 2851//1069
f 2956//1070 2957//1070 2851//1070
f 2851//1071 2957//1071 2853//1071
f 2957//1072 2958//1072 2853//1072
f 2853//1073 2958//1073 2855//1073
f 2958//1074 2959//1074 2855//1074
f 2855//1075 2959//1075 2857//1075
f 2959//1076 2960//1076 2857//1076
f 2857//1077 2960//1077 2859//1077
f 2960//1078 2961//1078 2859//1078
f 2859//1079 2961//1079 2861//1079
f 2961//1080 2962//1080 2861//1080
f 2861//1081 2962//1081 2863//1081
f 2962//1082 2963//1082 2863//1082
f 2863//1083 2963//1083 2865//1083
f 2963//1084 2964//1084 2865//1084
f 2865//1085 2964//1085 2867//1085
f 2964//1086 2965//1086 2867//1086
f 2867//1087 2965//1087 2869//1087
f 2965//1088 2966//1088 2869//1088
f 2869//1089 2966//1089 2871//1089
f 2966//1090 2967//1090 2871//1090
f 2871//1091 2967//1091 2873//1091
f 2967//1092 2896//1092 2873//1092
f 745//1093 2968//1093 746//1093
f 2968//1093 2969//1093 746//1093
f 746//1094 2969//1094 747//1094
f 2969//1094 2970//1094 747//1094
f 747//1095 2970//1095 748//1095
f 2970//1095 2971//1095 748//1095
f 748//1096 2971//1096 749//1096
f 2971//1096 2972//1096 749//1096
f 749//1097 2972//1097 919//1097
f 2972//1097 2973//1097 919//1097
f 919//1098 2973//1098 860//1098
f 2973//1098 2974//1098 860//1098
f 860//1099 2974//1099 801//1099
f 2974//1099 2975//1099 801//1099
f 801//1100 2975//1100 802//1100
f 2975//1100 2976//1100 802//1100
f 802//1101 2976//1101 964//1101
f 2976//1101 2977//1101 964//1101
f 964//1102 2977//1102 965//1102
f 2977//1102 2978//1102 965//1102
f 965//1103 2978//1103 966//1103
f 2978//1103 2979//1103 966//1103
f 966//1104 2979//1104 967//1104
f 2979//1104 2980//1104 967//1104
f 967//1105 2980//1105 968//1105
f 2980//1105 2981//1105 968//1105
f 968//1106 2981//1106 969//1106
f 2981//1106 2982//1106 969//1106
f 969//1107 2982//1107 803//1107
f 2982//1107 2983//1107 803//1107
f 803//1108 2983//1108 918//1108
f 2983//1108 2984//1108 918//1108
f 918//1109 2984//1109 858//1109
f 2984//1109 2985//1109 858//1109
f 858//1110 2985//1110 859//1110
f 2985//1110 2986//1110 859//1110
f 859//1111 2986//1111 861//1111
f 2986//1111 2987//1111 861//1111
f 861//1112 2987//1112 920//1112
f 2987//1112 2988//1112 920//1112
f 920//1113 2988//1113 617//1113
f 2988//1113 2989//1113 617//1113
f 617//1114 2989//1114 2990//1114
f 617//1114 2990//1114 533//1114
f 2990//1115 2991//1115 533//1115
f 533//1115 2991//1115 579//1115
f 2991//1116 2992//1116 579//1116
f 579//1116 2992//1116 804//1116
f 2992//1117 2993//1117 804//1117
f 804//1117 2993//1117 680//1117
f 2993//1118 2994//1118 680//1118
f 680//1118 2994//1118 678//1118
f 2994//1119 2995//1119 678//1119
f 678//1119 2995//1119 686//1119
f 2995//1120 2996//1120 686//1120
f 686//1120 2996//1120 685//1120
f 2996//1121 2997//1121 685//1121
f 685//1121 2997//1121 750//1121
f 2997//1122 2998//1122 750//1122
f 750//1122 2998//1122 751//1122
f 2998//1123 2999//1123 751//1123
f 751//1123 2999//1123 921//1123
f 2999//1124 3000//1124 921//1124
f 921//1124 3000//1124 922//1124
f 3000//1125 3001//1125 922//1125
f 922//1125 3001//1125 923//1125
f 3001//1126 3002//1126 923//1126
f 923//1126 3002//1126 862//1126
f 3002//1127 3003//1127 862//1127
f 862//1127 3003//1127 863//1127
f 3003//1128 3004//1128 863//1128
f 863//1128 3004//1128 864//1128
f 3004//1129 3005//1129 864//1129
f 864//1129 3005//1129 865//1129
f 3005//1130 3006//1130 865//1130
f 865//1130 3006//1130 866//1130
f 3006//1131 3007//1131 866//1131
f 866//1131 3007//1131 867//1131
f 3007//1132 3008//1132 867//1132
f 867//1132 3008//1132 687//1132
f 3008//1133 3009//1133 687//1133
f 687//1133 3009//1133 688//1133
f 3009//1134 3010//1134 688//1134
f 688//1134 3010//1134 585//1134
f 3010//1135 3011//1135 585//1135
f 585//1135 3011//1135 586//1135
f 3011//1136 3012//1136 586//1136
f 586//1136 3012//1136 588//1136
f 3012//1137 3013//1137 588//1137
f 588//1137 3013//1137 589//1137
f 3013//1138 3014//1138 589//1138
f 589//1138 3014//1138 529//1138
f 3014//1139 3015//1139 529//1139
f 529//1139 3015//1139 530//1139
f 3015//1140 3016//1140 530//1140
f 530//1140 3016//1140 534//1140
f 3016//1141 3017//1141 534//1141
f 534//1141 3017//1141 535//1141
f 3017//1142 3018//1142 535//1142
f 535//1142 3018//1142 536//1142
f 3018//1143 3019//1143 536//1143
f 536//1143 3019//1143 557//1143
f 3019//1144 3020//1144 557//1144
f 557//1144 3020//1144 558//1144
f 3020//1145 3021//1145 558//1145
f 558//1145 3021//1145 559//1145
f 3021//1146 3022//1146 559//1146
f 559//1146 3022//1146 543//1146
f 3022//1147 3023//1147 543//1147
f 543//1147 3023//1147 542//1147
f 3023//1148 3024//1148 542//1148
f 542//1148 3024//1148 540//1148
f 3024//1149 3025//1149 540//1149
f 540//1149 3025//1149 544//1149
f 3025//1150 3026//1150 544//1150
f 544//1150 3026//1150 545//1150
f 545//1151 3026//1151 806//1151
f 3026//1151 3027//1151 806//1151
f 806//1152 3027//1152 807//1152
f 3027//1152 3028//1152 807//1152
f 807//1153 3028//1153 924//1153
f 3028//1153 3029//1153 924//1153
f 924//1154 3029//1154 925//1154
f 3029//1154 3030//1154 925//1154
f 925//1155 3030//1155 870//1155
f 3030//1155 3031//1155 870//1155
f 870//1156 3031//1156 869//1156
f 3031//1156 3032//1156 869//1156
f 869//1157 3032//1157 868//1157
f 3032//1157 3033//1157 868//1157
f 868//1158 3033//1158 926//1158
f 3033//1158 3034//1158 926//1158
f 926//1159 3034//1159 927//1159
f 3034//1159 3035//1159 927//1159
f 927//1160 3035//1160 928//1160
f 3035//1160 3036//1160 928//1160
f 928//1161 3036//1161 805//1161
f 3036//1161 3037//1161 805//1161
f 805//1162 3037//1162 871//1162
f 3037//1162 3038//1162 871//1162
f 871//1163 3038//1163 808//1163
f 3038//1163 3039//1163 808//1163
f 808//1164 3039//1164 809//1164
f 3039//1164 3040//1164 809//1164
f 809//1165 3040//1165 810//1165
f 3040//1165 3041//1165 810//1165
f 810//1166 3041//1166 872//1166
f 3041//1166 3042//1166 872//1166
f 872//1167 3042//1167 873//1167
f 3042//1167 3043//1167 873//1167
f 873//1168 3043//1168 874//1168
f 3043//1168 3044//1168 874//1168
f 874//1169 3044//1169 875//1169
f 3044//1169 3045//1169 875//1169
f 875//1170 3045//1170 876//1170
f 3045//1170 3046//1170 876//1170
f 876//1171 3046//1171 752//1171
f 3046//1171 3047//1171 752//1171
f 752//1172 3047//1172 753//1172
f 3047//1172 3048//1172 753//1172
f 753//1173 3048//1173 754//1173
f 3048//1173 3049//1173 754//1173
f 754//1174 3049//1174 755//1174
f 3049//1174 3050//1174 755//1174
f 755//1175 3050//1175 811//1175
f 3050//1175 3051//1175 811//1175
f 811//1176 3051//1176 812//1176
f 3051//1176 3052//1176 812//1176
f 812//1177 3052//1177 546//1177
f 3052//1177 3053//1177 546//1177
f 546//1178 3053//1178 541//1178
f 3053//1179 3054//1179 541//1179
f 3055//1180 1098//1180 3056//1180
f 1098//1180 1100//1180 3056//1180
f 3056//1181 1100//1181 3057//1181
f 1100//1181 1102//1181 3057//1181
f 3057//1182 1102//1182 3058//1182
f 1102//1182 1103//1182 3058//1182
f 3058//1183 1103//1183 3059//1183
f 1103//1183 1067//1183 3059//1183
f 3059//1184 1067//1184 3060//1184
f 1067//1184 1089//1184 3060//1184
f 3060//1185 1089//1185 3061//1185
f 1089//1185 1088//1185 3061//1185
f 3061//1186 1088//1186 3062//1186
f 1088//1186 1087//1186 3062//1186
f 3062//1187 1087//1187 3063//1187
f 1087//1187 1097//1187 3063//1187
f 3063//1188 1097//1188 3064//1188
f 1097//1188 1096//1188 3064//1188
f 3064//1189 1096//1189 3065//1189
f 1096//1189 1086//1189 3065//1189
f 3065//1190 1086//1190 3066//1190
f 1086//1190 1085//1190 3066//1190
f 3066//1191 1085//1191 3067//1191
f 1085//1191 1062//1191 3067//1191
f 3067//1192 1062//1192 3068//1192
f 1062//1192 1061//1192 3068//1192
f 3068//1193 1061//1193 3069//1193
f 1061//1193 1060//1193 3069//1193
f 3069//1194 1060//1194 3070//1194
f 1060//1194 1059//1194 3070//1194
f 3070//1195 1059//1195 3054//1195
f 1059//1195 1066//1195 3054//1195
f 3054//1196 1066//1196 541//1196
f 1098//1197 3055//1197 3071//1197
f 1098//1197 3071//1197 1168//1197
f 3071//1198 3072//1198 1168//1198
f 1168//1198 3072//1198 1169//1198
f 3072//1199 3073//1199 1169//1199
f 1169//1199 3073//1199 1170//1199
f 3073//1200 3074//1200 1170//1200
f 1170//1200 3074//1200 1171//1200
f 3074//1201 3075//1201 1171//1201
f 1171//1201 3075//1201 1172//1201
f 3075//1202 3076//1202 1172//1202
f 1172//1202 3076//1202 1173//1202
f 3076//1203 3077//1203 1173//1203
f 1173//1203 3077//1203 1187//1203
f 3077//1204 3078//1204 1187//1204
f 1187//1204 3078//1204 1188//1204
f 3078//1205 3079//1205 1188//1205
f 1188//1205 3079//1205 1144//1205
f 3079//1206 3080//1206 1144//1206
f 1144//1206 3080//1206 1145//1206
f 3080//1207 3081//1207 1145//1207
f 1145//1207 3081//1207 1146//1207
f 3081//1208 3082//1208 1146//1208
f 1146//1208 3082//1208 1174//1208
f 3082//1209 3083//1209 1174//1209
f 1174//1209 3083//1209 1175//1209
f 3083//1210 3084//1210 1175//1210
f 1175//1210 3084//1210 1176//1210
f 3084//1211 3085//1211 1176//1211
f 1176//1211 3085//1211 1196//1211
f 3085//1212 3086//1212 1196//1212
f 1196//1212 3086//1212 1194//1212
f 3086//1213 3087//1213 1194//1213
f 1194//1213 3087//1213 1177//1213
f 3087//1214 3088//1214 1177//1214
f 1177//1214 3088//1214 1178//1214
f 3088//1215 3089//1215 1178//1215
f 1178//1215 3089//1215 1189//1215
f 3089//1216 3090//1216 1189//1216
f 1189//1216 3090//1216 1190//1216
f 3090//1217 3091//1217 1190//1217
f 1190//1217 3091//1217 1200//1217
f 3091//1218 3092//1218 1200//1218
f 1200//1218 3092//1218 1201//1218
f 3092//1219 3093//1219 1201//1219
f 1201//1219 3093//1219 1205//1219
f 3093//1220 3094//1220 1205//1220
f 1205//1220 3094//1220 1206//1220
f 3094//1221 3095//1221 1206//1221
f 1206//1221 3095//1221 1207//1221
f 3095//1222 3096//1222 1207//1222
f 1207//1222 3096//1222 1199//1222
f 3096//1223 3097//1223 1199//1223
f 1199//1223 3097//1223 1191//1223
f 3097//1224 3098//1224 1191//1224
f 1191//1224 3098//1224 1179//1224
f 3098//1225 3099//1225 1179//1225
f 1179//1225 3099//1225 1202//1225
f 3099//1226 3100//1226 1202//1226
f 1202//1226 3100//1226 1192//1226
f 3100//1227 3101//1227 1192//1227
f 1192//1227 3101//1227 1193//1227
f 3101//1228 3102//1228 1193//1228
f 1193//1228 3102//1228 1195//1228
f 3102//1229 3103//1229 1195//1229
f 1195//1229 3103//1229 1203//1229
f 3103//1230 3104//1230 1203//1230
f 1203//1230 3104//1230 1204//1230
f 3104//1231 3105//1231 1204//1231
f 1204//1231 3105//1231 1198//1231
f 3105//1232 3106//1232 1198//1232
f 1198//1232 3106//1232 1197//1232
f 3106//1233 3107//1233 1197//1233
f 1197//1233 3107//1233 1099//1233
f 1099//1234 3107//1234 1101//1234
f 3107//1234 3108//1234 1101//1234
f 1101//1235 3108//1235 1115//1235
f 3108//1235 3109//1235 1115//1235
f 1115//1236 3109//1236 1116//1236
f 3109//1236 3110//1236 1116//1236
f 1116//1237 3110//1237 1117//1237
f 3110//1237 3111//1237 1117//1237
f 1117//1238 3111//1238 1068//1238
f 3111//1238 3112//1238 1068//1238
f 1068//1239 3112//1239 1069//1239
f 3112//1239 3113//1239 1069//1239
f 1069//1240 3113//1240 1090//1240
f 3113//1240 3114//1240 1090//1240
f 1090//1241 3114//1241 1084//1241
f 3114//1241 3115//1241 1084//1241
f 1084//1242 3115//1242 1063//1242
f 3115//1242 3116//1242 1063//1242
f 1063//1243 3116//1243 1064//1243
f 3116//1243 3117//1243 1064//1243
f 1064//1244 3117//1244 1118//1244
f 3117//1244 3118//1244 1118//1244
f 1118//1245 3118//1245 1119//1245
f 3118//1245 3119//1245 1119//1245
f 1119//1246 3119//1246 1120//1246
f 3119//1246 3120//1246 1120//1246
f 1120//1247 3120//1247 1070//1247
f 3120//1247 3121//1247 1070//1247
f 1070//1248 3121//1248 1071//1248
f 3121//1248 3122//1248 1071//1248
f 1071//1249 3122//1249 1104//1249
f 3122//1249 3123//1249 1104//1249
f 1104//1250 3123//1250 1105//1250
f 3123//1250 3124//1250 1105//1250
f 1105//1251 3124//1251 1072//1251
f 3124//1251 3125//1251 1072//1251
f 1072//1252 3125//1252 1073//1252
f 3125//1252 3126//1252 1073//1252
f 1073//1253 3126//1253 1074//1253
f 3126//1253 3127//1253 1074//1253
f 1074//1254 3127//1254 1075//1254
f 3127//1254 3128//1254 1075//1254
f 1075//1255 3128//1255 1091//1255
f 3128//1255 3129//1255 1091//1255
f 1091//1256 3129//1256 1092//1256
f 3129//1256 3130//1256 1092//1256
f 1092//1257 3130//1257 1058//1257
f 3130//1257 3131//1257 1058//1257
f 1058//1258 3131//1258 1057//1258
f 3131//1258 3132//1258 1057//1258
f 1057//1259 3132//1259 1055//1259
f 3132//1259 3133//1259 1055//1259
f 1055//1260 3133//1260 1076//1260
f 3133//1260 3134//1260 1076//1260
f 1076//1261 3134//1261 1077//1261
f 3134//1261 3135//1261 1077//1261
f 1077//1262 3135//1262 1078//1262
f 3135//1262 3136//1262 1078//1262
f 1078//1263 3136//1263 1093//1263
f 3136//1263 3137//1263 1093//1263
f 1093//1264 3137//1264 1094//1264
f 3137//1264 3138//1264 1094//1264
f 1094//1265 3138//1265 1147//1265
f 3138//1265 3139//1265 1147//1265
f 1147//1266 3139//1266 1148//1266
f 3139//1266 3140//1266 1148//1266
f 1148//1267 3140//1267 1149//1267
f 3140//1267 3141//1267 1149//1267
f 1149//1268 3141//1268 1180//1268
f 3141//1268 3142//1268 1180//1268
f 1180//1269 3142//1269 1181//1269
f 3142//1269 3143//1269 1181//1269
f 1181//1270 3143//1270 1121//1270
f 3143//1270 3144//1270 1121//1270
f 1121//1271 3144//1271 1122//1271
f 3144//1271 3145//1271 1122//1271
f 1122//1272 3145//1272 1131//1272
f 3145//1272 3146//1272 1131//1272
f 1131//1273 3146//1273 1132//1273
f 3146//1273 3147//1273 1132//1273
f 1132//1274 3147//1274 1133//1274
f 3147//1274 3148//1274 1133//1274
f 1133//1275 3148//1275 1184//1275
f 3148//1275 3149//1275 1184//1275
f 1184//1276 3149//1276 1081//1276
f 3149//1276 3150//1276 1081//1276
f 1081//1277 3150//1277 1082//1277
f 3150//1277 3151//1277 1082//1277
f 1082//1278 3151//1278 3152//1278
f 1082//1278 3152//1278 1150//1278
f 3152//1279 3153//1279 1150//1279
f 1150//1279 3153//1279 1151//1279
f 3153//1280 3154//1280 1151//1280
f 1151//1280 3154//1280 1152//1280
f 3154//1281 3155//1281 1152//1281
f 1152//1281 3155//1281 1153//1281
f 3155//1282 3156//1282 1153//1282
f 1153//1282 3156//1282 1154//1282
f 3156//1283 3157//1283 1154//1283
f 1154//1283 3157//1283 1155//1283
f 3157//1284 3158//1284 1155//1284
f 1155//1284 3158//1284 1156//1284
f 3158//1285 3159//1285 1156//1285
f 1156//1285 3159//1285 1157//1285
f 3159//1286 3160//1286 1157//1286
f 1157//1286 3160//1286 1158//1286
f 3160//1287 3161//1287 1158//1287
f 1158//1287 3161//1287 1159//1287
f 3161//1288 3162//1288 1159//1288
f 1159//1288 3162//1288 1160//1288
f 3162//1289 3163//1289 1160//1289
f 1160//1289 3163//1289 1108//1289
f 3163//1290 3164//1290 1108//1290
f 1108//1290 3164//1290 1109//1290
f 3164//1291 3165//1291 1109//1291
f 1109//1291 3165//1291 1110//1291
f 3165//1292 3166//1292 1110//1292
f 1110//1292 3166//1292 1111//1292
f 3166//1293 3167//1293 1111//1293
f 1111//1293 3167//1293 1125//1293
f 3167//1294 3168//1294 1125//1294
f 1125//1294 3168//1294 1126//1294
f 3168//1295 3169//1295 1126//1295
f 1126//1295 3169//1295 1127//1295
f 3169//1296 3170//1296 1127//1296
f 1127//1296 3170//1296 1139//1296
f 3170//1297 3171//1297 1139//1297
f 1139//1297 3171//1297 1140//1297
f 3171//1298 3172//1298 1140//1298
f 1140//1298 3172//1298 1128//1298
f 3172//1299 3173//1299 1128//1299
f 1128//1299 3173//1299 1129//1299
f 3173//1300 3174//1300 1129//1300
f 1129//1300 3174//1300 1130//1300
f 3174//1301 3175//1301 1130//1301
f 1130//1301 3175//1301 1112//1301
f 3175//1302 3176//1302 1112//1302
f 1112//1302 3176//1302 1113//1302
f 3176//1303 3177//1303 1113//1303
f 1113//1303 3177//1303 1114//1303
f 3177//1304 3178//1304 1114//1304
f 1114//1304 3178//1304 1141//1304
f 3178//1305 3179//1305 1141//1305
f 1141//1305 3179//1305 1142//1305
f 3179//1306 3180//1306 1142//1306
f 1142//1306 3180//1306 1143//1306
f 3180//1307 3181//1307 1143//1307
f 1143//1307 3181//1307 1164//1307
f 3181//1308 3182//1308 1164//1308
f 1164//1308 3182//1308 1163//1308
f 3182//1309 3183//1309 1163//1309
f 1163//1309 3183//1309 1165//1309
f 3183//1310 3184//1310 1165//1310
f 1165//1310 3184//1310 1166//1310
f 3184//1311 3185//1311 1166//1311
f 1166//1311 3185//1311 1167//1311
f 3185//1312 3186//1312 1167//1312
f 1167//1312 3186//1312 1161//1312
f 3186//1313 3187//1313 1161//1313
f 1161//1313 3187//1313 1162//1313
f 3187//1314 3188//1314 1162//1314
f 1162//1314 3188//1314 1083//1314
f 1083//1315 3188//1315 1182//1315
f 3188//1315 3189//1315 1182//1315
f 1182//1316 3189//1316 1183//1316
f 3189//1316 3190//1316 1183//1316
f 1183//1317 3190//1317 1185//1317
f 3190//1317 3191//1317 1185//1317
f 1185//1318 3191//1318 1186//1318
f 3191//1318 3192//1318 1186//1318
f 1186//1319 3192//1319 1095//1319
f 3192//1319 3193//1319 1095//1319
f 1095//1320 3193//1320 1123//1320
f 3193//1320 3194//1320 1123//1320
f 1123//1321 3194//1321 1124//1321
f 3194//1321 3195//1321 1124//1321
f 1124//1322 3195//1322 1134//1322
f 3195//1322 3196//1322 1134//1322
f 1134//1323 3196//1323 1135//1323
f 3196//1323 3197//1323 1135//1323
f 1135//1324 3197//1324 1136//1324
f 3197//1324 3198//1324 1136//1324
f 1136//1325 3198//1325 1106//1325
f 3198//1325 3199//1325 1106//1325
f 1106//1326 3199//1326 1107//1326
f 3199//1326 3200//1326 1107//1326
f 1107//1327 3200//1327 1137//1327
f 3200//1327 3201//1327 1137//1327
f 1137//1328 3201//1328 1138//1328
f 3201//1328 3202//1328 1138//1328
f 1138//1329 3202//1329 1080//1329
f 3202//1329 3203//1329 1080//1329
f 1080//1330 3203//1330 1079//1330
f 3203//1330 3204//1330 1079//1330
f 3205//1331 49//1331 3206//1331
f 49//1331 48//1331 3206//1331
f 3206//1332 48//1332 3207//1332
f 48//1332 47//1332 3207//1332
f 3207//1333 47//1333 3208//1333
f 47//1333 46//1333 3208//1333
f 3208//1334 46//1334 3209//1334
f 46//1334 45//1334 3209//1334
f 3209//1335 45//1335 3204//1335
f 45//1336 44//1336 3204//1336
f 3204//1337 44//1337 1079//1337
f 49//1338 3205//1338 9//1338
f 3205//1338 3210//1338 9//1338
f 9//1339 3210//1339 8//1339
f 3210//1339 3211//1339 8//1339
f 8//1340 3211//1340 168//1340
f 3211//1340 3212//1340 168//1340
f 168//1341 3212//1341 169//1341
f 3212//1341 3213//1341 169//1341
f 169//1342 3213//1342 170//1342
f 3213//1342 3214//1342 170//1342
f 170//1343 3214//1343 84//1343
f 3214//1343 3215//1343 84//1343
f 84//1344 3215//1344 86//1344
f 3215//1344 3216//1344 86//1344
f 86//1345 3216//1345 87//1345
f 3216//1345 3217//1345 87//1345
f 87//1346 3217//1346 85//1346
f 3217//1346 3218//1346 85//1346
f 85//1347 3218//1347 83//1347
f 3218//1347 3219//1347 83//1347
f 83//1348 3219//1348 171//1348
f 3219//1348 3220//1348 171//1348
f 171//1349 3220//1349 167//1349
f 3220//1349 3221//1349 167//1349
f 167//1350 3221//1350 88//1350
f 3221//1350 3222//1350 88//1350
f 88//1351 3222//1351 89//1351
f 3222//1351 3223//1351 89//1351
f 89//1352 3223//1352 90//1352
f 3223//1352 3224//1352 90//1352
f 90//1353 3224//1353 91//1353
f 3224//1353 3225//1353 91//1353
f 91//1354 3225//1354 92//1354
f 3225//1354 3226//1354 92//1354
f 92//1355 3226//1355 93//1355
f 3226//1355 3227//1355 93//1355
f 93//1356 3227//1356 94//1356
f 3227//1356 3228//1356 94//1356
f 94//1357 3228//1357 172//1357
f 3228//1357 3229//1357 172//1357
f 172//1358 3229//1358 173//1358
f 3229//1358 3230//1358 173//1358
f 173//1359 3230//1359 6//1359
f 3230//1359 3231//1359 6//1359
f 6//1360 3231//1360 7//1360
f 3231//1360 3232//1360 7//1360
f 7//1361 3232//1361 3233//1361
f 7//1361 3233//1361 107//1361
f 3233//1362 3234//1362 107//1362
f 107//1362 3234//1362 108//1362
f 3234//1363 3235//1363 108//1363
f 108//1363 3235//1363 109//1363
f 3235//1364 3236//1364 109//1364
f 109//1364 3236//1364 230//1364
f 3236//1365 3237//1365 230//1365
f 230//1365 3237//1365 231//1365
f 3237//1366 3238//1366 231//1366
f 231//1366 3238//1366 232//1366
f 3238//1367 3239//1367 232//1367
f 232//1367 3239//1367 189//1367
f 3239//1368 3240//1368 189//1368
f 189//1368 3240//1368 190//1368
f 3240//1369 3241//1369 190//1369
f 190//1369 3241//1369 191//1369
f 3241//1370 3242//1370 191//1370
f 191//1370 3242//1370 192//1370
f 3242//1371 3243//1371 192//1371
f 192//1371 3243//1371 193//1371
f 3243//1372 3244//1372 193//1372
f 193//1372 3244//1372 194//1372
f 3244//1373 3245//1373 194//1373
f 194//1373 3245//1373 65//1373
f 3245//1374 3246//1374 65//1374
f 65//1374 3246//1374 67//1374
f 3246//1375 3247//1375 67//1375
f 67//1375 3247//1375 68//1375
f 3247//1376 3248//1376 68//1376
f 68//1376 3248//1376 195//1376
f 3248//1377 3249//1377 195//1377
f 195//1377 3249//1377 196//1377
f 3249//1378 3250//1378 196//1378
f 196//1378 3250//1378 197//1378
f 3250//1379 3251//1379 197//1379
f 197//1379 3251//1379 115//1379
f 3251//1380 3252//1380 115//1380
f 115//1380 3252//1380 114//1380
f 3252//1381 3253//1381 114//1381
f 114//1381 3253//1381 112//1381
f 3253//1382 3254//1382 112//1382
f 112//1382 3254//1382 110//1382
f 3254//1383 3255//1383 110//1383
f 110//1383 3255//1383 119//1383
f 3255//1384 3256//1384 119//1384
f 119//1384 3256//1384 118//1384
f 3256//1385 3257//1385 118//1385
f 118//1385 3257//1385 116//1385
f 3257//1386 3258//1386 116//1386
f 116//1386 3258//1386 120//1386
f 3258//1387 3259//1387 120//1387
f 120//1387 3259//1387 121//1387
f 3259//1388 3260//1388 121//1388
f 121//1388 3260//1388 122//1388
f 3260//1389 3261//1389 122//1389
f 122//1389 3261//1389 123//1389
f 3261//1390 3262//1390 123//1390
f 123//1390 3262//1390 124//1390
f 3262//1391 3263//1391 124//1391
f 124//1391 3263//1391 268//1391
f 3263//1392 3264//1392 268//1392
f 268//1392 3264//1392 269//1392
f 3264//1393 3265//1393 269//1393
f 269//1393 3265//1393 300//1393
f 3265//1394 3266//1394 300//1394
f 300//1394 3266//1394 301//1394
f 3266//1395 3267//1395 301//1395
f 301//1395 3267//1395 303//1395
f 3267//1396 3268//1396 303//1396
f 303//1396 3268//1396 233//1396
f 3268//1397 3269//1397 233//1397
f 233//1397 3269//1397 273//1397
f 273//1398 3269//1398 516//1398
f 3269//1398 3270//1398 516//1398
f 516//1399 3270//1399 517//1399
f 3270//1399 3271//1399 517//1399
f 517//1400 3271//1400 526//1400
f 3271//1400 3272//1400 526//1400
f 526//1401 3272//1401 527//1401
f 3272//1401 3273//1401 527//1401
f 527//1402 3273//1402 487//1402
f 3273//1402 3274//1402 487//1402
f 487//1403 3274//1403 488//1403
f 3274//1403 3275//1403 488//1403
f 488//1404 3275//1404 489//1404
f 3275//1404 3276//1404 489//1404
f 489//1405 3276//1405 490//1405
f 3276//1405 3277//1405 490//1405
f 490//1406 3277//1406 491//1406
f 3277//1406 3278//1406 491//1406
f 491//1407 3278//1407 492//1407
f 3278//1407 3279//1407 492//1407
f 492//1408 3279//1408 493//1408
f 3279//1408 3280//1408 493//1408
f 493//1409 3280//1409 439//1409
f 3280//1409 3281//1409 439//1409
f 439//1410 3281//1410 350//1410
f 3281//1410 3282//1410 350//1410
f 350//1411 3282//1411 351//1411
f 3282//1411 3283//1411 351//1411
f 351//1412 3283//1412 459//1412
f 3283//1412 3284//1412 459//1412
f 459//1413 3284//1413 460//1413
f 3284//1413 3285//1413 460//1413
f 460//1414 3285//1414 461//1414
f 3285//1414 3286//1414 461//1414
f 461//1415 3286//1415 518//1415
f 3286//1415 3287//1415 518//1415
f 518//1416 3287//1416 519//1416
f 3287//1416 3288//1416 519//1416
f 519//1417 3288//1417 305//1417
f 3288//1417 3289//1417 305//1417
f 305//1418 3289//1418 271//1418
f 3289//1418 3290//1418 271//1418
f 271//1419 3290//1419 272//1419
f 3290//1419 3291//1419 272//1419
f 272//1420 3291//1420 354//1420
f 3291//1420 3292//1420 354//1420
f 354//1421 3292//1421 494//1421
f 3292//1421 3293//1421 494//1421
f 494//1422 3293//1422 497//1422
f 3293//1422 3294//1422 497//1422
f 497//1423 3294//1423 498//1423
f 3294//1423 3295//1423 498//1423
f 498//1424 3295//1424 499//1424
f 3295//1424 3296//1424 499//1424
f 499//1425 3296//1425 495//1425
f 3296//1425 3297//1425 495//1425
f 495//1426 3297//1426 496//1426
f 3297//1426 3298//1426 496//1426
f 496//1427 3298//1427 462//1427
f 3298//1427 3299//1427 462//1427
f 462//1428 3299//1428 463//1428
f 3299//1428 3300//1428 463//1428
f 463//1429 3300//1429 464//1429
f 3300//1429 3301//1429 464//1429
f 464//1430 3301//1430 392//1430
f 3301//1430 3302//1430 392//1430
f 392//1431 3302//1431 393//1431
f 3302//1431 3303//1431 393//1431
f 393//1432 3303//1432 465//1432
f 3303//1432 3304//1432 465//1432
f 465//1433 3304//1433 466//1433
f 3304//1433 3305//1433 466//1433
f 466//1434 3305//1434 353//1434
f 3305//1434 3306//1434 353//1434
f 353//1435 3306//1435 352//1435
f 3306//1435 3307//1435 352//1435
f 352//1436 3307//1436 236//1436
f 3307//1436 3308//1436 236//1436
f 236//1437 3308//1437 234//1437
f 3308//1437 3309//1437 234//1437
f 234//1438 3309//1438 235//1438
f 3309//1438 3310//1438 235//1438
f 235//1439 3310//1439 347//1439
f 3310//1439 3311//1439 347//1439
f 347//1440 3311//1440 348//1440
f 3311//1440 3312//1440 348//1440
f 348//1441 3312//1441 349//1441
f 3312//1441 3313//1441 349//1441
f 349//1442 3313//1442 3314//1442
f 349//1442 3314//1442 304//1442
f 3314//1443 3315//1443 304//1443
f 304//1443 3315//1443 302//1443
f 3315//1444 3316//1444 302//1444
f 302//1444 3316//1444 270//1444
f 3316//1445 3317//1445 270//1445
f 270//1445 3317//1445 126//1445
f 3317//1446 3318//1446 126//1446
f 126//1446 3318//1446 125//1446
f 3318//1447 3319//1447 125//1447
f 125//1447 3319//1447 117//1447
f 3319//1448 3320//1448 117//1448
f 117//1448 3320//1448 274//1448
f 3320//1449 3321//1449 274//1449
f 274//1449 3321//1449 394//1449
f 3321//1450 3322//1450 394//1450
f 394//1450 3322//1450 395//1450
f 3322//1451 3323//1451 395//1451
f 395//1451 3323//1451 396//1451
f 3323//1452 3324//1452 396//1452
f 396//1452 3324//1452 356//1452
f 3324//1453 3325//1453 356//1453
f 356//1453 3325//1453 357//1453
f 3325//1454 3326//1454 357//1454
f 357//1454 3326//1454 308//1454
f 3326//1455 3327//1455 308//1455
f 308//1455 3327//1455 306//1455
f 3327//1456 3328//1456 306//1456
f 306//1456 3328//1456 238//1456
f 3328//1457 3329//1457 238//1457
f 238//1457 3329//1457 239//1457
f 3329//1458 3330//1458 239//1458
f 239//1458 3330//1458 275//1458
f 3330//1459 3331//1459 275//1459
f 275//1459 3331//1459 276//1459
f 3331//1460 3332//1460 276//1460
f 276//1460 3332//1460 277//1460
f 3332//1461 3333//1461 277//1461
f 277//1461 3333//1461 203//1461
f 3333//1462 3334//1462 203//1462
f 203//1462 3334//1462 202//1462
f 3334//1463 3335//1463 202//1463
f 202//1463 3335//1463 200//1463
f 3335//1464 3336//1464 200//1464
f 200//1464 3336//1464 198//1464
f 3336//1465 3337//1465 198//1465
f 198//1465 3337//1465 440//1465
f 3337//1466 3338//1466 440//1466
f 440//1466 3338//1466 441//1466
f 3338//1467 3339//1467 441//1467
f 441//1467 3339//1467 442//1467
f 3339//1468 3340//1468 442//1468
f 442//1468 3340//1468 397//1468
f 3340//1469 3341//1469 397//1469
f 397//1469 3341//1469 358//1469
f 3341//1470 3342//1470 358//1470
f 358//1470 3342//1470 359//1470
f 3342//1471 3343//1471 359//1471
f 359//1471 3343//1471 443//1471
f 3343//1472 3344//1472 443//1472
f 443//1472 3344//1472 444//1472
f 3344//1473 3345//1473 444//1473
f 444//1473 3345//1473 400//1473
f 3345//1474 3346//1474 400//1474
f 400//1474 3346//1474 445//1474
f 3346//1475 3347//1475 445//1475
f 445//1475 3347//1475 446//1475
f 3347//1476 3348//1476 446//1476
f 446//1476 3348//1476 448//1476
f 3348//1477 3349//1477 448//1477
f 448//1477 3349//1477 449//1477
f 3349//1478 3350//1478 449//1478
f 449//1478 3350//1478 309//1478
f 309//1479 3350//1479 310//1479
f 3350//1479 3351//1479 310//1479
f 310//1480 3351//1480 311//1480
f 3351//1480 3352//1480 311//1480
f 311//1481 3352//1481 361//1481
f 3352//1481 3353//1481 361//1481
f 361//1482 3353//1482 362//1482
f 3353//1482 3354//1482 362//1482
f 362//1483 3354//1483 18//1483
f 3354//1483 3355//1483 18//1483
f 18//1484 3355//1484 19//1484
f 3355//1484 3356//1484 19//1484
f 19//1485 3356//1485 58//1485
f 3356//1485 3357//1485 58//1485
f 58//1486 3357//1486 59//1486
f 3357//1486 3358//1486 59//1486
f 59//1487 3358//1487 60//1487
f 3358//1487 3359//1487 60//1487
f 60//1488 3359//1488 102//1488
f 3359//1488 3360//1488 102//1488
f 102//1489 3360//1489 95//1489
f 3360//1489 3361//1489 95//1489
f 95//1490 3361//1490 96//1490
f 3361//1490 3362//1490 96//1490
f 96//1491 3362//1491 97//1491
f 3362//1491 3363//1491 97//1491
f 97//1492 3363//1492 174//1492
f 3363//1492 3364//1492 174//1492
f 174//1493 3364//1493 175//1493
f 3364//1493 3365//1493 175//1493
f 175//1494 3365//1494 98//1494
f 3365//1494 3366//1494 98//1494
f 98//1495 3366//1495 99//1495
f 3366//1495 3367//1495 99//1495
f 99//1496 3367//1496 100//1496
f 3367//1496 3368//1496 100//1496
f 100//1497 3368//1497 101//1497
f 3368//1497 3369//1497 101//1497
f 101//1498 3369//1498 103//1498
f 3369//1498 3370//1498 103//1498
f 103//1499 3370//1499 13//1499
f 3370//1499 3371//1499 13//1499
f 13//1500 3371//1500 14//1500
f 3371//1500 3372//1500 14//1500
f 14//1501 3372//1501 16//1501
f 3372//1501 3373//1501 16//1501
f 16//1502 3373//1502 176//1502
f 3373//1502 3374//1502 176//1502
f 176//1503 3374//1503 177//1503
f 3374//1503 3375//1503 177//1503
f 177//1504 3375//1504 61//1504
f 3375//1504 3376//1504 61//1504
f 61//1505 3376//1505 62//1505
f 3376//1505 3377//1505 62//1505
f 62//1506 3377//1506 63//1506
f 3377//1506 3378//1506 63//1506
f 63//1507 3378//1507 104//1507
f 3378//1507 3379//1507 104//1507
f 104//1508 3379//1508 105//1508
f 3379//1508 3380//1508 105//1508
f 105//1509 3380//1509 106//1509
f 3380//1509 3381//1509 106//1509
f 106//1510 3381//1510 178//1510
f 3381//1510 3382//1510 178//1510
f 178//1511 3382//1511 179//1511
f 3382//1511 3383//1511 179//1511
f 179//1512 3383//1512 180//1512
f 3383//1512 3384//1512 180//1512
f 180//1513 3384//1513 181//1513
f 3384//1513 3385//1513 181//1513
f 181//1514 3385//1514 182//1514
f 3385//1514 3386//1514 182//1514
f 182//1515 3386//1515 229//1515
f 3386//1515 3387//1515 229//1515
f 229//1516 3387//1516 184//1516
f 3387//1516 3388//1516 184//1516
f 184//1517 3388//1517 185//1517
f 3388//1517 3389//1517 185//1517
f 185//1518 3389//1518 187//1518
f 3389//1518 3390//1518 187//1518
f 187//1519 3390//1519 188//1519
f 3390//1519 3391//1519 188//1519
f 188//1520 3391//1520 186//1520
f 3391//1520 3392//1520 186//1520
f 186//1521 3392//1521 183//1521
f 3392//1521 3393//1521 183//1521
f 183//1522 3393//1522 15//1522
f 3393//1522 3394//1522 15//1522
f 15//1523 3394//1523 3395//1523
f 15//1523 3395//1523 17//1523
f 3395//1524 3396//1524 17//1524
f 17//1524 3396//1524 447//1524
f 3396//1525 3397//1525 447//1525
f 447//1525 3397//1525 398//1525
f 3397//1526 3398//1526 398//1526
f 398//1526 3398//1526 399//1526
f 3398//1527 3399//1527 399//1527
f 399//1527 3399//1527 401//1527
f 3399//1528 3400//1528 401//1528
f 401//1528 3400//1528 360//1528
f 3400//1529 3401//1529 360//1529
f 360//1529 3401//1529 402//1529
f 3401//1530 3402//1530 402//1530
f 402//1530 3402//1530 403//1530
f 3402//1531 3403//1531 403//1531
f 403//1531 3403//1531 404//1531
f 3403//1532 3404//1532 404//1532
f 404//1532 3404//1532 406//1532
f 3404//1533 3405//1533 406//1533
f 406//1533 3405//1533 470//1533
f 3405//1534 3406//1534 470//1534
f 470//1534 3406//1534 469//1534
f 3406//1535 3407//1535 469//1535
f 469//1535 3407//1535 467//1535
f 3407//1536 3408//1536 467//1536
f 467//1536 3408//1536 520//1536
f 3408//1537 3409//1537 520//1537
f 520//1537 3409//1537 521//1537
f 3409//1538 3410//1538 521//1538
f 521//1538 3410//1538 522//1538
f 3410//1539 3411//1539 522//1539
f 522//1539 3411//1539 407//1539
f 3411//1540 3412//1540 407//1540
f 407//1540 3412//1540 408//1540
f 3412//1541 3413//1541 408//1541
f 408//1541 3413//1541 410//1541
f 3413//1542 3414//1542 410//1542
f 410//1542 3414//1542 411//1542
f 3414//1543 3415//1543 411//1543
f 411//1543 3415//1543 245//1543
f 3415//1544 3416//1544 245//1544
f 245//1544 3416//1544 244//1544
f 3416//1545 3417//1545 244//1545
f 244//1545 3417//1545 242//1545
f 3417//1546 3418//1546 242//1546
f 242//1546 3418//1546 240//1546
f 3418//1547 3419//1547 240//1547
f 240//1547 3419//1547 287//1547
f 3419//1548 3420//1548 287//1548
f 287//1548 3420//1548 286//1548
f 3420//1549 3421//1549 286//1549
f 286//1549 3421//1549 284//1549
f 3421//1550 3422//1550 284//1550
f 284//1550 3422//1550 279//1550
f 3422//1551 3423//1551 279//1551
f 279//1551 3423//1551 280//1551
f 3423//1552 3424//1552 280//1552
f 280//1552 3424//1552 281//1552
f 3424//1553 3425//1553 281//1553
f 281//1553 3425//1553 282//1553
f 3425//1554 3426//1554 282//1554
f 282//1554 3426//1554 283//1554
f 3426//1555 3427//1555 283//1555
f 283//1555 3427//1555 316//1555
f 3427//1556 3428//1556 316//1556
f 316//1556 3428//1556 317//1556
f 3428//1557 3429//1557 317//1557
f 317//1557 3429//1557 453//1557
f 3429//1558 3430//1558 453//1558
f 453//1558 3430//1558 454//1558
f 3430//1559 3431//1559 454//1559
f 454//1559 3431//1559 421//1559
f 421//1560 3431//1560 420//1560
f 3431//1560 3432//1560 420//1560
f 420//1561 3432//1561 419//1561
f 3432//1561 3433//1561 419//1561
f 419//1562 3433//1562 422//1562
f 3433//1562 3434//1562 422//1562
f 422//1563 3434//1563 423//1563
f 3434//1563 3435//1563 423//1563
f 423//1564 3435//1564 315//1564
f 3435//1564 3436//1564 315//1564
f 315//1565 3436//1565 313//1565
f 3436//1565 3437//1565 313//1565
f 313//1566 3437//1566 312//1566
f 3437//1566 3438//1566 312//1566
f 312//1567 3438//1567 412//1567
f 3438//1567 3439//1567 412//1567
f 412//1568 3439//1568 450//1568
f 3439//1568 3440//1568 450//1568
f 450//1569 3440//1569 418//1569
f 3440//1569 3441//1569 418//1569
f 418//1570 3441//1570 504//1570
f 3441//1570 3442//1570 504//1570
f 504//1571 3442//1571 502//1571
f 3442//1571 3443//1571 502//1571
f 502//1572 3443//1572 500//1572
f 3443//1572 3444//1572 500//1572
f 500//1573 3444//1573 501//1573
f 3444//1573 3445//1573 501//1573
f 501//1574 3445//1574 503//1574
f 3445//1574 3446//1574 503//1574
f 503//1575 3446//1575 505//1575
f 3446//1575 3447//1575 505//1575
f 505//1576 3447//1576 416//1576
f 3447//1576 3448//1576 416//1576
f 416//1577 3448//1577 417//1577
f 3448//1577 3449//1577 417//1577
f 417//1578 3449//1578 451//1578
f 3449//1578 3450//1578 451//1578
f 451//1579 3450//1579 413//1579
f 3450//1579 3451//1579 413//1579
f 413//1580 3451//1580 414//1580
f 3451//1580 3452//1580 414//1580
f 414//1581 3452//1581 415//1581
f 3452//1581 3453//1581 415//1581
f 415//1582 3453//1582 206//1582
f 3453//1582 3454//1582 206//1582
f 206//1583 3454//1583 508//1583
f 3454//1583 3455//1583 508//1583
f 508//1584 3455//1584 507//1584
f 3455//1584 3456//1584 507//1584
f 507//1585 3456//1585 506//1585
f 3456//1585 3457//1585 506//1585
f 506//1586 3457//1586 509//1586
f 3457//1586 3458//1586 509//1586
f 509//1587 3458//1587 510//1587
f 3458//1587 3459//1587 510//1587
f 510//1588 3459//1588 511//1588
f 3459//1588 3460//1588 511//1588
f 511//1589 3460//1589 512//1589
f 3460//1589 3461//1589 512//1589
f 512//1590 3461//1590 513//1590
f 3461//1590 3462//1590 513//1590
f 513//1591 3462//1591 363//1591
f 3462//1591 3463//1591 363//1591
f 363//1592 3463//1592 364//1592
f 3463//1592 3464//1592 364//1592
f 364//1593 3464//1593 471//1593
f 3464//1593 3465//1593 471//1593
f 471//1594 3465//1594 472//1594
f 3465//1594 3466//1594 472//1594
f 472//1595 3466//1595 473//1595
f 3466//1595 3467//1595 473//1595
f 473//1596 3467//1596 474//1596
f 3467//1596 3468//1596 474//1596
f 474//1597 3468//1597 475//1597
f 3468//1597 3469//1597 475//1597
f 475//1598 3469//1598 476//1598
f 3469//1598 3470//1598 476//1598
f 476//1599 3470//1599 477//1599
f 3470//1599 3471//1599 477//1599
f 477//1600 3471//1600 478//1600
f 3471//1600 3472//1600 478//1600
f 478//1601 3472//1601 365//1601
f 3472//1601 3473//1601 365//1601
f 365//1602 3473//1602 204//1602
f 3473//1602 3474//1602 204//1602
f 204//1603 3474//1603 205//1603
f 3474//1603 3475//1603 205//1603
f 205//1604 3475//1604 3476//1604
f 205//1604 3476//1604 314//1604
f 3476//1605 3477//1605 314//1605
f 314//1605 3477//1605 452//1605
f 3477//1606 3478//1606 452//1606
f 452//1606 3478//1606 318//1606
f 3478//1607 3479//1607 318//1607
f 318//1607 3479//1607 278//1607
f 3479//1608 3480//1608 278//1608
f 278//1608 3480//1608 424//1608
f 3480//1609 3481//1609 424//1609
f 424//1609 3481//1609 425//1609
f 3481//1610 3482//1610 425//1610
f 425//1610 3482//1610 455//1610
f 3482//1611 3483//1611 455//1611
f 455//1611 3483//1611 456//1611
f 3483//1612 3484//1612 456//1612
f 456//1612 3484//1612 457//1612
f 3484//1613 3485//1613 457//1613
f 457//1613 3485//1613 319//1613
f 3485//1614 3486//1614 319//1614
f 319//1614 3486//1614 320//1614
f 3486//1615 3487//1615 320//1615
f 320//1615 3487//1615 321//1615
f 3487//1616 3488//1616 321//1616
f 321//1616 3488//1616 288//1616
f 3488//1617 3489//1617 288//1617
f 288//1617 3489//1617 290//1617
f 3489//1618 3490//1618 290//1618
f 290//1618 3490//1618 291//1618
f 3490//1619 3491//1619 291//1619
f 291//1619 3491//1619 366//1619
f 3491//1620 3492//1620 366//1620
f 366//1620 3492//1620 367//1620
f 3492//1621 3493//1621 367//1621
f 367//1621 3493//1621 369//1621
f 3493//1622 3494//1622 369//1622
f 369//1622 3494//1622 370//1622
f 3494//1623 3495//1623 370//1623
f 370//1623 3495//1623 426//1623
f 3495//1624 3496//1624 426//1624
f 426//1624 3496//1624 427//1624
f 3496//1625 3497//1625 427//1625
f 427//1625 3497//1625 428//1625
f 3497//1626 3498//1626 428//1626
f 428//1626 3498//1626 247//1626
f 3498//1627 3499//1627 247//1627
f 247//1627 3499//1627 248//1627
f 3499//1628 3500//1628 248//1628
f 248//1628 3500//1628 371//1628
f 3500//1629 3501//1629 371//1629
f 371//1629 3501//1629 322//1629
f 3501//1630 3502//1630 322//1630
f 322//1630 3502//1630 323//1630
f 3502//1631 3503//1631 323//1631
f 323//1631 3503//1631 372//1631
f 3503//1632 3504//1632 372//1632
f 372//1632 3504//1632 373//1632
f 3504//1633 3505//1633 373//1633
f 373//1633 3505//1633 374//1633
f 3505//1634 3506//1634 374//1634
f 374//1634 3506//1634 328//1634
f 3506//1635 3507//1635 328//1635
f 328//1635 3507//1635 326//1635
f 3507//1636 3508//1636 326//1636
f 326//1636 3508//1636 27//1636
f 3508//1637 3509//1637 27//1637
f 27//1637 3509//1637 127//1637
f 3509//1638 3510//1638 127//1638
f 127//1638 3510//1638 52//1638
f 3510//1639 3511//1639 52//1639
f 52//1639 3511//1639 132//1639
f 3511//1640 3512//1640 132//1640
f 132//1640 3512//1640 135//1640
f 135//1641 3512//1641 433//1641
f 3512//1641 3513//1641 433//1641
f 433//1642 3513//1642 294//1642
f 3513//1642 3514//1642 294//1642
f 294//1643 3514//1643 458//1643
f 3514//1643 3515//1643 458//1643
f 458//1644 3515//1644 375//1644
f 3515//1644 3516//1644 375//1644
f 375//1645 3516//1645 376//1645
f 3516//1645 3517//1645 376//1645
f 376//1646 3517//1646 378//1646
f 3517//1646 3518//1646 378//1646
f 378//1647 3518//1647 379//1647
f 3518//1647 3519//1647 379//1647
f 379//1648 3519//1648 380//1648
f 3519//1648 3520//1648 380//1648
f 380//1649 3520//1649 429//1649
f 3520//1649 3521//1649 429//1649
f 429//1650 3521//1650 430//1650
f 3521//1650 3522//1650 430//1650
f 430//1651 3522//1651 432//1651
f 3522//1651 3523//1651 432//1651
f 432//1652 3523//1652 431//1652
f 3523//1652 3524//1652 431//1652
f 431//1653 3524//1653 377//1653
f 3524//1653 3525//1653 377//1653
f 377//1654 3525//1654 329//1654
f 3525//1654 3526//1654 329//1654
f 329//1655 3526//1655 292//1655
f 3526//1655 3527//1655 292//1655
f 292//1656 3527//1656 293//1656
f 3527//1656 3528//1656 293//1656
f 293//1657 3528//1657 381//1657
f 3528//1657 3529//1657 381//1657
f 381//1658 3529//1658 382//1658
f 3529//1658 3530//1658 382//1658
f 382//1659 3530//1659 383//1659
f 3530//1659 3531//1659 383//1659
f 383//1660 3531//1660 434//1660
f 3531//1660 3532//1660 434//1660
f 434//1661 3532//1661 299//1661
f 3532//1661 3533//1661 299//1661
f 299//1662 3533//1662 298//1662
f 3533//1662 3534//1662 298//1662
f 298//1663 3534//1663 297//1663
f 3534//1663 3535//1663 297//1663
f 297//1664 3535//1664 384//1664
f 3535//1664 3536//1664 384//1664
f 384//1665 3536//1665 385//1665
f 3536//1665 3537//1665 385//1665
f 385//1666 3537//1666 386//1666
f 3537//1666 3538//1666 386//1666
f 386//1667 3538//1667 332//1667
f 3538//1667 3539//1667 332//1667
f 332//1668 3539//1668 331//1668
f 3539//1668 3540//1668 331//1668
f 331//1669 3540//1669 330//1669
f 3540//1669 3541//1669 330//1669
f 330//1670 3541//1670 333//1670
f 3541//1670 3542//1670 333//1670
f 333//1671 3542//1671 334//1671
f 3542//1671 3543//1671 334//1671
f 334//1672 3543//1672 335//1672
f 3543//1672 3544//1672 335//1672
f 335//1673 3544//1673 336//1673
f 3544//1673 3545//1673 336//1673
f 336//1674 3545//1674 337//1674
f 3545//1674 3546//1674 337//1674
f 337//1675 3546//1675 295//1675
f 3546//1675 3547//1675 295//1675
f 295//1676 3547//1676 296//1676
f 3547//1676 3548//1676 296//1676
f 296//1677 3548//1677 136//1677
f 3548//1677 3549//1677 136//1677
f 136//1678 3549//1678 137//1678
f 3549//1678 3550//1678 137//1678
f 137//1679 3550//1679 138//1679
f 3550//1679 3551//1679 138//1679
f 138//1680 3551//1680 139//1680
f 3551//1680 3552//1680 139//1680
f 139//1681 3552//1681 130//1681
f 3552//1681 3553//1681 130//1681
f 130//1682 3553//1682 131//1682
f 3553//1682 3554//1682 131//1682
f 131//1683 3554//1683 133//1683
f 3554//1683 3555//1683 133//1683
f 133//1684 3555//1684 134//1684
f 3555//1684 3556//1684 134//1684
f 622//1685 3557//1685 3558//1685
f 622//1685 3558//1685 538//1685
f 3558//1686 3559//1686 538//1686
f 538//1686 3559//1686 539//1686
f 3559//1687 3560//1687 539//1687
f 539//1687 3560//1687 561//1687
f 3560//1688 3561//1688 561//1688
f 561//1688 3561//1688 562//1688
f 3561//1689 3562//1689 562//1689
f 562//1689 3562//1689 699//1689
f 3562//1690 3563//1690 699//1690
f 699//1690 3563//1690 700//1690
f 3563//1691 3564//1691 700//1691
f 700//1691 3564//1691 702//1691
f 3564//1692 3565//1692 702//1692
f 702//1692 3565//1692 819//1692
f 3565//1693 3566//1693 819//1693
f 819//1693 3566//1693 821//1693
f 3566//1694 3567//1694 821//1694
f 821//1694 3567//1694 822//1694
f 3567//1695 3568//1695 822//1695
f 822//1695 3568//1695 760//1695
f 3568//1696 3569//1696 760//1696
f 760//1696 3569//1696 762//1696
f 3569//1697 3570//1697 762//1697
f 762//1697 3570//1697 823//1697
f 3570//1698 3571//1698 823//1698
f 823//1698 3571//1698 824//1698
f 3571//1699 3572//1699 824//1699
f 824//1699 3572//1699 825//1699
f 3572//1700 3573//1700 825//1700
f 825//1700 3573//1700 648//1700
f 3573//1701 3574//1701 648//1701
f 648//1701 3574//1701 649//1701
f 3574//1702 3575//1702 649//1702
f 649//1702 3575//1702 651//1702
f 3575//1703 3576//1703 651//1703
f 651//1703 3576//1703 652//1703
f 3576//1704 3577//1704 652//1704
f 652//1704 3577//1704 599//1704
f 3577//1705 3578//1705 599//1705
f 599//1705 3578//1705 598//1705
f 3578//1706 3579//1706 598//1706
f 598//1706 3579//1706 596//1706
f 3579//1707 3580//1707 596//1707
f 596//1707 3580//1707 594//1707
f 3580//1708 3581//1708 594//1708
f 594//1708 3581//1708 600//1708
f 3581//1709 3582//1709 600//1709
f 600//1709 3582//1709 601//1709
f 3582//1710 3583//1710 601//1710
f 601//1710 3583//1710 602//1710
f 3583//1711 3584//1711 602//1711
f 602//1711 3584//1711 563//1711
f 3584//1712 3585//1712 563//1712
f 563//1712 3585//1712 564//1712
f 3585//1713 3586//1713 564//1713
f 564//1713 3586//1713 565//1713
f 3586//1714 3587//1714 565//1714
f 565//1714 3587//1714 552//1714
f 3587//1715 3588//1715 552//1715
f 552//1715 3588//1715 603//1715
f 3588//1716 3589//1716 603//1716
f 603//1716 3589//1716 547//1716
f 3589//1717 3590//1717 547//1717
f 547//1717 3590//1717 548//1717
f 3590//1718 3591//1718 548//1718
f 548//1718 3591//1718 986//1718
f 3591//1719 3592//1719 986//1719
f 986//1719 3592//1719 828//1719
f 3592//1720 3593//1720 828//1720
f 828//1720 3593//1720 829//1720
f 3593//1721 3594//1721 829//1721
f 829//1721 3594//1721 830//1721
f 830//1722 3594//1722 769//1722
f 3594//1722 3595//1722 769//1722
f 769//1723 3595//1723 768//1723
f 3595//1723 3596//1723 768//1723
f 768//1724 3596//1724 771//1724
f 3596//1724 3597//1724 771//1724
f 771//1725 3597//1725 772//1725
f 3597//1725 3598//1725 772//1725
f 772//1726 3598//1726 767//1726
f 3598//1726 3599//1726 767//1726
f 767//1727 3599//1727 765//1727
f 3599//1727 3600//1727 765//1727
f 765//1728 3600//1728 763//1728
f 3600//1728 3601//1728 763//1728
f 763//1729 3601//1729 1006//1729
f 3601//1729 3602//1729 1006//1729
f 1006//1730 3602//1730 1007//1730
f 3602//1730 3603//1730 1007//1730
f 1007//1731 3603//1731 1005//1731
f 3603//1731 3604//1731 1005//1731
f 1005//1732 3604//1732 979//1732
f 3604//1732 3605//1732 979//1732
f 979//1733 3605//1733 980//1733
f 3605//1733 3606//1733 980//1733
f 980//1734 3606//1734 1008//1734
f 3606//1734 3607//1734 1008//1734
f 1008//1735 3607//1735 1009//1735
f 3607//1735 3608//1735 1009//1735
f 1009//1736 3608//1736 826//1736
f 3608//1736 3609//1736 826//1736
f 826//1737 3609//1737 827//1737
f 3609//1737 3610//1737 827//1737
f 827//1738 3610//1738 1010//1738
f 3610//1738 3611//1738 1010//1738
f 1010//1739 3611//1739 1011//1739
f 3611//1739 3612//1739 1011//1739
f 1011//1740 3612//1740 896//1740
f 3612//1740 3613//1740 896//1740
f 896//1741 3613//1741 897//1741
f 3613//1741 3614//1741 897//1741
f 897//1742 3614//1742 898//1742
f 3614//1742 3615//1742 898//1742
f 898//1743 3615//1743 899//1743
f 3615//1743 3616//1743 899//1743
f 899//1744 3616//1744 900//1744
f 3616//1744 3617//1744 900//1744
f 900//1745 3617//1745 901//1745
f 3617//1745 3618//1745 901//1745
f 901//1746 3618//1746 984//1746
f 3618//1746 3619//1746 984//1746
f 984//1747 3619//1747 937//1747
f 3619//1747 3620//1747 937//1747
f 937//1748 3620//1748 981//1748
f 3620//1748 3621//1748 981//1748
f 981//1749 3621//1749 982//1749
f 3621//1749 3622//1749 982//1749
f 982//1750 3622//1750 1012//1750
f 3622//1750 3623//1750 1012//1750
f 1012//1751 3623//1751 1013//1751
f 3623//1751 3624//1751 1013//1751
f 1013//1752 3624//1752 1015//1752
f 3624//1752 3625//1752 1015//1752
f 1015//1753 3625//1753 1016//1753
f 3625//1753 3626//1753 1016//1753
f 1016//1754 3626//1754 1048//1754
f 3626//1754 3627//1754 1048//1754
f 1048//1755 3627//1755 1049//1755
f 3627//1755 3628//1755 1049//1755
f 1049//1756 3628//1756 1050//1756
f 3628//1756 3629//1756 1050//1756
f 1050//1757 3629//1757 1017//1757
f 3629//1757 3630//1757 1017//1757
f 1017//1758 3630//1758 1038//1758
f 3630//1758 3631//1758 1038//1758
f 1038//1759 3631//1759 1014//1759
f 3631//1759 3632//1759 1014//1759
f 1014//1760 3632//1760 983//1760
f 3632//1760 3633//1760 983//1760
f 983//1761 3633//1761 1018//1761
f 3633//1761 3634//1761 1018//1761
f 1018//1762 3634//1762 935//1762
f 3634//1762 3635//1762 935//1762
f 935//1763 3635//1763 936//1763
f 3635//1763 3636//1763 936//1763
f 936//1764 3636//1764 985//1764
f 3636//1764 3637//1764 985//1764
f 985//1765 3637//1765 764//1765
f 3637//1765 3638//1765 764//1765
f 764//1766 3638//1766 3639//1766
f 764//1766 3639//1766 766//1766
f 3639//1767 3640//1767 766//1767
f 766//1767 3640//1767 770//1767
f 3640//1768 3641//1768 770//1768
f 770//1768 3641//1768 987//1768
f 3641//1769 3642//1769 987//1769
f 987//1769 3642//1769 988//1769
f 3642//1770 3643//1770 988//1770
f 988//1770 3643//1770 703//1770
f 3643//1771 3644//1771 703//1771
f 703//1771 3644//1771 704//1771
f 3644//1772 3645//1772 704//1772
f 704//1772 3645//1772 705//1772
f 3645//1773 3646//1773 705//1773
f 705//1773 3646//1773 549//1773
f 3646//1774 3647//1774 549//1774
f 549//1774 3647//1774 550//1774
f 3647//1775 3648//1775 550//1775
f 550//1775 3648//1775 551//1775
f 3648//1776 3649//1776 551//1776
f 551//1776 3649//1776 566//1776
f 3649//1777 3650//1777 566//1777
f 566//1777 3650//1777 554//1777
f 3650//1778 3651//1778 554//1778
f 554//1778 3651//1778 556//1778
f 3651//1779 3652//1779 556//1779
f 556//1779 3652//1779 567//1779
f 3652//1780 3653//1780 567//1780
f 567//1780 3653//1780 568//1780
f 3653//1781 3654//1781 568//1781
f 568//1781 3654//1781 570//1781
f 3654//1782 3655//1782 570//1782
f 570//1782 3655//1782 571//1782
f 3655//1783 3656//1783 571//1783
f 571//1783 3656//1783 781//1783
f 3656//1784 3657//1784 781//1784
f 781//1784 3657//1784 782//1784
f 3657//1785 3658//1785 782//1785
f 782//1785 3658//1785 784//1785
f 3658//1786 3659//1786 784//1786
f 784//1786 3659//1786 785//1786
f 3659//1787 3660//1787 785//1787
f 785//1787 3660//1787 914//1787
f 3660//1788 3661//1788 914//1788
f 914//1788 3661//1788 913//1788
f 3661//1789 3662//1789 913//1789
f 913//1789 3662//1789 842//1789
f 3662//1790 3663//1790 842//1790
f 842//1790 3663//1790 843//1790
f 3663//1791 3664//1791 843//1791
f 843//1791 3664//1791 845//1791
f 3664//1792 3665//1792 845//1792
f 845//1792 3665//1792 846//1792
f 3665//1793 3666//1793 846//1793
f 846//1793 3666//1793 709//1793
f 3666//1794 3667//1794 709//1794
f 709//1794 3667//1794 710//1794
f 3667//1795 3668//1795 710//1795
f 710//1795 3668//1795 712//1795
f 3668//1796 3669//1796 712//1796
f 712//1796 3669//1796 713//1796
f 3669//1797 3670//1797 713//1797
f 713//1797 3670//1797 840//1797
f 3670//1798 3671//1798 840//1798
f 840//1798 3671//1798 841//1798
f 3671//1799 3672//1799 841//1799
f 841//1799 3672//1799 778//1799
f 3672//1800 3673//1800 778//1800
f 778//1800 3673//1800 948//1800
f 3673//1801 3674//1801 948//1801
f 948//1801 3674//1801 949//1801
f 3674//1802 3675//1802 949//1802
f 949//1802 3675//1802 714//1802
f 714//1803 3675//1803 715//1803
f 3675//1803 3676//1803 715//1803
f 715//1804 3676//1804 716//1804
f 3676//1804 3677//1804 716//1804
f 716//1805 3677//1805 779//1805
f 3677//1805 3678//1805 779//1805
f 779//1806 3678//1806 780//1806
f 3678//1806 3679//1806 780//1806
f 780//1807 3679//1807 657//1807
f 3679//1807 3680//1807 657//1807
f 657//1808 3680//1808 655//1808
f 3680//1808 3681//1808 655//1808
f 655//1809 3681//1809 653//1809
f 3681//1809 3682//1809 653//1809
f 653//1810 3682//1810 903//1810
f 3682//1810 3683//1810 903//1810
f 903//1811 3683//1811 904//1811
f 3683//1811 3684//1811 904//1811
f 904//1812 3684//1812 905//1812
f 3684//1812 3685//1812 905//1812
f 905//1813 3685//1813 906//1813
f 3685//1813 3686//1813 906//1813
f 906//1814 3686//1814 773//1814
f 3686//1814 3687//1814 773//1814
f 773//1815 3687//1815 774//1815
f 3687//1815 3688//1815 774//1815
f 774//1816 3688//1816 776//1816
f 3688//1816 3689//1816 776//1816
f 776//1817 3689//1817 940//1817
f 3689//1817 3690//1817 940//1817
f 940//1818 3690//1818 938//1818
f 3690//1818 3691//1818 938//1818
f 938//1819 3691//1819 939//1819
f 3691//1819 3692//1819 939//1819
f 939//1820 3692//1820 941//1820
f 3692//1820 3693//1820 941//1820
f 941//1821 3693//1821 942//1821
f 3693//1821 3694//1821 942//1821
f 942//1822 3694//1822 775//1822
f 3694//1822 3695//1822 775//1822
f 775//1823 3695//1823 902//1823
f 3695//1823 3696//1823 902//1823
f 902//1824 3696//1824 706//1824
f 3696//1824 3697//1824 706//1824
f 706//1825 3697//1825 707//1825
f 3697//1825 3698//1825 707//1825
f 707//1826 3698//1826 708//1826
f 3698//1826 3699//1826 708//1826
f 708//1827 3699//1827 831//1827
f 3699//1827 3700//1827 831//1827
f 831//1828 3700//1828 832//1828
f 3700//1828 3701//1828 832//1828
f 832//1829 3701//1829 833//1829
f 3701//1829 3702//1829 833//1829
f 833//1830 3702//1830 834//1830
f 3702//1830 3703//1830 834//1830
f 834//1831 3703//1831 835//1831
f 3703//1831 3704//1831 835//1831
f 835//1832 3704//1832 836//1832
f 3704//1832 3705//1832 836//1832
f 836//1833 3705//1833 837//1833
f 3705//1833 3706//1833 837//1833
f 837//1834 3706//1834 838//1834
f 3706//1834 3707//1834 838//1834
f 838//1835 3707//1835 907//1835
f 3707//1835 3708//1835 907//1835
f 907//1836 3708//1836 908//1836
f 3708//1836 3709//1836 908//1836
f 908//1837 3709//1837 910//1837
f 3709//1837 3710//1837 910//1837
f 910//1838 3710//1838 911//1838
f 3710//1838 3711//1838 911//1838
f 911//1839 3711//1839 912//1839
f 3711//1839 3712//1839 912//1839
f 912//1840 3712//1840 909//1840
f 3712//1840 3713//1840 909//1840
f 909//1841 3713//1841 943//1841
f 3713//1841 3714//1841 943//1841
f 943//1842 3714//1842 944//1842
f 3714//1842 3715//1842 944//1842
f 944//1843 3715//1843 945//1843
f 3715//1843 3716//1843 945//1843
f 945//1844 3716//1844 946//1844
f 3716//1844 3717//1844 946//1844
f 946//1845 3717//1845 839//1845
f 3717//1845 3718//1845 839//1845
f 839//1846 3718//1846 654//1846
f 3718//1846 3719//1846 654//1846
f 654//1847 3719//1847 3720//1847
f 654//1847 3720//1847 656//1847
f 3720//1848 3721//1848 656//1848
f 656//1848 3721//1848 947//1848
f 3721//1849 3722//1849 947//1849
f 947//1849 3722//1849 777//1849
f 3722//1850 3723//1850 777//1850
f 777//1850 3723//1850 711//1850
f 3723//1851 3724//1851 711//1851
f 711//1851 3724//1851 950//1851
f 3724//1852 3725//1852 950//1852
f 950//1852 3725//1852 844//1852
f 3725//1853 3726//1853 844//1853
f 844//1853 3726//1853 786//1853
f 3726//1854 3727//1854 786//1854
f 786//1854 3727//1854 787//1854
f 3727//1855 3728//1855 787//1855
f 787//1855 3728//1855 951//1855
f 3728//1856 3729//1856 951//1856
f 951//1856 3729//1856 952//1856
f 3729//1857 3730//1857 952//1857
f 952//1857 3730//1857 953//1857
f 3730//1858 3731//1858 953//1858
f 953//1858 3731//1858 719//1858
f 3731//1859 3732//1859 719//1859
f 719//1859 3732//1859 717//1859
f 3732//1860 3733//1860 717//1860
f 717//1860 3733//1860 605//1860
f 3733//1861 3734//1861 605//1861
f 605//1861 3734//1861 606//1861
f 3734//1862 3735//1862 606//1862
f 606//1862 3735//1862 720//1862
f 3735//1863 3736//1863 720//1863
f 720//1863 3736//1863 721//1863
f 3736//1864 3737//1864 721//1864
f 721//1864 3737//1864 722//1864
f 3737//1865 3738//1865 722//1865
f 722//1865 3738//1865 658//1865
f 3738//1866 3739//1866 658//1866
f 658//1866 3739//1866 659//1866
f 3739//1867 3740//1867 659//1867
f 659//1867 3740//1867 661//1867
f 3740//1868 3741//1868 661//1868
f 661//1868 3741//1868 662//1868
f 3741//1869 3742//1869 662//1869
f 662//1869 3742//1869 609//1869
f 3742//1870 3743//1870 609//1870
f 609//1870 3743//1870 607//1870
f 3743//1871 3744//1871 607//1871
f 607//1871 3744//1871 575//1871
f 3744//1872 3745//1872 575//1872
f 575//1872 3745//1872 574//1872
f 3745//1873 3746//1873 574//1873
f 574//1873 3746//1873 572//1873
f 3746//1874 3747//1874 572//1874
f 572//1874 3747//1874 663//1874
f 3747//1875 3748//1875 663//1875
f 663//1875 3748//1875 665//1875
f 3748//1876 3749//1876 665//1876
f 665//1876 3749//1876 666//1876
f 3749//1877 3750//1877 666//1877
f 666//1877 3750//1877 723//1877
f 3750//1878 3751//1878 723//1878
f 723//1878 3751//1878 724//1878
f 3751//1879 3752//1879 724//1879
f 724//1879 3752//1879 725//1879
f 3752//1880 3753//1880 725//1880
f 725//1880 3753//1880 849//1880
f 3753//1881 3754//1881 849//1881
f 849//1881 3754//1881 668//1881
f 3754//1882 3755//1882 668//1882
f 668//1882 3755//1882 612//1882
f 3755//1883 3756//1883 612//1883
f 612//1883 3756//1883 729//1883
f 729//1884 3756//1884 956//1884
f 3756//1884 3757//1884 956//1884
f 956//1885 3757//1885 957//1885
f 3757//1885 3758//1885 957//1885
f 957//1886 3758//1886 958//1886
f 3758//1886 3759//1886 958//1886
f 958//1887 3759//1887 959//1887
f 3759//1887 3760//1887 959//1887
f 959//1888 3760//1888 960//1888
f 3760//1888 3761//1888 960//1888
f 960//1889 3761//1889 961//1889
f 3761//1889 3762//1889 961//1889
f 961//1890 3762//1890 962//1890
f 3762//1890 3763//1890 962//1890
f 962//1891 3763//1891 963//1891
f 3763//1891 3764//1891 963//1891
f 963//1892 3764//1892 989//1892
f 3764//1892 3765//1892 989//1892
f 989//1893 3765//1893 1039//1893
f 3765//1893 3766//1893 1039//1893
f 1039//1894 3766//1894 1040//1894
f 3766//1894 3767//1894 1040//1894
f 1040//1895 3767//1895 1041//1895
f 3767//1895 3768//1895 1041//1895
f 1041//1896 3768//1896 990//1896
f 3768//1896 3769//1896 990//1896
f 990//1897 3769//1897 991//1897
f 3769//1897 3770//1897 991//1897
f 991//1898 3770//1898 992//1898
f 3770//1898 3771//1898 992//1898
f 992//1899 3771//1899 1019//1899
f 3771//1899 3772//1899 1019//1899
f 1019//1900 3772//1900 1020//1900
f 3772//1900 3773//1900 1020//1900
f 1020//1901 3773//1901 1021//1901
f 3773//1901 3774//1901 1021//1901
f 1021//1902 3774//1902 1022//1902
f 3774//1902 3775//1902 1022//1902
f 1022//1903 3775//1903 1023//1903
f 3775//1903 3776//1903 1023//1903
f 1023//1904 3776//1904 955//1904
f 3776//1904 3777//1904 955//1904
f 615//1905 3778//1905 744//1905
f 3778//1905 3779//1905 744//1905
f 744//1906 3779//1906 745//1906
f 3779//1906 2968//1906 745//1906
f 3720//1 3719//1 3732//1
f 3547//1 3546//1 2888//1
f 3718//1 3758//1 3757//1
f 3523//1 3522//1 2872//1
f 3474//1 3473//1 3515//1
f 3212//1 2844//1 3213//1
f 2844//1 2846//1 3213//1
f 3213//1 2846//1 3214//1
f 3780//1 3781//1 2892//1
f 2888//1 3546//1 2886//1
f 3473//1 3472//1 3515//1
f 3472//1 3471//1 3515//1
f 3515//1 3471//1 3470//1
f 3445//1 3444//1 2864//1
f 2892//1 3781//1 2890//1
f 3781//1 3782//1 2890//1
f 2890//1 3782//1 3783//1
f 3458//1 3457//1 2872//1
f 3457//1 3456//1 2872//1
f 3470//1 3469//1 3515//1
f 3469//1 3468//1 3515//1
f 3515//1 3468//1 3467//1
f 3439//1 3391//1 3440//1
f 3391//1 3441//1 3440//1
f 3732//1 3719//1 3733//1
f 3784//1 3785//1 3786//1
f 3787//1 3788//1 3551//1
f 3789//1 3790//1 2888//1
f 3543//1 2884//1 3544//1
f 2884//1 2886//1 3544//1
f 3544//1 2886//1 3545//1
f 2886//1 3546//1 3545//1
f 2878//1 3532//1 2876//1
f 3532//1 3531//1 2876//1
f 2876//1 3531//1 3530//1
f 3462//1 3461//1 3517//1
f 3461//1 3460//1 3517//1
f 3388//1 3387//1 3444//1
f 3278//1 3277//1 2846//1
f 3212//1 3211//1 2844//1
f 3211//1 3210//1 2844//1
f 2844//1 3210//1 2842//1
f 3718//1 3757//1 3719//1
f 3757//1 3756//1 3719//1
f 3719//1 3756//1 3755//1
f 3210//1 3205//1 2842//1
f 3205//1 3206//1 2842//1
f 2842//1 3206//1 2840//1
f 3206//1 3207//1 2840//1
f 3197//1 3196//1 3137//1
f 2988//1 3028//1 3027//1
f 3624//1 3623//1 2754//1
f 2756//1 3617//1 2758//1
f 3617//1 3616//1 2758//1
f 3616//1 3615//1 2758//1
f 3615//1 3614//1 2758//1
f 2758//1 3614//1 2808//1
f 3614//1 3613//1 2808//1
f 2808//1 3613//1 3612//1
f 3791//1 3785//1 3792//1
f 3793//1 3794//1 3795//1
f 3796//1 3797//1 3551//1
f 3797//1 3798//1 3551//1
f 3551//1 3798//1 3552//1
f 3543//1 3542//1 2884//1
f 3542//1 3541//1 2884//1
f 2884//1 3541//1 2882//1
f 3541//1 3540//1 2882//1
f 2882//1 3540//1 3539//1
f 3536//1 2880//1 3537//1
f 2880//1 2882//1 3537//1
f 3537//1 2882//1 3538//1
f 2882//1 3539//1 3538//1
f 3522//1 3521//1 2872//1
f 3521//1 3520//1 2872//1
f 2872//1 3520//1 3458//1
f 3520//1 3519//1 3458//1
f 3519//1 3518//1 3458//1
f 3518//1 3517//1 3458//1
f 3458//1 3517//1 3459//1
f 3517//1 3460//1 3459//1
f 3439//1 3438//1 3391//1
f 3438//1 3437//1 3391//1
f 3391//1 3437//1 3436//1
f 3269//1 3232//1 3270//1
f 3232//1 3231//1 3270//1
f 3270//1 3231//1 3271//1
f 3214//1 2846//1 3215//1
f 2846//1 3277//1 3215//1
f 3215//1 3277//1 3276//1
f 3729//1 3728//1 3721//1
f 3113//1 3112//1 3059//1
f 2983//1 2982//1 3032//1
f 3799//1 2812//1 3800//1
f 2812//1 3801//1 3800//1
f 3621//1 3620//1 2755//1
f 3620//1 3619//1 2755//1
f 2755//1 3619//1 2756//1
f 3619//1 3618//1 2756//1
f 2756//1 3618//1 3617//1
f 3612//1 3611//1 2808//1
f 3611//1 3610//1 2808//1
f 2808//1 3610//1 2806//1
f 3610//1 3609//1 2806//1
f 2804//1 3802//1 2802//1
f 3802//1 3803//1 2802//1
f 2802//1 3803//1 2800//1
f 3803//1 3804//1 2800//1
f 2800//1 3804//1 3805//1
f 3551//1 3806//1 3807//1
f 3788//1 3808//1 3551//1
f 3808//1 3809//1 3551//1
f 3551//1 3809//1 3810//1
f 3554//1 3553//1 3811//1
f 3527//1 2874//1 3528//1
f 2874//1 2876//1 3528//1
f 3528//1 2876//1 3529//1
f 2876//1 3530//1 3529//1
f 3445//1 2864//1 3446//1
f 2864//1 2866//1 3446//1
f 3446//1 2866//1 3447//1
f 3376//1 3375//1 2864//1
f 3223//1 3222//1 3273//1
f 3749//1 3748//1 3719//1
f 3748//1 3747//1 3719//1
f 3719//1 3747//1 3746//1
f 3746//1 3745//1 3719//1
f 3745//1 3744//1 3719//1
f 3719//1 3744//1 3743//1
f 3719//1 3737//1 3736//1
f 3729//1 3721//1 3730//1
f 3207//1 3208//1 2840//1
f 3208//1 3209//1 2840//1
f 2840//1 3209//1 3204//1
f 2976//1 2975//1 3032//1
f 2974//1 2973//1 2812//1
f 2973//1 2972//1 2812//1
f 2812//1 2972//1 2971//1
f 3812//1 3813//1 3814//1
f 2754//1 3623//1 2755//1
f 3623//1 3622//1 2755//1
f 2755//1 3622//1 3621//1
f 3609//1 3608//1 2806//1
f 3608//1 3607//1 2806//1
f 2806//1 3607//1 2804//1
f 3607//1 3606//1 2804//1
f 2804//1 3606//1 3605//1
f 3605//1 3604//1 3815//1
f 3604//1 3603//1 3815//1
f 3816//1 3817//1 2804//1
f 3817//1 3818//1 2804//1
f 2804//1 3818//1 3819//1
f 3820//1 3821//1 2782//1
f 3822//1 3823//1 2783//1
f 3824//1 3825//1 2785//1
f 3791//1 3826//1 3785//1
f 3826//1 3827//1 3785//1
f 3785//1 3827//1 3786//1
f 3828//1 3829//1 3830//1
f 3807//1 3831//1 3551//1
f 3831//1 3832//1 3551//1
f 3551//1 3832//1 3787//1
f 3810//1 3833//1 3551//1
f 3833//1 3834//1 3551//1
f 3551//1 3834//1 3796//1
f 3536//1 3535//1 2880//1
f 3535//1 3534//1 2880//1
f 2880//1 3534//1 2878//1
f 3534//1 3533//1 2878//1
f 2878//1 3533//1 3532//1
f 3467//1 3466//1 3515//1
f 3466//1 3465//1 3515//1
f 3515//1 3465//1 3516//1
f 3465//1 3464//1 3516//1
f 3516//1 3464//1 3517//1
f 3464//1 3463//1 3517//1
f 3517//1 3463//1 3462//1
f 3515//1 3514//1 3474//1
f 3514//1 3513//1 3474//1
f 3474//1 3513//1 3475//1
f 3513//1 3512//1 3475//1
f 3475//1 3512//1 3476//1
f 3512//1 3477//1 3476//1
f 3436//1 3435//1 3391//1
f 3435//1 3434//1 3391//1
f 3391//1 3434//1 3392//1
f 3434//1 3393//1 3392//1
f 3456//1 3455//1 2872//1
f 3455//1 3454//1 2872//1
f 2872//1 3454//1 2870//1
f 3454//1 3453//1 2870//1
f 2870//1 3453//1 2868//1
f 3453//1 3452//1 2868//1
f 2868//1 3452//1 3451//1
f 3451//1 3450//1 2868//1
f 3450//1 3449//1 2868//1
f 2868//1 3449//1 2866//1
f 3449//1 3448//1 2866//1
f 2866//1 3448//1 3447//1
f 3388//1 3444//1 3389//1
f 3444//1 3443//1 3389//1
f 3389//1 3443//1 3442//1
f 3383//1 3382//1 2864//1
f 2864//1 3375//1 2862//1
f 3358//1 3304//1 3303//1
f 3282//1 3281//1 2846//1
f 3276//1 3275//1 3215//1
f 3275//1 3274//1 3215//1
f 3215//1 3274//1 3216//1
f 3274//1 3273//1 3216//1
f 3755//1 3754//1 3719//1
f 3754//1 3753//1 3719//1
f 3719//1 3753//1 3752//1
f 3743//1 3742//1 3719//1
f 3742//1 3741//1 3719//1
f 3719//1 3741//1 3740//1
f 3736//1 3735//1 3719//1
f 3735//1 3734//1 3719//1
f 3719//1 3734//1 3733//1
f 3724//1 3723//1 3722//1
f 2840//1 3137//1 2838//1
f 3137//1 3136//1 2838//1
f 3112//1 3111//1 3059//1
f 3111//1 3110//1 3059//1
f 3059//1 3110//1 3109//1
f 3074//1 3073//1 3107//1
f 3108//1 3107//1 3055//1
f 2814//1 2816//1 3035//1
f 3031//1 3030//1 2985//1
f 3030//1 3029//1 2985//1
f 2985//1 3029//1 2986//1
f 3031//1 2985//1 3032//1
f 2985//1 2984//1 3032//1
f 3032//1 2984//1 2983//1
f 2971//1 2970//1 2812//1
f 2970//1 2969//1 2812//1
f 2812//1 2969//1 2968//1
f 3835//1 2812//1 3836//1
f 2812//1 3837//1 3836//1
f 3838//1 3839//1 3840//1
f 3813//1 3841//1 3814//1
f 3841//1 3842//1 3814//1
f 3814//1 3842//1 3843//1
f 3844//1 2768//1 3845//1
f 2768//1 2810//1 3845//1
f 3845//1 2810//1 3846//1
f 2810//1 3847//1 3846//1
f 2770//1 3776//1 2771//1
f 3776//1 3775//1 2771//1
f 2771//1 3775//1 3774//1
f 2752//1 2753//1 3628//1
f 3603//1 3602//1 3815//1
f 3602//1 3601//1 3815//1
f 3815//1 3601//1 3600//1
f 3819//1 3848//1 2804//1
f 3848//1 3849//1 2804//1
f 2804//1 3849//1 3850//1
f 3850//1 3851//1 2804//1
f 3851//1 3852//1 2804//1
f 2804//1 3852//1 3802//1
f 2783//1 3823//1 2784//1
f 3784//1 3786//1 3853//1
f 3786//1 3854//1 3853//1
f 3853//1 3854//1 3855//1
f 3856//1 3857//1 3858//1
f 3829//1 3828//1 3859//1
f 3828//1 3860//1 3859//1
f 3859//1 3860//1 3861//1
f 3860//1 3862//1 3861//1
f 3861//1 3862//1 3863//1
f 3864//1 3865//1 3795//1
f 3552//1 3798//1 3553//1
f 3798//1 3866//1 3553//1
f 3553//1 3866//1 3811//1
f 3430//1 3429//1 3394//1
f 3429//1 3428//1 3394//1
f 3394//1 3428//1 3395//1
f 3441//1 3391//1 3442//1
f 3391//1 3390//1 3442//1
f 3442//1 3390//1 3389//1
f 3368//1 3367//1 2858//1
f 3367//1 3366//1 2858//1
f 2858//1 3366//1 2856//1
f 3366//1 3365//1 2856//1
f 3357//1 3356//1 3310//1
f 3356//1 3355//1 3310//1
f 3308//1 3307//1 3358//1
f 3281//1 3280//1 2846//1
f 3280//1 3279//1 2846//1
f 2846//1 3279//1 3278//1
f 3232//1 3263//1 3262//1
f 3262//1 3261//1 3232//1
f 3261//1 3260//1 3232//1
f 3232//1 3260//1 3259//1
f 3226//1 3273//1 3227//1
f 3273//1 3228//1 3227//1
f 3226//1 3225//1 3273//1
f 3225//1 3224//1 3273//1
f 3273//1 3224//1 3223//1
f 3752//1 3751//1 3719//1
f 3751//1 3750//1 3719//1
f 3719//1 3750//1 3749//1
f 3740//1 3739//1 3719//1
f 3739//1 3738//1 3719//1
f 3719//1 3738//1 3737//1
f 3720//1 3732//1 3721//1
f 3732//1 3731//1 3721//1
f 3721//1 3731//1 3730//1
f 3204//1 3203//1 2840//1
f 3203//1 3202//1 2840//1
f 2840//1 3202//1 3201//1
f 3121//1 2828//1 3122//1
f 2828//1 2830//1 3122//1
f 3122//1 2830//1 3123//1
f 2826//1 3117//1 2824//1
f 3117//1 3116//1 2824//1
f 2824//1 3116//1 3115//1
f 3041//1 2820//1 3042//1
f 2820//1 2822//1 3042//1
f 3042//1 2822//1 3043//1
f 2822//1 3044//1 3043//1
f 2988//1 3027//1 2989//1
f 3027//1 3026//1 2989//1
f 2989//1 3026//1 3025//1
f 3028//1 2988//1 3029//1
f 2988//1 2987//1 3029//1
f 3029//1 2987//1 2986//1
f 3835//1 3867//1 2812//1
f 3867//1 3868//1 2812//1
f 2812//1 3868//1 3869//1
f 2812//1 3870//1 3871//1
f 3839//1 3872//1 3840//1
f 3872//1 3873//1 3840//1
f 3840//1 3873//1 3874//1
f 3873//1 3875//1 3874//1
f 3874//1 3875//1 3876//1
f 3843//1 3877//1 3814//1
f 3877//1 3878//1 3814//1
f 3814//1 3878//1 3801//1
f 3799//1 3879//1 2812//1
f 3879//1 3880//1 2812//1
f 2812//1 3880//1 2810//1
f 3880//1 3881//1 2810//1
f 2810//1 3881//1 3847//1
f 3844//1 3882//1 2768//1
f 3882//1 3883//1 2768//1
f 2768//1 3883//1 2770//1
f 3883//1 3777//1 2770//1
f 2770//1 3777//1 3776//1
f 3600//1 3599//1 3815//1
f 3599//1 3598//1 3815//1
f 3815//1 3598//1 3884//1
f 3598//1 3885//1 3884//1
f 3815//1 3886//1 3605//1
f 3886//1 3887//1 3605//1
f 3605//1 3887//1 2804//1
f 3887//1 3888//1 2804//1
f 2804//1 3888//1 3816//1
f 3889//1 2798//1 3890//1
f 2798//1 2800//1 3890//1
f 3890//1 2800//1 3891//1
f 2800//1 3805//1 3891//1
f 3889//1 3892//1 2798//1
f 3892//1 3893//1 2798//1
f 2798//1 3893//1 2796//1
f 3893//1 3894//1 2796//1
f 3823//1 3895//1 2784//1
f 3895//1 3896//1 2784//1
f 2784//1 3896//1 2785//1
f 3896//1 3897//1 2785//1
f 2785//1 3897//1 3898//1
f 3824//1 2785//1 3899//1
f 3900//1 3901//1 2785//1
f 2788//1 3902//1 3903//1
f 3904//1 2894//1 3905//1
f 2894//1 3906//1 3905//1
f 3907//1 3908//1 2892//1
f 3908//1 3909//1 2892//1
f 3909//1 3910//1 2892//1
f 2892//1 3910//1 3911//1
f 3911//1 3912//1 3856//1
f 3912//1 3913//1 3856//1
f 3856//1 3913//1 3857//1
f 3911//1 3856//1 2892//1
f 3856//1 3914//1 2892//1
f 2892//1 3914//1 3915//1
f 3915//1 3916//1 2892//1
f 3916//1 3917//1 2892//1
f 2892//1 3917//1 3918//1
f 3918//1 3919//1 2892//1
f 3919//1 3920//1 2892//1
f 2892//1 3920//1 3780//1
f 3921//1 3922//1 3862//1
f 3794//1 3923//1 3795//1
f 3923//1 3924//1 3795//1
f 3795//1 3924//1 3925//1
f 3925//1 3926//1 3795//1
f 3926//1 3927//1 3795//1
f 3795//1 3927//1 3928//1
f 3928//1 3929//1 3795//1
f 3929//1 3930//1 3795//1
f 3795//1 3930//1 3931//1
f 3932//1 3933//1 3934//1
f 3933//1 3935//1 3934//1
f 3934//1 3935//1 3936//1
f 3936//1 3937//1 3934//1
f 3937//1 3938//1 3934//1
f 3934//1 3938//1 3939//1
f 3865//1 3940//1 3795//1
f 3940//1 3934//1 3795//1
f 3795//1 3934//1 3941//1
f 3934//1 3939//1 3941//1
f 3783//1 3942//1 2890//1
f 3942//1 3943//1 2890//1
f 2890//1 3943//1 2888//1
f 3943//1 3944//1 2888//1
f 2888//1 3944//1 3789//1
f 3527//1 3526//1 2874//1
f 3526//1 3525//1 2874//1
f 2874//1 3525//1 2872//1
f 3525//1 3524//1 2872//1
f 2872//1 3524//1 3523//1
f 3495//1 3494//1 3512//1
f 3494//1 3493//1 3512//1
f 3493//1 3492//1 3512//1
f 3512//1 3492//1 3491//1
f 3483//1 3512//1 3484//1
f 3512//1 3485//1 3484//1
f 3434//1 3433//1 3393//1
f 3433//1 3432//1 3393//1
f 3393//1 3432//1 3394//1
f 3432//1 3431//1 3394//1
f 3394//1 3431//1 3430//1
f 3371//1 3370//1 2860//1
f 3365//1 3364//1 2856//1
f 3364//1 3363//1 2856//1
f 2856//1 3363//1 2854//1
f 3363//1 3362//1 2854//1
f 3362//1 3361//1 2854//1
f 2854//1 3361//1 2852//1
f 3353//1 3352//1 3312//1
f 3352//1 3351//1 3312//1
f 3312//1 3351//1 3313//1
f 3351//1 3350//1 3313//1
f 3313//1 3350//1 3349//1
f 3339//1 3338//1 3313//1
f 3312//1 3311//1 3353//1
f 3311//1 3310//1 3353//1
f 3353//1 3310//1 3354//1
f 3310//1 3355//1 3354//1
f 3307//1 3306//1 3358//1
f 3306//1 3305//1 3358//1
f 3358//1 3305//1 3304//1
f 3303//1 3302//1 3358//1
f 3302//1 3301//1 3358//1
f 3358//1 3301//1 3300//1
f 3269//1 3268//1 3232//1
f 3268//1 3267//1 3232//1
f 3232//1 3267//1 3266//1
f 3222//1 3221//1 3273//1
f 3221//1 3220//1 3273//1
f 3273//1 3220//1 3219//1
f 3219//1 3218//1 3273//1
f 3218//1 3217//1 3273//1
f 3273//1 3217//1 3216//1
f 3728//1 3727//1 3721//1
f 3727//1 3726//1 3721//1
f 3721//1 3726//1 3722//1
f 3726//1 3725//1 3722//1
f 3722//1 3725//1 3724//1
f 3201//1 3200//1 2840//1
f 3200//1 3199//1 2840//1
f 2840//1 3199//1 3137//1
f 3199//1 3198//1 3137//1
f 3137//1 3198//1 3197//1
f 3194//1 3140//1 3139//1
f 3127//1 3126//1 2832//1
f 3126//1 3125//1 2832//1
f 2832//1 3125//1 2830//1
f 3125//1 3124//1 2830//1
f 2830//1 3124//1 3123//1
f 3121//1 3120//1 2828//1
f 3120//1 3119//1 2828//1
f 2828//1 3119//1 2826//1
f 3119//1 3118//1 2826//1
f 2826//1 3118//1 3117//1
f 3055//1 3056//1 3108//1
f 3056//1 3057//1 3108//1
f 3108//1 3057//1 3109//1
f 3057//1 3058//1 3109//1
f 3109//1 3058//1 3059//1
f 3073//1 3072//1 3107//1
f 3072//1 3071//1 3107//1
f 3107//1 3071//1 3055//1
f 3060//1 3115//1 3059//1
f 3115//1 3114//1 3059//1
f 3059//1 3114//1 3113//1
f 3060//1 3061//1 3115//1
f 3061//1 3062//1 3115//1
f 3115//1 3062//1 3063//1
f 3070//1 3054//1 2824//1
f 3054//1 3053//1 2824//1
f 2824//1 3053//1 3052//1
f 3052//1 3051//1 2824//1
f 3051//1 3050//1 2824//1
f 2824//1 3050//1 3049//1
f 2824//1 3046//1 2822//1
f 3046//1 3045//1 2822//1
f 2822//1 3045//1 3044//1
f 3041//1 3040//1 2820//1
f 3040//1 3039//1 2820//1
f 2820//1 3039//1 2818//1
f 2975//1 2974//1 3032//1
f 2974//1 2812//1 3032//1
f 3032//1 2812//1 3033//1
f 2812//1 2814//1 3033//1
f 3033//1 2814//1 3034//1
f 2814//1 3035//1 3034//1
f 2968//1 3779//1 2812//1
f 3779//1 3778//1 2812//1
f 2812//1 3778//1 3837//1
f 3869//1 3945//1 2812//1
f 3945//1 3946//1 2812//1
f 2812//1 3946//1 3870//1
f 3812//1 3814//1 3840//1
f 3814//1 3947//1 3840//1
f 3840//1 3947//1 3838//1
f 3948//1 3949//1 3950//1
f 3774//1 3773//1 2771//1
f 3773//1 3772//1 2771//1
f 2771//1 3772//1 2772//1
f 3772//1 3771//1 2772//1
f 3771//1 3770//1 2772//1
f 3770//1 3769//1 2772//1
f 2772//1 3769//1 2773//1
f 3705//1 3704//1 3762//1
f 3628//1 3627//1 2752//1
f 3627//1 3626//1 2752//1
f 2752//1 3626//1 2754//1
f 3626//1 3625//1 2754//1
f 2754//1 3625//1 3624//1
f 3951//1 3952//1 3953//1
f 3952//1 3954//1 3953//1
f 3953//1 3954//1 3955//1
f 3956//1 3957//1 3953//1
f 3957//1 3958//1 3953//1
f 3953//1 3958//1 3959//1
f 3959//1 3960//1 3953//1
f 3960//1 3961//1 3953//1
f 3953//1 3961//1 3962//1
f 3962//1 3963//1 3953//1
f 3963//1 3964//1 3953//1
f 3953//1 3964//1 3965//1
f 3965//1 3966//1 3953//1
f 3966//1 3967//1 3953//1
f 3953//1 3967//1 3968//1
f 3969//1 3970//1 3953//1
f 3970//1 3971//1 3953//1
f 3953//1 3971//1 3972//1
f 3971//1 3973//1 3972//1
f 3894//1 3974//1 2796//1
f 3974//1 3975//1 2796//1
f 2796//1 3975//1 2779//1
f 2782//1 3976//1 3977//1
f 2782//1 3978//1 2783//1
f 3978//1 3979//1 2783//1
f 2783//1 3979//1 3822//1
f 2788//1 3903//1 2789//1
f 3795//1 3980//1 3793//1
f 3980//1 3981//1 3793//1
f 3793//1 3981//1 3855//1
f 3981//1 3982//1 3855//1
f 3855//1 3982//1 3853//1
f 3792//1 3983//1 3791//1
f 3983//1 3984//1 3791//1
f 3791//1 3984//1 3985//1
f 3904//1 3986//1 2894//1
f 3986//1 3987//1 2894//1
f 2894//1 3987//1 2892//1
f 3987//1 3988//1 2892//1
f 2892//1 3988//1 3907//1
f 3931//1 3989//1 3795//1
f 3989//1 3990//1 3795//1
f 3795//1 3990//1 3864//1
f 3991//1 3992//1 3934//1
f 3992//1 3993//1 3934//1
f 3934//1 3993//1 3994//1
f 3994//1 3995//1 3934//1
f 3995//1 3996//1 3934//1
f 3934//1 3996//1 3932//1
f 3790//1 3997//1 2888//1
f 3997//1 3998//1 2888//1
f 2888//1 3998//1 3806//1
f 3491//1 3490//1 3512//1
f 3490//1 3489//1 3512//1
f 3512//1 3489//1 3488//1
f 3483//1 3482//1 3512//1
f 3482//1 3481//1 3512//1
f 3512//1 3481//1 3480//1
f 3399//1 3398//1 3428//1
f 3387//1 3386//1 3444//1
f 3386//1 3385//1 3444//1
f 3444//1 3385//1 2864//1
f 3385//1 3384//1 2864//1
f 2864//1 3384//1 3383//1
f 3382//1 3381//1 2864//1
f 3381//1 3380//1 2864//1
f 2864//1 3380//1 3379//1
f 3357//1 3310//1 3358//1
f 3310//1 3309//1 3358//1
f 3358//1 3309//1 3308//1
f 3299//1 3298//1 2850//1
f 3289//1 3288//1 2850//1
f 3288//1 3287//1 2850//1
f 2850//1 3287//1 2848//1
f 3287//1 3286//1 2848//1
f 3286//1 3285//1 2848//1
f 3285//1 3284//1 2848//1
f 2848//1 3284//1 2846//1
f 3284//1 3283//1 2846//1
f 2846//1 3283//1 3282//1
f 3266//1 3265//1 3232//1
f 3265//1 3264//1 3232//1
f 3232//1 3264//1 3263//1
f 3232//1 3256//1 3255//1
f 3250//1 3232//1 3251//1
f 3232//1 3252//1 3251//1
f 3271//1 3231//1 3272//1
f 3231//1 3230//1 3272//1
f 3272//1 3230//1 3273//1
f 3230//1 3229//1 3273//1
f 3273//1 3229//1 3228//1
f 3196//1 3195//1 3137//1
f 3195//1 3194//1 3137//1
f 3137//1 3194//1 3138//1
f 3194//1 3139//1 3138//1
f 3191//1 3144//1 3143//1
f 3136//1 3135//1 2838//1
f 3135//1 3134//1 2838//1
f 2838//1 3134//1 2836//1
f 3134//1 3133//1 2836//1
f 2836//1 3133//1 3132//1
f 3063//1 3064//1 3115//1
f 3064//1 3065//1 3115//1
f 3115//1 3065//1 3066//1
f 3039//1 3038//1 2818//1
f 3038//1 3037//1 2818//1
f 2818//1 3037//1 2816//1
f 3037//1 3036//1 2816//1
f 2816//1 3036//1 3035//1
f 3025//1 3024//1 2989//1
f 3024//1 3023//1 2989//1
f 2989//1 3023//1 3022//1
f 2997//1 2996//1 3017//1
f 2996//1 2995//1 3017//1
f 3017//1 2995//1 2994//1
f 2994//1 2993//1 3017//1
f 2993//1 2992//1 3017//1
f 3017//1 2992//1 2991//1
f 3019//1 3018//1 2989//1
f 3018//1 3017//1 2989//1
f 2989//1 3017//1 2990//1
f 3017//1 2991//1 2990//1
f 2982//1 2981//1 3032//1
f 2981//1 2980//1 3032//1
f 3032//1 2980//1 2979//1
f 2979//1 2978//1 3032//1
f 2978//1 2977//1 3032//1
f 3032//1 2977//1 2976//1
f 3871//1 3999//1 2812//1
f 3999//1 4000//1 2812//1
f 2812//1 4000//1 3801//1
f 4000//1 4001//1 3801//1
f 3801//1 4001//1 3814//1
f 3876//1 3875//1 4002//1
f 3875//1 4003//1 4002//1
f 4002//1 4003//1 4004//1
f 4005//1 4006//1 3597//1
f 4006//1 4007//1 3597//1
f 4007//1 4008//1 3597//1
f 3597//1 4008//1 3598//1
f 4008//1 4009//1 3598//1
f 3598//1 4009//1 3885//1
f 3955//1 4010//1 3953//1
f 4010//1 4011//1 3953//1
f 3953//1 4011//1 3956//1
f 3968//1 4012//1 3953//1
f 4012//1 4013//1 3953//1
f 3953//1 4013//1 3969//1
f 4014//1 4015//1 4016//1
f 2781//1 4017//1 2782//1
f 4017//1 4018//1 2782//1
f 2782//1 4018//1 3820//1
f 4019//1 4020//1 2782//1
f 4020//1 4021//1 2782//1
f 2782//1 4021//1 4022//1
f 4022//1 4023//1 2782//1
f 4023//1 4024//1 2782//1
f 2782//1 4024//1 4025//1
f 3977//1 4026//1 2782//1
f 4026//1 4027//1 2782//1
f 2782//1 4027//1 3978//1
f 4028//1 4029//1 4030//1
f 4031//1 4032//1 4030//1
f 4032//1 4033//1 4030//1
f 4030//1 4033//1 4034//1
f 4035//1 4036//1 2786//1
f 4036//1 4037//1 2786//1
f 2786//1 4037//1 2787//1
f 4037//1 4038//1 2787//1
f 4038//1 4039//1 2787//1
f 4039//1 4040//1 2787//1
f 2787//1 4040//1 2788//1
f 4040//1 4041//1 2788//1
f 2788//1 4041//1 3902//1
f 3903//1 4042//1 2789//1
f 4042//1 4043//1 2789//1
f 2789//1 4043//1 2791//1
f 3985//1 4044//1 3791//1
f 4044//1 4045//1 3791//1
f 3791//1 4045//1 4046//1
f 4047//1 4048//1 2894//1
f 4048//1 4049//1 2894//1
f 4050//1 4051//1 2894//1
f 4051//1 4052//1 2894//1
f 4053//1 4054//1 4055//1
f 3991//1 4056//1 3992//1
f 4056//1 4057//1 3992//1
f 3992//1 4057//1 4058//1
f 4057//1 4059//1 4058//1
f 3551//1 3550//1 3806//1
f 3550//1 3549//1 3806//1
f 3806//1 3549//1 2888//1
f 3549//1 3548//1 2888//1
f 2888//1 3548//1 3547//1
f 3495//1 3512//1 3496//1
f 3512//1 3511//1 3496//1
f 3496//1 3511//1 3510//1
f 3510//1 3509//1 3496//1
f 3509//1 3508//1 3496//1
f 3496//1 3508//1 3507//1
f 3501//1 3500//1 3502//1
f 3500//1 3499//1 3502//1
f 3502//1 3499//1 3498//1
f 3488//1 3487//1 3512//1
f 3487//1 3486//1 3512//1
f 3512//1 3486//1 3485//1
f 3480//1 3479//1 3512//1
f 3479//1 3478//1 3512//1
f 3512//1 3478//1 3477//1
f 3427//1 3426//1 3401//1
f 3398//1 3397//1 3428//1
f 3397//1 3396//1 3428//1
f 3428//1 3396//1 3395//1
f 3379//1 3378//1 2864//1
f 3378//1 3377//1 2864//1
f 2864//1 3377//1 3376//1
f 2860//1 3370//1 2858//1
f 3370//1 3369//1 2858//1
f 2858//1 3369//1 3368//1
f 3313//1 3346//1 3345//1
f 3298//1 3297//1 2850//1
f 3297//1 3296//1 2850//1
f 2850//1 3296//1 3295//1
f 3259//1 3258//1 3232//1
f 3258//1 3257//1 3232//1
f 3232//1 3257//1 3256//1
f 3255//1 3254//1 3232//1
f 3254//1 3253//1 3232//1
f 3232//1 3253//1 3252//1
f 3249//1 3248//1 3245//1
f 3248//1 3247//1 3245//1
f 3245//1 3247//1 3246//1
f 3243//1 3242//1 3250//1
f 3250//1 3239//1 3238//1
f 3238//1 3237//1 3250//1
f 3237//1 3236//1 3250//1
f 3250//1 3236//1 3235//1
f 3158//1 3157//1 3188//1
f 3157//1 3156//1 3188//1
f 3150//1 3149//1 3191//1
f 3149//1 3148//1 3191//1
f 3191//1 3148//1 3147//1
f 3147//1 3146//1 3191//1
f 3146//1 3145//1 3191//1
f 3191//1 3145//1 3144//1
f 3194//1 3193//1 3140//1
f 3193//1 3192//1 3140//1
f 3140//1 3192//1 3141//1
f 3192//1 3191//1 3141//1
f 3141//1 3191//1 3142//1
f 3191//1 3143//1 3142//1
f 3066//1 3067//1 3115//1
f 3067//1 3068//1 3115//1
f 3115//1 3068//1 2824//1
f 3068//1 3069//1 2824//1
f 2824//1 3069//1 3070//1
f 3049//1 3048//1 2824//1
f 3048//1 3047//1 2824//1
f 2824//1 3047//1 3046//1
f 3022//1 3021//1 2989//1
f 3021//1 3020//1 2989//1
f 2989//1 3020//1 3019//1
f 4004//1 4060//1 4002//1
f 4060//1 4061//1 4002//1
f 4002//1 4061//1 4062//1
f 3949//1 4063//1 4064//1
f 4063//1 4002//1 4064//1
f 4064//1 4002//1 4065//1
f 4002//1 4062//1 4065//1
f 3950//1 3949//1 4066//1
f 3695//1 3694//1 2753//1
f 3694//1 3693//1 2753//1
f 3705//1 3762//1 3706//1
f 3577//1 3576//1 3588//1
f 4067//1 4068//1 3971//1
f 4068//1 4069//1 3971//1
f 3971//1 4069//1 4070//1
f 3975//1 4071//1 2779//1
f 4071//1 4072//1 2779//1
f 2779//1 4072//1 2781//1
f 4072//1 4073//1 2781//1
f 2781//1 4073//1 4017//1
f 4074//1 4075//1 4076//1
f 4075//1 4077//1 4076//1
f 4076//1 4077//1 4078//1
f 3898//1 4079//1 4080//1
f 4079//1 4081//1 4080//1
f 4080//1 4081//1 4082//1
f 4083//1 4084//1 4085//1
f 4084//1 4086//1 4085//1
f 4085//1 4086//1 4087//1
f 3825//1 4088//1 2785//1
f 4088//1 4089//1 2785//1
f 2785//1 4089//1 3900//1
f 4049//1 4090//1 2894//1
f 4090//1 4091//1 2894//1
f 2894//1 4091//1 4050//1
f 4052//1 4092//1 2894//1
f 4092//1 4093//1 2894//1
f 2894//1 4093//1 3906//1
f 3830//1 4094//1 3828//1
f 4094//1 4095//1 3828//1
f 3828//1 4095//1 4096//1
f 4097//1 4098//1 4099//1
f 4100//1 4101//1 3862//1
f 4101//1 4102//1 3862//1
f 3862//1 4102//1 4103//1
f 4104//1 4105//1 4057//1
f 4105//1 4106//1 4057//1
f 4057//1 4106//1 4059//1
f 3554//1 3811//1 3555//1
f 3811//1 4107//1 3555//1
f 3555//1 4107//1 3556//1
f 4107//1 4108//1 3556//1
f 3556//1 4108//1 4109//1
f 3507//1 3506//1 3496//1
f 3506//1 3505//1 3496//1
f 3496//1 3505//1 3504//1
f 3504//1 3503//1 3496//1
f 3503//1 3502//1 3496//1
f 3496//1 3502//1 3497//1
f 3502//1 3498//1 3497//1
f 3426//1 3425//1 3401//1
f 3425//1 3424//1 3401//1
f 3401//1 3424//1 3423//1
f 3427//1 3401//1 3428//1
f 3401//1 3400//1 3428//1
f 3428//1 3400//1 3399//1
f 3349//1 3348//1 3313//1
f 3348//1 3347//1 3313//1
f 3313//1 3347//1 3346//1
f 3345//1 3344//1 3313//1
f 3344//1 3343//1 3313//1
f 3313//1 3343//1 3342//1
f 3342//1 3341//1 3313//1
f 3341//1 3340//1 3313//1
f 3313//1 3340//1 3339//1
f 3361//1 3360//1 2852//1
f 3360//1 3359//1 2852//1
f 2852//1 3359//1 2850//1
f 3359//1 3358//1 2850//1
f 2850//1 3358//1 3299//1
f 3358//1 3300//1 3299//1
f 3249//1 3245//1 3250//1
f 3245//1 3244//1 3250//1
f 3250//1 3244//1 3243//1
f 3242//1 3241//1 3250//1
f 3241//1 3240//1 3250//1
f 3250//1 3240//1 3239//1
f 3235//1 3234//1 3250//1
f 3234//1 3233//1 3250//1
f 3250//1 3233//1 3232//1
f 3181//1 3180//1 3166//1
f 3180//1 3179//1 3166//1
f 3166//1 3179//1 3167//1
f 3177//1 3176//1 3175//1
f 3170//1 3169//1 3179//1
f 3169//1 3168//1 3179//1
f 3179//1 3168//1 3167//1
f 3187//1 3166//1 3188//1
f 3166//1 3165//1 3188//1
f 3188//1 3165//1 3164//1
f 3164//1 3163//1 3188//1
f 3163//1 3162//1 3188//1
f 3188//1 3162//1 3161//1
f 3156//1 3155//1 3188//1
f 3155//1 3154//1 3188//1
f 3188//1 3154//1 3153//1
f 3191//1 3190//1 3150//1
f 3190//1 3189//1 3150//1
f 3150//1 3189//1 3151//1
f 3189//1 3188//1 3151//1
f 3151//1 3188//1 3152//1
f 3188//1 3153//1 3152//1
f 3106//1 3093//1 3107//1
f 3093//1 3092//1 3107//1
f 3107//1 3092//1 3091//1
f 3077//1 3107//1 3078//1
f 3107//1 3079//1 3078//1
f 3077//1 3076//1 3107//1
f 3076//1 3075//1 3107//1
f 3107//1 3075//1 3074//1
f 2997//1 3017//1 2998//1
f 3017//1 3016//1 2998//1
f 2998//1 3016//1 3015//1
f 3009//1 3008//1 3007//1
f 3004//1 3003//1 3009//1
f 3003//1 3002//1 3009//1
f 3009//1 3002//1 3001//1
f 4064//1 4110//1 3949//1
f 4110//1 4111//1 3949//1
f 3949//1 4111//1 4112//1
f 4113//1 4114//1 3950//1
f 3693//1 3692//1 2753//1
f 3692//1 3691//1 2753//1
f 2753//1 3691//1 3690//1
f 3690//1 3689//1 2753//1
f 3689//1 3688//1 2753//1
f 2753//1 3688//1 3628//1
f 3688//1 3687//1 3628//1
f 3628//1 3687//1 3686//1
f 3635//1 3634//1 3686//1
f 3634//1 3633//1 3686//1
f 3633//1 3632//1 3686//1
f 3686//1 3632//1 3631//1
f 3588//1 3576//1 3589//1
f 4067//1 3971//1 4016//1
f 3971//1 4115//1 4016//1
f 4016//1 4115//1 4014//1
f 4070//1 4116//1 3971//1
f 4116//1 4117//1 3971//1
f 3971//1 4117//1 3973//1
f 4033//1 4118//1 4034//1
f 4118//1 4119//1 4034//1
f 4034//1 4119//1 4077//1
f 4119//1 4120//1 4077//1
f 4077//1 4120//1 4078//1
f 4019//1 2782//1 4121//1
f 2782//1 3821//1 4121//1
f 4121//1 3821//1 4122//1
f 4025//1 4123//1 2782//1
f 4123//1 4124//1 2782//1
f 2782//1 4124//1 3976//1
f 4030//1 4125//1 4126//1
f 4125//1 4127//1 4126//1
f 4029//1 4128//1 4030//1
f 4128//1 4129//1 4030//1
f 4030//1 4129//1 4130//1
f 4082//1 4131//1 4080//1
f 4131//1 4085//1 4080//1
f 4080//1 4085//1 4132//1
f 4085//1 4087//1 4132//1
f 4080//1 4133//1 3898//1
f 4133//1 4134//1 3898//1
f 3898//1 4134//1 2785//1
f 4134//1 4135//1 2785//1
f 2785//1 4135//1 3899//1
f 4046//1 4047//1 3791//1
f 4047//1 2894//1 3791//1
f 3791//1 2894//1 4136//1
f 2894//1 2791//1 4136//1
f 4136//1 2791//1 4137//1
f 2791//1 4043//1 4137//1
f 3858//1 4138//1 3856//1
f 4138//1 4139//1 3856//1
f 3856//1 4139//1 4140//1
f 4139//1 4096//1 4140//1
f 4140//1 4096//1 4141//1
f 4096//1 4095//1 4141//1
f 4099//1 4142//1 4097//1
f 4142//1 4143//1 4097//1
f 4097//1 4143//1 3862//1
f 4143//1 4144//1 3862//1
f 3862//1 4144//1 3921//1
f 3922//1 4145//1 3862//1
f 4145//1 4146//1 3862//1
f 3862//1 4146//1 4100//1
f 3423//1 3422//1 3401//1
f 3422//1 3421//1 3401//1
f 3401//1 3421//1 3420//1
f 3420//1 3419//1 3401//1
f 3419//1 3418//1 3401//1
f 3401//1 3418//1 3417//1
f 3403//1 3412//1 3404//1
f 3412//1 3411//1 3404//1
f 3414//1 3413//1 3401//1
f 3413//1 3412//1 3401//1
f 3401//1 3412//1 3402//1
f 3412//1 3403//1 3402//1
f 3375//1 3374//1 2862//1
f 3374//1 3373//1 2862//1
f 2862//1 3373//1 2860//1
f 3373//1 3372//1 2860//1
f 2860//1 3372//1 3371//1
f 3338//1 3337//1 3313//1
f 3337//1 3336//1 3313//1
f 3313//1 3336//1 3335//1
f 3335//1 3334//1 3313//1
f 3334//1 3333//1 3313//1
f 3313//1 3333//1 3332//1
f 3332//1 3331//1 3313//1
f 3331//1 3330//1 3313//1
f 3313//1 3330//1 3329//1
f 3317//1 3316//1 3329//1
f 3295//1 3294//1 2850//1
f 3294//1 3293//1 2850//1
f 2850//1 3293//1 3292//1
f 3187//1 3186//1 3166//1
f 3186//1 3185//1 3166//1
f 3166//1 3185//1 3184//1
f 3177//1 3175//1 3178//1
f 3161//1 3160//1 3188//1
f 3160//1 3159//1 3188//1
f 3188//1 3159//1 3158//1
f 3132//1 3131//1 2836//1
f 3131//1 3130//1 2836//1
f 2836//1 3130//1 2834//1
f 3130//1 3129//1 2834//1
f 2834//1 3129//1 2832//1
f 3129//1 3128//1 2832//1
f 2832//1 3128//1 3127//1
f 3098//1 3104//1 3099//1
f 3104//1 3100//1 3099//1
f 3098//1 3097//1 3104//1
f 3097//1 3096//1 3104//1
f 3104//1 3096//1 3095//1
f 3091//1 3090//1 3107//1
f 3090//1 3089//1 3107//1
f 3107//1 3089//1 3088//1
f 3082//1 3081//1 3107//1
f 3081//1 3080//1 3107//1
f 3107//1 3080//1 3079//1
f 3015//1 3014//1 2998//1
f 3014//1 3013//1 2998//1
f 2998//1 3013//1 3012//1
f 3012//1 3011//1 2998//1
f 3011//1 3010//1 2998//1
f 2998//1 3010//1 3009//1
f 3007//1 3006//1 3009//1
f 3006//1 3005//1 3009//1
f 3009//1 3005//1 3004//1
f 3001//1 3000//1 3009//1
f 3000//1 2999//1 3009//1
f 3009//1 2999//1 2998//1
f 4112//1 4147//1 3949//1
f 4147//1 4148//1 3949//1
f 3949//1 4148//1 4066//1
f 3769//1 3768//1 2773//1
f 3768//1 3767//1 2773//1
f 2773//1 3767//1 2753//1
f 3767//1 3766//1 2753//1
f 2753//1 3766//1 3765//1
f 3716//1 3715//1 3759//1
f 3715//1 3714//1 3759//1
f 3686//1 3685//1 3635//1
f 3685//1 3684//1 3635//1
f 3635//1 3684//1 3683//1
f 3683//1 3682//1 3635//1
f 3682//1 3681//1 3635//1
f 3635//1 3681//1 3680//1
f 3631//1 3630//1 3686//1
f 3630//1 3629//1 3686//1
f 3686//1 3629//1 3628//1
f 4126//1 4149//1 4030//1
f 4149//1 4150//1 4030//1
f 4030//1 4150//1 4151//1
f 4130//1 4152//1 4030//1
f 4152//1 4153//1 4030//1
f 4030//1 4153//1 4154//1
f 4154//1 4155//1 4030//1
f 4155//1 4156//1 4030//1
f 4030//1 4156//1 4157//1
f 4157//1 4158//1 4030//1
f 4158//1 4159//1 4030//1
f 4030//1 4159//1 4160//1
f 4161//1 4162//1 4163//1
f 4162//1 4164//1 4163//1
f 4163//1 4164//1 3953//1
f 4164//1 4165//1 3953//1
f 3953//1 4165//1 3951//1
f 3901//1 4166//1 2785//1
f 4166//1 4167//1 2785//1
f 2785//1 4167//1 2786//1
f 4167//1 4168//1 2786//1
f 2786//1 4168//1 4035//1
f 4169//1 4170//1 4055//1
f 4170//1 4171//1 4055//1
f 4055//1 4171//1 4053//1
f 4172//1 4173//1 4097//1
f 4173//1 4174//1 4097//1
f 4097//1 4174//1 4175//1
f 4175//1 4176//1 4097//1
f 4176//1 4177//1 4097//1
f 4097//1 4177//1 4178//1
f 4178//1 4179//1 4097//1
f 4179//1 4180//1 4097//1
f 4097//1 4180//1 4098//1
f 4103//1 4181//1 3862//1
f 4181//1 4182//1 3862//1
f 3862//1 4182//1 4183//1
f 3417//1 3416//1 3401//1
f 3416//1 3415//1 3401//1
f 3401//1 3415//1 3414//1
f 3411//1 3410//1 3404//1
f 3410//1 3409//1 3404//1
f 3404//1 3409//1 3408//1
f 3321//1 3320//1 3329//1
f 3292//1 3291//1 2850//1
f 3291//1 3290//1 2850//1
f 2850//1 3290//1 3289//1
f 3184//1 3183//1 3166//1
f 3183//1 3182//1 3166//1
f 3166//1 3182//1 3181//1
f 3173//1 3172//1 3179//1
f 3172//1 3171//1 3179//1
f 3179//1 3171//1 3170//1
f 3100//1 3104//1 3101//1
f 3104//1 3103//1 3101//1
f 3101//1 3103//1 3102//1
f 3106//1 3105//1 3093//1
f 3105//1 3104//1 3093//1
f 3093//1 3104//1 3094//1
f 3104//1 3095//1 3094//1
f 3088//1 3087//1 3107//1
f 3087//1 3086//1 3107//1
f 3107//1 3086//1 3085//1
f 4113//1 3950//1 4184//1
f 3761//1 3760//1 3712//1
f 3760//1 3759//1 3712//1
f 3712//1 3759//1 3713//1
f 3759//1 3714//1 3713//1
f 3710//1 3709//1 3762//1
f 3674//1 3673//1 3638//1
f 3668//1 3638//1 3669//1
f 3638//1 3670//1 3669//1
f 3644//1 3643//1 3654//1
f 3680//1 3679//1 3635//1
f 3679//1 3678//1 3635//1
f 3635//1 3678//1 3636//1
f 3678//1 3637//1 3636//1
f 3594//1 3575//1 3574//1
f 3574//1 3573//1 3594//1
f 3573//1 3572//1 3594//1
f 3594//1 3572//1 3571//1
f 3568//1 3567//1 3594//1
f 3567//1 3566//1 3594//1
f 3594//1 3566//1 3565//1
f 3565//1 3564//1 3594//1
f 3564//1 3563//1 3594//1
f 3594//1 3563//1 3562//1
f 4185//1 4186//1 3821//1
f 4186//1 4187//1 3821//1
f 3821//1 4187//1 4188//1
f 4188//1 4189//1 3821//1
f 4189//1 4190//1 3821//1
f 3821//1 4190//1 4122//1
f 4151//1 4191//1 4030//1
f 4191//1 4192//1 4030//1
f 4030//1 4192//1 4028//1
f 4160//1 4193//1 4030//1
f 4193//1 4194//1 4030//1
f 4030//1 4194//1 4031//1
f 4163//1 4195//1 4161//1
f 4195//1 4196//1 4161//1
f 4161//1 4196//1 4085//1
f 4196//1 4197//1 4085//1
f 4085//1 4197//1 4083//1
f 4169//1 4055//1 4097//1
f 4055//1 4198//1 4097//1
f 4097//1 4198//1 4172//1
f 4183//1 4199//1 3862//1
f 4199//1 4200//1 3862//1
f 3862//1 4200//1 3863//1
f 4201//1 4202//1 4108//1
f 4202//1 4203//1 4108//1
f 3328//1 3327//1 3323//1
f 3327//1 3326//1 3323//1
f 3323//1 3326//1 3324//1
f 3326//1 3325//1 3324//1
f 3320//1 3319//1 3329//1
f 3319//1 3318//1 3329//1
f 3329//1 3318//1 3317//1
f 3316//1 3315//1 3329//1
f 3315//1 3314//1 3329//1
f 3329//1 3314//1 3313//1
f 3178//1 3175//1 3179//1
f 3175//1 3174//1 3179//1
f 3179//1 3174//1 3173//1
f 3085//1 3084//1 3107//1
f 3084//1 3083//1 3107//1
f 3107//1 3083//1 3082//1
f 4204//1 4205//1 3950//1
f 4205//1 4206//1 3950//1
f 3950//1 4206//1 3948//1
f 3758//1 3718//1 3759//1
f 3718//1 3717//1 3759//1
f 3759//1 3717//1 3716//1
f 3761//1 3712//1 3762//1
f 3712//1 3711//1 3762//1
f 3762//1 3711//1 3710//1
f 3709//1 3708//1 3762//1
f 3708//1 3707//1 3762//1
f 3762//1 3707//1 3706//1
f 3678//1 3677//1 3637//1
f 3677//1 3676//1 3637//1
f 3637//1 3676//1 3638//1
f 3676//1 3675//1 3638//1
f 3638//1 3675//1 3674//1
f 3673//1 3672//1 3638//1
f 3672//1 3671//1 3638//1
f 3638//1 3671//1 3670//1
f 3668//1 3667//1 3638//1
f 3667//1 3666//1 3638//1
f 3638//1 3666//1 3665//1
f 3665//1 3664//1 3638//1
f 3664//1 3663//1 3638//1
f 3638//1 3663//1 3662//1
f 3662//1 3661//1 3638//1
f 3661//1 3660//1 3638//1
f 3638//1 3660//1 3659//1
f 3575//1 3594//1 3576//1
f 3594//1 3593//1 3576//1
f 3576//1 3593//1 3592//1
f 3592//1 3591//1 3576//1
f 3591//1 3590//1 3576//1
f 3576//1 3590//1 3589//1
f 3583//1 3582//1 3581//1
f 3571//1 3570//1 3594//1
f 3570//1 3569//1 3594//1
f 3594//1 3569//1 3568//1
f 3562//1 3561//1 3594//1
f 3561//1 3560//1 3594//1
f 3594//1 3560//1 3559//1
f 3597//1 3596//1 4005//1
f 3596//1 3595//1 4005//1
f 4005//1 3595//1 3557//1
f 3595//1 3594//1 3557//1
f 3557//1 3594//1 3558//1
f 3594//1 3559//1 3558//1
f 4074//1 4076//1 3821//1
f 4076//1 4207//1 3821//1
f 3821//1 4207//1 4185//1
f 4208//1 4209//1 4210//1
f 4209//1 4211//1 4210//1
f 4210//1 4211//1 4212//1
f 4127//1 4213//1 4126//1
f 4213//1 4214//1 4126//1
f 4126//1 4214//1 4215//1
f 4214//1 4216//1 4215//1
f 4203//1 4217//1 4108//1
f 4217//1 4218//1 4108//1
f 4108//1 4218//1 4109//1
f 3408//1 3407//1 3404//1
f 3407//1 3406//1 3404//1
f 3404//1 3406//1 3405//1
f 3328//1 3323//1 3329//1
f 3323//1 3322//1 3329//1
f 3329//1 3322//1 3321//1
f 4219//1 4220//1 4221//1
f 4220//1 4222//1 4221//1
f 4221//1 4222//1 4223//1
f 4223//1 4224//1 4221//1
f 4224//1 4225//1 4221//1
f 4221//1 4225//1 4226//1
f 4219//1 4221//1 3950//1
f 4221//1 4227//1 3950//1
f 3950//1 4227//1 4184//1
f 3765//1 3764//1 2753//1
f 3764//1 3763//1 2753//1
f 2753//1 3763//1 3762//1
f 3700//1 3699//1 2753//1
f 3699//1 3698//1 2753//1
f 3659//1 3658//1 3638//1
f 3658//1 3657//1 3638//1
f 3638//1 3657//1 3656//1
f 3577//1 3588//1 3578//1
f 3588//1 3587//1 3578//1
f 3578//1 3587//1 3586//1
f 3586//1 3585//1 3578//1
f 3585//1 3584//1 3578//1
f 3578//1 3584//1 3579//1
f 4212//1 4211//1 4214//1
f 4211//1 4228//1 4214//1
f 4214//1 4228//1 4216//1
f 4229//1 4230//1 4231//1
f 4232//1 4233//1 4108//1
f 4233//1 4234//1 4108//1
f 4235//1 4236//1 3950//1
f 4236//1 4237//1 3950//1
f 3950//1 4237//1 4204//1
f 3704//1 3703//1 3762//1
f 3703//1 3702//1 3762//1
f 3762//1 3702//1 2753//1
f 3702//1 3701//1 2753//1
f 2753//1 3701//1 3700//1
f 3698//1 3697//1 2753//1
f 3697//1 3696//1 2753//1
f 2753//1 3696//1 3695//1
f 3643//1 3642//1 3654//1
f 3642//1 3641//1 3654//1
f 3654//1 3641//1 3640//1
f 3656//1 3655//1 3638//1
f 3655//1 3654//1 3638//1
f 3638//1 3654//1 3639//1
f 3654//1 3640//1 3639//1
f 3583//1 3581//1 3584//1
f 3581//1 3580//1 3584//1
f 3584//1 3580//1 3579//1
f 4238//1 4239//1 4240//1
f 4239//1 4241//1 4240//1
f 4230//1 4242//1 4231//1
f 4242//1 4239//1 4231//1
f 4231//1 4239//1 4243//1
f 4239//1 4238//1 4243//1
f 4229//1 4231//1 4108//1
f 4231//1 4244//1 4108//1
f 4108//1 4244//1 4245//1
f 4245//1 4246//1 4108//1
f 4246//1 4247//1 4108//1
f 4108//1 4247//1 4248//1
f 4248//1 4249//1 4108//1
f 4249//1 4250//1 4108//1
f 4108//1 4250//1 4251//1
f 4251//1 4252//1 4108//1
f 4252//1 4253//1 4108//1
f 4108//1 4253//1 4232//1
f 4254//1 4255//1 4108//1
f 4255//1 4256//1 4108//1
f 4108//1 4256//1 4201//1
f 4114//1 4257//1 3950//1
f 4257//1 4258//1 3950//1
f 3950//1 4258//1 4235//1
f 3644//1 3654//1 3645//1
f 3654//1 3653//1 3645//1
f 3645//1 3653//1 3652//1
f 3652//1 3651//1 3645//1
f 3651//1 3650//1 3645//1
f 3645//1 3650//1 3649//1
f 3649//1 3648//1 3645//1
f 3648//1 3647//1 3645//1
f 3645//1 3647//1 3646//1
f 4234//1 4259//1 4108//1
f 4259//1 4260//1 4108//1
f 4108//1 4260//1 4261//1
f 4261//1 4262//1 4108//1
f 4262//1 4263//1 4108//1
f 4108//1 4263//1 4254//1
f 584//1907 4003//1907 580//1907
f 4003//1907 3875//1907 580//1907
f 580//1908 3875//1908 581//1908
f 3875//1908 3873//1908 581//1908
f 581//1909 3873//1909 531//1909
f 3873//1909 3872//1909 531//1909
f 531//1910 3872//1910 532//1910
f 3872//1910 3839//1910 532//1910
f 532//1911 3839//1911 619//1911
f 3839//1911 3838//1911 619//1911
f 619//1912 3838//1912 618//1912
f 3838//1912 3947//1912 618//1912
f 618//1913 3947//1913 616//1913
f 3947//1913 3814//1913 616//1913
f 616//1914 3814//1914 792//1914
f 3814//1914 4001//1914 792//1914
f 792//1915 4001//1915 793//1915
f 4001//1915 4000//1915 793//1915
f 793//1916 4000//1916 794//1916
f 4000//1916 3999//1916 794//1916
f 794//1917 3999//1917 857//1917
f 3999//1917 3871//1917 857//1917
f 857//1918 3871//1918 795//1918
f 3871//1918 3870//1918 795//1918
f 795//1919 3870//1919 676//1919
f 3870//1919 3946//1919 676//1919
f 676//1920 3946//1920 677//1920
f 3946//1920 3945//1920 677//1920
f 677//1921 3945//1921 796//1921
f 3945//1921 3869//1921 796//1921
f 796//1922 3869//1922 797//1922
f 3869//1922 3868//1922 797//1922
f 797//1923 3868//1923 798//1923
f 3868//1923 3867//1923 798//1923
f 798//1924 3867//1924 799//1924
f 3867//1924 3835//1924 799//1924
f 799//1925 3835//1925 800//1925
f 3835//1925 3836//1925 800//1925
f 800//1926 3836//1926 614//1926
f 3836//1926 3837//1926 614//1926
f 614//1927 3837//1927 615//1927
f 3837//1927 3778//1927 615//1927
f 667//1928 4002//1928 4063//1928
f 667//1928 4063//1928 847//1928
f 4063//1929 3949//1929 847//1929
f 847//1929 3949//1929 848//1929
f 3949//1930 3948//1930 848//1930
f 848//1930 3948//1930 850//1930
f 3948//1931 4206//1931 850//1931
f 850//1931 4206//1931 851//1931
f 4206//1932 4205//1932 851//1932
f 851//1932 4205//1932 664//1932
f 4205//1933 4204//1933 664//1933
f 664//1933 4204//1933 731//1933
f 4204//1934 4237//1934 731//1934
f 731//1934 4237//1934 732//1934
f 4237//1935 4236//1935 732//1935
f 732//1935 4236//1935 733//1935
f 4236//1936 4235//1936 733//1936
f 733//1936 4235//1936 734//1936
f 4235//1937 4258//1937 734//1937
f 734//1937 4258//1937 735//1937
f 4258//1938 4257//1938 735//1938
f 735//1938 4257//1938 736//1938
f 4257//1939 4114//1939 736//1939
f 736//1939 4114//1939 738//1939
f 4114//1940 4113//1940 738//1940
f 738//1940 4113//1940 739//1940
f 4113//1941 4184//1941 739//1941
f 739//1941 4184//1941 740//1941
f 4184//1942 4227//1942 740//1942
f 740//1942 4227//1942 742//1942
f 4227//1943 4221//1943 742//1943
f 742//1943 4221//1943 743//1943
f 4221//1944 4226//1944 743//1944
f 743//1944 4226//1944 852//1944
f 4226//1945 4225//1945 852//1945
f 852//1945 4225//1945 853//1945
f 4225//1946 4224//1946 853//1946
f 853//1946 4224//1946 855//1946
f 4224//1947 4223//1947 855//1947
f 855//1947 4223//1947 856//1947
f 4223//1948 4222//1948 856//1948
f 856//1948 4222//1948 915//1948
f 4222//1949 4220//1949 915//1949
f 915//1949 4220//1949 916//1949
f 4220//1950 4219//1950 916//1950
f 916//1950 4219//1950 917//1950
f 4219//1951 3950//1951 917//1951
f 917//1951 3950//1951 576//1951
f 3950//1952 4066//1952 576//1952
f 576//1952 4066//1952 577//1952
f 4066//1953 4148//1953 577//1953
f 577//1953 4148//1953 675//1953
f 4148//1954 4147//1954 675//1954
f 675//1954 4147//1954 674//1954
f 4147//1955 4112//1955 674//1955
f 674//1955 4112//1955 672//1955
f 4112//1956 4111//1956 672//1956
f 672//1956 4111//1956 670//1956
f 4111//1957 4110//1957 670//1957
f 670//1957 4110//1957 683//1957
f 4110//1958 4064//1958 683//1958
f 683//1958 4064//1958 684//1958
f 4064//1959 4065//1959 684//1959
f 684//1959 4065//1959 679//1959
f 4065//1960 4062//1960 679//1960
f 679//1960 4062//1960 681//1960
f 4062//1961 4061//1961 681//1961
f 681//1961 4061//1961 682//1961
f 4061//1962 4060//1962 682//1962
f 682//1962 4060//1962 582//1962
f 4060//1963 4004//1963 582//1963
f 582//1963 4004//1963 583//1963
f 4004//1964 4003//1964 583//1964
f 583//1964 4003//1964 584//1964
f 791//1965 3882//1965 790//1965
f 3882//1965 3844//1965 790//1965
f 790//1966 3844//1966 993//1966
f 3844//1966 3845//1966 993//1966
f 993//1967 3845//1967 996//1967
f 3845//1967 3846//1967 996//1967
f 996//1968 3846//1968 997//1968
f 3846//1968 3847//1968 997//1968
f 997//1969 3847//1969 998//1969
f 3847//1969 3881//1969 998//1969
f 998//1970 3881//1970 1024//1970
f 3881//1970 3880//1970 1024//1970
f 1024//1971 3880//1971 999//1971
f 3880//1971 3879//1971 999//1971
f 999//1972 3879//1972 1000//1972
f 3879//1972 3799//1972 1000//1972
f 1000//1973 3799//1973 1001//1973
f 3799//1973 3800//1973 1001//1973
f 1001//1974 3800//1974 1025//1974
f 3800//1974 3801//1974 1025//1974
f 1025//1975 3801//1975 994//1975
f 3801//1975 3878//1975 994//1975
f 994//1976 3878//1976 995//1976
f 3878//1976 3877//1976 995//1976
f 995//1977 3877//1977 789//1977
f 3877//1977 3843//1977 789//1977
f 789//1978 3843//1978 730//1978
f 3843//1978 3842//1978 730//1978
f 730//1979 3842//1979 728//1979
f 3842//1979 3841//1979 728//1979
f 728//1980 3841//1980 610//1980
f 3841//1980 3813//1980 610//1980
f 610//1981 3813//1981 611//1981
f 3813//1981 3812//1981 611//1981
f 611//1982 3812//1982 726//1982
f 3812//1982 3840//1982 726//1982
f 726//1983 3840//1983 727//1983
f 3840//1983 3874//1983 727//1983
f 727//1984 3874//1984 669//1984
f 3874//1984 3876//1984 669//1984
f 669//1985 3876//1985 667//1985
f 3876//1985 4002//1985 667//1985
f 955//1986 3777//1986 954//1986
f 3777//1986 3883//1986 954//1986
f 954//1987 3883//1987 791//1987
f 3883//1987 3882//1987 791//1987
f 816//1988 3802//1988 888//1988
f 3802//1988 3852//1988 888//1988
f 888//1989 3852//1989 889//1989
f 3852//1989 3851//1989 889//1989
f 889//1990 3851//1990 885//1990
f 3851//1990 3850//1990 885//1990
f 885//1991 3850//1991 887//1991
f 3850//1991 3849//1991 887//1991
f 887//1992 3849//1992 886//1992
f 3849//1992 3848//1992 886//1992
f 886//1993 3848//1993 884//1993
f 3848//1993 3819//1993 884//1993
f 884//1994 3819//1994 891//1994
f 3819//1994 3818//1994 891//1994
f 891//1995 3818//1995 890//1995
f 3818//1995 3817//1995 890//1995
f 890//1996 3817//1996 892//1996
f 3817//1996 3816//1996 892//1996
f 892//1997 3816//1997 893//1997
f 3816//1997 3888//1997 893//1997
f 893//1998 3888//1998 894//1998
f 3888//1998 3887//1998 894//1998
f 894//1999 3887//1999 895//1999
f 3887//1999 3886//1999 895//1999
f 895//2000 3886//2000 817//2000
f 3886//2000 3815//2000 817//2000
f 817//2001 3815//2001 632//2001
f 3815//2001 3884//2001 632//2001
f 632//2002 3884//2002 634//2002
f 3884//2002 3885//2002 634//2002
f 634//2003 3885//2003 691//2003
f 3885//2003 4009//2003 691//2003
f 691//2004 4009//2004 692//2004
f 4009//2004 4008//2004 692//2004
f 692//2005 4008//2005 592//2005
f 4008//2005 4007//2005 592//2005
f 592//2006 4007//2006 620//2006
f 4007//2006 4006//2006 620//2006
f 620//2007 4006//2007 621//2007
f 4006//2007 4005//2007 621//2007
f 621//2008 4005//2008 622//2008
f 4005//2008 3557//2008 622//2008
f 814//2009 3804//2009 815//2009
f 3804//2009 3803//2009 815//2009
f 815//2010 3803//2010 816//2010
f 3803//2010 3802//2010 816//2010
f 631//2011 4030//2011 813//2011
f 4030//2011 4034//2011 813//2011
f 813//2012 4034//2012 929//2012
f 4034//2012 4077//2012 929//2012
f 929//2013 4077//2013 930//2013
f 4077//2013 4075//2013 930//2013
f 930//2014 4075//2014 931//2014
f 4075//2014 4074//2014 931//2014
f 931//2015 4074//2015 970//2015
f 4074//2015 3821//2015 970//2015
f 970//2016 3821//2016 971//2016
f 3821//2016 3820//2016 971//2016
f 971//2017 3820//2017 972//2017
f 3820//2017 4018//2017 972//2017
f 972//2018 4018//2018 973//2018
f 4018//2018 4017//2018 973//2018
f 973//2019 4017//2019 974//2019
f 4017//2019 4073//2019 974//2019
f 974//2020 4073//2020 883//2020
f 4073//2020 4072//2020 883//2020
f 883//2021 4072//2021 882//2021
f 4072//2021 4071//2021 882//2021
f 882//2022 4071//2022 975//2022
f 4071//2022 3975//2022 975//2022
f 975//2023 3975//2023 877//2023
f 3975//2023 3974//2023 877//2023
f 877//2024 3974//2024 878//2024
f 3974//2024 3894//2024 878//2024
f 878//2025 3894//2025 976//2025
f 3894//2025 3893//2025 976//2025
f 976//2026 3893//2026 977//2026
f 3893//2026 3892//2026 977//2026
f 977//2027 3892//2027 978//2027
f 3892//2027 3889//2027 978//2027
f 978//2028 3889//2028 879//2028
f 3889//2028 3890//2028 879//2028
f 879//2029 3890//2029 880//2029
f 3890//2029 3891//2029 880//2029
f 880//2030 3891//2030 881//2030
f 3891//2030 3805//2030 881//2030
f 881//2031 3805//2031 814//2031
f 3805//2031 3804//2031 814//2031
f 932//2032 4033//2032 4032//2032
f 932//2032 4032//2032 698//2032
f 4032//2033 4031//2033 698//2033
f 698//2033 4031//2033 697//2033
f 4031//2034 4194//2034 697//2034
f 697//2034 4194//2034 695//2034
f 4194//2035 4193//2035 695//2035
f 695//2035 4193//2035 756//2035
f 4193//2036 4160//2036 756//2036
f 756//2036 4160//2036 757//2036
f 4160//2037 4159//2037 757//2037
f 757//2037 4159//2037 758//2037
f 4159//2038 4158//2038 758//2038
f 758//2038 4158//2038 636//2038
f 4158//2039 4157//2039 636//2039
f 636//2039 4157//2039 637//2039
f 4157//2040 4156//2040 637//2040
f 637//2040 4156//2040 638//2040
f 4156//2041 4155//2041 638//2041
f 638//2041 4155//2041 639//2041
f 4155//2042 4154//2042 639//2042
f 639//2042 4154//2042 640//2042
f 4154//2043 4153//2043 640//2043
f 640//2043 4153//2043 644//2043
f 4153//2044 4152//2044 644//2044
f 644//2044 4152//2044 643//2044
f 4152//2045 4130//2045 643//2045
f 643//2045 4130//2045 641//2045
f 4130//2046 4129//2046 641//2046
f 641//2046 4129//2046 645//2046
f 4129//2047 4128//2047 645//2047
f 645//2047 4128//2047 646//2047
f 4128//2048 4029//2048 646//2048
f 646//2048 4029//2048 647//2048
f 4029//2049 4028//2049 647//2049
f 647//2049 4028//2049 701//2049
f 4028//2050 4192//2050 701//2050
f 701//2050 4192//2050 560//2050
f 4192//2051 4191//2051 560//2051
f 560//2051 4191//2051 537//2051
f 4191//2052 4151//2052 537//2052
f 537//2052 4151//2052 623//2052
f 4151//2053 4150//2053 623//2053
f 623//2053 4150//2053 590//2053
f 4150//2054 4149//2054 590//2054
f 590//2054 4149//2054 591//2054
f 4149//2055 4126//2055 591//2055
f 591//2055 4126//2055 593//2055
f 4126//2056 4215//2056 593//2056
f 593//2056 4215//2056 624//2056
f 4215//2057 4216//2057 624//2057
f 624//2057 4216//2057 625//2057
f 4216//2058 4228//2058 625//2058
f 625//2058 4228//2058 626//2058
f 4228//2059 4211//2059 626//2059
f 626//2059 4211//2059 689//2059
f 4211//2060 4209//2060 689//2060
f 689//2060 4209//2060 690//2060
f 4209//2061 4208//2061 690//2061
f 690//2061 4208//2061 627//2061
f 4208//2062 4210//2062 627//2062
f 627//2062 4210//2062 628//2062
f 4210//2063 4212//2063 628//2063
f 628//2063 4212//2063 629//2063
f 4212//2064 4214//2064 629//2064
f 629//2064 4214//2064 630//2064
f 4214//2065 4213//2065 630//2065
f 630//2065 4213//2065 694//2065
f 4213//2066 4127//2066 694//2066
f 694//2066 4127//2066 693//2066
f 4127//2067 4125//2067 693//2067
f 693//2067 4125//2067 633//2067
f 4125//2068 4030//2068 633//2068
f 633//2068 4030//2068 631//2068
f 1043//2069 4025//2069 1044//2069
f 4025//2069 4024//2069 1044//2069
f 1044//2070 4024//2070 1026//2070
f 4024//2070 4023//2070 1026//2070
f 1026//2071 4023//2071 1027//2071
f 4023//2071 4022//2071 1027//2071
f 1027//2072 4022//2072 1051//2072
f 4022//2072 4021//2072 1051//2072
f 1051//2073 4021//2073 1052//2073
f 4021//2073 4020//2073 1052//2073
f 1052//2074 4020//2074 1031//2074
f 4020//2074 4019//2074 1031//2074
f 1031//2075 4019//2075 1030//2075
f 4019//2075 4121//2075 1030//2075
f 1030//2076 4121//2076 1029//2076
f 4121//2076 4122//2076 1029//2076
f 1029//2077 4122//2077 1032//2077
f 4122//2077 4190//2077 1032//2077
f 1032//2078 4190//2078 1033//2078
f 4190//2078 4189//2078 1033//2078
f 1033//2079 4189//2079 1034//2079
f 4189//2079 4188//2079 1034//2079
f 1034//2080 4188//2080 1035//2080
f 4188//2080 4187//2080 1035//2080
f 1035//2081 4187//2081 1036//2081
f 4187//2081 4186//2081 1036//2081
f 1036//2082 4186//2082 1037//2082
f 4186//2082 4185//2082 1037//2082
f 1037//2083 4185//2083 1053//2083
f 4185//2083 4207//2083 1053//2083
f 1053//2084 4207//2084 1045//2084
f 4207//2084 4076//2084 1045//2084
f 1045//2085 4076//2085 1046//2085
f 4076//2085 4078//2085 1046//2085
f 1046//2086 4078//2086 1047//2086
f 4078//2086 4120//2086 1047//2086
f 1047//2087 4120//2087 1054//2087
f 4120//2087 4119//2087 1054//2087
f 1054//2088 4119//2088 1028//2088
f 4119//2088 4118//2088 1028//2088
f 1028//2089 4118//2089 932//2089
f 4118//2089 4033//2089 932//2089
f 1004//2090 4124//2090 1042//2090
f 4124//2090 4123//2090 1042//2090
f 1042//2091 4123//2091 1043//2091
f 4123//2091 4025//2091 1043//2091
f 1306//2092 4165//2092 1307//2092
f 4165//2092 4164//2092 1307//2092
f 1307//2093 4164//2093 1262//2093
f 4164//2093 4162//2093 1262//2093
f 1262//2094 4162//2094 1282//2094
f 4162//2094 4161//2094 1282//2094
f 1282//2095 4161//2095 1279//2095
f 4161//2095 4085//2095 1279//2095
f 1279//2096 4085//2096 1267//2096
f 4085//2096 4131//2096 1267//2096
f 1267//2097 4131//2097 1266//2097
f 4131//2097 4082//2097 1266//2097
f 1266//2098 4082//2098 1265//2098
f 4082//2098 4081//2098 1265//2098
f 1265//2099 4081//2099 1311//2099
f 4081//2099 4079//2099 1311//2099
f 1311//2100 4079//2100 1312//2100
f 4079//2100 3898//2100 1312//2100
f 1312//2101 3898//2101 1313//2101
f 3898//2101 3897//2101 1313//2101
f 1313//2102 3897//2102 1239//2102
f 3897//2102 3896//2102 1239//2102
f 1239//2103 3896//2103 1240//2103
f 3896//2103 3895//2103 1240//2103
f 1240//2104 3895//2104 1241//2104
f 3895//2104 3823//2104 1241//2104
f 1241//2105 3823//2105 1242//2105
f 3823//2105 3822//2105 1242//2105
f 1242//2106 3822//2106 1243//2106
f 3822//2106 3979//2106 1243//2106
f 1243//2107 3979//2107 1244//2107
f 3979//2107 3978//2107 1244//2107
f 4124//2108 1004//2108 3976//2108
f 1004//2108 1003//2108 3976//2108
f 3976//2109 1003//2109 3977//2109
f 1003//2109 1002//2109 3977//2109
f 3977//2110 1002//2110 4026//2110
f 1002//2110 934//2110 4026//2110
f 4026//2111 934//2111 4027//2111
f 934//2111 933//2111 4027//2111
f 4027//2112 933//2112 3978//2112
f 933//2113 696//2113 3978//2113
f 3978//2114 696//2114 1244//2114
f 1305//2115 3953//2115 3972//2115
f 1305//2115 3972//2115 1343//2115
f 3972//2116 3973//2116 1343//2116
f 1343//2116 3973//2116 1341//2116
f 3973//2117 4117//2117 1341//2117
f 1341//2117 4117//2117 1342//2117
f 4117//2118 4116//2118 1342//2118
f 1342//2118 4116//2118 1344//2118
f 4116//2119 4070//2119 1344//2119
f 1344//2119 4070//2119 1345//2119
f 4070//2120 4069//2120 1345//2120
f 1345//2120 4069//2120 1327//2120
f 4069//2121 4068//2121 1327//2121
f 1327//2121 4068//2121 1352//2121
f 4068//2122 4067//2122 1352//2122
f 1352//2122 4067//2122 1359//2122
f 4067//2123 4016//2123 1359//2123
f 1359//2123 4016//2123 1356//2123
f 4016//2124 4015//2124 1356//2124
f 1356//2124 4015//2124 1358//2124
f 4015//2125 4014//2125 1358//2125
f 1358//2125 4014//2125 1357//2125
f 4014//2126 4115//2126 1357//2126
f 1357//2126 4115//2126 1355//2126
f 4115//2127 3971//2127 1355//2127
f 1355//2127 3971//2127 1360//2127
f 3971//2128 3970//2128 1360//2128
f 1360//2128 3970//2128 1353//2128
f 3970//2129 3969//2129 1353//2129
f 1353//2129 3969//2129 1354//2129
f 3969//2130 4013//2130 1354//2130
f 1354//2130 4013//2130 1346//2130
f 4013//2131 4012//2131 1346//2131
f 1346//2131 4012//2131 1347//2131
f 4012//2132 3968//2132 1347//2132
f 1347//2132 3968//2132 1348//2132
f 3968//2133 3967//2133 1348//2133
f 1348//2133 3967//2133 1349//2133
f 3967//2134 3966//2134 1349//2134
f 1349//2134 3966//2134 1350//2134
f 3966//2135 3965//2135 1350//2135
f 1350//2135 3965//2135 1351//2135
f 3965//2136 3964//2136 1351//2136
f 1351//2136 3964//2136 1325//2136
f 3964//2137 3963//2137 1325//2137
f 1325//2137 3963//2137 1326//2137
f 3963//2138 3962//2138 1326//2138
f 1326//2138 3962//2138 1328//2138
f 3962//2139 3961//2139 1328//2139
f 1328//2139 3961//2139 1329//2139
f 3961//2140 3960//2140 1329//2140
f 1329//2140 3960//2140 1337//2140
f 3960//2141 3959//2141 1337//2141
f 1337//2141 3959//2141 1338//2141
f 3959//2142 3958//2142 1338//2142
f 1338//2142 3958//2142 1330//2142
f 3958//2143 3957//2143 1330//2143
f 1330//2143 3957//2143 1331//2143
f 3957//2144 3956//2144 1331//2144
f 1331//2144 3956//2144 1332//2144
f 3956//2145 4011//2145 1332//2145
f 1332//2145 4011//2145 1333//2145
f 4011//2146 4010//2146 1333//2146
f 1333//2146 4010//2146 1334//2146
f 4010//2147 3955//2147 1334//2147
f 1334//2147 3955//2147 1335//2147
f 3955//2148 3954//2148 1335//2148
f 1335//2148 3954//2148 1336//2148
f 3954//2149 3952//2149 1336//2149
f 1336//2149 3952//2149 1339//2149
f 3952//2150 3951//2150 1339//2150
f 1339//2150 3951//2150 1340//2150
f 3951//2151 4165//2151 1340//2151
f 1340//2151 4165//2151 1306//2151
f 1324//2152 4166//2152 1215//2152
f 4166//2152 3901//2152 1215//2152
f 1215//2153 3901//2153 1216//2153
f 3901//2153 3900//2153 1216//2153
f 1216//2154 3900//2154 1260//2154
f 3900//2154 4089//2154 1260//2154
f 1260//2155 4089//2155 1261//2155
f 4089//2155 4088//2155 1261//2155
f 1261//2156 4088//2156 1218//2156
f 4088//2156 3825//2156 1218//2156
f 1218//2157 3825//2157 1219//2157
f 3825//2157 3824//2157 1219//2157
f 1219//2158 3824//2158 1220//2158
f 3824//2158 3899//2158 1220//2158
f 1220//2159 3899//2159 1221//2159
f 3899//2159 4135//2159 1221//2159
f 1221//2160 4135//2160 1222//2160
f 4135//2160 4134//2160 1222//2160
f 1222//2161 4134//2161 1223//2161
f 4134//2161 4133//2161 1223//2161
f 1223//2162 4133//2162 1308//2162
f 4133//2162 4080//2162 1308//2162
f 1308//2163 4080//2163 1277//2163
f 4080//2163 4132//2163 1277//2163
f 1277//2164 4132//2164 1278//2164
f 4132//2164 4087//2164 1278//2164
f 1278//2165 4087//2165 1280//2165
f 4087//2165 4086//2165 1280//2165
f 1280//2166 4086//2166 1281//2166
f 4086//2166 4084//2166 1281//2166
f 1281//2167 4084//2167 1263//2167
f 4084//2167 4083//2167 1263//2167
f 1263//2168 4083//2168 1264//2168
f 4083//2168 4197//2168 1264//2168
f 1264//2169 4197//2169 1302//2169
f 4197//2169 4196//2169 1302//2169
f 1302//2170 4196//2170 1303//2170
f 4196//2170 4195//2170 1303//2170
f 1303//2171 4195//2171 1304//2171
f 4195//2171 4163//2171 1304//2171
f 1304//2172 4163//2172 1305//2172
f 4163//2172 3953//2172 1305//2172
f 1276//2173 4168//2173 1323//2173
f 4168//2173 4167//2173 1323//2173
f 1323//2174 4167//2174 1324//2174
f 4167//2174 4166//2174 1324//2174
f 1210//2175 3794//2175 1208//2175
f 3794//2175 3793//2175 1208//2175
f 1208//2176 3793//2176 1232//2176
f 3793//2176 3855//2176 1232//2176
f 1232//2177 3855//2177 1233//2177
f 3855//2177 3854//2177 1233//2177
f 1233//2178 3854//2178 1235//2178
f 3854//2178 3786//2178 1235//2178
f 1235//2179 3786//2179 1237//2179
f 3786//2179 3827//2179 1237//2179
f 1237//2180 3827//2180 1238//2180
f 3827//2180 3826//2180 1238//2180
f 1238//2181 3826//2181 1213//2181
f 3826//2181 3791//2181 1213//2181
f 1213//2182 3791//2182 1214//2182
f 3791//2182 4136//2182 1214//2182
f 1214//2183 4136//2183 1296//2183
f 4136//2183 4137//2183 1296//2183
f 1296//2184 4137//2184 1297//2184
f 4137//2184 4043//2184 1297//2184
f 1297//2185 4043//2185 1298//2185
f 4043//2185 4042//2185 1298//2185
f 1298//2186 4042//2186 1258//2186
f 4042//2186 3903//2186 1258//2186
f 1258//2187 3903//2187 1259//2187
f 3903//2187 3902//2187 1259//2187
f 1259//2188 3902//2188 1272//2188
f 3902//2188 4041//2188 1272//2188
f 1272//2189 4041//2189 1273//2189
f 4041//2189 4040//2189 1273//2189
f 1273//2190 4040//2190 1274//2190
f 4040//2190 4039//2190 1274//2190
f 1274//2191 4039//2191 1299//2191
f 4039//2191 4038//2191 1299//2191
f 1299//2192 4038//2192 1300//2192
f 4038//2192 4037//2192 1300//2192
f 1300//2193 4037//2193 1301//2193
f 4037//2193 4036//2193 1301//2193
f 1301//2194 4036//2194 1275//2194
f 4036//2194 4035//2194 1275//2194
f 1275//2195 4035//2195 1276//2195
f 4035//2195 4168//2195 1276//2195
f 1211//2196 3795//2196 3941//2196
f 1211//2196 3941//2196 1212//2196
f 3941//2197 3939//2197 1212//2197
f 1212//2197 3939//2197 1283//2197
f 3939//2198 3938//2198 1283//2198
f 1283//2198 3938//2198 1284//2198
f 3938//2199 3937//2199 1284//2199
f 1284//2199 3937//2199 1285//2199
f 3937//2200 3936//2200 1285//2200
f 1285//2200 3936//2200 1286//2200
f 3936//2201 3935//2201 1286//2201
f 1286//2201 3935//2201 1287//2201
f 3935//2202 3933//2202 1287//2202
f 1287//2202 3933//2202 1224//2202
f 3933//2203 3932//2203 1224//2203
f 1224//2203 3932//2203 1225//2203
f 3932//2204 3996//2204 1225//2204
f 1225//2204 3996//2204 1309//2204
f 3996//2205 3995//2205 1309//2205
f 1309//2205 3995//2205 1310//2205
f 3995//2206 3994//2206 1310//2206
f 1310//2206 3994//2206 1290//2206
f 3994//2207 3993//2207 1290//2207
f 1290//2207 3993//2207 1289//2207
f 3993//2208 3992//2208 1289//2208
f 1289//2208 3992//2208 1288//2208
f 3992//2209 4058//2209 1288//2209
f 1288//2209 4058//2209 1291//2209
f 4058//2210 4059//2210 1291//2210
f 1291//2210 4059//2210 1292//2210
f 4059//2211 4106//2211 1292//2211
f 1292//2211 4106//2211 1226//2211
f 4106//2212 4105//2212 1226//2212
f 1226//2212 4105//2212 1227//2212
f 4105//2213 4104//2213 1227//2213
f 1227//2213 4104//2213 1248//2213
f 4104//2214 4057//2214 1248//2214
f 1248//2214 4057//2214 1230//2214
f 4057//2215 4056//2215 1230//2215
f 1230//2215 4056//2215 1245//2215
f 4056//2216 3991//2216 1245//2216
f 1245//2216 3991//2216 1246//2216
f 3991//2217 3934//2217 1246//2217
f 1246//2217 3934//2217 1314//2217
f 3934//2218 3940//2218 1314//2218
f 1314//2218 3940//2218 1315//2218
f 3940//2219 3865//2219 1315//2219
f 1315//2219 3865//2219 1316//2219
f 3865//2220 3864//2220 1316//2220
f 1316//2220 3864//2220 1321//2220
f 3864//2221 3990//2221 1321//2221
f 1321//2221 3990//2221 1320//2221
f 3990//2222 3989//2222 1320//2222
f 1320//2222 3989//2222 1319//2222
f 3989//2223 3931//2223 1319//2223
f 1319//2223 3931//2223 1317//2223
f 3931//2224 3930//2224 1317//2224
f 1317//2224 3930//2224 1318//2224
f 3930//2225 3929//2225 1318//2225
f 1318//2225 3929//2225 1322//2225
f 3929//2226 3928//2226 1322//2226
f 1322//2226 3928//2226 1247//2226
f 3928//2227 3927//2227 1247//2227
f 1247//2227 3927//2227 1268//2227
f 3927//2228 3926//2228 1268//2228
f 1268//2228 3926//2228 1228//2228
f 3926//2229 3925//2229 1228//2229
f 1228//2229 3925//2229 1229//2229
f 3925//2230 3924//2230 1229//2230
f 1229//2230 3924//2230 1231//2230
f 3924//2231 3923//2231 1231//2231
f 1231//2231 3923//2231 1249//2231
f 3923//2232 3794//2232 1249//2232
f 1249//2232 3794//2232 1210//2232
f 258//2233 4052//2233 390//2233
f 4052//2233 4051//2233 390//2233
f 390//2234 4051//2234 391//2234
f 4051//2234 4050//2234 391//2234
f 391//2235 4050//2235 222//2235
f 4050//2235 4091//2235 222//2235
f 222//2236 4091//2236 221//2236
f 4091//2236 4090//2236 221//2236
f 221//2237 4090//2237 42//2237
f 4090//2238 4049//2238 42//2238
f 3795//2239 1211//2239 3980//2239
f 1211//2239 1209//2239 3980//2239
f 3980//2240 1209//2240 3981//2240
f 1209//2240 1256//2240 3981//2240
f 3981//2241 1256//2241 3982//2241
f 1256//2241 1255//2241 3982//2241
f 3982//2242 1255//2242 3853//2242
f 1255//2242 1254//2242 3853//2242
f 3853//2243 1254//2243 3784//2243
f 1254//2243 1253//2243 3784//2243
f 3784//2244 1253//2244 3785//2244
f 1253//2244 1252//2244 3785//2244
f 3785//2245 1252//2245 3792//2245
f 1252//2245 1251//2245 3792//2245
f 3792//2246 1251//2246 3983//2246
f 1251//2246 1250//2246 3983//2246
f 3983//2247 1250//2247 3984//2247
f 1250//2247 1295//2247 3984//2247
f 3984//2248 1295//2248 3985//2248
f 1295//2248 1294//2248 3985//2248
f 3985//2249 1294//2249 4044//2249
f 1294//2249 1271//2249 4044//2249
f 4044//2250 1271//2250 4045//2250
f 1271//2250 1270//2250 4045//2250
f 4045//2251 1270//2251 4046//2251
f 1270//2251 1269//2251 4046//2251
f 4046//2252 1269//2252 4047//2252
f 1269//2252 1293//2252 4047//2252
f 4047//2253 1293//2253 4048//2253
f 1293//2253 1234//2253 4048//2253
f 4048//2254 1234//2254 4049//2254
f 1234//2254 1236//2254 4049//2254
f 4049//2255 1236//2255 42//2255
f 346//2256 4093//2256 257//2256
f 4093//2256 4092//2256 257//2256
f 257//2257 4092//2257 258//2257
f 4092//2257 4052//2257 258//2257
f 220//2258 3862//2258 389//2258
f 3862//2258 3860//2258 389//2258
f 389//2259 3860//2259 344//2259
f 3860//2259 3828//2259 344//2259
f 344//2260 3828//2260 345//2260
f 3828//2260 4096//2260 345//2260
f 345//2261 4096//2261 435//2261
f 4096//2261 4139//2261 435//2261
f 435//2262 4139//2262 436//2262
f 4139//2262 4138//2262 436//2262
f 436//2263 4138//2263 479//2263
f 4138//2263 3858//2263 479//2263
f 479//2264 3858//2264 480//2264
f 3858//2264 3857//2264 480//2264
f 480//2265 3857//2265 482//2265
f 3857//2265 3913//2265 482//2265
f 482//2266 3913//2266 483//2266
f 3913//2266 3912//2266 483//2266
f 483//2267 3912//2267 514//2267
f 3912//2267 3911//2267 514//2267
f 514//2268 3911//2268 515//2268
f 3911//2268 3910//2268 515//2268
f 515//2269 3910//2269 484//2269
f 3910//2269 3909//2269 484//2269
f 484//2270 3909//2270 485//2270
f 3909//2270 3908//2270 485//2270
f 485//2271 3908//2271 523//2271
f 3908//2271 3907//2271 523//2271
f 523//2272 3907//2272 524//2272
f 3907//2272 3988//2272 524//2272
f 524//2273 3988//2273 525//2273
f 3988//2273 3987//2273 525//2273
f 525//2274 3987//2274 481//2274
f 3987//2274 3986//2274 481//2274
f 481//2275 3986//2275 486//2275
f 3986//2275 3904//2275 486//2275
f 486//2276 3904//2276 438//2276
f 3904//2276 3905//2276 438//2276
f 438//2277 3905//2277 437//2277
f 3905//2277 3906//2277 437//2277
f 437//2278 3906//2278 346//2278
f 3906//2278 4093//2278 346//2278
f 140//2279 3861//2279 3863//2279
f 140//2279 3863//2279 141//2279
f 3863//2280 4200//2280 141//2280
f 141//2280 4200//2280 143//2280
f 4200//2281 4199//2281 143//2281
f 143//2281 4199//2281 145//2281
f 4199//2282 4183//2282 145//2282
f 145//2282 4183//2282 208//2282
f 4183//2283 4182//2283 208//2283
f 208//2283 4182//2283 74//2283
f 4182//2284 4181//2284 74//2284
f 74//2284 4181//2284 153//2284
f 4181//2285 4103//2285 153//2285
f 153//2285 4103//2285 152//2285
f 4103//2286 4102//2286 152//2286
f 152//2286 4102//2286 149//2286
f 4102//2287 4101//2287 149//2287
f 149//2287 4101//2287 157//2287
f 4101//2288 4100//2288 157//2288
f 157//2288 4100//2288 159//2288
f 4100//2289 4146//2289 159//2289
f 159//2289 4146//2289 212//2289
f 4146//2290 4145//2290 212//2290
f 212//2290 4145//2290 211//2290
f 4145//2291 3922//2291 211//2291
f 211//2291 3922//2291 209//2291
f 3922//2292 3921//2292 209//2292
f 209//2292 3921//2292 254//2292
f 3921//2293 4144//2293 254//2293
f 254//2293 4144//2293 255//2293
f 4144//2294 4143//2294 255//2294
f 255//2294 4143//2294 256//2294
f 4143//2295 4142//2295 256//2295
f 256//2295 4142//2295 30//2295
f 4142//2296 4099//2296 30//2296
f 30//2296 4099//2296 31//2296
f 4099//2297 4098//2297 31//2297
f 31//2297 4098//2297 33//2297
f 4098//2298 4180//2298 33//2298
f 33//2298 4180//2298 35//2298
f 4180//2299 4179//2299 35//2299
f 35//2299 4179//2299 36//2299
f 4179//2300 4178//2300 36//2300
f 36//2300 4178//2300 37//2300
f 4178//2301 4177//2301 37//2301
f 37//2301 4177//2301 38//2301
f 4177//2302 4176//2302 38//2302
f 38//2302 4176//2302 75//2302
f 4176//2303 4175//2303 75//2303
f 75//2303 4175//2303 76//2303
f 4175//2304 4174//2304 76//2304
f 76//2304 4174//2304 77//2304
f 4174//2305 4173//2305 77//2305
f 77//2305 4173//2305 213//2305
f 4173//2306 4172//2306 213//2306
f 213//2306 4172//2306 214//2306
f 4172//2307 4198//2307 214//2307
f 214//2307 4198//2307 215//2307
f 4198//2308 4055//2308 215//2308
f 215//2308 4055//2308 216//2308
f 4055//2309 4054//2309 216//2309
f 216//2309 4054//2309 217//2309
f 4054//2310 4053//2310 217//2310
f 217//2310 4053//2310 218//2310
f 4053//2311 4171//2311 218//2311
f 218//2311 4171//2311 40//2311
f 4171//2312 4170//2312 40//2312
f 40//2312 4170//2312 41//2312
f 4170//2313 4169//2313 41//2313
f 41//2313 4169//2313 43//2313
f 4169//2314 4097//2314 43//2314
f 43//2314 4097//2314 219//2314
f 4097//2315 3862//2315 219//2315
f 219//2315 3862//2315 220//2315
f 24//2316 3943//2316 25//2316
f 3943//2316 3942//2316 25//2316
f 25//2317 3942//2317 161//2317
f 3942//2317 3783//2317 161//2317
f 161//2318 3783//2318 162//2318
f 3783//2318 3782//2318 162//2318
f 162//2319 3782//2319 163//2319
f 3782//2319 3781//2319 163//2319
f 163//2320 3781//2320 164//2320
f 3781//2320 3780//2320 164//2320
f 164//2321 3780//2321 165//2321
f 3780//2321 3920//2321 165//2321
f 165//2322 3920//2322 166//2322
f 3920//2322 3919//2322 166//2322
f 166//2323 3919//2323 227//2323
f 3919//2323 3918//2323 227//2323
f 227//2324 3918//2324 224//2324
f 3918//2324 3917//2324 224//2324
f 224//2325 3917//2325 226//2325
f 3917//2325 3916//2325 226//2325
f 226//2326 3916//2326 225//2326
f 3916//2326 3915//2326 225//2326
f 225//2327 3915//2327 223//2327
f 3915//2327 3914//2327 223//2327
f 223//2328 3914//2328 228//2328
f 3914//2328 3856//2328 228//2328
f 228//2329 3856//2329 3//2329
f 3856//2329 4140//2329 3//2329
f 3//2330 4140//2330 10//2330
f 4140//2330 4141//2330 10//2330
f 10//2331 4141//2331 11//2331
f 4141//2331 4095//2331 11//2331
f 11//2332 4095//2332 12//2332
f 4095//2332 4094//2332 12//2332
f 12//2333 4094//2333 69//2333
f 4094//2333 3830//2333 69//2333
f 69//2334 3830//2334 70//2334
f 3830//2334 3829//2334 70//2334
f 70//2335 3829//2335 71//2335
f 3829//2335 3859//2335 71//2335
f 71//2336 3859//2336 140//2336
f 3859//2336 3861//2336 140//2336
f 4//2337 3789//2337 5//2337
f 3789//2337 3944//2337 5//2337
f 5//2338 3944//2338 24//2338
f 3944//2338 3943//2338 24//2338
f 2//2339 4108//2339 53//2339
f 4108//2339 4107//2339 53//2339
f 53//2340 4107//2340 54//2340
f 4107//2340 3811//2340 54//2340
f 54//2341 3811//2341 78//2341
f 3811//2341 3866//2341 78//2341
f 78//2342 3866//2342 79//2342
f 3866//2342 3798//2342 79//2342
f 79//2343 3798//2343 80//2343
f 3798//2343 3797//2343 80//2343
f 80//2344 3797//2344 266//2344
f 3797//2344 3796//2344 266//2344
f 266//2345 3796//2345 260//2345
f 3796//2345 3834//2345 260//2345
f 260//2346 3834//2346 262//2346
f 3834//2346 3833//2346 262//2346
f 262//2347 3833//2347 263//2347
f 3833//2347 3810//2347 263//2347
f 263//2348 3810//2348 264//2348
f 3810//2348 3809//2348 264//2348
f 264//2349 3809//2349 265//2349
f 3809//2349 3808//2349 265//2349
f 265//2350 3808//2350 261//2350
f 3808//2350 3788//2350 261//2350
f 261//2351 3788//2351 259//2351
f 3788//2351 3787//2351 259//2351
f 259//2352 3787//2352 267//2352
f 3787//2352 3832//2352 267//2352
f 267//2353 3832//2353 55//2353
f 3832//2353 3831//2353 55//2353
f 55//2354 3831//2354 160//2354
f 3831//2354 3807//2354 160//2354
f 160//2355 3807//2355 56//2355
f 3807//2355 3806//2355 56//2355
f 56//2356 3806//2356 57//2356
f 3806//2356 3998//2356 57//2356
f 57//2357 3998//2357 81//2357
f 3998//2357 3997//2357 81//2357
f 81//2358 3997//2358 82//2358
f 3997//2358 3790//2358 82//2358
f 82//2359 3790//2359 4//2359
f 3790//2359 3789//2359 4//2359
f 134//2360 3556//2360 4109//2360
f 134//2360 4109//2360 50//2360
f 4109//2361 4218//2361 50//2361
f 50//2361 4218//2361 51//2361
f 4218//2362 4217//2362 51//2362
f 51//2362 4217//2362 128//2362
f 4217//2363 4203//2363 128//2363
f 128//2363 4203//2363 129//2363
f 4203//2364 4202//2364 129//2364
f 129//2364 4202//2364 29//2364
f 4202//2365 4201//2365 29//2365
f 29//2365 4201//2365 28//2365
f 4201//2366 4256//2366 28//2366
f 28//2366 4256//2366 26//2366
f 4256//2367 4255//2367 26//2367
f 26//2367 4255//2367 324//2367
f 4255//2368 4254//2368 324//2368
f 324//2368 4254//2368 325//2368
f 4254//2369 4263//2369 325//2369
f 325//2369 4263//2369 327//2369
f 4263//2370 4262//2370 327//2370
f 327//2370 4262//2370 21//2370
f 4262//2371 4261//2371 21//2371
f 21//2371 4261//2371 23//2371
f 4261//2372 4260//2372 23//2372
f 23//2372 4260//2372 249//2372
f 4260//2373 4259//2373 249//2373
f 249//2373 4259//2373 250//2373
f 4259//2374 4234//2374 250//2374
f 250//2374 4234//2374 252//2374
f 4234//2375 4233//2375 252//2375
f 252//2375 4233//2375 253//2375
f 4233//2376 4232//2376 253//2376
f 253//2376 4232//2376 340//2376
f 4232//2377 4253//2377 340//2377
f 340//2377 4253//2377 339//2377
f 4253//2378 4252//2378 339//2378
f 339//2378 4252//2378 338//2378
f 4252//2379 4251//2379 338//2379
f 338//2379 4251//2379 341//2379
f 4251//2380 4250//2380 341//2380
f 341//2380 4250//2380 342//2380
f 4250//2381 4249//2381 342//2381
f 342//2381 4249//2381 343//2381
f 4249//2382 4248//2382 343//2382
f 343//2382 4248//2382 387//2382
f 4248//2383 4247//2383 387//2383
f 387//2383 4247//2383 388//2383
f 4247//2384 4246//2384 388//2384
f 388//2384 4246//2384 154//2384
f 4246//2385 4245//2385 154//2385
f 154//2385 4245//2385 147//2385
f 4245//2386 4244//2386 147//2386
f 147//2386 4244//2386 148//2386
f 4244//2387 4231//2387 148//2387
f 148//2387 4231//2387 150//2387
f 4231//2388 4243//2388 150//2388
f 150//2388 4243//2388 151//2388
f 4243//2389 4238//2389 151//2389
f 151//2389 4238//2389 207//2389
f 4238//2390 4240//2390 207//2390
f 207//2390 4240//2390 72//2390
f 4240//2391 4241//2391 72//2391
f 72//2391 4241//2391 73//2391
f 4241//2392 4239//2392 73//2392
f 73//2392 4239//2392 146//2392
f 4239//2393 4242//2393 146//2393
f 146//2393 4242//2393 144//2393
f 4242//2394 4230//2394 144//2394
f 144//2394 4230//2394 142//2394
f 4230//2395 4229//2395 142//2395
f 142//2395 4229//2395 1//2395
f 4229//2396 4108//2396 1//2396
f 1//2396 4108//2396 2//2396
f 4264//2397 4265//2397 4266//2397
f 4265//2397 4267//2397 4266//2397
f 4268//2398 4269//2398 4264//2398
f 4269//2398 4265//2398 4264//2398
f 2145//2399 2144//2399 4270//2399
f 2144//2399 4271//2399 4270//2399
f 4270//2400 4271//2400 4272//2400
f 4271//2400 4273//2400 4272//2400
f 4274//2401 4275//2401 4276//2401
f 4275//2401 4277//2401 4276//2401
f 4278//2402 4279//2402 4274//2402
f 4279//2402 4275//2402 4274//2402
f 1441//2403 1440//2403 4280//2403
f 1440//2403 4281//2403 4280//2403
f 1440//2404 1474//2404 4281//2404
f 1474//2404 4282//2404 4281//2404
f 1392//2405 4283//2405 1391//2405
f 4283//2405 4284//2405 1391//2405
f 1394//2406 4285//2406 1392//2406
f 4285//2406 4283//2406 1392//2406
f 4286//2407 4287//2407 4288//2407
f 4287//2407 4289//2407 4288//2407
f 4287//2408 4290//2408 4289//2408
f 4290//2408 4291//2408 4289//2408
f 1528//2 1675//2 1567//2
f 1675//2 1695//2 1567//2
f 1821//2 2032//2 1830//2
f 2032//2 1972//2 1830//2
f 4292//2409 4293//2409 4294//2409
f 4295//2410 4296//2410 4297//2410
f 4295//2409 4297//2409 4298//2409
f 4299//2411 4300//2411 4301//2411
f 4300//2412 4302//2412 4301//2412
f 4301//2413 4302//2413 4303//2413
f 4297//2414 4304//2414 4298//2414
f 4304//2415 4305//2415 4298//2415
f 4298//2416 4305//2416 4294//2416
f 4306//2417 4307//2417 4308//2417
f 4307//2418 4309//2418 4308//2418
f 4308//2419 4309//2419 4310//2419
f 4311//2420 4312//2420 4313//2420
f 4312//2421 4314//2421 4313//2421
f 4315//2422 4292//2422 4316//2422
f 4292//2423 4294//2423 4316//2423
f 4316//2424 4294//2424 4317//2424
f 4294//2425 4305//2425 4317//2425
f 4318//2409 4319//2409 4320//2409
f 4303//2426 4302//2426 4321//2426
f 4302//2409 4318//2409 4321//2409
f 4321//2427 4318//2427 4322//2427
f 4318//2428 4320//2428 4322//2428
f 4322//2422 4320//2422 4323//2422
f 4324//2429 4325//2429 4308//2429
f 4325//2409 4326//2409 4308//2409
f 4308//2409 4326//2409 4306//2409
f 4327//2409 4328//2409 4313//2409
f 4328//2409 4329//2409 4313//2409
f 4313//2430 4329//2430 4311//2430
f 4314//2431 4330//2431 4313//2431
f 4330//2409 4331//2409 4313//2409
f 4313//2409 4331//2409 4332//2409
f 4310//2432 4333//2432 4308//2432
f 4333//2409 4334//2409 4308//2409
f 4308//2409 4334//2409 4313//2409
f 4334//2409 4335//2409 4313//2409
f 4313//2433 4335//2433 4336//2433
f 4337//2434 4338//2434 4339//2434
f 4338//2409 4340//2409 4339//2409
f 4339//2409 4340//2409 4341//2409
f 4340//2435 4342//2435 4341//2435
f 4343//2436 4344//2436 4308//2436
f 4344//2437 4345//2437 4308//2437
f 4308//2438 4345//2438 4324//2438
f 4336//2439 4346//2439 4313//2439
f 4346//2440 4347//2440 4313//2440
f 4313//2441 4347//2441 4348//2441
f 4349//2442 4350//2442 4313//2442
f 4350//2443 4351//2443 4313//2443
f 4313//2444 4351//2444 4327//2444
f 4332//2445 4352//2445 4313//2445
f 4352//2446 4353//2446 4313//2446
f 4313//2447 4353//2447 4354//2447
f 4348//2448 4355//2448 4313//2448
f 4355//2449 4356//2449 4313//2449
f 4313//2450 4356//2450 4357//2450
f 4358//2451 4359//2451 4349//2451
f 4359//2409 4360//2409 4349//2409
f 4349//2452 4360//2452 4350//2452
f 4361//2453 4362//2453 4308//2453
f 4362//2454 4363//2454 4308//2454
f 4308//2455 4363//2455 4343//2455
f 4364//2422 4365//2422 4366//2422
f 4340//2435 4367//2435 4342//2435
f 4367//2456 4364//2456 4342//2456
f 4342//2456 4364//2456 4368//2456
f 4364//2422 4366//2422 4368//2422
f 4354//2457 4369//2457 4313//2457
f 4369//2458 4370//2458 4313//2458
f 4313//2459 4370//2459 4371//2459
f 4357//2460 4372//2460 4313//2460
f 4372//2461 4373//2461 4313//2461
f 4313//2462 4373//2462 4374//2462
f 4375//2409 4376//2409 4349//2409
f 4376//2409 4377//2409 4349//2409
f 4349//2463 4377//2463 4358//2463
f 4374//2464 4378//2464 4313//2464
f 4378//2465 4379//2465 4313//2465
f 4313//2466 4379//2466 4349//2466
f 4380//2467 4381//2467 4382//2467
f 4381//2468 4383//2468 4382//2468
f 4382//2469 4383//2469 4308//2469
f 4383//2470 4384//2470 4308//2470
f 4308//2471 4384//2471 4361//2471
f 4299//2472 4385//2472 4300//2472
f 4385//2473 4386//2473 4300//2473
f 4300//2474 4386//2474 4382//2474
f 4386//2475 4387//2475 4382//2475
f 4382//2476 4387//2476 4380//2476
f 4388//2477 4389//2477 4349//2477
f 4389//2478 4390//2478 4349//2478
f 4349//2409 4390//2409 4375//2409
f 4371//2479 4391//2479 4313//2479
f 4391//2480 4392//2480 4313//2480
f 4313//2481 4392//2481 4393//2481
f 4392//2482 4394//2482 4393//2482
f 4393//2483 4394//2483 4395//2483
f 4339//2434 4396//2434 4337//2434
f 4396//2484 4397//2484 4337//2484
f 4337//2484 4397//2484 4398//2484
f 4397//2409 4399//2409 4398//2409
f 4398//2409 4399//2409 4349//2409
f 4399//2485 4400//2485 4349//2485
f 4349//2486 4400//2486 4388//2486
f 4395//2487 4401//2487 4393//2487
f 4401//2488 4402//2488 4393//2488
f 4393//2409 4402//2409 4295//2409
f 4402//2489 4403//2489 4295//2489
f 4295//2490 4403//2490 4296//2490
f 4404//2491 4293//2491 4292//2491
f 4404//2492 4292//2492 4405//2492
f 4406//2493 4405//2493 4407//2493
f 4408//2494 4409//2494 4292//2494
f 4409//2495 4410//2495 4292//2495
f 4292//2496 4410//2496 4405//2496
f 4410//2494 4411//2494 4405//2494
f 4405//2493 4411//2493 4407//2493
f 4412//2497 4413//2497 4414//2497
f 4406//2494 4407//2494 4413//2494
f 4407//2494 4415//2494 4413//2494
f 4413//2497 4415//2497 4414//2497
f 4416//2498 4417//2498 4418//2498
f 4412//2494 4414//2494 4417//2494
f 4414//2494 4419//2494 4417//2494
f 4417//2498 4419//2498 4418//2498
f 4416//2499 4418//2499 4420//2499
f 4418//2499 4421//2499 4420//2499
f 4420//2500 4421//2500 4422//2500
f 4421//2500 4423//2500 4422//2500
f 4423//2494 4424//2494 4422//2494
f 4422//2494 4424//2494 4425//2494
f 4424//2494 4426//2494 4425//2494
f 4425//2494 4426//2494 4427//2494
f 4426//2494 4428//2494 4427//2494
f 4320//2501 4319//2501 4429//2501
f 4430//2502 4431//2502 4432//2502
f 4431//2503 4320//2503 4432//2503
f 4432//2504 4320//2504 4433//2504
f 4320//2505 4429//2505 4433//2505
f 4429//2506 4434//2506 4433//2506
f 4434//2507 4435//2507 4433//2507
f 4433//2507 4435//2507 4436//2507
f 4435//2508 4437//2508 4436//2508
f 4436//2508 4437//2508 4438//2508
f 4439//2508 4440//2508 4441//2508
f 4438//2509 4437//2509 4440//2509
f 4437//2509 4442//2509 4440//2509
f 4440//2508 4442//2508 4441//2508
f 4443//2508 4444//2508 4445//2508
f 4439//2508 4441//2508 4444//2508
f 4441//2508 4446//2508 4444//2508
f 4444//2508 4446//2508 4445//2508
f 4447//2508 4448//2508 4449//2508
f 4443//2508 4445//2508 4448//2508
f 4445//2508 4450//2508 4448//2508
f 4448//2508 4450//2508 4449//2508
f 4447//2508 4449//2508 4451//2508
f 4449//2508 4452//2508 4451//2508
f 4451//2508 4452//2508 4453//2508
f 4454//2510 4455//2510 4456//2510
f 4455//2510 4457//2510 4456//2510
f 4409//2511 4408//2511 4458//2511
f 4408//2512 4459//2512 4458//2512
f 4460//2510 4454//2510 4461//2510
f 4454//2510 4456//2510 4461//2510
f 4461//2510 4456//2510 4462//2510
f 4456//2510 4463//2510 4462//2510
f 4431//2513 4430//2513 4464//2513
f 4430//2514 4465//2514 4464//2514
f 4465//2515 4466//2515 4464//2515
f 4466//2516 4467//2516 4464//2516
f 4464//2510 4467//2510 4460//2510
f 4467//2510 4468//2510 4460//2510
f 4460//2510 4468//2510 4454//2510
f 4455//2510 4469//2510 4457//2510
f 4469//2510 4470//2510 4457//2510
f 4457//2510 4470//2510 4459//2510
f 4470//2517 4471//2517 4459//2517
f 4459//2518 4471//2518 4458//2518
f 4472//16 4473//16 4474//16
f 4475//16 4459//16 4408//16
f 4462//16 4463//16 4476//16
f 4431//16 4464//16 4477//16
f 4478//16 4408//16 4479//16
f 4408//16 1498//16 4479//16
f 4479//16 1498//16 4480//16
f 1498//16 4481//16 4480//16
f 4475//16 4408//16 4482//16
f 4408//16 4478//16 4482//16
f 4482//16 4478//16 4483//16
f 4478//16 4484//16 4483//16
f 4483//16 4484//16 4476//16
f 4472//16 4474//16 4485//16
f 4474//16 4486//16 4485//16
f 4485//16 4486//16 4477//16
f 4477//16 4486//16 4431//16
f 4486//16 4487//16 4431//16
f 4431//16 4487//16 1506//16
f 4487//16 4488//16 1506//16
f 1506//16 4488//16 4489//16
f 1498//16 1506//16 4481//16
f 1506//16 4489//16 4481//16
f 4481//16 4489//16 4490//16
f 4489//16 4491//16 4490//16
f 4490//16 4491//16 4484//16
f 4491//16 4474//16 4484//16
f 4484//16 4474//16 4476//16
f 4474//16 4473//16 4476//16
f 4476//16 4473//16 4462//16
f 4492//30 4493//30 4320//30
f 4493//30 4494//30 4320//30
f 4320//30 4494//30 4323//30
f 4495//30 4496//30 4497//30
f 4498//30 4499//30 4500//30
f 4499//30 4501//30 4500//30
f 2114//30 4502//30 4503//30
f 4504//30 4505//30 4506//30
f 4495//30 4497//30 4507//30
f 4508//30 4499//30 4509//30
f 4499//30 4510//30 4509//30
f 4508//30 4511//30 4499//30
f 4511//30 4512//30 4499//30
f 4499//30 4512//30 4501//30
f 4513//30 4514//30 2115//30
f 4514//30 4515//30 2115//30
f 2115//30 4515//30 4516//30
f 4503//30 4517//30 2114//30
f 4517//30 4518//30 2114//30
f 2114//30 4518//30 4519//30
f 4520//30 2114//30 4521//30
f 2114//30 4522//30 4521//30
f 4520//30 4523//30 2114//30
f 4523//30 4524//30 2114//30
f 2114//30 4524//30 4525//30
f 4504//30 4506//30 4497//30
f 4506//30 4526//30 4497//30
f 4497//30 4526//30 4527//30
f 4527//30 4528//30 4497//30
f 4528//30 4529//30 4497//30
f 4497//30 4529//30 4530//30
f 4498//30 4531//30 4499//30
f 4531//30 4532//30 4499//30
f 4499//30 4532//30 4533//30
f 4534//30 4535//30 4499//30
f 4535//30 4536//30 4499//30
f 4499//30 4536//30 4510//30
f 4537//30 4538//30 2114//30
f 4538//30 4539//30 2114//30
f 2114//30 4539//30 4540//30
f 4541//30 4542//30 4543//30
f 4544//30 4545//30 2115//30
f 4496//30 4546//30 4497//30
f 4546//30 4547//30 4497//30
f 4497//30 4547//30 4548//30
f 4549//30 2114//30 4550//30
f 2114//30 4551//30 4550//30
f 4549//30 4552//30 2114//30
f 4552//30 4553//30 2114//30
f 2114//30 4553//30 4522//30
f 4530//30 4554//30 4497//30
f 4554//30 4555//30 4497//30
f 4497//30 4555//30 4507//30
f 4365//30 4556//30 4366//30
f 4556//30 4557//30 4366//30
f 4366//30 4557//30 4558//30
f 4559//30 4560//30 4561//30
f 4560//30 4562//30 4561//30
f 4561//30 4562//30 4563//30
f 4562//30 4564//30 4563//30
f 4563//30 4564//30 4565//30
f 4564//30 4566//30 4565//30
f 4567//30 4292//30 4568//30
f 4292//30 4569//30 4568//30
f 4516//30 4570//30 2115//30
f 4570//30 4571//30 2115//30
f 2115//30 4571//30 4572//30
f 4573//30 4574//30 2115//30
f 4574//30 4575//30 2115//30
f 2115//30 4575//30 2114//30
f 4575//30 4576//30 2114//30
f 2114//30 4576//30 4502//30
f 4533//30 4577//30 4499//30
f 4577//30 4578//30 4499//30
f 4499//30 4578//30 4557//30
f 4578//30 4579//30 4557//30
f 4557//30 4579//30 4558//30
f 4534//30 4580//30 4535//30
f 4580//30 4581//30 4535//30
f 4535//30 4581//30 4582//30
f 4581//30 4583//30 4582//30
f 4582//30 4583//30 4584//30
f 4583//30 4585//30 4584//30
f 4584//30 4585//30 4586//30
f 4586//30 4587//30 4584//30
f 4587//30 4588//30 4584//30
f 4584//30 4588//30 4589//30
f 4542//30 4590//30 4591//30
f 4592//30 4593//30 4320//30
f 4593//30 4594//30 4320//30
f 4320//30 4594//30 4492//30
f 4543//30 4595//30 4541//30
f 4595//30 4596//30 4541//30
f 4541//30 4596//30 4597//30
f 4596//30 4598//30 4597//30
f 4597//30 4598//30 4599//30
f 4315//30 4600//30 4292//30
f 4600//30 4601//30 4292//30
f 4292//30 4601//30 4569//30
f 4602//30 2115//30 4603//30
f 2115//30 4604//30 4603//30
f 4541//30 4605//30 4542//30
f 4605//30 4606//30 4542//30
f 4542//30 4606//30 4607//30
f 4608//30 4609//30 2115//30
f 4609//30 4610//30 2115//30
f 2115//30 4610//30 4611//30
f 4611//30 4612//30 2115//30
f 4612//30 4613//30 2115//30
f 2115//30 4613//30 4573//30
f 4547//30 4614//30 2114//30
f 4614//30 4615//30 2114//30
f 2114//30 4615//30 4616//30
f 4616//30 4617//30 2114//30
f 4617//30 4618//30 2114//30
f 2114//30 4618//30 4619//30
f 4619//30 4620//30 2114//30
f 4620//30 4621//30 2114//30
f 2114//30 4621//30 4551//30
f 4559//30 4622//30 4560//30
f 4622//30 4623//30 4560//30
f 4560//30 4623//30 4624//30
f 4623//30 4625//30 4624//30
f 4624//30 4625//30 4626//30
f 4625//30 4506//30 4626//30
f 4626//30 4506//30 4627//30
f 4506//30 4505//30 4627//30
f 4540//30 4628//30 2114//30
f 4628//30 4629//30 2114//30
f 2114//30 4629//30 4320//30
f 4629//30 4630//30 4320//30
f 4320//30 4630//30 4592//30
f 4545//30 4631//30 2115//30
f 4631//30 4632//30 2115//30
f 2115//30 4632//30 4604//30
f 4607//30 4633//30 4542//30
f 4633//30 4634//30 4542//30
f 4542//30 4634//30 4635//30
f 2115//30 4636//30 4637//30
f 4572//30 4638//30 2115//30
f 4638//30 4639//30 2115//30
f 2115//30 4639//30 4608//30
f 4519//30 4640//30 2114//30
f 4640//30 4641//30 2114//30
f 2114//30 4641//30 4547//30
f 4641//30 4642//30 4547//30
f 4547//30 4642//30 4548//30
f 4525//30 4643//30 2114//30
f 4643//30 4644//30 2114//30
f 2114//30 4644//30 4645//30
f 4646//30 4647//30 4537//30
f 4647//30 4648//30 4537//30
f 4537//30 4648//30 4649//30
f 4566//30 4564//30 4599//30
f 4564//30 4650//30 4599//30
f 4599//30 4650//30 4597//30
f 4567//30 4651//30 4292//30
f 4651//30 4652//30 4292//30
f 4292//30 4652//30 2115//30
f 4652//30 4653//30 2115//30
f 2115//30 4653//30 4544//30
f 4635//30 4654//30 4542//30
f 4654//30 4655//30 4542//30
f 4542//30 4655//30 4590//30
f 4655//30 4656//30 4590//30
f 4590//30 4656//30 4657//30
f 4658//30 4659//30 4602//30
f 4659//30 4660//30 4602//30
f 4602//30 4660//30 4661//30
f 4637//30 4662//30 2115//30
f 4662//30 4663//30 2115//30
f 2115//30 4663//30 4513//30
f 4591//30 4664//30 4542//30
f 4664//30 4665//30 4542//30
f 4542//30 4665//30 4589//30
f 4645//30 4666//30 2114//30
f 4666//30 4667//30 2114//30
f 2114//30 4667//30 4537//30
f 4667//30 4668//30 4537//30
f 4537//30 4668//30 4646//30
f 4669//30 4670//30 4671//30
f 4670//30 4672//30 4671//30
f 4657//30 4673//30 4590//30
f 4673//30 4674//30 4590//30
f 4590//30 4674//30 4675//30
f 4676//30 4677//30 4678//30
f 4677//30 4679//30 4678//30
f 4678//30 4679//30 4680//30
f 4588//30 4681//30 4589//30
f 4681//30 4682//30 4589//30
f 4589//30 4682//30 4542//30
f 4682//30 4671//30 4542//30
f 4542//30 4671//30 4683//30
f 4671//30 4672//30 4683//30
f 4669//30 4671//30 4678//30
f 4671//30 4684//30 4678//30
f 4678//30 4684//30 4676//30
f 4675//30 4685//30 4590//30
f 4685//30 4686//30 4590//30
f 4590//30 4686//30 4687//30
f 4686//30 4688//30 4687//30
f 4687//30 4688//30 4689//30
f 4688//30 4690//30 4689//30
f 4689//30 4690//30 4602//30
f 4690//30 4691//30 4602//30
f 4602//30 4691//30 4658//30
f 4661//30 4692//30 4602//30
f 4692//30 4693//30 4602//30
f 4602//30 4693//30 4694//30
f 4694//30 4695//30 4602//30
f 4695//30 4696//30 4602//30
f 4602//30 4696//30 2115//30
f 4696//30 4697//30 2115//30
f 2115//30 4697//30 4636//30
f 4649//30 4698//30 4537//30
f 4698//30 4699//30 4537//30
f 4537//30 4699//30 4700//30
f 4699//30 4701//30 4700//30
f 4702//30 4703//30 4704//30
f 4705//30 4706//30 4707//30
f 4706//30 4708//30 4707//30
f 4699//30 4709//30 4701//30
f 4709//30 4708//30 4701//30
f 4701//30 4708//30 4710//30
f 4708//30 4706//30 4710//30
f 4680//30 4679//30 4711//30
f 4679//30 4712//30 4711//30
f 4711//30 4712//30 4713//30
f 4702//30 4704//30 4714//30
f 4704//30 4715//30 4714//30
f 4714//30 4715//30 4713//30
f 4715//30 4716//30 4713//30
f 4713//30 4716//30 4711//30
f 4703//30 4702//30 4707//30
f 4702//30 4717//30 4707//30
f 4707//30 4717//30 4705//30
f 4718//2519 4561//2519 4719//2519
f 4561//2519 4563//2519 4719//2519
f 4719//2520 4563//2520 4720//2520
f 4563//2520 4565//2520 4720//2520
f 4720//2521 4565//2521 4721//2521
f 4565//2521 4566//2521 4721//2521
f 4721//2522 4566//2522 4722//2522
f 4566//2522 4599//2522 4722//2522
f 4722//2523 4599//2523 4723//2523
f 4599//2523 4598//2523 4723//2523
f 4723//2524 4598//2524 4724//2524
f 4598//2524 4596//2524 4724//2524
f 4724//2525 4596//2525 4725//2525
f 4596//2525 4595//2525 4725//2525
f 4725//2526 4595//2526 4726//2526
f 4595//2526 4543//2526 4726//2526
f 4726//2527 4543//2527 4727//2527
f 4543//2527 4542//2527 4727//2527
f 4727//2528 4542//2528 4728//2528
f 4542//2528 4683//2528 4728//2528
f 4728//2529 4683//2529 4729//2529
f 4683//2529 4672//2529 4729//2529
f 4729//2530 4672//2530 4730//2530
f 4672//2530 4670//2530 4730//2530
f 4730//2531 4670//2531 4731//2531
f 4670//2531 4669//2531 4731//2531
f 4731//2532 4669//2532 4732//2532
f 4669//2532 4678//2532 4732//2532
f 4732//2533 4678//2533 4733//2533
f 4678//2533 4680//2533 4733//2533
f 4733//2534 4680//2534 4734//2534
f 4680//2534 4711//2534 4734//2534
f 4734//2535 4711//2535 4735//2535
f 4711//2535 4716//2535 4735//2535
f 4735//2536 4716//2536 4736//2536
f 4716//2536 4715//2536 4736//2536
f 4736//2537 4715//2537 4737//2537
f 4715//2537 4704//2537 4737//2537
f 4737//2538 4704//2538 4738//2538
f 4704//2538 4703//2538 4738//2538
f 4738//2539 4703//2539 4739//2539
f 4703//2539 4707//2539 4739//2539
f 4739//2540 4707//2540 4740//2540
f 4707//2540 4708//2540 4740//2540
f 4740//2541 4708//2541 4741//2541
f 4708//2541 4709//2541 4741//2541
f 4741//2542 4709//2542 4742//2542
f 4709//2542 4699//2542 4742//2542
f 4742//2543 4699//2543 4743//2543
f 4699//2543 4698//2543 4743//2543
f 4743//2544 4698//2544 4744//2544
f 4698//2544 4649//2544 4744//2544
f 4744//2545 4649//2545 4745//2545
f 4649//2545 4648//2545 4745//2545
f 4745//2546 4648//2546 4746//2546
f 4648//2546 4647//2546 4746//2546
f 4746//2547 4647//2547 4747//2547
f 4647//2547 4646//2547 4747//2547
f 4747//2548 4646//2548 4748//2548
f 4646//2548 4668//2548 4748//2548
f 4748//2549 4668//2549 4749//2549
f 4668//2549 4667//2549 4749//2549
f 4749//2550 4667//2550 4750//2550
f 4667//2550 4666//2550 4750//2550
f 4750//2551 4666//2551 4751//2551
f 4666//2551 4645//2551 4751//2551
f 4751//2552 4645//2552 4752//2552
f 4645//2552 4644//2552 4752//2552
f 4752//2553 4644//2553 4753//2553
f 4644//2553 4643//2553 4753//2553
f 4753//2554 4643//2554 4754//2554
f 4643//2554 4525//2554 4754//2554
f 4754//2555 4525//2555 4755//2555
f 4525//2555 4524//2555 4755//2555
f 4755//2556 4524//2556 4756//2556
f 4524//2556 4523//2556 4756//2556
f 4756//2557 4523//2557 4757//2557
f 4523//2557 4520//2557 4757//2557
f 4757//2558 4520//2558 4758//2558
f 4520//2558 4521//2558 4758//2558
f 4758//2559 4521//2559 4759//2559
f 4521//2559 4522//2559 4759//2559
f 4759//2560 4522//2560 4760//2560
f 4522//2560 4553//2560 4760//2560
f 4760//2561 4553//2561 4761//2561
f 4553//2561 4552//2561 4761//2561
f 4761//2562 4552//2562 4762//2562
f 4552//2562 4549//2562 4762//2562
f 4762//2563 4549//2563 4763//2563
f 4549//2563 4550//2563 4763//2563
f 4763//2564 4550//2564 4764//2564
f 4550//2564 4551//2564 4764//2564
f 4764//2565 4551//2565 4765//2565
f 4551//2565 4621//2565 4765//2565
f 4765//2566 4621//2566 4766//2566
f 4621//2566 4620//2566 4766//2566
f 4766//2567 4620//2567 4767//2567
f 4620//2567 4619//2567 4767//2567
f 4767//2568 4619//2568 4768//2568
f 4619//2568 4618//2568 4768//2568
f 4768//2569 4618//2569 4769//2569
f 4618//2569 4617//2569 4769//2569
f 4769//2570 4617//2570 4770//2570
f 4617//2570 4616//2570 4770//2570
f 4770//2571 4616//2571 4771//2571
f 4616//2571 4615//2571 4771//2571
f 4771//2572 4615//2572 4772//2572
f 4615//2572 4614//2572 4772//2572
f 4772//2573 4614//2573 4773//2573
f 4614//2573 4547//2573 4773//2573
f 4773//2574 4547//2574 4774//2574
f 4547//2574 4546//2574 4774//2574
f 4774//2575 4546//2575 4775//2575
f 4546//2575 4496//2575 4775//2575
f 4775//2576 4496//2576 4776//2576
f 4496//2576 4495//2576 4776//2576
f 4776//2577 4495//2577 4777//2577
f 4495//2577 4507//2577 4777//2577
f 4777//2578 4507//2578 4778//2578
f 4507//2578 4555//2578 4778//2578
f 4778//2579 4555//2579 4779//2579
f 4555//2579 4554//2579 4779//2579
f 4779//2580 4554//2580 4780//2580
f 4554//2580 4530//2580 4780//2580
f 4780//2581 4530//2581 4781//2581
f 4530//2581 4529//2581 4781//2581
f 4781//2582 4529//2582 4782//2582
f 4529//2582 4528//2582 4782//2582
f 4782//2583 4528//2583 4783//2583
f 4528//2583 4527//2583 4783//2583
f 4783//2584 4527//2584 4784//2584
f 4527//2584 4526//2584 4784//2584
f 4784//2585 4526//2585 4785//2585
f 4526//2585 4506//2585 4785//2585
f 4785//2586 4506//2586 4786//2586
f 4506//2586 4625//2586 4786//2586
f 4786//2587 4625//2587 4787//2587
f 4625//2587 4623//2587 4787//2587
f 4787//2588 4623//2588 4788//2588
f 4623//2588 4622//2588 4788//2588
f 4788//2589 4622//2589 4789//2589
f 4622//2589 4559//2589 4789//2589
f 4789//2590 4559//2590 4718//2590
f 4559//2590 4561//2590 4718//2590
f 4790//2591 4791//2591 4380//2591
f 4792//2592 4383//2592 4791//2592
f 4383//2593 4381//2593 4791//2593
f 4791//2594 4381//2594 4380//2594
f 4793//2595 4361//2595 4792//2595
f 4361//2596 4384//2596 4792//2596
f 4792//2597 4384//2597 4383//2597
f 4794//2598 4363//2598 4793//2598
f 4363//2599 4362//2599 4793//2599
f 4793//2600 4362//2600 4361//2600
f 4795//2601 4344//2601 4794//2601
f 4344//2602 4343//2602 4794//2602
f 4794//2603 4343//2603 4363//2603
f 4796//2604 4324//2604 4795//2604
f 4324//2605 4345//2605 4795//2605
f 4795//2606 4345//2606 4344//2606
f 4797//2607 4326//2607 4796//2607
f 4326//2608 4325//2608 4796//2608
f 4796//2609 4325//2609 4324//2609
f 4798//2610 4307//2610 4797//2610
f 4307//2611 4306//2611 4797//2611
f 4797//2612 4306//2612 4326//2612
f 4799//2613 4310//2613 4798//2613
f 4310//2614 4309//2614 4798//2614
f 4798//2615 4309//2615 4307//2615
f 4800//2616 4334//2616 4799//2616
f 4334//2617 4333//2617 4799//2617
f 4799//2618 4333//2618 4310//2618
f 4801//2619 4336//2619 4800//2619
f 4336//2620 4335//2620 4800//2620
f 4800//2621 4335//2621 4334//2621
f 4802//2622 4347//2622 4801//2622
f 4347//2623 4346//2623 4801//2623
f 4801//2624 4346//2624 4336//2624
f 4803//2625 4355//2625 4802//2625
f 4355//2626 4348//2626 4802//2626
f 4802//2627 4348//2627 4347//2627
f 4804//2628 4357//2628 4803//2628
f 4357//2629 4356//2629 4803//2629
f 4803//2630 4356//2630 4355//2630
f 4805//2631 4373//2631 4804//2631
f 4373//2632 4372//2632 4804//2632
f 4804//2633 4372//2633 4357//2633
f 4379//2634 4378//2634 4805//2634
f 4378//2635 4374//2635 4805//2635
f 4805//2636 4374//2636 4373//2636
f 4805//2529 4806//2529 4379//2529
f 4806//2637 4807//2637 4379//2637
f 4379//2637 4807//2637 4349//2637
f 4807//2527 4808//2527 4349//2527
f 4349//2527 4808//2527 4398//2527
f 4808//2526 4809//2526 4398//2526
f 4398//2526 4809//2526 4337//2526
f 4809//2525 4810//2525 4337//2525
f 4337//2525 4810//2525 4338//2525
f 4810//2524 4811//2524 4338//2524
f 4338//2524 4811//2524 4340//2524
f 4811//2523 4812//2523 4340//2523
f 4340//2523 4812//2523 4367//2523
f 4812//2638 4813//2638 4367//2638
f 4367//2639 4813//2639 4364//2639
f 4380//2640 4387//2640 4790//2640
f 4387//2641 4386//2641 4790//2641
f 4790//2641 4386//2641 4814//2641
f 4386//2546 4385//2546 4814//2546
f 4814//2546 4385//2546 4815//2546
f 4385//2547 4299//2547 4815//2547
f 4815//2547 4299//2547 4816//2547
f 4299//2548 4301//2548 4816//2548
f 4816//2548 4301//2548 4817//2548
f 4301//2549 4303//2549 4817//2549
f 4817//2549 4303//2549 4818//2549
f 4303//2550 4321//2550 4818//2550
f 4818//2550 4321//2550 4819//2550
f 4321//2642 4322//2642 4819//2642
f 4819//2643 4322//2643 4820//2643
f 4322//2644 4323//2644 4820//2644
f 4820//2645 4323//2645 4821//2645
f 4323//2646 4494//2646 4821//2646
f 4821//2553 4494//2553 4822//2553
f 4494//2553 4493//2553 4822//2553
f 4822//2554 4493//2554 4823//2554
f 4493//2554 4492//2554 4823//2554
f 4823//2555 4492//2555 4824//2555
f 4492//2555 4594//2555 4824//2555
f 4824//2647 4594//2647 4825//2647
f 4594//2647 4593//2647 4825//2647
f 4825//2648 4593//2648 4826//2648
f 4593//2648 4592//2648 4826//2648
f 4826//2558 4592//2558 4827//2558
f 4592//2558 4630//2558 4827//2558
f 4827//2559 4630//2559 4828//2559
f 4630//2559 4629//2559 4828//2559
f 4828//2560 4629//2560 4829//2560
f 4629//2560 4628//2560 4829//2560
f 4829//2649 4628//2649 4830//2649
f 4628//2649 4540//2649 4830//2649
f 4830//2650 4540//2650 4831//2650
f 4540//2650 4539//2650 4831//2650
f 4831//2651 4539//2651 4832//2651
f 4539//2651 4538//2651 4832//2651
f 4832//2564 4538//2564 4833//2564
f 4538//2564 4537//2564 4833//2564
f 4833//2652 4537//2652 4834//2652
f 4537//2652 4700//2652 4834//2652
f 4834//2566 4700//2566 4835//2566
f 4700//2566 4701//2566 4835//2566
f 4835//2653 4701//2653 4836//2653
f 4701//2653 4710//2653 4836//2653
f 4836//2568 4710//2568 4837//2568
f 4710//2568 4706//2568 4837//2568
f 4837//2654 4706//2654 4838//2654
f 4706//2654 4705//2654 4838//2654
f 4838//2570 4705//2570 4839//2570
f 4705//2570 4717//2570 4839//2570
f 4839//2655 4717//2655 4840//2655
f 4717//2655 4702//2655 4840//2655
f 4840//2656 4702//2656 4841//2656
f 4702//2656 4714//2656 4841//2656
f 4841//2657 4714//2657 4842//2657
f 4714//2657 4713//2657 4842//2657
f 4842//2658 4713//2658 4843//2658
f 4713//2658 4712//2658 4843//2658
f 4843//2575 4712//2575 4844//2575
f 4712//2575 4679//2575 4844//2575
f 4844//2659 4679//2659 4845//2659
f 4679//2659 4677//2659 4845//2659
f 4845//2577 4677//2577 4846//2577
f 4677//2577 4676//2577 4846//2577
f 4846//2660 4676//2660 4847//2660
f 4676//2660 4684//2660 4847//2660
f 4847//2579 4684//2579 4848//2579
f 4684//2579 4671//2579 4848//2579
f 4848//2661 4671//2661 4849//2661
f 4671//2661 4682//2661 4849//2661
f 4849//2581 4682//2581 4850//2581
f 4682//2581 4681//2581 4850//2581
f 4850//2662 4681//2662 4851//2662
f 4681//2662 4588//2662 4851//2662
f 4851//2663 4588//2663 4852//2663
f 4588//2663 4587//2663 4852//2663
f 4852//2664 4587//2664 4853//2664
f 4587//2664 4586//2664 4853//2664
f 4853//2585 4586//2585 4854//2585
f 4586//2585 4585//2585 4854//2585
f 4854//2586 4585//2586 4855//2586
f 4585//2586 4583//2586 4855//2586
f 4855//2587 4583//2587 4856//2587
f 4583//2587 4581//2587 4856//2587
f 4856//2665 4581//2665 4857//2665
f 4581//2665 4580//2665 4857//2665
f 4857//2666 4580//2666 4858//2666
f 4580//2666 4534//2666 4858//2666
f 4858//2590 4534//2590 4859//2590
f 4534//2590 4499//2590 4859//2590
f 4859//2519 4499//2519 4860//2519
f 4499//2519 4557//2519 4860//2519
f 4860//2520 4557//2520 4861//2520
f 4557//2520 4556//2520 4861//2520
f 4861//2667 4556//2667 4813//2667
f 4556//2668 4365//2668 4813//2668
f 4813//2669 4365//2669 4364//2669
f 4862//2670 4863//2670 4388//2670
f 4864//2592 4390//2592 4863//2592
f 4390//2593 4389//2593 4863//2593
f 4863//2671 4389//2671 4388//2671
f 4865//2595 4376//2595 4864//2595
f 4376//2596 4375//2596 4864//2596
f 4864//2597 4375//2597 4390//2597
f 4866//2672 4358//2672 4865//2672
f 4358//2599 4377//2599 4865//2599
f 4865//2600 4377//2600 4376//2600
f 4867//2673 4360//2673 4866//2673
f 4360//2674 4359//2674 4866//2674
f 4866//2675 4359//2675 4358//2675
f 4868//2676 4351//2676 4867//2676
f 4351//2677 4350//2677 4867//2677
f 4867//2678 4350//2678 4360//2678
f 4869//2679 4328//2679 4868//2679
f 4328//2680 4327//2680 4868//2680
f 4868//2609 4327//2609 4351//2609
f 4870//2681 4311//2681 4869//2681
f 4311//2682 4329//2682 4869//2682
f 4869//2683 4329//2683 4328//2683
f 4871//2684 4314//2684 4870//2684
f 4314//2685 4312//2685 4870//2685
f 4870//2615 4312//2615 4311//2615
f 4872//2686 4331//2686 4871//2686
f 4331//2687 4330//2687 4871//2687
f 4871//2688 4330//2688 4314//2688
f 4873//2689 4352//2689 4872//2689
f 4352//2620 4332//2620 4872//2620
f 4872//2690 4332//2690 4331//2690
f 4874//2691 4354//2691 4873//2691
f 4354//2692 4353//2692 4873//2692
f 4873//2693 4353//2693 4352//2693
f 4875//2694 4370//2694 4874//2694
f 4370//2695 4369//2695 4874//2695
f 4874//2696 4369//2696 4354//2696
f 4876//2697 4391//2697 4875//2697
f 4391//2698 4371//2698 4875//2698
f 4875//2630 4371//2630 4370//2630
f 4877//2699 4394//2699 4876//2699
f 4394//2632 4392//2632 4876//2632
f 4876//2700 4392//2700 4391//2700
f 4402//2701 4401//2701 4877//2701
f 4401//2635 4395//2635 4877//2635
f 4877//2702 4395//2702 4394//2702
f 4877//2703 4878//2703 4402//2703
f 4878//2637 4879//2637 4402//2637
f 4402//2637 4879//2637 4403//2637
f 4879//2527 4880//2527 4403//2527
f 4403//2527 4880//2527 4296//2527
f 4880//2704 4881//2704 4296//2704
f 4296//2704 4881//2704 4297//2704
f 4881//2705 4882//2705 4297//2705
f 4297//2705 4882//2705 4304//2705
f 4882//2706 4883//2706 4304//2706
f 4304//2706 4883//2706 4305//2706
f 4883//2523 4884//2523 4305//2523
f 4305//2523 4884//2523 4317//2523
f 4884//2638 4885//2638 4317//2638
f 4317//2707 4885//2707 4316//2707
f 4388//2708 4400//2708 4862//2708
f 4400//2641 4399//2641 4862//2641
f 4862//2641 4399//2641 4886//2641
f 4399//2546 4397//2546 4886//2546
f 4886//2546 4397//2546 4887//2546
f 4397//2547 4396//2547 4887//2547
f 4887//2547 4396//2547 4888//2547
f 4396//2548 4339//2548 4888//2548
f 4888//2548 4339//2548 4889//2548
f 4339//2709 4341//2709 4889//2709
f 4889//2709 4341//2709 4890//2709
f 4341//2550 4342//2550 4890//2550
f 4890//2550 4342//2550 4891//2550
f 4342//2710 4368//2710 4891//2710
f 4891//2711 4368//2711 4892//2711
f 4368//2644 4366//2644 4892//2644
f 4892//2645 4366//2645 4893//2645
f 4366//2646 4558//2646 4893//2646
f 4893//2553 4558//2553 4894//2553
f 4558//2553 4579//2553 4894//2553
f 4894//2554 4579//2554 4895//2554
f 4579//2554 4578//2554 4895//2554
f 4895//2555 4578//2555 4896//2555
f 4578//2555 4577//2555 4896//2555
f 4896//2647 4577//2647 4897//2647
f 4577//2647 4533//2647 4897//2647
f 4897//2648 4533//2648 4898//2648
f 4533//2648 4532//2648 4898//2648
f 4898//2712 4532//2712 4899//2712
f 4532//2712 4531//2712 4899//2712
f 4899//2559 4531//2559 4900//2559
f 4531//2559 4498//2559 4900//2559
f 4900//2713 4498//2713 4901//2713
f 4498//2713 4500//2713 4901//2713
f 4901//2649 4500//2649 4902//2649
f 4500//2649 4501//2649 4902//2649
f 4902//2650 4501//2650 4903//2650
f 4501//2650 4512//2650 4903//2650
f 4903//2651 4512//2651 4904//2651
f 4512//2651 4511//2651 4904//2651
f 4904//2564 4511//2564 4905//2564
f 4511//2564 4508//2564 4905//2564
f 4905//2652 4508//2652 4906//2652
f 4508//2652 4509//2652 4906//2652
f 4906//2566 4509//2566 4907//2566
f 4509//2566 4510//2566 4907//2566
f 4907//2653 4510//2653 4908//2653
f 4510//2653 4536//2653 4908//2653
f 4908//2714 4536//2714 4909//2714
f 4536//2714 4535//2714 4909//2714
f 4909//2654 4535//2654 4910//2654
f 4535//2654 4582//2654 4910//2654
f 4910//2715 4582//2715 4911//2715
f 4582//2715 4584//2715 4911//2715
f 4911//2655 4584//2655 4912//2655
f 4584//2655 4589//2655 4912//2655
f 4912//2716 4589//2716 4913//2716
f 4589//2716 4665//2716 4913//2716
f 4913//2717 4665//2717 4914//2717
f 4665//2717 4664//2717 4914//2717
f 4914//2658 4664//2658 4915//2658
f 4664//2658 4591//2658 4915//2658
f 4915//2718 4591//2718 4916//2718
f 4591//2718 4590//2718 4916//2718
f 4916//2659 4590//2659 4917//2659
f 4590//2659 4687//2659 4917//2659
f 4917//2719 4687//2719 4918//2719
f 4687//2719 4689//2719 4918//2719
f 4918//2660 4689//2660 4919//2660
f 4689//2660 4602//2660 4919//2660
f 4919//2720 4602//2720 4920//2720
f 4602//2720 4603//2720 4920//2720
f 4920//2721 4603//2721 4921//2721
f 4603//2721 4604//2721 4921//2721
f 4921//2581 4604//2581 4922//2581
f 4604//2581 4632//2581 4922//2581
f 4922//2662 4632//2662 4923//2662
f 4632//2662 4631//2662 4923//2662
f 4923//2722 4631//2722 4924//2722
f 4631//2722 4545//2722 4924//2722
f 4924//2723 4545//2723 4925//2723
f 4545//2723 4544//2723 4925//2723
f 4925//2724 4544//2724 4926//2724
f 4544//2724 4653//2724 4926//2724
f 4926//2586 4653//2586 4927//2586
f 4653//2586 4652//2586 4927//2586
f 4927//2587 4652//2587 4928//2587
f 4652//2587 4651//2587 4928//2587
f 4928//2725 4651//2725 4929//2725
f 4651//2725 4567//2725 4929//2725
f 4929//2666 4567//2666 4930//2666
f 4567//2666 4568//2666 4930//2666
f 4930//2590 4568//2590 4931//2590
f 4568//2590 4569//2590 4931//2590
f 4931//2519 4569//2519 4932//2519
f 4569//2519 4601//2519 4932//2519
f 4932//2520 4601//2520 4933//2520
f 4601//2520 4600//2520 4933//2520
f 4933//2726 4600//2726 4885//2726
f 4600//2727 4315//2727 4885//2727
f 4885//2728 4315//2728 4316//2728
f 4934//2519 4663//2519 4935//2519
f 4663//2519 4662//2519 4935//2519
f 4935//2520 4662//2520 4936//2520
f 4662//2520 4637//2520 4936//2520
f 4936//2729 4637//2729 4937//2729
f 4637//2729 4636//2729 4937//2729
f 4937//2522 4636//2522 4938//2522
f 4636//2522 4697//2522 4938//2522
f 4938//2523 4697//2523 4939//2523
f 4697//2523 4696//2523 4939//2523
f 4939//2706 4696//2706 4940//2706
f 4696//2706 4695//2706 4940//2706
f 4940//2705 4695//2705 4941//2705
f 4695//2705 4694//2705 4941//2705
f 4941//2704 4694//2704 4942//2704
f 4694//2704 4693//2704 4942//2704
f 4942//2527 4693//2527 4943//2527
f 4693//2527 4692//2527 4943//2527
f 4943//2528 4692//2528 4944//2528
f 4692//2528 4661//2528 4944//2528
f 4944//2703 4661//2703 4945//2703
f 4661//2703 4660//2703 4945//2703
f 4945//2730 4660//2730 4946//2730
f 4660//2730 4659//2730 4946//2730
f 4946//2531 4659//2531 4947//2531
f 4659//2531 4658//2531 4947//2531
f 4947//2731 4658//2731 4948//2731
f 4658//2731 4691//2731 4948//2731
f 4948//2533 4691//2533 4949//2533
f 4691//2533 4690//2533 4949//2533
f 4949//2732 4690//2732 4950//2732
f 4690//2732 4688//2732 4950//2732
f 4950//2535 4688//2535 4951//2535
f 4688//2535 4686//2535 4951//2535
f 4951//2733 4686//2733 4952//2733
f 4686//2733 4685//2733 4952//2733
f 4952//2734 4685//2734 4953//2734
f 4685//2734 4675//2734 4953//2734
f 4953//2538 4675//2538 4954//2538
f 4675//2538 4674//2538 4954//2538
f 4954//2735 4674//2735 4955//2735
f 4674//2735 4673//2735 4955//2735
f 4955//2540 4673//2540 4956//2540
f 4673//2540 4657//2540 4956//2540
f 4956//2736 4657//2736 4957//2736
f 4657//2736 4656//2736 4957//2736
f 4957//2542 4656//2542 4958//2542
f 4656//2542 4655//2542 4958//2542
f 4958//2543 4655//2543 4959//2543
f 4655//2543 4654//2543 4959//2543
f 4959//2544 4654//2544 4960//2544
f 4654//2544 4635//2544 4960//2544
f 4960//2545 4635//2545 4961//2545
f 4635//2545 4634//2545 4961//2545
f 4961//2546 4634//2546 4962//2546
f 4634//2546 4633//2546 4962//2546
f 4962//2547 4633//2547 4963//2547
f 4633//2547 4607//2547 4963//2547
f 4963//2548 4607//2548 4964//2548
f 4607//2548 4606//2548 4964//2548
f 4964//2709 4606//2709 4965//2709
f 4606//2709 4605//2709 4965//2709
f 4965//2550 4605//2550 4966//2550
f 4605//2550 4541//2550 4966//2550
f 4966//2737 4541//2737 4967//2737
f 4541//2737 4597//2737 4967//2737
f 4967//2552 4597//2552 4968//2552
f 4597//2552 4650//2552 4968//2552
f 4968//2553 4650//2553 4969//2553
f 4650//2553 4564//2553 4969//2553
f 4969//2554 4564//2554 4970//2554
f 4564//2554 4562//2554 4970//2554
f 4970//2555 4562//2555 4971//2555
f 4562//2555 4560//2555 4971//2555
f 4971//2556 4560//2556 4972//2556
f 4560//2556 4624//2556 4972//2556
f 4972//2557 4624//2557 4973//2557
f 4624//2557 4626//2557 4973//2557
f 4973//2712 4626//2712 4974//2712
f 4626//2712 4627//2712 4974//2712
f 4974//2559 4627//2559 4975//2559
f 4627//2559 4505//2559 4975//2559
f 4975//2713 4505//2713 4976//2713
f 4505//2713 4504//2713 4976//2713
f 4976//2561 4504//2561 4977//2561
f 4504//2561 4497//2561 4977//2561
f 4977//2562 4497//2562 4978//2562
f 4497//2562 4548//2562 4978//2562
f 4978//2563 4548//2563 4979//2563
f 4548//2563 4642//2563 4979//2563
f 4979//2564 4642//2564 4980//2564
f 4642//2564 4641//2564 4980//2564
f 4980//2565 4641//2565 4981//2565
f 4641//2565 4640//2565 4981//2565
f 4981//2566 4640//2566 4982//2566
f 4640//2566 4519//2566 4982//2566
f 4982//2567 4519//2567 4983//2567
f 4519//2567 4518//2567 4983//2567
f 4983//2714 4518//2714 4984//2714
f 4518//2714 4517//2714 4984//2714
f 4984//2569 4517//2569 4985//2569
f 4517//2569 4503//2569 4985//2569
f 4985//2715 4503//2715 4986//2715
f 4503//2715 4502//2715 4986//2715
f 4986//2571 4502//2571 4987//2571
f 4502//2571 4576//2571 4987//2571
f 4987//2738 4576//2738 4988//2738
f 4576//2738 4575//2738 4988//2738
f 4988//2739 4575//2739 4989//2739
f 4575//2739 4574//2739 4989//2739
f 4989//2574 4574//2574 4990//2574
f 4574//2574 4573//2574 4990//2574
f 4990//2718 4573//2718 4991//2718
f 4573//2718 4613//2718 4991//2718
f 4991//2576 4613//2576 4992//2576
f 4613//2576 4612//2576 4992//2576
f 4992//2719 4612//2719 4993//2719
f 4612//2719 4611//2719 4993//2719
f 4993//2578 4611//2578 4994//2578
f 4611//2578 4610//2578 4994//2578
f 4994//2720 4610//2720 4995//2720
f 4610//2720 4609//2720 4995//2720
f 4995//2740 4609//2740 4996//2740
f 4609//2740 4608//2740 4996//2740
f 4996//2581 4608//2581 4997//2581
f 4608//2581 4639//2581 4997//2581
f 4997//2582 4639//2582 4998//2582
f 4639//2582 4638//2582 4998//2582
f 4998//2741 4638//2741 4999//2741
f 4638//2741 4572//2741 4999//2741
f 4999//2742 4572//2742 5000//2742
f 4572//2742 4571//2742 5000//2742
f 5000//2724 4571//2724 5001//2724
f 4571//2724 4570//2724 5001//2724
f 5001//2586 4570//2586 5002//2586
f 4570//2586 4516//2586 5002//2586
f 5002//2587 4516//2587 5003//2587
f 4516//2587 4515//2587 5003//2587
f 5003//2743 4515//2743 5004//2743
f 4515//2743 4514//2743 5004//2743
f 5004//2589 4514//2589 5005//2589
f 4514//2589 4513//2589 5005//2589
f 5005//2590 4513//2590 4934//2590
f 4513//2590 4663//2590 4934//2590
f 5006//16 5007//16 5008//16
f 5009//16 5010//16 5011//16
f 5010//16 5012//16 5011//16
f 5013//16 5014//16 5015//16
f 5016//16 5017//16 5011//16
f 5017//16 5018//16 5011//16
f 5011//16 5018//16 5009//16
f 5016//16 5019//16 5020//16
f 5020//16 5021//16 5016//16
f 5021//16 5022//16 5016//16
f 5016//16 5022//16 5023//16
f 5023//16 5024//16 5016//16
f 5024//16 5025//16 5016//16
f 5016//16 5025//16 5017//16
f 5012//16 5026//16 5011//16
f 5026//16 5027//16 5011//16
f 5011//16 5027//16 5028//16
f 5013//16 5015//16 5029//16
f 5014//16 5030//16 5015//16
f 5030//16 5031//16 5015//16
f 5015//16 5031//16 5032//16
f 5033//16 5034//16 5035//16
f 5036//16 5037//16 5035//16
f 5037//16 5038//16 5035//16
f 5035//16 5038//16 5039//16
f 5032//16 5040//16 5015//16
f 5040//16 5041//16 5015//16
f 5015//16 5041//16 5042//16
f 5008//16 5043//16 5044//16
f 5045//16 5046//16 5008//16
f 5046//16 5047//16 5008//16
f 5008//16 5047//16 5006//16
f 5007//16 5048//16 5008//16
f 5048//16 5049//16 5008//16
f 5008//16 5049//16 5016//16
f 5049//16 5050//16 5016//16
f 5016//16 5050//16 5051//16
f 5051//16 5052//16 5016//16
f 5052//16 5053//16 5016//16
f 5016//16 5053//16 5019//16
f 5034//16 5054//16 5035//16
f 5054//16 5055//16 5035//16
f 5035//16 5055//16 5036//16
f 5039//16 5056//16 5035//16
f 5056//16 5057//16 5035//16
f 5035//16 5057//16 5015//16
f 5057//16 5058//16 5015//16
f 5015//16 5058//16 5029//16
f 5044//16 5059//16 5008//16
f 5059//16 5060//16 5008//16
f 5008//16 5060//16 5045//16
f 5028//16 5061//16 5011//16
f 5061//16 5062//16 5011//16
f 5011//16 5062//16 5063//16
f 5063//16 5064//16 5011//16
f 5064//16 5065//16 5011//16
f 5011//16 5065//16 5035//16
f 5065//16 5066//16 5035//16
f 5035//16 5066//16 5033//16
f 5067//16 5068//16 5069//16
f 5070//16 5071//16 5069//16
f 5071//16 5072//16 5069//16
f 5042//16 5073//16 5015//16
f 5073//16 5074//16 5015//16
f 5015//16 5074//16 5069//16
f 5074//16 5075//16 5069//16
f 5069//16 5075//16 5067//16
f 5068//16 5076//16 5069//16
f 5076//16 5077//16 5069//16
f 5069//16 5077//16 5070//16
f 5072//16 5078//16 5069//16
f 5078//16 5079//16 5069//16
f 5069//16 5079//16 5080//16
f 5080//16 5081//16 5069//16
f 5081//16 5082//16 5069//16
f 5069//16 5082//16 5008//16
f 5082//16 5083//16 5008//16
f 5008//16 5083//16 5043//16
f 4473//2744 5016//2744 4462//2744
f 5016//2745 5011//2745 4462//2745
f 4462//2746 5011//2746 4461//2746
f 4461//2 5011//2 4460//2
f 5011//2 5035//2 4460//2
f 5015//2747 4477//2747 5035//2747
f 4477//2748 4464//2748 5035//2748
f 5035//2749 4464//2749 4460//2749
f 4477//2750 5015//2750 4485//2750
f 5015//2750 5069//2750 4485//2750
f 4485//1 5069//1 4472//1
f 5069//1 5008//1 4472//1
f 4472//2751 5008//2751 4473//2751
f 5008//2751 5016//2751 4473//2751
f 5084//16 5085//16 5086//16
f 5085//16 5087//16 5086//16
f 5086//16 5087//16 5088//16
f 5089//16 5090//16 5091//16
f 5092//16 5093//16 5094//16
f 5093//16 5095//16 5094//16
f 5094//16 5095//16 5096//16
f 5097//16 5098//16 5099//16
f 5098//16 5100//16 5099//16
f 5099//16 5100//16 5101//16
f 5102//16 5103//16 5104//16
f 5103//16 5105//16 5104//16
f 5105//16 5106//16 5104//16
f 5106//16 5107//16 5104//16
f 5104//16 5107//16 5108//16
f 5088//16 5109//16 5086//16
f 5109//16 5110//16 5086//16
f 5086//16 5110//16 5111//16
f 5112//16 5113//16 5094//16
f 5113//16 5114//16 5094//16
f 5115//16 5116//16 5099//16
f 5114//16 5117//16 5094//16
f 5117//16 5118//16 5094//16
f 5094//16 5118//16 5092//16
f 5096//16 5119//16 5094//16
f 5119//16 5120//16 5094//16
f 5094//16 5120//16 5099//16
f 5120//16 5121//16 5099//16
f 5099//16 5121//16 5115//16
f 5116//16 5122//16 5099//16
f 5122//16 5123//16 5099//16
f 5099//16 5123//16 5097//16
f 5101//16 5124//16 5099//16
f 5124//16 5125//16 5099//16
f 5099//16 5125//16 5104//16
f 5125//16 5126//16 5104//16
f 5104//16 5126//16 5102//16
f 5108//16 5127//16 5104//16
f 5127//16 5128//16 5104//16
f 5104//16 5128//16 5129//16
f 5130//16 5131//16 5086//16
f 5131//16 5132//16 5086//16
f 5086//16 5132//16 5084//16
f 5133//16 5134//16 5135//16
f 5129//16 5136//16 5104//16
f 5136//16 5137//16 5104//16
f 5104//16 5137//16 5091//16
f 5137//16 5138//16 5091//16
f 5091//16 5138//16 5089//16
f 5091//16 5139//16 5140//16
f 5111//16 5141//16 5086//16
f 5141//16 5142//16 5086//16
f 5086//16 5142//16 5133//16
f 5142//16 5143//16 5133//16
f 5143//16 5144//16 5133//16
f 5133//16 5144//16 5145//16
f 5135//16 5146//16 5133//16
f 5146//16 5147//16 5133//16
f 5133//16 5147//16 5148//16
f 5090//16 5149//16 5091//16
f 5149//16 5150//16 5091//16
f 5091//16 5150//16 5151//16
f 5151//16 5152//16 5091//16
f 5152//16 5153//16 5091//16
f 5091//16 5153//16 5139//16
f 5140//16 5154//16 5091//16
f 5154//16 5155//16 5091//16
f 5091//16 5155//16 5086//16
f 5155//16 5156//16 5086//16
f 5086//16 5156//16 5130//16
f 5145//16 5157//16 5133//16
f 5157//16 5158//16 5133//16
f 5133//16 5158//16 5134//16
f 5148//16 5159//16 5133//16
f 5159//16 5160//16 5133//16
f 5133//16 5160//16 5094//16
f 5160//16 5161//16 5094//16
f 5094//16 5161//16 5112//16
f 4478//2 5104//2 4484//2
f 5104//2 5091//2 4484//2
f 4484//2747 5091//2747 4490//2747
f 5091//2747 5086//2747 4490//2747
f 4490//2752 5086//2752 4481//2752
f 5086//2752 5133//2752 4481//2752
f 4481//1 5133//1 4480//1
f 5133//1 5094//1 4480//1
f 4480//2753 5094//2753 4479//2753
f 5094//2753 5099//2753 4479//2753
f 4479//2754 5099//2754 4478//2754
f 5099//2754 5104//2754 4478//2754
f 5162//16 5163//16 5164//16
f 5163//16 5165//16 5164//16
f 5164//16 5165//16 5166//16
f 5166//16 5167//16 5164//16
f 5167//16 5168//16 5164//16
f 5164//16 5168//16 5169//16
f 5170//16 5171//16 5172//16
f 5173//16 5174//16 5175//16
f 5174//16 5164//16 5175//16
f 5175//16 5164//16 5176//16
f 5164//16 5169//16 5176//16
f 5177//16 5178//16 5172//16
f 5173//16 5179//16 5174//16
f 5179//16 5180//16 5174//16
f 5174//16 5180//16 5181//16
f 5181//16 5182//16 5174//16
f 5182//16 5183//16 5174//16
f 5174//16 5183//16 5184//16
f 5178//16 5185//16 5172//16
f 5185//16 5186//16 5172//16
f 5172//16 5186//16 5170//16
f 5171//16 5187//16 5172//16
f 5187//16 5188//16 5172//16
f 5172//16 5188//16 5189//16
f 5190//16 5191//16 5192//16
f 5191//16 5193//16 5192//16
f 5192//16 5193//16 5194//16
f 5184//16 5195//16 5174//16
f 5195//16 5196//16 5174//16
f 5174//16 5196//16 5197//16
f 5197//16 5198//16 5174//16
f 5198//16 5199//16 5174//16
f 5174//16 5199//16 5200//16
f 5199//16 5201//16 5200//16
f 5201//16 5202//16 5200//16
f 5202//16 5203//16 5200//16
f 5200//16 5203//16 5204//16
f 5205//16 5206//16 5207//16
f 5206//16 5208//16 5207//16
f 5207//16 5208//16 5209//16
f 5210//16 5192//16 5211//16
f 5192//16 5172//16 5211//16
f 5211//16 5172//16 5212//16
f 5172//16 5189//16 5212//16
f 5213//16 5214//16 5164//16
f 5214//16 5215//16 5164//16
f 5164//16 5215//16 5162//16
f 5204//16 5216//16 5200//16
f 5216//16 5217//16 5200//16
f 5200//16 5217//16 5218//16
f 5218//16 5219//16 5200//16
f 5219//16 5220//16 5200//16
f 5200//16 5220//16 5221//16
f 5210//16 5222//16 5192//16
f 5222//16 5223//16 5192//16
f 5192//16 5223//16 5224//16
f 5224//16 5225//16 5192//16
f 5225//16 5226//16 5192//16
f 5192//16 5226//16 5190//16
f 5194//16 5227//16 5192//16
f 5227//16 5228//16 5192//16
f 5192//16 5228//16 5164//16
f 5228//16 5229//16 5164//16
f 5164//16 5229//16 5213//16
f 5209//16 5230//16 5207//16
f 5230//16 5231//16 5207//16
f 5207//16 5231//16 5172//16
f 5231//16 5232//16 5172//16
f 5172//16 5232//16 5177//16
f 5221//16 5233//16 5200//16
f 5233//16 5234//16 5200//16
f 5200//16 5234//16 5207//16
f 5234//16 5235//16 5207//16
f 5235//16 5236//16 5207//16
f 5207//16 5236//16 5237//16
f 5237//16 5238//16 5207//16
f 5238//16 5239//16 5207//16
f 5207//16 5239//16 5205//16
f 5164//2747 4476//2747 5192//2747
f 4476//2755 4463//2755 5192//2755
f 5192//2756 4463//2756 4456//2756
f 4476//2750 5164//2750 4483//2750
f 5164//2750 5174//2750 4483//2750
f 4483//1 5174//1 4482//1
f 5174//1 5200//1 4482//1
f 4482//2751 5200//2751 4475//2751
f 5200//2751 5207//2751 4475//2751
f 4475//2757 5207//2757 4459//2757
f 5207//2758 5172//2758 4459//2758
f 4459//2759 5172//2759 4457//2759
f 4457//2 5172//2 4456//2
f 5172//2 5192//2 4456//2
f 5240//16 5241//16 5242//16
f 5241//16 5243//16 5242//16
f 5244//16 5245//16 5246//16
f 5247//16 5248//16 5241//16
f 5248//16 5249//16 5241//16
f 5241//16 5249//16 5243//16
f 5250//16 5251//16 5252//16
f 5253//16 5254//16 5255//16
f 5256//16 5257//16 5258//16
f 5257//16 5259//16 5258//16
f 5260//16 5261//16 5241//16
f 5261//16 5262//16 5241//16
f 5241//16 5262//16 5247//16
f 5263//16 5264//16 5250//16
f 5264//16 5265//16 5250//16
f 5250//16 5265//16 5266//16
f 5266//16 5267//16 5250//16
f 5267//16 5268//16 5250//16
f 5250//16 5268//16 5251//16
f 5259//16 5269//16 5258//16
f 5269//16 5270//16 5258//16
f 5258//16 5270//16 5271//16
f 5271//16 5272//16 5258//16
f 5272//16 5273//16 5258//16
f 5258//16 5273//16 5274//16
f 5240//16 5275//16 5241//16
f 5275//16 5276//16 5241//16
f 5241//16 5276//16 5277//16
f 5276//16 5278//16 5277//16
f 5279//16 5280//16 5255//16
f 5255//16 5254//16 5250//16
f 5254//16 5281//16 5250//16
f 5250//16 5281//16 5263//16
f 5252//16 5282//16 5250//16
f 5282//16 5283//16 5250//16
f 5250//16 5283//16 5258//16
f 5283//16 5284//16 5258//16
f 5258//16 5284//16 5256//16
f 5245//16 5285//16 5246//16
f 5285//16 5286//16 5246//16
f 5246//16 5286//16 5287//16
f 5246//16 5288//16 5289//16
f 5280//16 5290//16 5255//16
f 5290//16 5291//16 5255//16
f 5255//16 5291//16 5253//16
f 5274//16 5292//16 5258//16
f 5292//16 5293//16 5258//16
f 5258//16 5293//16 5246//16
f 5293//16 5294//16 5246//16
f 5246//16 5294//16 5244//16
f 5287//16 5295//16 5246//16
f 5295//16 5296//16 5246//16
f 5246//16 5296//16 5288//16
f 5289//16 5297//16 5246//16
f 5297//16 5298//16 5246//16
f 5246//16 5298//16 5241//16
f 5298//16 5299//16 5241//16
f 5241//16 5299//16 5260//16
f 5300//16 5301//16 5255//16
f 5301//16 5302//16 5255//16
f 5255//16 5302//16 5279//16
f 5278//16 5303//16 5277//16
f 5303//16 5304//16 5277//16
f 5277//16 5304//16 5305//16
f 5305//16 5306//16 5277//16
f 5306//16 5307//16 5277//16
f 5277//16 5307//16 5308//16
f 5309//16 5310//16 5277//16
f 5310//16 5311//16 5277//16
f 5277//16 5311//16 5255//16
f 5311//16 5312//16 5255//16
f 5255//16 5312//16 5313//16
f 5313//16 5314//16 5255//16
f 5314//16 5315//16 5255//16
f 5255//16 5315//16 5300//16
f 5308//16 5316//16 5277//16
f 5316//16 5317//16 5277//16
f 5277//16 5317//16 5309//16
f 4487//2752 5241//2752 4488//2752
f 5241//2752 5277//2752 4488//2752
f 4488//1 5277//1 4489//1
f 5277//1 5255//1 4489//1
f 4489//2753 5255//2753 4491//2753
f 5255//2753 5250//2753 4491//2753
f 4491//2754 5250//2754 4474//2754
f 5250//2754 5258//2754 4474//2754
f 4474//2 5258//2 4486//2
f 5258//2 5246//2 4486//2
f 4486//2747 5246//2747 4487//2747
f 5246//2747 5241//2747 4487//2747
f 1643//2760 5318//2760 1644//2760
f 5318//2760 5319//2760 1644//2760
f 1644//2761 5319//2761 1645//2761
f 5319//2761 5320//2761 1645//2761
f 1645//2762 5320//2762 1646//2762
f 5320//2762 5321//2762 1646//2762
f 1646//2763 5321//2763 1647//2763
f 5321//2763 5322//2763 1647//2763
f 1647//2764 5322//2764 1660//2764
f 5322//2764 5323//2764 1660//2764
f 1660//2765 5323//2765 1661//2765
f 5323//2765 5324//2765 1661//2765
f 1661//2766 5324//2766 1662//2766
f 5324//2766 5325//2766 1662//2766
f 1662//2767 5325//2767 1622//2767
f 5325//2767 5326//2767 1622//2767
f 1622//2768 5326//2768 1623//2768
f 5326//2768 5327//2768 1623//2768
f 1623//2769 5327//2769 1624//2769
f 5327//2769 5328//2769 1624//2769
f 1624//2770 5328//2770 1631//2770
f 5328//2770 5329//2770 1631//2770
f 1631//2771 5329//2771 1632//2771
f 5329//2771 5330//2771 1632//2771
f 1632//2772 5330//2772 1625//2772
f 5330//2772 5331//2772 1625//2772
f 1625//2773 5331//2773 1626//2773
f 5331//2773 5332//2773 1626//2773
f 1626//2774 5332//2774 1627//2774
f 5332//2774 5333//2774 1627//2774
f 1627//2775 5333//2775 1554//2775
f 5333//2775 5334//2775 1554//2775
f 1554//2776 5334//2776 1555//2776
f 5334//2776 5335//2776 1555//2776
f 1555//2777 5335//2777 1603//2777
f 5335//2777 5336//2777 1603//2777
f 1603//2778 5336//2778 1604//2778
f 5336//2778 5337//2778 1604//2778
f 1604//2779 5337//2779 1605//2779
f 5337//2779 5338//2779 1605//2779
f 1605//2780 5338//2780 1599//2780
f 5338//2780 5339//2780 1599//2780
f 1599//2781 5339//2781 1547//2781
f 5339//2781 5340//2781 1547//2781
f 1547//2782 5340//2782 1548//2782
f 5340//2782 5341//2782 1548//2782
f 1548//2783 5341//2783 1634//2783
f 5341//2783 5342//2783 1634//2783
f 1634//2784 5342//2784 1635//2784
f 5342//2784 5343//2784 1635//2784
f 1635//2785 5343//2785 1648//2785
f 5343//2785 5344//2785 1648//2785
f 1648//2786 5344//2786 1649//2786
f 5344//2786 5345//2786 1649//2786
f 1649//2787 5345//2787 1636//2787
f 5345//2787 5346//2787 1636//2787
f 1636//2788 5346//2788 1637//2788
f 5346//2788 5347//2788 1637//2788
f 1637//2789 5347//2789 1638//2789
f 5347//2789 5348//2789 1638//2789
f 1638//2790 5348//2790 1650//2790
f 5348//2790 5349//2790 1650//2790
f 1650//2791 5349//2791 1651//2791
f 5349//2791 5350//2791 1651//2791
f 1651//2792 5350//2792 1652//2792
f 5350//2792 5351//2792 1652//2792
f 1652//2793 5351//2793 1663//2793
f 5351//2793 5352//2793 1663//2793
f 1663//2794 5352//2794 1664//2794
f 5352//2794 5353//2794 1664//2794
f 1664//2795 5353//2795 1673//2795
f 5353//2795 5354//2795 1673//2795
f 1673//2796 5354//2796 1674//2796
f 5354//2796 5355//2796 1674//2796
f 1674//2797 5355//2797 1653//2797
f 5355//2797 5356//2797 1653//2797
f 1653//2798 5356//2798 1654//2798
f 5356//2798 5357//2798 1654//2798
f 1654//2799 5357//2799 1666//2799
f 5357//2799 5358//2799 1666//2799
f 1666//2800 5358//2800 1667//2800
f 5358//2800 5359//2800 1667//2800
f 1667//2801 5359//2801 1669//2801
f 5359//2801 5360//2801 1669//2801
f 1669//2802 5360//2802 1549//2802
f 5360//2802 5361//2802 1549//2802
f 1549//2803 5361//2803 1550//2803
f 5361//2803 5362//2803 1550//2803
f 1550//2804 5362//2804 1577//2804
f 5362//2804 5363//2804 1577//2804
f 1577//2805 5363//2805 1578//2805
f 5363//2805 5364//2805 1578//2805
f 1578//2806 5364//2806 1551//2806
f 5364//2806 5365//2806 1551//2806
f 1551//2807 5365//2807 1552//2807
f 5365//2807 5366//2807 1552//2807
f 1552//2808 5366//2808 1553//2808
f 5366//2808 5367//2808 1553//2808
f 1553//2809 5367//2809 1540//2809
f 5367//2809 5368//2809 1540//2809
f 1540//2810 5368//2810 1539//2810
f 5368//2810 5369//2810 1539//2810
f 1539//2811 5369//2811 1538//2811
f 5369//2811 5370//2811 1538//2811
f 1538//2812 5370//2812 1541//2812
f 5370//2812 5371//2812 1541//2812
f 1541//2813 5371//2813 1542//2813
f 5371//2813 5372//2813 1542//2813
f 1542//2814 5372//2814 1543//2814
f 5372//2814 5373//2814 1543//2814
f 1543//2815 5373//2815 1544//2815
f 5373//2815 5374//2815 1544//2815
f 1544//2816 5374//2816 1545//2816
f 5374//2816 5375//2816 1545//2816
f 1545//2817 5375//2817 1546//2817
f 5375//2817 5376//2817 1546//2817
f 1546//2818 5376//2818 1579//2818
f 5376//2818 5377//2818 1579//2818
f 1579//2819 5377//2819 1580//2819
f 5377//2819 5378//2819 1580//2819
f 1580//2820 5378//2820 1581//2820
f 5378//2820 5379//2820 1581//2820
f 1581//2821 5379//2821 1617//2821
f 5379//2821 5380//2821 1617//2821
f 1617//2822 5380//2822 1618//2822
f 5380//2822 5381//2822 1618//2822
f 1618//2823 5381//2823 1612//2823
f 5381//2823 5382//2823 1612//2823
f 1612//2824 5382//2824 1611//2824
f 5382//2824 5383//2824 1611//2824
f 1611//2825 5383//2825 1610//2825
f 5383//2825 5384//2825 1610//2825
f 1610//2826 5384//2826 1619//2826
f 5384//2826 5385//2826 1619//2826
f 1619//2827 5385//2827 1620//2827
f 5385//2827 5386//2827 1620//2827
f 1620//2828 5386//2828 1621//2828
f 5386//2828 5387//2828 1621//2828
f 1621//2829 5387//2829 1641//2829
f 5387//2829 5388//2829 1641//2829
f 1641//2830 5388//2830 1642//2830
f 5388//2830 5389//2830 1642//2830
f 1642//2831 5389//2831 1643//2831
f 5389//2831 5318//2831 1643//2831
f 1672//2760 5390//2760 1665//2760
f 5390//2760 5391//2760 1665//2760
f 1665//2761 5391//2761 1633//2761
f 5391//2761 5392//2761 1633//2761
f 1633//2762 5392//2762 1613//2762
f 5392//2762 5393//2762 1613//2762
f 1613//2763 5393//2763 1614//2763
f 5393//2763 5394//2763 1614//2763
f 1614//2764 5394//2764 1615//2764
f 5394//2764 5395//2764 1615//2764
f 1615//2765 5395//2765 1616//2765
f 5395//2765 5396//2765 1616//2765
f 1616//2766 5396//2766 1656//2766
f 5396//2766 5397//2766 1656//2766
f 1656//2767 5397//2767 1657//2767
f 5397//2767 5398//2767 1657//2767
f 1657//2768 5398//2768 1639//2768
f 5398//2768 5399//2768 1639//2768
f 1639//2769 5399//2769 1640//2769
f 5399//2769 5400//2769 1640//2769
f 1640//2770 5400//2770 1658//2770
f 5400//2770 5401//2770 1658//2770
f 1658//2771 5401//2771 1659//2771
f 5401//2771 5402//2771 1659//2771
f 1659//2772 5402//2772 1606//2772
f 5402//2772 5403//2772 1606//2772
f 1606//2773 5403//2773 1607//2773
f 5403//2773 5404//2773 1607//2773
f 1607//2774 5404//2774 1608//2774
f 5404//2774 5405//2774 1608//2774
f 1608//2775 5405//2775 1609//2775
f 5405//2775 5406//2775 1609//2775
f 1609//2776 5406//2776 1531//2776
f 5406//2776 5407//2776 1531//2776
f 1531//2777 5407//2777 1532//2777
f 5407//2777 5408//2777 1532//2777
f 1532//2778 5408//2778 1533//2778
f 5408//2778 5409//2778 1533//2778
f 1533//2779 5409//2779 1556//2779
f 5409//2779 5410//2779 1556//2779
f 1556//2832 5410//2832 1557//2832
f 5410//2832 5411//2832 1557//2832
f 1557//2833 5411//2833 1558//2833
f 5411//2833 5412//2833 1558//2833
f 1558//2834 5412//2834 1559//2834
f 5412//2834 5413//2834 1559//2834
f 1559//2835 5413//2835 1560//2835
f 5413//2835 5414//2835 1560//2835
f 1560//2836 5414//2836 1561//2836
f 5414//2836 5415//2836 1561//2836
f 1561//2837 5415//2837 1562//2837
f 5415//2837 5416//2837 1562//2837
f 1562//2838 5416//2838 1563//2838
f 5416//2838 5417//2838 1563//2838
f 1563//2787 5417//2787 1564//2787
f 5417//2787 5418//2787 1564//2787
f 1564//2788 5418//2788 1565//2788
f 5418//2788 5419//2788 1565//2788
f 1565//2839 5419//2839 1566//2839
f 5419//2839 5420//2839 1566//2839
f 1566//2840 5420//2840 1534//2840
f 5420//2840 5421//2840 1534//2840
f 1534//2791 5421//2791 1535//2791
f 5421//2791 5422//2791 1535//2791
f 1535//2792 5422//2792 1536//2792
f 5422//2792 5423//2792 1536//2792
f 1536//2793 5423//2793 1537//2793
f 5423//2793 5424//2793 1537//2793
f 1537//2794 5424//2794 1582//2794
f 5424//2794 5425//2794 1582//2794
f 1582//2795 5425//2795 1583//2795
f 5425//2795 5426//2795 1583//2795
f 1583//2796 5426//2796 1584//2796
f 5426//2796 5427//2796 1584//2796
f 1584//2797 5427//2797 1571//2797
f 5427//2797 5428//2797 1571//2797
f 1571//2798 5428//2798 1572//2798
f 5428//2798 5429//2798 1572//2798
f 1572//2799 5429//2799 1573//2799
f 5429//2799 5430//2799 1573//2799
f 1573//2800 5430//2800 1574//2800
f 5430//2800 5431//2800 1574//2800
f 1574//2841 5431//2841 1575//2841
f 5431//2841 5432//2841 1575//2841
f 1575//2842 5432//2842 1576//2842
f 5432//2842 5433//2842 1576//2842
f 1576//2803 5433//2803 1585//2803
f 5433//2803 5434//2803 1585//2803
f 1585//2804 5434//2804 1586//2804
f 5434//2804 5435//2804 1586//2804
f 1586//2843 5435//2843 1570//2843
f 5435//2843 5436//2843 1570//2843
f 1570//2844 5436//2844 1569//2844
f 5436//2844 5437//2844 1569//2844
f 1569//2845 5437//2845 1529//2845
f 5437//2845 5438//2845 1529//2845
f 1529//2846 5438//2846 1530//2846
f 5438//2846 5439//2846 1530//2846
f 1530//2847 5439//2847 1587//2847
f 5439//2847 5440//2847 1587//2847
f 1587//2848 5440//2848 1588//2848
f 5440//2848 5441//2848 1588//2848
f 1588//2849 5441//2849 1589//2849
f 5441//2849 5442//2849 1589//2849
f 1589//2812 5442//2812 1590//2812
f 5442//2812 5443//2812 1590//2812
f 1590//2813 5443//2813 1591//2813
f 5443//2813 5444//2813 1591//2813
f 1591//2814 5444//2814 1592//2814
f 5444//2814 5445//2814 1592//2814
f 1592//2815 5445//2815 1593//2815
f 5445//2815 5446//2815 1593//2815
f 1593//2816 5446//2816 1594//2816
f 5446//2816 5447//2816 1594//2816
f 1594//2817 5447//2817 1595//2817
f 5447//2817 5448//2817 1595//2817
f 1595//2818 5448//2818 1596//2818
f 5448//2818 5449//2818 1596//2818
f 1596//2819 5449//2819 1597//2819
f 5449//2819 5450//2819 1597//2819
f 1597//2820 5450//2820 1598//2820
f 5450//2820 5451//2820 1598//2820
f 1598//2821 5451//2821 1600//2821
f 5451//2821 5452//2821 1600//2821
f 1600//2822 5452//2822 1601//2822
f 5452//2822 5453//2822 1601//2822
f 1601//2823 5453//2823 1602//2823
f 5453//2823 5454//2823 1602//2823
f 1602//2824 5454//2824 1628//2824
f 5454//2824 5455//2824 1628//2824
f 1628//2825 5455//2825 1629//2825
f 5455//2825 5456//2825 1629//2825
f 1629//2826 5456//2826 1630//2826
f 5456//2826 5457//2826 1630//2826
f 1630//2827 5457//2827 1671//2827
f 5457//2827 5458//2827 1671//2827
f 1671//2828 5458//2828 1670//2828
f 5458//2828 5459//2828 1670//2828
f 1670//2829 5459//2829 1668//2829
f 5459//2829 5460//2829 1668//2829
f 1668//2830 5460//2830 1655//2830
f 5460//2830 5461//2830 1655//2830
f 1655//2831 5461//2831 1672//2831
f 5461//2831 5390//2831 1672//2831
f 1838//2760 5462//2760 1839//2760
f 5462//2760 5463//2760 1839//2760
f 1839//2761 5463//2761 1840//2761
f 5463//2761 5464//2761 1840//2761
f 1840//2762 5464//2762 1859//2762
f 5464//2762 5465//2762 1859//2762
f 1859//2850 5465//2850 1860//2850
f 5465//2850 5466//2850 1860//2850
f 1860//2851 5466//2851 1861//2851
f 5466//2851 5467//2851 1861//2851
f 1861//2765 5467//2765 1874//2765
f 5467//2765 5468//2765 1874//2765
f 1874//2852 5468//2852 1875//2852
f 5468//2852 5469//2852 1875//2852
f 1875//2767 5469//2767 1862//2767
f 5469//2767 5470//2767 1862//2767
f 1862//2768 5470//2768 1863//2768
f 5470//2768 5471//2768 1863//2768
f 1863//2769 5471//2769 1864//2769
f 5471//2769 5472//2769 1864//2769
f 1864//2853 5472//2853 1865//2853
f 5472//2853 5473//2853 1865//2853
f 1865//2854 5473//2854 1824//2854
f 5473//2854 5474//2854 1824//2854
f 1824//2855 5474//2855 1825//2855
f 5474//2855 5475//2855 1825//2855
f 1825//2856 5475//2856 1831//2856
f 5475//2856 5476//2856 1831//2856
f 1831//2774 5476//2774 1832//2774
f 5476//2774 5477//2774 1832//2774
f 1832//2775 5477//2775 1822//2775
f 5477//2775 5478//2775 1822//2775
f 1822//2776 5478//2776 1823//2776
f 5478//2776 5479//2776 1823//2776
f 1823//2777 5479//2777 1841//2777
f 5479//2777 5480//2777 1841//2777
f 1841//2778 5480//2778 1842//2778
f 5480//2778 5481//2778 1842//2778
f 1842//2779 5481//2779 1843//2779
f 5481//2779 5482//2779 1843//2779
f 1843//2832 5482//2832 1876//2832
f 5482//2832 5483//2832 1876//2832
f 1876//2833 5483//2833 1877//2833
f 5483//2833 5484//2833 1877//2833
f 1877//2857 5484//2857 1878//2857
f 5484//2857 5485//2857 1878//2857
f 1878//2858 5485//2858 1908//2858
f 5485//2858 5486//2858 1908//2858
f 1908//2859 5486//2859 1909//2859
f 5486//2859 5487//2859 1909//2859
f 1909//2860 5487//2860 1910//2860
f 5487//2860 5488//2860 1910//2860
f 1910//2838 5488//2838 1911//2838
f 5488//2838 5489//2838 1911//2838
f 1911//2787 5489//2787 1912//2787
f 5489//2787 5490//2787 1912//2787
f 1912//2788 5490//2788 1913//2788
f 5490//2788 5491//2788 1913//2788
f 1913//2861 5491//2861 1936//2861
f 5491//2861 5492//2861 1936//2861
f 1936//2840 5492//2840 1937//2840
f 5492//2840 5493//2840 1937//2840
f 1937//2862 5493//2862 1866//2862
f 5493//2862 5494//2862 1866//2862
f 1866//2863 5494//2863 1867//2863
f 5494//2863 5495//2863 1867//2863
f 1867//2793 5495//2793 1914//2793
f 5495//2793 5496//2793 1914//2793
f 1914//2794 5496//2794 1915//2794
f 5496//2794 5497//2794 1915//2794
f 1915//2795 5497//2795 1916//2795
f 5497//2795 5498//2795 1916//2795
f 1916//2796 5498//2796 1917//2796
f 5498//2796 5499//2796 1917//2796
f 1917//2797 5499//2797 1918//2797
f 5499//2797 5500//2797 1918//2797
f 1918//2798 5500//2798 1919//2798
f 5500//2798 5501//2798 1919//2798
f 1919//2864 5501//2864 1920//2864
f 5501//2864 5502//2864 1920//2864
f 1920//2865 5502//2865 1938//2865
f 5502//2865 5503//2865 1938//2865
f 1938//2866 5503//2866 1939//2866
f 5503//2866 5504//2866 1939//2866
f 1939//2867 5504//2867 1940//2867
f 5504//2867 5505//2867 1940//2867
f 1940//2803 5505//2803 1954//2803
f 5505//2803 5506//2803 1954//2803
f 1954//2804 5506//2804 1955//2804
f 5506//2804 5507//2804 1955//2804
f 1955//2843 5507//2843 1921//2843
f 5507//2843 5508//2843 1921//2843
f 1921//2868 5508//2868 1922//2868
f 5508//2868 5509//2868 1922//2868
f 1922//2845 5509//2845 1956//2845
f 5509//2845 5510//2845 1956//2845
f 1956//2846 5510//2846 1957//2846
f 5510//2846 5511//2846 1957//2846
f 1957//2869 5511//2869 1923//2869
f 5511//2869 5512//2869 1923//2869
f 1923//2848 5512//2848 1924//2848
f 5512//2848 5513//2848 1924//2848
f 1924//2849 5513//2849 1925//2849
f 5513//2849 5514//2849 1925//2849
f 1925//2812 5514//2812 1879//2812
f 5514//2812 5515//2812 1879//2812
f 1879//2813 5515//2813 1880//2813
f 5515//2813 5516//2813 1880//2813
f 1880//2814 5516//2814 1881//2814
f 5516//2814 5517//2814 1881//2814
f 1881//2815 5517//2815 1829//2815
f 5517//2815 5518//2815 1829//2815
f 1829//2816 5518//2816 1833//2816
f 5518//2816 5519//2816 1833//2816
f 1833//2817 5519//2817 1834//2817
f 5519//2817 5520//2817 1834//2817
f 1834//2870 5520//2870 1835//2870
f 5520//2870 5521//2870 1835//2870
f 1835//2819 5521//2819 1958//2819
f 5521//2819 5522//2819 1958//2819
f 1958//2820 5522//2820 1941//2820
f 5522//2820 5523//2820 1941//2820
f 1941//2871 5523//2871 1942//2871
f 5523//2871 5524//2871 1942//2871
f 1942//2822 5524//2822 1967//2822
f 5524//2822 5525//2822 1967//2822
f 1967//2823 5525//2823 1966//2823
f 5525//2823 5526//2823 1966//2823
f 1966//2824 5526//2824 1964//2824
f 5526//2824 5527//2824 1964//2824
f 1964//2872 5527//2872 1871//2872
f 5527//2872 5528//2872 1871//2872
f 1871//2873 5528//2873 1872//2873
f 5528//2873 5529//2873 1872//2873
f 1872//2874 5529//2874 1873//2874
f 5529//2874 5530//2874 1873//2874
f 1873//2875 5530//2875 1856//2875
f 5530//2875 5531//2875 1856//2875
f 1856//2829 5531//2829 1857//2829
f 5531//2829 5532//2829 1857//2829
f 1857//2830 5532//2830 1858//2830
f 5532//2830 5533//2830 1858//2830
f 1858//2831 5533//2831 1838//2831
f 5533//2831 5462//2831 1838//2831
f 1902//2760 5534//2760 1903//2760
f 5534//2760 5535//2760 1903//2760
f 1903//2761 5535//2761 1904//2761
f 5535//2761 5536//2761 1904//2761
f 1904//2762 5536//2762 1905//2762
f 5536//2762 5537//2762 1905//2762
f 1905//2850 5537//2850 1885//2850
f 5537//2850 5538//2850 1885//2850
f 1885//2851 5538//2851 1886//2851
f 5538//2851 5539//2851 1886//2851
f 1886//2765 5539//2765 1906//2765
f 5539//2765 5540//2765 1906//2765
f 1906//2852 5540//2852 1907//2852
f 5540//2852 5541//2852 1907//2852
f 1907//2767 5541//2767 1868//2767
f 5541//2767 5542//2767 1868//2767
f 1868//2768 5542//2768 1869//2768
f 5542//2768 5543//2768 1869//2768
f 1869//2769 5543//2769 1870//2769
f 5543//2769 5544//2769 1870//2769
f 1870//2853 5544//2853 1887//2853
f 5544//2853 5545//2853 1887//2853
f 1887//2854 5545//2854 1888//2854
f 5545//2854 5546//2854 1888//2854
f 1888//2855 5546//2855 1853//2855
f 5546//2855 5547//2855 1853//2855
f 1853//2856 5547//2856 1854//2856
f 5547//2856 5548//2856 1854//2856
f 1854//2774 5548//2774 1855//2774
f 5548//2774 5549//2774 1855//2774
f 1855//2775 5549//2775 1827//2775
f 5549//2775 5550//2775 1827//2775
f 1827//2776 5550//2776 1828//2776
f 5550//2776 5551//2776 1828//2776
f 1828//2777 5551//2777 1882//2777
f 5551//2777 5552//2777 1882//2777
f 1882//2778 5552//2778 1883//2778
f 5552//2778 5553//2778 1883//2778
f 1883//2779 5553//2779 1884//2779
f 5553//2779 5554//2779 1884//2779
f 1884//2780 5554//2780 1926//2780
f 5554//2780 5555//2780 1926//2780
f 1926//2781 5555//2781 1927//2781
f 5555//2781 5556//2781 1927//2781
f 1927//2876 5556//2876 1889//2876
f 5556//2876 5557//2876 1889//2876
f 1889//2877 5557//2877 1890//2877
f 5557//2877 5558//2877 1890//2877
f 1890//2878 5558//2878 1891//2878
f 5558//2878 5559//2878 1891//2878
f 1891//2879 5559//2879 1892//2879
f 5559//2879 5560//2879 1892//2879
f 1892//2786 5560//2786 1928//2786
f 5560//2786 5561//2786 1928//2786
f 1928//2787 5561//2787 1929//2787
f 5561//2787 5562//2787 1929//2787
f 1929//2788 5562//2788 1896//2788
f 5562//2788 5563//2788 1896//2788
f 1896//2880 5563//2880 1895//2880
f 5563//2880 5564//2880 1895//2880
f 1895//2790 5564//2790 1894//2790
f 5564//2790 5565//2790 1894//2790
f 1894//2862 5565//2862 1893//2862
f 5565//2862 5566//2862 1893//2862
f 1893//2863 5566//2863 1959//2863
f 5566//2863 5567//2863 1959//2863
f 1959//2793 5567//2793 1960//2793
f 5567//2793 5568//2793 1960//2793
f 1960//2794 5568//2794 1961//2794
f 5568//2794 5569//2794 1961//2794
f 1961//2795 5569//2795 1962//2795
f 5569//2795 5570//2795 1962//2795
f 1962//2796 5570//2796 1963//2796
f 5570//2796 5571//2796 1963//2796
f 1963//2797 5571//2797 1965//2797
f 5571//2797 5572//2797 1965//2797
f 1965//2798 5572//2798 1943//2798
f 5572//2798 5573//2798 1943//2798
f 1943//2864 5573//2864 1944//2864
f 5573//2864 5574//2864 1944//2864
f 1944//2865 5574//2865 1945//2865
f 5574//2865 5575//2865 1945//2865
f 1945//2881 5575//2881 1946//2881
f 5575//2881 5576//2881 1946//2881
f 1946//2882 5576//2882 1930//2882
f 5576//2882 5577//2882 1930//2882
f 1930//2803 5577//2803 1931//2803
f 5577//2803 5578//2803 1931//2803
f 1931//2804 5578//2804 1932//2804
f 5578//2804 5579//2804 1932//2804
f 1932//2805 5579//2805 1947//2805
f 5579//2805 5580//2805 1947//2805
f 1947//2883 5580//2883 1948//2883
f 5580//2883 5581//2883 1948//2883
f 1948//2807 5581//2807 1897//2807
f 5581//2807 5582//2807 1897//2807
f 1897//2808 5582//2808 1898//2808
f 5582//2808 5583//2808 1898//2808
f 1898//2884 5583//2884 1949//2884
f 5583//2884 5584//2884 1949//2884
f 1949//2810 5584//2810 1950//2810
f 5584//2810 5585//2810 1950//2810
f 1950//2811 5585//2811 1951//2811
f 5585//2811 5586//2811 1951//2811
f 1951//2812 5586//2812 1899//2812
f 5586//2812 5587//2812 1899//2812
f 1899//2813 5587//2813 1900//2813
f 5587//2813 5588//2813 1900//2813
f 1900//2814 5588//2814 1901//2814
f 5588//2814 5589//2814 1901//2814
f 1901//2815 5589//2815 1836//2815
f 5589//2815 5590//2815 1836//2815
f 1836//2816 5590//2816 1837//2816
f 5590//2816 5591//2816 1837//2816
f 1837//2817 5591//2817 1844//2817
f 5591//2817 5592//2817 1844//2817
f 1844//2870 5592//2870 1845//2870
f 5592//2870 5593//2870 1845//2870
f 1845//2819 5593//2819 1846//2819
f 5593//2819 5594//2819 1846//2819
f 1846//2820 5594//2820 1847//2820
f 5594//2820 5595//2820 1847//2820
f 1847//2871 5595//2871 1848//2871
f 5595//2871 5596//2871 1848//2871
f 1848//2822 5596//2822 1849//2822
f 5596//2822 5597//2822 1849//2822
f 1849//2823 5597//2823 1852//2823
f 5597//2823 5598//2823 1852//2823
f 1852//2824 5598//2824 1851//2824
f 5598//2824 5599//2824 1851//2824
f 1851//2872 5599//2872 1850//2872
f 5599//2872 5600//2872 1850//2872
f 1850//2873 5600//2873 1933//2873
f 5600//2873 5601//2873 1933//2873
f 1933//2874 5601//2874 1934//2874
f 5601//2874 5602//2874 1934//2874
f 1934//2875 5602//2875 1935//2875
f 5602//2875 5603//2875 1935//2875
f 1935//2829 5603//2829 1952//2829
f 5603//2829 5604//2829 1952//2829
f 1952//2830 5604//2830 1953//2830
f 5604//2830 5605//2830 1953//2830
f 1953//2831 5605//2831 1902//2831
f 5605//2831 5534//2831 1902//2831
f 1065//2885 1056//2885 1972//2885
f 1056//2885 1830//2885 1972//2885
f 1528//813 1257//813 1675//813
f 1257//813 1217//813 1675//813
f 1507//2885 1498//2885 1695//2885
f 1498//2885 4408//2885 1695//2885
f 1695//2885 4408//2885 1567//2885
f 4408//2885 4292//2885 1567//2885
f 1567//2885 4292//2885 1568//2885
f 4292//2885 2115//2885 1568//2885
f 2245//2886 2247//2886 5606//2886
f 4410//2887 4409//2887 4458//2887
f 4429//2888 4319//2888 4318//2888
f 2168//2889 2170//2889 2741//2889
f 2174//2890 2176//2890 2739//2890
f 2731//2891 2733//2891 2211//2891
f 2731//2892 2211//2892 2744//2892
f 2737//2893 2187//2893 2735//2893
f 2187//2894 2189//2894 2735//2894
f 2735//2895 2189//2895 2191//2895
f 2191//2896 2193//2896 2735//2896
f 2193//2897 2195//2897 2735//2897
f 2735//2898 2195//2898 2197//2898
f 2197//2899 2199//2899 2735//2899
f 2199//2900 2201//2900 2735//2900
f 2735//2901 2201//2901 2203//2901
f 2203//2902 2205//2902 2735//2902
f 2205//2903 2207//2903 2735//2903
f 2735//2904 2207//2904 2733//2904
f 2207//2905 2209//2905 2733//2905
f 2733//2906 2209//2906 2211//2906
f 2180//2907 2182//2907 2737//2907
f 2182//2908 2184//2908 2737//2908
f 2737//2909 2184//2909 2187//2909
f 2739//2910 2176//2910 2737//2910
f 2176//2911 2178//2911 2737//2911
f 2737//2912 2178//2912 2180//2912
f 2741//2913 2170//2913 2739//2913
f 2170//2914 2172//2914 2739//2914
f 2739//2915 2172//2915 2174//2915
f 2730//2916 2164//2916 2741//2916
f 2164//2917 2166//2917 2741//2917
f 2741//2918 2166//2918 2168//2918
f 2157//2919 2156//2919 2729//2919
f 2156//2920 2161//2920 2729//2920
f 2729//2921 2161//2921 2730//2921
f 2161//2922 2162//2922 2730//2922
f 2730//2923 2162//2923 2164//2923
f 5607//2924 2750//2924 5608//2924
f 2750//2925 2748//2925 5608//2925
f 2748//2926 2747//2926 5608//2926
f 5608//2927 2747//2927 2744//2927
f 5608//2928 5609//2928 5607//2928
f 5609//2929 5610//2929 5607//2929
f 5607//2929 5610//2929 5611//2929
f 5610//2930 5612//2930 5611//2930
f 5611//2930 5612//2930 5613//2930
f 5612//2931 5614//2931 5613//2931
f 5613//2931 5614//2931 5615//2931
f 5614//2932 5616//2932 5615//2932
f 5615//2932 5616//2932 5617//2932
f 5616//2933 5618//2933 5617//2933
f 4454//2934 5619//2934 5618//2934
f 5619//2935 5620//2935 5618//2935
f 5618//2933 5620//2933 5617//2933
f 4454//2936 4468//2936 5619//2936
f 4468//2937 4467//2937 5619//2937
f 5619//2937 4467//2937 5621//2937
f 4467//2938 4466//2938 5621//2938
f 5621//2938 4466//2938 5622//2938
f 4466//2939 4465//2939 5622//2939
f 5622//2940 4465//2940 5623//2940
f 4465//2941 4430//2941 5623//2941
f 4430//2942 4432//2942 5623//2942
f 5623//2943 4432//2943 5624//2943
f 4432//2944 4433//2944 5624//2944
f 4433//2945 4436//2945 5624//2945
f 5624//2946 4436//2946 5625//2946
f 4436//2947 4438//2947 5625//2947
f 4438//2948 4440//2948 5625//2948
f 5625//2949 4440//2949 5626//2949
f 4440//2950 4439//2950 5626//2950
f 4439//2951 4444//2951 5626//2951
f 5626//2952 4444//2952 5627//2952
f 4444//2953 4443//2953 5627//2953
f 4443//2954 4448//2954 5627//2954
f 5627//2955 4448//2955 5628//2955
f 4448//2956 4447//2956 5628//2956
f 4447//2957 4451//2957 5628//2957
f 5628//2958 4451//2958 5629//2958
f 4451//2959 4453//2959 5629//2959
f 5629//2960 4453//2960 5630//2960
f 4453//2961 4452//2961 5630//2961
f 4452//2962 4449//2962 5630//2962
f 5630//2963 4449//2963 5631//2963
f 4449//2964 4450//2964 5631//2964
f 4450//2965 4445//2965 5631//2965
f 5631//2966 4445//2966 5632//2966
f 4445//2967 4446//2967 5632//2967
f 4446//2968 4441//2968 5632//2968
f 5632//2969 4441//2969 5633//2969
f 4441//2970 4442//2970 5633//2970
f 4442//2971 4437//2971 5633//2971
f 5633//2972 4437//2972 5634//2972
f 4437//2973 4435//2973 5634//2973
f 4435//2974 4434//2974 5634//2974
f 5634//2975 4434//2975 5635//2975
f 4434//2976 4429//2976 5635//2976
f 4429//2977 4318//2977 5635//2977
f 4318//2978 4302//2978 5635//2978
f 5635//2979 4302//2979 5636//2979
f 4302//2980 4300//2980 5636//2980
f 5636//2980 4300//2980 5637//2980
f 4300//2981 4382//2981 5637//2981
f 5637//2981 4382//2981 5638//2981
f 4382//2982 4308//2982 5638//2982
f 5638//2983 4308//2983 5639//2983
f 4308//2984 5640//2984 5639//2984
f 5640//2985 5641//2985 5639//2985
f 5639//2985 5641//2985 5642//2985
f 5641//44 5643//44 5642//44
f 5642//44 5643//44 5644//44
f 5643//2986 5645//2986 5644//2986
f 5644//2986 5645//2986 5646//2986
f 5645//2987 5647//2987 5646//2987
f 5646//2987 5647//2987 5648//2987
f 5647//2988 5649//2988 5648//2988
f 5648//2988 5649//2988 5650//2988
f 5649//2989 5651//2989 5650//2989
f 5650//2989 5651//2989 5652//2989
f 5651//2990 5653//2990 5652//2990
f 5652//2990 5653//2990 5654//2990
f 5653//2991 5655//2991 5654//2991
f 5654//2991 5655//2991 5656//2991
f 5655//2992 5657//2992 5656//2992
f 5656//2992 5657//2992 5658//2992
f 5657//2993 5659//2993 5658//2993
f 5658//2993 5659//2993 5660//2993
f 5659//2994 5661//2994 5660//2994
f 5660//2994 5661//2994 5662//2994
f 5661//2995 5663//2995 5662//2995
f 5662//2995 5663//2995 5664//2995
f 5663//2996 5665//2996 5664//2996
f 5664//2996 5665//2996 5666//2996
f 5665//2997 5667//2997 5666//2997
f 5666//2997 5667//2997 5668//2997
f 5667//2998 5669//2998 5668//2998
f 5668//2998 5669//2998 5670//2998
f 5669//2999 5671//2999 5670//2999
f 4313//3000 5672//3000 5671//3000
f 5672//3001 5673//3001 5671//3001
f 5671//2999 5673//2999 5670//2999
f 4313//3002 4393//3002 5672//3002
f 4393//3003 4295//3003 5672//3003
f 5672//3003 4295//3003 5674//3003
f 4295//3004 4298//3004 5674//3004
f 5674//3004 4298//3004 5675//3004
f 4298//3005 4294//3005 5675//3005
f 5675//3006 4294//3006 5676//3006
f 4294//3007 4293//3007 5676//3007
f 4293//3008 4404//3008 5676//3008
f 5676//3009 4404//3009 5677//3009
f 4404//3010 4405//3010 5677//3010
f 4405//3011 4406//3011 5677//3011
f 5677//3012 4406//3012 5678//3012
f 4406//3013 4413//3013 5678//3013
f 4413//3014 4412//3014 5678//3014
f 5678//3015 4412//3015 5679//3015
f 2679//3016 2681//3016 4420//3016
f 2681//3017 2683//3017 4420//3017
f 4420//3018 2683//3018 4416//3018
f 2683//3019 5679//3019 4416//3019
f 4416//3020 5679//3020 4417//3020
f 5679//3021 4412//3021 4417//3021
f 2588//3022 2591//3022 2660//3022
f 2588//3023 2660//3023 2586//3023
f 2660//3024 2663//3024 2586//3024
f 2586//3025 2663//3025 2584//3025
f 2576//3026 2578//3026 2665//3026
f 2578//3027 2580//3027 2665//3027
f 2665//3028 2580//3028 2663//3028
f 2580//3029 2582//3029 2663//3029
f 2663//3030 2582//3030 2584//3030
f 2576//3031 2665//3031 2574//3031
f 2665//3032 2668//3032 2574//3032
f 2574//3033 2668//3033 2572//3033
f 2561//3034 2564//3034 2670//3034
f 2564//3035 2566//3035 2670//3035
f 2566//3036 2568//3036 2670//3036
f 2670//3037 2568//3037 2668//3037
f 2568//3038 2570//3038 2668//3038
f 2668//3039 2570//3039 2572//3039
f 2547//3040 2672//3040 2545//3040
f 2672//3041 2543//3041 2545//3041
f 2547//3042 2549//3042 2672//3042
f 2549//3043 2551//3043 2672//3043
f 2672//3044 2551//3044 2553//3044
f 2553//3045 2555//3045 2672//3045
f 2555//3046 2557//3046 2672//3046
f 2672//3047 2557//3047 2670//3047
f 2557//3048 2559//3048 2670//3048
f 2670//3049 2559//3049 2561//3049
f 2674//3050 2539//3050 2672//3050
f 2539//3051 2541//3051 2672//3051
f 2672//3052 2541//3052 2543//3052
f 2674//3053 2676//3053 4420//3053
f 2676//3054 2677//3054 4420//3054
f 4420//3055 2677//3055 2679//3055
f 2526//3056 2528//3056 4425//3056
f 4427//3057 2503//3057 4425//3057
f 2503//3058 2505//3058 4425//3058
f 4425//3059 2505//3059 2507//3059
f 2507//3060 2509//3060 4425//3060
f 2509//3061 2511//3061 4425//3061
f 4425//3062 2511//3062 2513//3062
f 2513//3063 2515//3063 4425//3063
f 2515//3064 2517//3064 4425//3064
f 4425//3065 2517//3065 2519//3065
f 2519//3066 2521//3066 4425//3066
f 2521//3067 2523//3067 4425//3067
f 4425//3068 2523//3068 2526//3068
f 2528//3069 2529//3069 4425//3069
f 2529//3070 2532//3070 4425//3070
f 4425//3071 2532//3071 4422//3071
f 2532//3072 2533//3072 4422//3072
f 4422//3073 2533//3073 4420//3073
f 2533//3074 2536//3074 4420//3074
f 4420//3075 2536//3075 2674//3075
f 2536//3076 2538//3076 2674//3076
f 2674//3077 2538//3077 2539//3077
f 4424//3078 2466//3078 2468//3078
f 2468//3079 2470//3079 4424//3079
f 2470//3080 2473//3080 4424//3080
f 4424//3081 2473//3081 2475//3081
f 2487//3082 2489//3082 4424//3082
f 2475//3083 2477//3083 4424//3083
f 2477//3084 2479//3084 4424//3084
f 4424//3085 2479//3085 2481//3085
f 2481//3086 2483//3086 4424//3086
f 2483//3087 2485//3087 4424//3087
f 4424//3088 2485//3088 2487//3088
f 2489//3089 2491//3089 4424//3089
f 2491//3090 2493//3090 4424//3090
f 4424//3091 2493//3091 4426//3091
f 2493//3092 2495//3092 4426//3092
f 2495//3093 2497//3093 4426//3093
f 4426//3094 2497//3094 4428//3094
f 2497//3095 2499//3095 4428//3095
f 4428//3096 2499//3096 4427//3096
f 2499//3097 2501//3097 4427//3097
f 4427//3098 2501//3098 2503//3098
f 2420//3099 2422//3099 2697//3099
f 2426//3100 2428//3100 2695//3100
f 2693//3101 2439//3101 2691//3101
f 2439//3102 2441//3102 2691//3102
f 2691//3103 2441//3103 2443//3103
f 2443//3104 2445//3104 2691//3104
f 2445//3105 2447//3105 2691//3105
f 2691//3106 2447//3106 2449//3106
f 2449//3107 2451//3107 2691//3107
f 2451//3108 2453//3108 2691//3108
f 2691//3109 2453//3109 2455//3109
f 2455//3110 2457//3110 2691//3110
f 2457//3111 2459//3111 2691//3111
f 2691//3112 2459//3112 2689//3112
f 2459//3113 2461//3113 2689//3113
f 2689//3114 2461//3114 2463//3114
f 2432//3115 2434//3115 2693//3115
f 2434//3116 2436//3116 2693//3116
f 2693//3117 2436//3117 2439//3117
f 2695//3118 2428//3118 2693//3118
f 2428//3119 2430//3119 2693//3119
f 2693//3120 2430//3120 2432//3120
f 2697//3121 2422//3121 2695//3121
f 2422//3122 2424//3122 2695//3122
f 2695//3123 2424//3123 2426//3123
f 2686//3124 2416//3124 2697//3124
f 2416//3125 2418//3125 2697//3125
f 2697//3126 2418//3126 2420//3126
f 2409//3127 2408//3127 2685//3127
f 2408//3128 2413//3128 2685//3128
f 2685//3129 2413//3129 2686//3129
f 2413//3130 2414//3130 2686//3130
f 2686//3131 2414//3131 2416//3131
f 4421//3132 2463//3132 2465//3132
f 2466//3133 4424//3133 2465//3133
f 4424//3134 4423//3134 2465//3134
f 2465//3135 4423//3135 4421//3135
f 1398//3136 2704//3136 4421//3136
f 1398//3137 4421//3137 1400//3137
f 2704//3138 2703//3138 4421//3138
f 2703//3139 2700//3139 4421//3139
f 4421//3140 2700//3140 2463//3140
f 2700//3141 2687//3141 2463//3141
f 2463//3142 2687//3142 2689//3142
f 4421//3143 4418//3143 1400//3143
f 4418//3144 4419//3144 1400//3144
f 1400//3145 4419//3145 1446//3145
f 4419//3146 4414//3146 1446//3146
f 4414//3147 4415//3147 1446//3147
f 1446//3148 4415//3148 1444//3148
f 4415//3149 4407//3149 1444//3149
f 4407//3150 4411//3150 1444//3150
f 1444//3151 4411//3151 1442//3151
f 4411//3152 4410//3152 1442//3152
f 4410//3153 4458//3153 1442//3153
f 4458//3154 4471//3154 1442//3154
f 1442//3155 4471//3155 1437//3155
f 4471//3156 4470//3156 1437//3156
f 1437//3156 4470//3156 1465//3156
f 4470//3157 4469//3157 1465//3157
f 1465//3157 4469//3157 1403//3157
f 4469//3158 4455//3158 1403//3158
f 1403//3159 4455//3159 1430//3159
f 4455//3160 5680//3160 1430//3160
f 5680//3161 5681//3161 1430//3161
f 1430//3161 5681//3161 1393//3161
f 5681//3162 5682//3162 1393//3162
f 1393//3162 5682//3162 1395//3162
f 5682//3163 5683//3163 1395//3163
f 1395//3163 5683//3163 1409//3163
f 5683//3164 5684//3164 1409//3164
f 1409//3164 5684//3164 1411//3164
f 5684//3165 5685//3165 1411//3165
f 5686//3166 2723//3166 2725//3166
f 2725//3167 2727//3167 5686//3167
f 2727//3168 1415//3168 5686//3168
f 5686//3169 1415//3169 5685//3169
f 1415//3170 1413//3170 5685//3170
f 5685//3165 1413//3165 1411//3165
f 2336//3171 2339//3171 2706//3171
f 2336//3172 2706//3172 2334//3172
f 2706//3173 2709//3173 2334//3173
f 2334//3174 2709//3174 2332//3174
f 2324//3175 2326//3175 2711//3175
f 2326//3176 2328//3176 2711//3176
f 2711//3177 2328//3177 2709//3177
f 2328//3178 2330//3178 2709//3178
f 2709//3179 2330//3179 2332//3179
f 2324//3180 2711//3180 2322//3180
f 2711//3181 2714//3181 2322//3181
f 2322//3182 2714//3182 2320//3182
f 2309//3183 2312//3183 2716//3183
f 2312//3184 2314//3184 2716//3184
f 2314//3185 2316//3185 2716//3185
f 2716//3186 2316//3186 2714//3186
f 2316//3187 2318//3187 2714//3187
f 2714//3188 2318//3188 2320//3188
f 2295//3189 2718//3189 2293//3189
f 2718//3190 2291//3190 2293//3190
f 2295//3191 2297//3191 2718//3191
f 2297//3192 2299//3192 2718//3192
f 2718//3193 2299//3193 2301//3193
f 2301//3194 2303//3194 2718//3194
f 2303//3195 2305//3195 2718//3195
f 2718//3196 2305//3196 2716//3196
f 2305//3197 2307//3197 2716//3197
f 2716//3198 2307//3198 2309//3198
f 2284//3199 2286//3199 2720//3199
f 2286//3200 2287//3200 2720//3200
f 2720//3201 2287//3201 2718//3201
f 2287//3202 2289//3202 2718//3202
f 2718//3203 2289//3203 2291//3203
f 2284//3204 2720//3204 5686//3204
f 2720//3205 2722//3205 5686//3205
f 5686//3206 2722//3206 2723//3206
f 2274//3207 2276//3207 5687//3207
f 2247//3208 2249//3208 5606//3208
f 2249//3209 2251//3209 5606//3209
f 5606//3210 2251//3210 5687//3210
f 2251//3211 2253//3211 5687//3211
f 5687//3212 2253//3212 2255//3212
f 2255//3213 2257//3213 5687//3213
f 2257//3214 2259//3214 5687//3214
f 5687//3215 2259//3215 2261//3215
f 2261//3216 2263//3216 5687//3216
f 2263//3217 2265//3217 5687//3217
f 5687//3218 2265//3218 2267//3218
f 2267//3219 2269//3219 5687//3219
f 2269//3220 2271//3220 5687//3220
f 5687//3221 2271//3221 2274//3221
f 2276//3222 2277//3222 5687//3222
f 2277//3223 2280//3223 5687//3223
f 5687//3224 2280//3224 5686//3224
f 2280//3225 2281//3225 5686//3225
f 5686//3226 2281//3226 2284//3226
f 2744//3227 2211//3227 5608//3227
f 2211//3228 2213//3228 5608//3228
f 5608//3229 2213//3229 5688//3229
f 2213//3230 2214//3230 5688//3230
f 5688//3231 2214//3231 2216//3231
f 2216//3232 2218//3232 5688//3232
f 2218//3233 2221//3233 5688//3233
f 5688//3234 2221//3234 2223//3234
f 2235//3235 2237//3235 5688//3235
f 2223//3236 2225//3236 5688//3236
f 2225//3237 2227//3237 5688//3237
f 5688//3238 2227//3238 2229//3238
f 2229//3239 2231//3239 5688//3239
f 2231//3240 2233//3240 5688//3240
f 5688//3241 2233//3241 2235//3241
f 2237//3242 2239//3242 5688//3242
f 2239//3243 2241//3243 5688//3243
f 5688//3244 2241//3244 5606//3244
f 2241//3245 2243//3245 5606//3245
f 5606//3246 2243//3246 2245//3246
f 2916//1 5689//1 2917//1
f 5689//1 5690//1 2917//1
f 2917//1 5690//1 2918//1
f 5690//1 5691//1 2918//1
f 2918//1 5691//1 2919//1
f 5691//1 5692//1 2919//1
f 2919//1 5692//1 2920//1
f 5692//1 5693//1 2920//1
f 2920//1 5693//1 2921//1
f 5693//1 5694//1 2921//1
f 2921//1 5694//1 2922//1
f 5694//1 5695//1 2922//1
f 2922//1 5695//1 2923//1
f 5695//1 5696//1 2923//1
f 2923//1 5696//1 2924//1
f 5696//1 5697//1 2924//1
f 2924//1 5697//1 2925//1
f 5697//1 5698//1 2925//1
f 2925//1 5698//1 2926//1
f 5698//1 5699//1 2926//1
f 2926//1 5699//1 2927//1
f 5699//1 5700//1 2927//1
f 2927//1 5700//1 2928//1
f 5700//1 5701//1 2928//1
f 2928//1 5701//1 2929//1
f 5701//1 5702//1 2929//1
f 2929//1 5702//1 2930//1
f 5702//1 5703//1 2930//1
f 2930//1 5703//1 2931//1
f 5703//1 5704//1 2931//1
f 2931//1 5704//1 2932//1
f 5704//1 5705//1 2932//1
f 2932//1 5705//1 2933//1
f 5705//1 5706//1 2933//1
f 2933//1 5706//1 2934//1
f 5706//1 5707//1 2934//1
f 2934//1 5707//1 2935//1
f 5707//1 5708//1 2935//1
f 2935//1 5708//1 2936//1
f 5708//1 5709//1 2936//1
f 2936//1 5709//1 2937//1
f 5709//1 5710//1 2937//1
f 2937//1 5710//1 2938//1
f 5710//1 5711//1 2938//1
f 2938//1 5711//1 2939//1
f 5711//1 5712//1 2939//1
f 2939//1 5712//1 2940//1
f 5712//1 5713//1 2940//1
f 2940//1 5713//1 2941//1
f 5713//1 5714//1 2941//1
f 2941//1 5714//1 2942//1
f 5714//1 5715//1 2942//1
f 2942//1 5715//1 2943//1
f 5715//1 5716//1 2943//1
f 2943//1 5716//1 2944//1
f 5716//1 5717//1 2944//1
f 2944//1 5717//1 2945//1
f 5717//1 5718//1 2945//1
f 2945//1 5718//1 2946//1
f 5718//1 5719//1 2946//1
f 2946//1 5719//1 2947//1
f 5719//1 5720//1 2947//1
f 2947//1 5720//1 2948//1
f 5720//1 5721//1 2948//1
f 2948//1 5721//1 2949//1
f 5721//1 5722//1 2949//1
f 2949//1 5722//1 2950//1
f 5722//1 5723//1 2950//1
f 2950//1 5723//1 2951//1
f 5723//1 5724//1 2951//1
f 2951//1 5724//1 2952//1
f 5724//1 5725//1 2952//1
f 2952//1 5725//1 2953//1
f 5725//1 5726//1 2953//1
f 2953//1 5726//1 2954//1
f 5726//1 5727//1 2954//1
f 2954//1 5727//1 2955//1
f 5727//1 5728//1 2955//1
f 2955//1 5728//1 2956//1
f 5728//1 5729//1 2956//1
f 2956//1 5729//1 2957//1
f 5729//1 5730//1 2957//1
f 2957//1 5730//1 2958//1
f 5730//1 5731//1 2958//1
f 2958//1 5731//1 2959//1
f 5731//1 5732//1 2959//1
f 2959//1 5732//1 2960//1
f 5732//1 5733//1 2960//1
f 2960//1 5733//1 2961//1
f 5733//1 5734//1 2961//1
f 2961//1 5734//1 2962//1
f 5734//1 5735//1 2962//1
f 2962//1 5735//1 2963//1
f 5735//1 5736//1 2963//1
f 2963//1 5736//1 2964//1
f 5736//1 5737//1 2964//1
f 2964//1 5737//1 2965//1
f 5737//1 5738//1 2965//1
f 2965//1 5738//1 2966//1
f 5738//1 5739//1 2966//1
f 2966//1 5739//1 2967//1
f 5739//1 5740//1 2967//1
f 2967//1 5740//1 2896//1
f 5740//1 5741//1 2896//1
f 2896//1 5741//1 2897//1
f 5741//1 5742//1 2897//1
f 2897//1 5742//1 2898//1
f 5742//1 5743//1 2898//1
f 2898//1 5743//1 2899//1
f 5743//1 5744//1 2899//1
f 2899//1 5744//1 2900//1
f 5744//1 5745//1 2900//1
f 2900//1 5745//1 2901//1
f 5745//1 5746//1 2901//1
f 2901//1 5746//1 2902//1
f 5746//1 5747//1 2902//1
f 2902//1 5747//1 2903//1
f 5747//1 5748//1 2903//1
f 2903//1 5748//1 2904//1
f 5748//1 5749//1 2904//1
f 2904//1 5749//1 2905//1
f 5749//1 5750//1 2905//1
f 2905//1 5750//1 2906//1
f 5750//1 5751//1 2906//1
f 2906//1 5751//1 2907//1
f 5751//1 5752//1 2907//1
f 2907//1 5752//1 2908//1
f 5752//1 5753//1 2908//1
f 2908//1 5753//1 2909//1
f 5753//1 5754//1 2909//1
f 2909//1 5754//1 2910//1
f 5754//1 5755//1 2910//1
f 2910//1 5755//1 2911//1
f 5755//1 5756//1 2911//1
f 2911//1 5756//1 2912//1
f 5756//1 5757//1 2912//1
f 2912//1 5757//1 2913//1
f 5757//1 5758//1 2913//1
f 2913//1 5758//1 2914//1
f 5758//1 5759//1 2914//1
f 2914//1 5759//1 2915//1
f 5759//1 5760//1 2915//1
f 2915//1 5760//1 2916//1
f 5760//1 5689//1 2916//1
f 5761//1 5762//1 5763//1
f 5762//1 5764//1 5763//1
f 5763//1 5764//1 5765//1
f 5764//1 5766//1 5765//1
f 5765//1 5766//1 5767//1
f 5766//1 5768//1 5767//1
f 5767//1 5768//1 5769//1
f 5768//1 5770//1 5769//1
f 5769//1 5770//1 5771//1
f 5770//1 5772//1 5771//1
f 5771//1 5772//1 5773//1
f 5772//1 5774//1 5773//1
f 5773//1 5774//1 5775//1
f 5774//1 5776//1 5775//1
f 5775//1 5776//1 5777//1
f 5776//1 5778//1 5777//1
f 5777//1 5778//1 5779//1
f 5778//1 5780//1 5779//1
f 5779//1 5780//1 5781//1
f 5780//1 5782//1 5781//1
f 5781//1 5782//1 5783//1
f 5782//1 5784//1 5783//1
f 5783//1 5784//1 5785//1
f 5784//1 5786//1 5785//1
f 5785//1 5786//1 5787//1
f 5786//1 5788//1 5787//1
f 5787//1 5788//1 5789//1
f 5788//1 5790//1 5789//1
f 5789//1 5790//1 5791//1
f 5790//1 5792//1 5791//1
f 5791//1 5792//1 5793//1
f 5792//1 5794//1 5793//1
f 5793//1 5794//1 5795//1
f 5794//1 5796//1 5795//1
f 5795//1 5796//1 5797//1
f 5796//1 5798//1 5797//1
f 5797//1 5798//1 5799//1
f 5798//1 5800//1 5799//1
f 5799//1 5800//1 5801//1
f 5800//1 5802//1 5801//1
f 5801//1 5802//1 5803//1
f 5802//1 5804//1 5803//1
f 5803//1 5804//1 5805//1
f 5804//1 5806//1 5805//1
f 5805//1 5806//1 5807//1
f 5806//1 5808//1 5807//1
f 5807//1 5808//1 5809//1
f 5808//1 5810//1 5809//1
f 5809//1 5810//1 5811//1
f 5810//1 5812//1 5811//1
f 5811//1 5812//1 5813//1
f 5812//1 5814//1 5813//1
f 5813//1 5814//1 5815//1
f 5814//1 5816//1 5815//1
f 5815//1 5816//1 5817//1
f 5816//1 5818//1 5817//1
f 5817//1 5818//1 5819//1
f 5818//1 5820//1 5819//1
f 5819//1 5820//1 5821//1
f 5820//1 5822//1 5821//1
f 5821//1 5822//1 5823//1
f 5822//1 5824//1 5823//1
f 5823//1 5824//1 5825//1
f 5824//1 5826//1 5825//1
f 5825//1 5826//1 5827//1
f 5826//1 5828//1 5827//1
f 5827//1 5828//1 5829//1
f 5828//1 5830//1 5829//1
f 5829//1 5830//1 5831//1
f 5830//1 5832//1 5831//1
f 5831//1 5832//1 5833//1
f 5832//1 5834//1 5833//1
f 5833//1 5834//1 5835//1
f 5834//1 5836//1 5835//1
f 5835//1 5836//1 5837//1
f 5836//1 5838//1 5837//1
f 5837//1 5838//1 5839//1
f 5838//1 5840//1 5839//1
f 5839//1 5840//1 5841//1
f 5840//1 5842//1 5841//1
f 5841//1 5842//1 5843//1
f 5842//1 5844//1 5843//1
f 5843//1 5844//1 5845//1
f 5844//1 5846//1 5845//1
f 5845//1 5846//1 5847//1
f 5846//1 5848//1 5847//1
f 5847//1 5848//1 5849//1
f 5848//1 5850//1 5849//1
f 5849//1 5850//1 5851//1
f 5850//1 5852//1 5851//1
f 5851//1 5852//1 5853//1
f 5852//1 5854//1 5853//1
f 5853//1 5854//1 5855//1
f 5854//1 5856//1 5855//1
f 5855//1 5856//1 5857//1
f 5856//1 5858//1 5857//1
f 5857//1 5858//1 5859//1
f 5858//1 5860//1 5859//1
f 5859//1 5860//1 5861//1
f 5860//1 5862//1 5861//1
f 5861//1 5862//1 5863//1
f 5862//1 5864//1 5863//1
f 5863//1 5864//1 5865//1
f 5864//1 5866//1 5865//1
f 5865//1 5866//1 5867//1
f 5866//1 5868//1 5867//1
f 5867//1 5868//1 5869//1
f 5868//1 5870//1 5869//1
f 5869//1 5870//1 5871//1
f 5870//1 5872//1 5871//1
f 5871//1 5872//1 5873//1
f 5872//1 5874//1 5873//1
f 5873//1 5874//1 5875//1
f 5874//1 5876//1 5875//1
f 5875//1 5876//1 5877//1
f 5876//1 5878//1 5877//1
f 5877//1 5878//1 5879//1
f 5878//1 5880//1 5879//1
f 5879//1 5880//1 5881//1
f 5880//1 5882//1 5881//1
f 5881//1 5882//1 5883//1
f 5882//1 5884//1 5883//1
f 5883//1 5884//1 5885//1
f 5884//1 5886//1 5885//1
f 5885//1 5886//1 5887//1
f 5886//1 5888//1 5887//1
f 5887//1 5888//1 5889//1
f 5888//1 5890//1 5889//1
f 5889//1 5890//1 5891//1
f 5890//1 5892//1 5891//1
f 5891//1 5892//1 5893//1
f 5892//1 5894//1 5893//1
f 5893//1 5894//1 5895//1
f 5894//1 5896//1 5895//1
f 5895//1 5896//1 5897//1
f 5896//1 5898//1 5897//1
f 5897//1 5898//1 5899//1
f 5898//1 5900//1 5899//1
f 5899//1 5900//1 5901//1
f 5900//1 5902//1 5901//1
f 5901//1 5902//1 5903//1
f 5902//1 5904//1 5903//1
f 5903//1 5904//1 5761//1
f 5904//1 5762//1 5761//1
f 5804//3247 5905//3247 5806//3247
f 5905//3247 5906//3247 5806//3247
f 5806//3248 5906//3248 5808//3248
f 5906//3248 5907//3248 5808//3248
f 5808//3249 5907//3249 5810//3249
f 5907//3249 5908//3249 5810//3249
f 5810//3250 5908//3250 5812//3250
f 5908//3250 5909//3250 5812//3250
f 5812//3251 5909//3251 5814//3251
f 5909//3251 5910//3251 5814//3251
f 5814//3252 5910//3252 5816//3252
f 5910//3252 5911//3252 5816//3252
f 5816//3253 5911//3253 5818//3253
f 5911//3253 5912//3253 5818//3253
f 5818//3254 5912//3254 5820//3254
f 5912//3254 5913//3254 5820//3254
f 5820//3255 5913//3255 5822//3255
f 5913//3255 5914//3255 5822//3255
f 5822//3256 5914//3256 5824//3256
f 5914//3256 5915//3256 5824//3256
f 5824//3257 5915//3257 5826//3257
f 5915//3257 5916//3257 5826//3257
f 5826//3258 5916//3258 5828//3258
f 5916//3258 5917//3258 5828//3258
f 5828//3259 5917//3259 5830//3259
f 5917//3259 5918//3259 5830//3259
f 5830//3260 5918//3260 5832//3260
f 5918//3260 5919//3260 5832//3260
f 5832//3261 5919//3261 5834//3261
f 5919//3261 5920//3261 5834//3261
f 5834//3262 5920//3262 5836//3262
f 5920//3262 5921//3262 5836//3262
f 5836//3263 5921//3263 5838//3263
f 5921//3263 5922//3263 5838//3263
f 5838//3264 5922//3264 5840//3264
f 5922//3264 5923//3264 5840//3264
f 5840//3265 5923//3265 5842//3265
f 5923//3265 5924//3265 5842//3265
f 5842//3266 5924//3266 5844//3266
f 5924//3266 5925//3266 5844//3266
f 5844//3267 5925//3267 5846//3267
f 5925//3267 5926//3267 5846//3267
f 5846//3268 5926//3268 5848//3268
f 5926//3268 5927//3268 5848//3268
f 5848//3269 5927//3269 5850//3269
f 5927//3269 5928//3269 5850//3269
f 5850//3270 5928//3270 5852//3270
f 5928//3270 5929//3270 5852//3270
f 5852//2932 5929//2932 5854//2932
f 5929//2932 5930//2932 5854//2932
f 5854//3271 5930//3271 5856//3271
f 5930//3271 5931//3271 5856//3271
f 5856//3272 5931//3272 5858//3272
f 5931//3272 5932//3272 5858//3272
f 5858//3273 5932//3273 5860//3273
f 5932//3273 5933//3273 5860//3273
f 5860//2938 5933//2938 5862//2938
f 5933//2938 5934//2938 5862//2938
f 5862//3274 5934//3274 5864//3274
f 5934//3274 5935//3274 5864//3274
f 5864//3275 5935//3275 5866//3275
f 5935//3275 5936//3275 5866//3275
f 5866//3276 5936//3276 5868//3276
f 5936//3276 5937//3276 5868//3276
f 5868//3277 5937//3277 5870//3277
f 5937//3277 5938//3277 5870//3277
f 5870//3278 5938//3278 5872//3278
f 5938//3278 5939//3278 5872//3278
f 5872//3279 5939//3279 5874//3279
f 5939//3279 5940//3279 5874//3279
f 5874//3280 5940//3280 5876//3280
f 5940//3280 5941//3280 5876//3280
f 5876//3281 5941//3281 5878//3281
f 5941//3281 5942//3281 5878//3281
f 5878//3282 5942//3282 5880//3282
f 5942//3282 5943//3282 5880//3282
f 5880//3283 5943//3283 5882//3283
f 5943//3283 5944//3283 5882//3283
f 5882//3284 5944//3284 5884//3284
f 5944//3284 5945//3284 5884//3284
f 5884//3285 5945//3285 5886//3285
f 5945//3285 5946//3285 5886//3285
f 5886//3286 5946//3286 5888//3286
f 5946//3286 5947//3286 5888//3286
f 5888//3287 5947//3287 5890//3287
f 5947//3287 5948//3287 5890//3287
f 5890//3288 5948//3288 5892//3288
f 5948//3288 5949//3288 5892//3288
f 5892//3289 5949//3289 5894//3289
f 5949//3289 5950//3289 5894//3289
f 5894//3290 5950//3290 5896//3290
f 5950//3290 5951//3290 5896//3290
f 5896//3291 5951//3291 5898//3291
f 5951//3291 5952//3291 5898//3291
f 5898//3292 5952//3292 5900//3292
f 5952//3292 5953//3292 5900//3292
f 5900//3293 5953//3293 5902//3293
f 5953//3293 5954//3293 5902//3293
f 5902//3294 5954//3294 5904//3294
f 5954//3294 5955//3294 5904//3294
f 5904//3295 5955//3295 5762//3295
f 5955//3295 5956//3295 5762//3295
f 5762//3296 5956//3296 5764//3296
f 5956//3296 5957//3296 5764//3296
f 5764//3297 5957//3297 5766//3297
f 5957//3297 5958//3297 5766//3297
f 5766//3298 5958//3298 5768//3298
f 5958//3298 5959//3298 5768//3298
f 5768//3299 5959//3299 5770//3299
f 5959//3299 5960//3299 5770//3299
f 5770//3300 5960//3300 5772//3300
f 5960//3300 5961//3300 5772//3300
f 5772//3301 5961//3301 5774//3301
f 5961//3301 5962//3301 5774//3301
f 5774//3302 5962//3302 5776//3302
f 5962//3302 5963//3302 5776//3302
f 5776//3303 5963//3303 5778//3303
f 5963//3303 5964//3303 5778//3303
f 5778//3304 5964//3304 5780//3304
f 5964//3304 5965//3304 5780//3304
f 5780//3305 5965//3305 5782//3305
f 5965//3305 5966//3305 5782//3305
f 5782//3306 5966//3306 5784//3306
f 5966//3306 5967//3306 5784//3306
f 5784//3307 5967//3307 5786//3307
f 5967//3307 5968//3307 5786//3307
f 5786//3308 5968//3308 5788//3308
f 5968//3308 5969//3308 5788//3308
f 5788//3309 5969//3309 5790//3309
f 5969//3309 5970//3309 5790//3309
f 5790//3310 5970//3310 5792//3310
f 5970//3310 5971//3310 5792//3310
f 5792//3311 5971//3311 5794//3311
f 5971//3311 5972//3311 5794//3311
f 5794//3312 5972//3312 5796//3312
f 5972//3312 5973//3312 5796//3312
f 5796//3313 5973//3313 5798//3313
f 5973//3313 5974//3313 5798//3313
f 5798//3314 5974//3314 5800//3314
f 5974//3314 5975//3314 5800//3314
f 5800//3315 5975//3315 5802//3315
f 5975//3315 5976//3315 5802//3315
f 5802//3316 5976//3316 5804//3316
f 5976//3316 5905//3316 5804//3316
f 5977//3317 1476//3317 5978//3317
f 1476//3317 1475//3317 5978//3317
f 5978//3318 1475//3318 5979//3318
f 1475//3318 1495//3318 5979//3318
f 5979//3319 1495//3319 5980//3319
f 1495//3319 1494//3319 5980//3319
f 5980//3320 1494//3320 5981//3320
f 1494//3320 1493//3320 5981//3320
f 5981//3321 1493//3321 5982//3321
f 1493//3321 1492//3321 5982//3321
f 5982//3322 1492//3322 5983//3322
f 1492//3322 1491//3322 5983//3322
f 5983//3323 1491//3323 5984//3323
f 1491//3323 1490//3323 5984//3323
f 5984//3324 1490//3324 5985//3324
f 1490//3324 1451//3324 5985//3324
f 5985//3325 1451//3325 5986//3325
f 1451//3325 1450//3325 5986//3325
f 5986//3326 1450//3326 5987//3326
f 1450//3326 1449//3326 5987//3326
f 5987//3327 1449//3327 5988//3327
f 1449//3327 1436//3327 5988//3327
f 5988//3328 1436//3328 5989//3328
f 1436//3328 1438//3328 5989//3328
f 5989//3329 1438//3329 5990//3329
f 1438//3329 1439//3329 5990//3329
f 5990//3330 1439//3330 5991//3330
f 1439//3330 1473//3330 5991//3330
f 5991//3331 1473//3331 5992//3331
f 1473//3331 1472//3331 5992//3331
f 5992//3332 1472//3332 5993//3332
f 1472//3332 1471//3332 5993//3332
f 5993//3333 1471//3333 5994//3333
f 1471//3333 1470//3333 5994//3333
f 5994//3334 1470//3334 5995//3334
f 1470//3334 1469//3334 5995//3334
f 5995//3335 1469//3335 5996//3335
f 1469//3335 1468//3335 5996//3335
f 5996//3336 1468//3336 5997//3336
f 1468//3336 1483//3336 5997//3336
f 5997//3337 1483//3337 5998//3337
f 1483//3337 1482//3337 5998//3337
f 5998//3338 1482//3338 5999//3338
f 1482//3338 1481//3338 5999//3338
f 5999//3339 1481//3339 6000//3339
f 1481//3339 1467//3339 6000//3339
f 6000//3340 1467//3340 6001//3340
f 1467//3340 1466//3340 6001//3340
f 6001//3341 1466//3341 6002//3341
f 1466//3341 1464//3341 6002//3341
f 6002//3342 1464//3342 6003//3342
f 1464//3342 1463//3342 6003//3342
f 6003//3343 1463//3343 6004//3343
f 1463//3343 1402//3343 6004//3343
f 6004//3344 1402//3344 6005//3344
f 1402//3344 1401//3344 6005//3344
f 6005//3345 1401//3345 6006//3345
f 1401//3345 1435//3345 6006//3345
f 6006//3346 1435//3346 6007//3346
f 1435//3346 1434//3346 6007//3346
f 6007//3347 1434//3347 6008//3347
f 1434//3347 1433//3347 6008//3347
f 6008//3348 1433//3348 6009//3348
f 1433//3348 1432//3348 6009//3348
f 6009//3349 1432//3349 6010//3349
f 1432//3349 1431//3349 6010//3349
f 6010//3350 1431//3350 6011//3350
f 1431//3350 1429//3350 6011//3350
f 6011//3351 1429//3351 6012//3351
f 1429//3351 1428//3351 6012//3351
f 6012//3352 1428//3352 6013//3352
f 1428//3352 1421//3352 6013//3352
f 6013//3353 1421//3353 6014//3353
f 1421//3353 1420//3353 6014//3353
f 6014//3354 1420//3354 6015//3354
f 1420//3354 1419//3354 6015//3354
f 6015//3355 1419//3355 6016//3355
f 1419//3355 1407//3355 6016//3355
f 6016//3356 1407//3356 6017//3356
f 1407//3356 1406//3356 6017//3356
f 6017//3357 1406//3357 6018//3357
f 1406//3357 1405//3357 6018//3357
f 6018//3358 1405//3358 6019//3358
f 1405//3358 1404//3358 6019//3358
f 6019//3359 1404//3359 6020//3359
f 1404//3359 1462//3359 6020//3359
f 6020//3360 1462//3360 6021//3360
f 1462//3360 1461//3360 6021//3360
f 6021//3361 1461//3361 6022//3361
f 1461//3361 1460//3361 6022//3361
f 6022//3362 1460//3362 6023//3362
f 1460//3362 1427//3362 6023//3362
f 6023//3363 1427//3363 6024//3363
f 1427//3363 1426//3363 6024//3363
f 6024//3364 1426//3364 6025//3364
f 1426//3364 1425//3364 6025//3364
f 6025//3365 1425//3365 6026//3365
f 1425//3365 1418//3365 6026//3365
f 6026//3366 1418//3366 6027//3366
f 1418//3366 1417//3366 6027//3366
f 6027//3367 1417//3367 6028//3367
f 1417//3367 1424//3367 6028//3367
f 6028//3368 1424//3368 6029//3368
f 1424//3368 1423//3368 6029//3368
f 6029//3369 1423//3369 6030//3369
f 1423//3369 1422//3369 6030//3369
f 6030//3370 1422//3370 6031//3370
f 1422//3370 1390//3370 6031//3370
f 6031//3371 1390//3371 6032//3371
f 1390//3371 1389//3371 6032//3371
f 6032//3372 1389//3372 6033//3372
f 1389//3372 1459//3372 6033//3372
f 6033//3373 1459//3373 6034//3373
f 1459//3373 1458//3373 6034//3373
f 6034//3374 1458//3374 6035//3374
f 1458//3374 1457//3374 6035//3374
f 6035//3375 1457//3375 6036//3375
f 1457//3375 1456//3375 6036//3375
f 6036//3376 1456//3376 6037//3376
f 1456//3376 1455//3376 6037//3376
f 6037//3377 1455//3377 6038//3377
f 1455//3377 1453//3377 6038//3377
f 6038//3378 1453//3378 6039//3378
f 1453//3378 1452//3378 6039//3378
f 6039//3379 1452//3379 6040//3379
f 1452//3379 1489//3379 6040//3379
f 6040//3380 1489//3380 6041//3380
f 1489//3380 1488//3380 6041//3380
f 6041//3381 1488//3381 6042//3381
f 1488//3381 1487//3381 6042//3381
f 6042//3382 1487//3382 6043//3382
f 1487//3382 1477//3382 6043//3382
f 6043//3383 1477//3383 6044//3383
f 1477//3383 1479//3383 6044//3383
f 6044//3384 1479//3384 6045//3384
f 1479//3384 1480//3384 6045//3384
f 6045//3385 1480//3385 6046//3385
f 1480//3385 1486//3385 6046//3385
f 6046//3386 1486//3386 6047//3386
f 1486//3386 1485//3386 6047//3386
f 6047//3387 1485//3387 6048//3387
f 1485//3387 1484//3387 6048//3387
f 6048//3388 1484//3388 5977//3388
f 1484//3388 1476//3388 5977//3388
f 6049//3317 6050//3317 6051//3317
f 6050//3317 6052//3317 6051//3317
f 6051//3389 6052//3389 6053//3389
f 6052//3389 6054//3389 6053//3389
f 6053//3390 6054//3390 6055//3390
f 6054//3390 6056//3390 6055//3390
f 6055//3391 6056//3391 6057//3391
f 6056//3391 6058//3391 6057//3391
f 6057//3392 6058//3392 6059//3392
f 6058//3392 6060//3392 6059//3392
f 6059//3393 6060//3393 6061//3393
f 6060//3393 6062//3393 6061//3393
f 6061//3394 6062//3394 6063//3394
f 6062//3394 6064//3394 6063//3394
f 6063//3395 6064//3395 6065//3395
f 6064//3395 6066//3395 6065//3395
f 6065//3396 6066//3396 6067//3396
f 6066//3396 6068//3396 6067//3396
f 6067//3397 6068//3397 6069//3397
f 6068//3397 6070//3397 6069//3397
f 6069//3398 6070//3398 6071//3398
f 6070//3398 6072//3398 6071//3398
f 6071//3399 6072//3399 6073//3399
f 6072//3399 6074//3399 6073//3399
f 6073//3400 6074//3400 6075//3400
f 6074//3400 6076//3400 6075//3400
f 6075//3401 6076//3401 6077//3401
f 6076//3401 6078//3401 6077//3401
f 6077//3331 6078//3331 6079//3331
f 6078//3331 6080//3331 6079//3331
f 6079//3402 6080//3402 6081//3402
f 6080//3402 6082//3402 6081//3402
f 6081//3403 6082//3403 6083//3403
f 6082//3403 6084//3403 6083//3403
f 6083//3404 6084//3404 6085//3404
f 6084//3404 6086//3404 6085//3404
f 6085//3405 6086//3405 6087//3405
f 6086//3405 6088//3405 6087//3405
f 6087//3406 6088//3406 6089//3406
f 6088//3406 6090//3406 6089//3406
f 6089//3407 6090//3407 6091//3407
f 6090//3407 6092//3407 6091//3407
f 6091//3408 6092//3408 6093//3408
f 6092//3408 6094//3408 6093//3408
f 6093//3409 6094//3409 6095//3409
f 6094//3409 6096//3409 6095//3409
f 6095//3410 6096//3410 6097//3410
f 6096//3410 6098//3410 6097//3410
f 6097//3411 6098//3411 6099//3411
f 6098//3411 6100//3411 6099//3411
f 6099//3412 6100//3412 6101//3412
f 6100//3412 6102//3412 6101//3412
f 6101//3413 6102//3413 6103//3413
f 6102//3413 6104//3413 6103//3413
f 6103//3414 6104//3414 6105//3414
f 6104//3414 6106//3414 6105//3414
f 6105//3345 6106//3345 6107//3345
f 6106//3345 6108//3345 6107//3345
f 6107//3415 6108//3415 6109//3415
f 6108//3415 6110//3415 6109//3415
f 6109//3416 6110//3416 6111//3416
f 6110//3416 6112//3416 6111//3416
f 6111//3417 6112//3417 6113//3417
f 6112//3417 6114//3417 6113//3417
f 6113//3418 6114//3418 6115//3418
f 6114//3418 6116//3418 6115//3418
f 6115//3419 6116//3419 6117//3419
f 6116//3419 6118//3419 6117//3419
f 6117//3420 6118//3420 6119//3420
f 6118//3420 6120//3420 6119//3420
f 6119//3352 6120//3352 6121//3352
f 6120//3352 6122//3352 6121//3352
f 6121//3421 6122//3421 6123//3421
f 6122//3421 6124//3421 6123//3421
f 6123//3354 6124//3354 6125//3354
f 6124//3354 6126//3354 6125//3354
f 6125//3422 6126//3422 6127//3422
f 6126//3422 6128//3422 6127//3422
f 6127//3423 6128//3423 6129//3423
f 6128//3423 6130//3423 6129//3423
f 6129//3357 6130//3357 6131//3357
f 6130//3357 6132//3357 6131//3357
f 6131//3358 6132//3358 6133//3358
f 6132//3358 6134//3358 6133//3358
f 6133//3359 6134//3359 6135//3359
f 6134//3359 6136//3359 6135//3359
f 6135//3360 6136//3360 6137//3360
f 6136//3360 6138//3360 6137//3360
f 6137//3361 6138//3361 6139//3361
f 6138//3361 6140//3361 6139//3361
f 6139//3424 6140//3424 6141//3424
f 6140//3424 6142//3424 6141//3424
f 6141//3425 6142//3425 6143//3425
f 6142//3425 6144//3425 6143//3425
f 6143//3364 6144//3364 6145//3364
f 6144//3364 6146//3364 6145//3364
f 6145//3365 6146//3365 6147//3365
f 6146//3365 6148//3365 6147//3365
f 6147//3426 6148//3426 6149//3426
f 6148//3426 6150//3426 6149//3426
f 6149//3367 6150//3367 6151//3367
f 6150//3367 6152//3367 6151//3367
f 6151//3427 6152//3427 6153//3427
f 6152//3427 6154//3427 6153//3427
f 6153//3428 6154//3428 6155//3428
f 6154//3428 6156//3428 6155//3428
f 6155//3429 6156//3429 6157//3429
f 6156//3429 6158//3429 6157//3429
f 6157//3430 6158//3430 6159//3430
f 6158//3430 6160//3430 6159//3430
f 6159//3431 6160//3431 6161//3431
f 6160//3431 6162//3431 6161//3431
f 6161//3432 6162//3432 6163//3432
f 6162//3432 6164//3432 6163//3432
f 6163//3374 6164//3374 6165//3374
f 6164//3374 6166//3374 6165//3374
f 6165//3433 6166//3433 6167//3433
f 6166//3433 6168//3433 6167//3433
f 6167//3376 6168//3376 6169//3376
f 6168//3376 6170//3376 6169//3376
f 6169//3377 6170//3377 6171//3377
f 6170//3377 6172//3377 6171//3377
f 6171//3434 6172//3434 6173//3434
f 6172//3434 6174//3434 6173//3434
f 6173//3435 6174//3435 6175//3435
f 6174//3435 6176//3435 6175//3435
f 6175//3436 6176//3436 6177//3436
f 6176//3436 6178//3436 6177//3436
f 6177//3437 6178//3437 6179//3437
f 6178//3437 6180//3437 6179//3437
f 6179//3438 6180//3438 6181//3438
f 6180//3438 6182//3438 6181//3438
f 6181//3439 6182//3439 6183//3439
f 6182//3439 6184//3439 6183//3439
f 6183//3440 6184//3440 6185//3440
f 6184//3440 6186//3440 6185//3440
f 6185//3441 6186//3441 6187//3441
f 6186//3441 6188//3441 6187//3441
f 6187//3442 6188//3442 6189//3442
f 6188//3442 6190//3442 6189//3442
f 6189//3387 6190//3387 6191//3387
f 6190//3387 6192//3387 6191//3387
f 6191//3443 6192//3443 6049//3443
f 6192//3443 6050//3443 6049//3443
f 6193//3444 6194//3444 6195//3444
f 6194//3444 6196//3444 6195//3444
f 6195//3445 6196//3445 6197//3445
f 6196//3445 6198//3445 6197//3445
f 6197//3446 6198//3446 6199//3446
f 6198//3446 6200//3446 6199//3446
f 6199//3391 6200//3391 6201//3391
f 6200//3391 6202//3391 6201//3391
f 6201//3447 6202//3447 6203//3447
f 6202//3447 6204//3447 6203//3447
f 6203//3393 6204//3393 6205//3393
f 6204//3393 6206//3393 6205//3393
f 6205//3394 6206//3394 6207//3394
f 6206//3394 6208//3394 6207//3394
f 6207//3448 6208//3448 6209//3448
f 6208//3448 6210//3448 6209//3448
f 6209//3396 6210//3396 6211//3396
f 6210//3396 6212//3396 6211//3396
f 6211//3449 6212//3449 6213//3449
f 6212//3449 6214//3449 6213//3449
f 6213//3450 6214//3450 6215//3450
f 6214//3450 6216//3450 6215//3450
f 6215//3328 6216//3328 6217//3328
f 6216//3328 6218//3328 6217//3328
f 6217//3329 6218//3329 6219//3329
f 6218//3329 6220//3329 6219//3329
f 6219//3451 6220//3451 6221//3451
f 6220//3451 6222//3451 6221//3451
f 6221//3452 6222//3452 6223//3452
f 6222//3452 6224//3452 6223//3452
f 6223//3453 6224//3453 6225//3453
f 6224//3453 6226//3453 6225//3453
f 6225//3403 6226//3403 6227//3403
f 6226//3403 6228//3403 6227//3403
f 6227//3454 6228//3454 6229//3454
f 6228//3454 6230//3454 6229//3454
f 6229//3405 6230//3405 6231//3405
f 6230//3405 6232//3405 6231//3405
f 6231//3406 6232//3406 6233//3406
f 6232//3406 6234//3406 6233//3406
f 6233//3455 6234//3455 6235//3455
f 6234//3455 6236//3455 6235//3455
f 6235//3456 6236//3456 6237//3456
f 6236//3456 6238//3456 6237//3456
f 6237//3457 6238//3457 6239//3457
f 6238//3457 6240//3457 6239//3457
f 6239//3340 6240//3340 6241//3340
f 6240//3340 6242//3340 6241//3340
f 6241//3341 6242//3341 6243//3341
f 6242//3341 6244//3341 6243//3341
f 6243//3458 6244//3458 6245//3458
f 6244//3458 6246//3458 6245//3458
f 6245//3459 6246//3459 6247//3459
f 6246//3459 6248//3459 6247//3459
f 6247//3460 6248//3460 6249//3460
f 6248//3460 6250//3460 6249//3460
f 6249//3461 6250//3461 6251//3461
f 6250//3461 6252//3461 6251//3461
f 6251//3415 6252//3415 6253//3415
f 6252//3415 6254//3415 6253//3415
f 6253//3416 6254//3416 6255//3416
f 6254//3416 6256//3416 6255//3416
f 6255//3462 6256//3462 6257//3462
f 6256//3462 6258//3462 6257//3462
f 6257//3463 6258//3463 6259//3463
f 6258//3463 6260//3463 6259//3463
f 6259//3464 6260//3464 6261//3464
f 6260//3464 6262//3464 6261//3464
f 6261//3465 6262//3465 6263//3465
f 6262//3465 6264//3465 6263//3465
f 6263//3466 6264//3466 6265//3466
f 6264//3466 6266//3466 6265//3466
f 6265//3467 6266//3467 6267//3467
f 6266//3467 6268//3467 6267//3467
f 6267//3468 6268//3468 6269//3468
f 6268//3468 6270//3468 6269//3468
f 6269//3469 6270//3469 6271//3469
f 6270//3469 6272//3469 6271//3469
f 6271//3470 6272//3470 6273//3470
f 6272//3470 6274//3470 6273//3470
f 6273//3471 6274//3471 6275//3471
f 6274//3471 6276//3471 6275//3471
f 6275//3358 6276//3358 6277//3358
f 6276//3358 6278//3358 6277//3358
f 6277//3359 6278//3359 6279//3359
f 6278//3359 6280//3359 6279//3359
f 6279//3472 6280//3472 6281//3472
f 6280//3472 6282//3472 6281//3472
f 6281//3473 6282//3473 6283//3473
f 6282//3473 6284//3473 6283//3473
f 6283//3474 6284//3474 6285//3474
f 6284//3474 6286//3474 6285//3474
f 6285//3425 6286//3425 6287//3425
f 6286//3425 6288//3425 6287//3425
f 6287//3364 6288//3364 6289//3364
f 6288//3364 6290//3364 6289//3364
f 6289//3365 6290//3365 6291//3365
f 6290//3365 6292//3365 6291//3365
f 6291//3475 6292//3475 6293//3475
f 6292//3475 6294//3475 6293//3475
f 6293//3476 6294//3476 6295//3476
f 6294//3476 6296//3476 6295//3476
f 6295//3427 6296//3427 6297//3427
f 6296//3427 6298//3427 6297//3427
f 6297//3428 6298//3428 6299//3428
f 6298//3428 6300//3428 6299//3428
f 6299//3429 6300//3429 6301//3429
f 6300//3429 6302//3429 6301//3429
f 6301//3477 6302//3477 6303//3477
f 6302//3477 6304//3477 6303//3477
f 6303//3431 6304//3431 6305//3431
f 6304//3431 6306//3431 6305//3431
f 6305//3478 6306//3478 6307//3478
f 6306//3478 6308//3478 6307//3478
f 6307//3479 6308//3479 6309//3479
f 6308//3479 6310//3479 6309//3479
f 6309//3480 6310//3480 6311//3480
f 6310//3480 6312//3480 6311//3480
f 6311//3376 6312//3376 6313//3376
f 6312//3376 6314//3376 6313//3376
f 6313//3377 6314//3377 6315//3377
f 6314//3377 6316//3377 6315//3377
f 6315//3434 6316//3434 6317//3434
f 6316//3434 6318//3434 6317//3434
f 6317//3481 6318//3481 6319//3481
f 6318//3481 6320//3481 6319//3481
f 6319//3482 6320//3482 6321//3482
f 6320//3482 6322//3482 6321//3482
f 6321//3483 6322//3483 6323//3483
f 6322//3483 6324//3483 6323//3483
f 6323//3438 6324//3438 6325//3438
f 6324//3438 6326//3438 6325//3438
f 6325//3439 6326//3439 6327//3439
f 6326//3439 6328//3439 6327//3439
f 6327//3484 6328//3484 6329//3484
f 6328//3484 6330//3484 6329//3484
f 6329//3485 6330//3485 6331//3485
f 6330//3485 6332//3485 6331//3485
f 6331//3442 6332//3442 6333//3442
f 6332//3442 6334//3442 6333//3442
f 6333//3486 6334//3486 6335//3486
f 6334//3486 6336//3486 6335//3486
f 6335//3487 6336//3487 6193//3487
f 6336//3487 6194//3487 6193//3487
f 6337//3444 6338//3444 6339//3444
f 6338//3444 6340//3444 6339//3444
f 6339//3488 6340//3488 6341//3488
f 6340//3488 6342//3488 6341//3488
f 6341//3319 6342//3319 6343//3319
f 6342//3319 6344//3319 6343//3319
f 6343//3320 6344//3320 6345//3320
f 6344//3320 6346//3320 6345//3320
f 6345//3489 6346//3489 6347//3489
f 6346//3489 6348//3489 6347//3489
f 6347//3490 6348//3490 6349//3490
f 6348//3490 6350//3490 6349//3490
f 6349//3491 6350//3491 6351//3491
f 6350//3491 6352//3491 6351//3491
f 6351//3448 6352//3448 6353//3448
f 6352//3448 6354//3448 6353//3448
f 6353//3492 6354//3492 6355//3492
f 6354//3492 6356//3492 6355//3492
f 6355//3493 6356//3493 6357//3493
f 6356//3493 6358//3493 6357//3493
f 6357//3327 6358//3327 6359//3327
f 6358//3327 6360//3327 6359//3327
f 6359//3328 6360//3328 6361//3328
f 6360//3328 6362//3328 6361//3328
f 6361//3329 6362//3329 6363//3329
f 6362//3329 6364//3329 6363//3329
f 6363//3494 6364//3494 6365//3494
f 6364//3494 6366//3494 6365//3494
f 6365//3452 6366//3452 6367//3452
f 6366//3452 6368//3452 6367//3452
f 6367//3495 6368//3495 6369//3495
f 6368//3495 6370//3495 6369//3495
f 6369//3333 6370//3333 6371//3333
f 6370//3333 6372//3333 6371//3333
f 6371//3496 6372//3496 6373//3496
f 6372//3496 6374//3496 6373//3496
f 6373//3335 6374//3335 6375//3335
f 6374//3335 6376//3335 6375//3335
f 6375//3336 6376//3336 6377//3336
f 6376//3336 6378//3336 6377//3336
f 6377//3337 6378//3337 6379//3337
f 6378//3337 6380//3337 6379//3337
f 6379//3456 6380//3456 6381//3456
f 6380//3456 6382//3456 6381//3456
f 6381//3497 6382//3497 6383//3497
f 6382//3497 6384//3497 6383//3497
f 6383//3340 6384//3340 6385//3340
f 6384//3340 6386//3340 6385//3340
f 6385//3341 6386//3341 6387//3341
f 6386//3341 6388//3341 6387//3341
f 6387//3342 6388//3342 6389//3342
f 6388//3342 6390//3342 6389//3342
f 6389//3343 6390//3343 6391//3343
f 6390//3343 6392//3343 6391//3343
f 6391//3498 6392//3498 6393//3498
f 6392//3498 6394//3498 6393//3498
f 6393//3461 6394//3461 6395//3461
f 6394//3461 6396//3461 6395//3461
f 6395//3346 6396//3346 6397//3346
f 6396//3346 6398//3346 6397//3346
f 6397//3347 6398//3347 6399//3347
f 6398//3347 6400//3347 6399//3347
f 6399//3499 6400//3499 6401//3499
f 6400//3499 6402//3499 6401//3499
f 6401//3500 6402//3500 6403//3500
f 6402//3500 6404//3500 6403//3500
f 6403//3501 6404//3501 6405//3501
f 6404//3501 6406//3501 6405//3501
f 6405//3502 6406//3502 6407//3502
f 6406//3502 6408//3502 6407//3502
f 6407//3466 6408//3466 6409//3466
f 6408//3466 6410//3466 6409//3466
f 6409//3503 6410//3503 6411//3503
f 6410//3503 6412//3503 6411//3503
f 6411//3468 6412//3468 6413//3468
f 6412//3468 6414//3468 6413//3468
f 6413//3504 6414//3504 6415//3504
f 6414//3504 6416//3504 6415//3504
f 6415//3505 6416//3505 6417//3505
f 6416//3505 6418//3505 6417//3505
f 6417//3471 6418//3471 6419//3471
f 6418//3471 6420//3471 6419//3471
f 6419//3358 6420//3358 6421//3358
f 6420//3358 6422//3358 6421//3358
f 6421//3359 6422//3359 6423//3359
f 6422//3359 6424//3359 6423//3359
f 6423//3472 6424//3472 6425//3472
f 6424//3472 6426//3472 6425//3472
f 6425//3506 6426//3506 6427//3506
f 6426//3506 6428//3506 6427//3506
f 6427//3362 6428//3362 6429//3362
f 6428//3362 6430//3362 6429//3362
f 6429//3363 6430//3363 6431//3363
f 6430//3363 6432//3363 6431//3363
f 6431//3364 6432//3364 6433//3364
f 6432//3364 6434//3364 6433//3364
f 6433//3365 6434//3365 6435//3365
f 6434//3365 6436//3365 6435//3365
f 6435//3507 6436//3507 6437//3507
f 6436//3507 6438//3507 6437//3507
f 6437//3476 6438//3476 6439//3476
f 6438//3476 6440//3476 6439//3476
f 6439//3368 6440//3368 6441//3368
f 6440//3368 6442//3368 6441//3368
f 6441//3369 6442//3369 6443//3369
f 6442//3369 6444//3369 6443//3369
f 6443//3508 6444//3508 6445//3508
f 6444//3508 6446//3508 6445//3508
f 6445//3509 6446//3509 6447//3509
f 6446//3509 6448//3509 6447//3509
f 6447//3372 6448//3372 6449//3372
f 6448//3372 6450//3372 6449//3372
f 6449//3510 6450//3510 6451//3510
f 6450//3510 6452//3510 6451//3510
f 6451//3479 6452//3479 6453//3479
f 6452//3479 6454//3479 6453//3479
f 6453//3511 6454//3511 6455//3511
f 6454//3511 6456//3511 6455//3511
f 6455//3376 6456//3376 6457//3376
f 6456//3376 6458//3376 6457//3376
f 6457//3377 6458//3377 6459//3377
f 6458//3377 6460//3377 6459//3377
f 6459//3378 6460//3378 6461//3378
f 6460//3378 6462//3378 6461//3378
f 6461//3512 6462//3512 6463//3512
f 6462//3512 6464//3512 6463//3512
f 6463//3436 6464//3436 6465//3436
f 6464//3436 6466//3436 6465//3436
f 6465//3483 6466//3483 6467//3483
f 6466//3483 6468//3483 6467//3483
f 6467//3438 6468//3438 6469//3438
f 6468//3438 6470//3438 6469//3438
f 6469//3439 6470//3439 6471//3439
f 6470//3439 6472//3439 6471//3439
f 6471//3484 6472//3484 6473//3484
f 6472//3484 6474//3484 6473//3484
f 6473//3385 6474//3385 6475//3385
f 6474//3385 6476//3385 6475//3385
f 6475//3386 6476//3386 6477//3386
f 6476//3386 6478//3386 6477//3386
f 6477//3486 6478//3486 6479//3486
f 6478//3486 6480//3486 6479//3486
f 6479//3513 6480//3513 6337//3513
f 6480//3513 6338//3513 6337//3513
f 5722//3514 5803//3514 5723//3514
f 5803//3514 5805//3514 5723//3514
f 5723//3515 5805//3515 5724//3515
f 5805//3515 5807//3515 5724//3515
f 5724//3516 5807//3516 5725//3516
f 5807//3516 5809//3516 5725//3516
f 5725//3517 5809//3517 5726//3517
f 5809//3517 5811//3517 5726//3517
f 5726//3518 5811//3518 5727//3518
f 5811//3518 5813//3518 5727//3518
f 5727//3252 5813//3252 5728//3252
f 5813//3252 5815//3252 5728//3252
f 5728//3155 5815//3155 5729//3155
f 5815//3155 5817//3155 5729//3155
f 5729//3519 5817//3519 5730//3519
f 5817//3519 5819//3519 5730//3519
f 5730//3157 5819//3157 5731//3157
f 5819//3157 5821//3157 5731//3157
f 5731//3520 5821//3520 5732//3520
f 5821//3520 5823//3520 5732//3520
f 5732//3521 5823//3521 5733//3521
f 5823//3521 5825//3521 5733//3521
f 5733//3162 5825//3162 5734//3162
f 5825//3162 5827//3162 5734//3162
f 5734//3522 5827//3522 5735//3522
f 5827//3522 5829//3522 5735//3522
f 5735//3523 5829//3523 5736//3523
f 5829//3523 5831//3523 5736//3523
f 5736//3524 5831//3524 5737//3524
f 5831//3524 5833//3524 5737//3524
f 5737//3525 5833//3525 5738//3525
f 5833//3525 5835//3525 5738//3525
f 5738//3526 5835//3526 5739//3526
f 5835//3526 5837//3526 5739//3526
f 5739//3527 5837//3527 5740//3527
f 5837//3527 5839//3527 5740//3527
f 5740//3528 5839//3528 5741//3528
f 5839//3528 5841//3528 5741//3528
f 5741//3529 5841//3529 5742//3529
f 5841//3529 5843//3529 5742//3529
f 5742//3530 5843//3530 5743//3530
f 5843//3530 5845//3530 5743//3530
f 5743//3531 5845//3531 5744//3531
f 5845//3531 5847//3531 5744//3531
f 5744//3532 5847//3532 5745//3532
f 5847//3532 5849//3532 5745//3532
f 5745//3533 5849//3533 5746//3533
f 5849//3533 5851//3533 5746//3533
f 5746//2932 5851//2932 5747//2932
f 5851//2932 5853//2932 5747//2932
f 5747//3534 5853//3534 5748//3534
f 5853//3534 5855//3534 5748//3534
f 5748//2935 5855//2935 5749//2935
f 5855//2935 5857//2935 5749//2935
f 5749//2937 5857//2937 5750//2937
f 5857//2937 5859//2937 5750//2937
f 5750//3535 5859//3535 5751//3535
f 5859//3535 5861//3535 5751//3535
f 5751//3536 5861//3536 5752//3536
f 5861//3536 5863//3536 5752//3536
f 5752//3275 5863//3275 5753//3275
f 5863//3275 5865//3275 5753//3275
f 5753//3537 5865//3537 5754//3537
f 5865//3537 5867//3537 5754//3537
f 5754//3538 5867//3538 5755//3538
f 5867//3538 5869//3538 5755//3538
f 5755//3539 5869//3539 5756//3539
f 5869//3539 5871//3539 5756//3539
f 5756//3540 5871//3540 5757//3540
f 5871//3540 5873//3540 5757//3540
f 5757//3541 5873//3541 5758//3541
f 5873//3541 5875//3541 5758//3541
f 5758//3542 5875//3542 5759//3542
f 5875//3542 5877//3542 5759//3542
f 5759//3543 5877//3543 5760//3543
f 5877//3543 5879//3543 5760//3543
f 5760//3544 5879//3544 5689//3544
f 5879//3544 5881//3544 5689//3544
f 5689//3545 5881//3545 5690//3545
f 5881//3545 5883//3545 5690//3545
f 5690//3546 5883//3546 5691//3546
f 5883//3546 5885//3546 5691//3546
f 5691//3286 5885//3286 5692//3286
f 5885//3286 5887//3286 5692//3286
f 5692//2979 5887//2979 5693//2979
f 5887//2979 5889//2979 5693//2979
f 5693//3288 5889//3288 5694//3288
f 5889//3288 5891//3288 5694//3288
f 5694//2981 5891//2981 5695//2981
f 5891//2981 5893//2981 5695//2981
f 5695//3547 5893//3547 5696//3547
f 5893//3547 5895//3547 5696//3547
f 5696//3548 5895//3548 5697//3548
f 5895//3548 5897//3548 5697//3548
f 5697//44 5897//44 5698//44
f 5897//44 5899//44 5698//44
f 5698//3549 5899//3549 5699//3549
f 5899//3549 5901//3549 5699//3549
f 5699//3550 5901//3550 5700//3550
f 5901//3550 5903//3550 5700//3550
f 5700//3551 5903//3551 5701//3551
f 5903//3551 5761//3551 5701//3551
f 5701//3552 5761//3552 5702//3552
f 5761//3552 5763//3552 5702//3552
f 5702//3553 5763//3553 5703//3553
f 5763//3553 5765//3553 5703//3553
f 5703//3554 5765//3554 5704//3554
f 5765//3554 5767//3554 5704//3554
f 5704//3555 5767//3555 5705//3555
f 5767//3555 5769//3555 5705//3555
f 5705//3556 5769//3556 5706//3556
f 5769//3556 5771//3556 5706//3556
f 5706//3557 5771//3557 5707//3557
f 5771//3557 5773//3557 5707//3557
f 5707//3558 5773//3558 5708//3558
f 5773//3558 5775//3558 5708//3558
f 5708//3559 5775//3559 5709//3559
f 5775//3559 5777//3559 5709//3559
f 5709//3560 5777//3560 5710//3560
f 5777//3560 5779//3560 5710//3560
f 5710//2998 5779//2998 5711//2998
f 5779//2998 5781//2998 5711//2998
f 5711//3561 5781//3561 5712//3561
f 5781//3561 5783//3561 5712//3561
f 5712//3001 5783//3001 5713//3001
f 5783//3001 5785//3001 5713//3001
f 5713//3003 5785//3003 5714//3003
f 5785//3003 5787//3003 5714//3003
f 5714//3562 5787//3562 5715//3562
f 5787//3562 5789//3562 5715//3562
f 5715//3563 5789//3563 5716//3563
f 5789//3563 5791//3563 5716//3563
f 5716//3564 5791//3564 5717//3564
f 5791//3564 5793//3564 5717//3564
f 5717//3565 5793//3565 5718//3565
f 5793//3565 5795//3565 5718//3565
f 5718//3566 5795//3566 5719//3566
f 5795//3566 5797//3566 5719//3566
f 5719//3567 5797//3567 5720//3567
f 5797//3567 5799//3567 5720//3567
f 5720//3568 5799//3568 5721//3568
f 5799//3568 5801//3568 5721//3568
f 5721//3569 5801//3569 5722//3569
f 5801//3569 5803//3569 5722//3569
f 5614//2 5612//2 5684//2
f 5683//2 5682//2 5618//2
f 4455//2 4454//2 5680//2
f 4454//2 5618//2 5680//2
f 5680//2 5618//2 5681//2
f 5618//2 5682//2 5681//2
f 5683//2 5618//2 5684//2
f 5618//2 5616//2 5684//2
f 5684//2 5616//2 5614//2
f 5608//2 5688//2 5606//2
f 5612//2 5610//2 5684//2
f 5610//2 5609//2 5684//2
f 5684//2 5609//2 5685//2
f 5609//2 5686//2 5685//2
f 5608//2 5606//2 5609//2
f 5606//2 5687//2 5609//2
f 5609//2 5687//2 5686//2
f 5294//2760 2109//2760 5244//2760
f 2109//2760 2111//2760 5244//2760
f 5244//2761 2111//2761 5245//2761
f 2111//2761 2066//2761 5245//2761
f 5245//2762 2066//2762 5285//2762
f 2066//2762 2077//2762 5285//2762
f 5285//2850 2077//2850 5286//2850
f 2077//2850 2076//2850 5286//2850
f 5286//2851 2076//2851 5287//2851
f 2076//2851 2075//2851 5287//2851
f 5287//2765 2075//2765 5295//2765
f 2075//2765 2088//2765 5295//2765
f 5295//2852 2088//2852 5296//2852
f 2088//2852 2087//2852 5296//2852
f 5296//2767 2087//2767 5288//2767
f 2087//2767 2086//2767 5288//2767
f 5288//2768 2086//2768 5289//2768
f 2086//2768 2082//2768 5289//2768
f 5289//2769 2082//2769 5297//2769
f 2082//2769 2081//2769 5297//2769
f 5297//2853 2081//2853 5298//2853
f 2081//2853 2080//2853 5298//2853
f 5298//2854 2080//2854 5299//2854
f 2080//2854 2074//2854 5299//2854
f 5299//2855 2074//2855 5260//2855
f 2074//2855 2073//2855 5260//2855
f 5260//2856 2073//2856 5261//2856
f 2073//2856 2072//2856 5261//2856
f 5261//2774 2072//2774 5262//2774
f 2072//2774 2039//2774 5262//2774
f 5262//2775 2039//2775 5247//2775
f 2039//2775 2038//2775 5247//2775
f 5247//2776 2038//2776 5248//2776
f 2038//2776 2037//2776 5248//2776
f 5248//2777 2037//2777 5249//2777
f 2037//2777 2036//2777 5249//2777
f 5249//2778 2036//2778 5243//2778
f 2036//2778 2035//2778 5243//2778
f 5243//2779 2035//2779 5242//2779
f 2035//2779 2034//2779 5242//2779
f 5242//2832 2034//2832 5240//2832
f 2034//2832 1974//2832 5240//2832
f 5240//2833 1974//2833 5275//2833
f 1974//2833 1973//2833 5275//2833
f 5275//2857 1973//2857 5276//2857
f 1973//2857 1971//2857 5276//2857
f 5276//2858 1971//2858 5278//2858
f 1971//2858 1970//2858 5278//2858
f 5278//2859 1970//2859 5303//2859
f 1970//2859 2033//2859 5303//2859
f 5303//2860 2033//2860 5304//2860
f 2033//2860 2024//2860 5304//2860
f 5304//2838 2024//2838 5305//2838
f 2024//2838 2023//2838 5305//2838
f 5305//2787 2023//2787 5306//2787
f 2023//2787 2022//2787 5306//2787
f 5306//2788 2022//2788 5307//2788
f 2022//2788 2009//2788 5307//2788
f 5307//2861 2009//2861 5308//2861
f 2009//2861 2008//2861 5308//2861
f 5308//2840 2008//2840 5316//2840
f 2008//2840 2007//2840 5316//2840
f 5316//2862 2007//2862 5317//2862
f 2007//2862 1982//2862 5317//2862
f 5317//2863 1982//2863 5309//2863
f 1982//2863 1981//2863 5309//2863
f 5309//2793 1981//2793 5310//2793
f 1981//2793 1980//2793 5310//2793
f 5310//2794 1980//2794 5311//2794
f 1980//2794 1978//2794 5311//2794
f 5311//2795 1978//2795 5312//2795
f 1978//2795 1979//2795 5312//2795
f 5312//2796 1979//2796 5313//2796
f 1979//2796 2006//2796 5313//2796
f 5313//2797 2006//2797 5314//2797
f 2006//2797 2005//2797 5314//2797
f 5314//2798 2005//2798 5315//2798
f 2005//2798 2004//2798 5315//2798
f 5315//2864 2004//2864 5300//2864
f 2004//2864 2021//2864 5300//2864
f 5300//2865 2021//2865 5301//2865
f 2021//2865 2020//2865 5301//2865
f 5301//2866 2020//2866 5302//2866
f 2020//2866 2003//2866 5302//2866
f 5302//2867 2003//2867 5279//2867
f 2003//2867 2002//2867 5279//2867
f 5279//2803 2002//2803 5280//2803
f 2002//2803 2001//2803 5280//2803
f 5280//2804 2001//2804 5290//2804
f 2001//2804 2000//2804 5290//2804
f 5290//2843 2000//2843 5291//2843
f 2000//2843 1999//2843 5291//2843
f 5291//2868 1999//2868 5253//2868
f 1999//2868 1998//2868 5253//2868
f 5253//2845 1998//2845 5254//2845
f 1998//2845 1997//2845 5254//2845
f 5254//2846 1997//2846 5281//2846
f 1997//2846 1996//2846 5281//2846
f 5281//2869 1996//2869 5263//2869
f 1996//2869 1995//2869 5263//2869
f 5263//2848 1995//2848 5264//2848
f 1995//2848 1977//2848 5264//2848
f 5264//2849 1977//2849 5265//2849
f 1977//2849 1976//2849 5265//2849
f 5265//2812 1976//2812 5266//2812
f 1976//2812 1975//2812 5266//2812
f 5266//2813 1975//2813 5267//2813
f 1975//2813 1969//2813 5267//2813
f 5267//2814 1969//2814 5268//2814
f 1969//2814 1968//2814 5268//2814
f 5268//2815 1968//2815 5251//2815
f 1968//2815 2031//2815 5251//2815
f 5251//2816 2031//2816 5252//2816
f 2031//2816 2030//2816 5252//2816
f 5252//2817 2030//2817 5282//2817
f 2030//2817 2029//2817 5282//2817
f 5282//2870 2029//2870 5283//2870
f 2029//2870 2028//2870 5283//2870
f 5283//2819 2028//2819 5284//2819
f 2028//2819 2027//2819 5284//2819
f 5284//2820 2027//2820 5256//2820
f 2027//2820 2026//2820 5256//2820
f 5256//2871 2026//2871 5257//2871
f 2026//2871 2019//2871 5257//2871
f 5257//2822 2019//2822 5259//2822
f 2019//2822 2018//2822 5259//2822
f 5259//2823 2018//2823 5269//2823
f 2018//2823 2025//2823 5269//2823
f 5269//2824 2025//2824 5270//2824
f 2025//2824 2015//2824 5270//2824
f 5270//2872 2015//2872 5271//2872
f 2015//2872 2049//2872 5271//2872
f 5271//2873 2049//2873 5272//2873
f 2049//2873 2091//2873 5272//2873
f 5272//2874 2091//2874 5273//2874
f 2091//2874 2090//2874 5273//2874
f 5273//2875 2090//2875 5274//2875
f 2090//2875 2099//2875 5274//2875
f 5274//2829 2099//2829 5292//2829
f 2099//2829 2100//2829 5292//2829
f 5292//2830 2100//2830 5293//2830
f 2100//2830 2107//2830 5293//2830
f 5293//2831 2107//2831 5294//2831
f 2107//2831 2109//2831 5294//2831
f 5210//2760 1797//2760 5222//2760
f 1797//2760 1796//2760 5222//2760
f 5222//2761 1796//2761 5223//2761
f 1796//2761 1795//2761 5223//2761
f 5223//2762 1795//2762 5224//2762
f 1795//2762 1794//2762 5224//2762
f 5224//2763 1794//2763 5225//2763
f 1794//2763 1793//2763 5225//2763
f 5225//2764 1793//2764 5226//2764
f 1793//2764 1787//2764 5226//2764
f 5226//2765 1787//2765 5190//2765
f 1787//2765 1786//2765 5190//2765
f 5190//2766 1786//2766 5191//2766
f 1786//2766 1785//2766 5191//2766
f 5191//2767 1785//2767 5193//2767
f 1785//2767 1784//2767 5193//2767
f 5193//2768 1784//2768 5194//2768
f 1784//2768 1769//2768 5194//2768
f 5194//2769 1769//2769 5227//2769
f 1769//2769 1768//2769 5227//2769
f 5227//2770 1768//2770 5228//2770
f 1768//2770 1767//2770 5228//2770
f 5228//2771 1767//2771 5229//2771
f 1767//2771 1766//2771 5229//2771
f 5229//2772 1766//2772 5213//2772
f 1766//2772 1776//2772 5213//2772
f 5213//2773 1776//2773 5214//2773
f 1776//2773 1775//2773 5214//2773
f 5214//2774 1775//2774 5215//2774
f 1775//2774 1765//2774 5215//2774
f 5215//2775 1765//2775 5162//2775
f 1765//2775 1764//2775 5162//2775
f 5162//2776 1764//2776 5163//2776
f 1764//2776 1763//2776 5163//2776
f 5163//2777 1763//2777 5165//2777
f 1763//2777 1682//2777 5165//2777
f 5165//2778 1682//2778 5166//2778
f 1682//2778 1683//2778 5166//2778
f 5166//2779 1683//2779 5167//2779
f 1683//2779 1729//2779 5167//2779
f 5167//2780 1729//2780 5168//2780
f 1729//2780 1728//2780 5168//2780
f 5168//2781 1728//2781 5169//2781
f 1728//2781 1712//2781 5169//2781
f 5169//2782 1712//2782 5176//2782
f 1712//2782 1711//2782 5176//2782
f 5176//2783 1711//2783 5175//2783
f 1711//2783 1727//2783 5175//2783
f 5175//2784 1727//2784 5173//2784
f 1727//2784 1762//2784 5173//2784
f 5173//2785 1762//2785 5179//2785
f 1762//2785 1761//2785 5179//2785
f 5179//2786 1761//2786 5180//2786
f 1761//2786 1753//2786 5180//2786
f 5180//2787 1753//2787 5181//2787
f 1753//2787 1752//2787 5181//2787
f 5181//2788 1752//2788 5182//2788
f 1752//2788 1792//2788 5182//2788
f 5182//2789 1792//2789 5183//2789
f 1792//2789 1791//2789 5183//2789
f 5183//2790 1791//2790 5184//2790
f 1791//2790 1783//2790 5184//2790
f 5184//2791 1783//2791 5195//2791
f 1783//2791 1782//2791 5195//2791
f 5195//2792 1782//2792 5196//2792
f 1782//2792 1807//2792 5196//2792
f 5196//2793 1807//2793 5197//2793
f 1807//2793 1820//2793 5197//2793
f 5197//2794 1820//2794 5198//2794
f 1820//2794 1819//2794 5198//2794
f 5198//2795 1819//2795 5199//2795
f 1819//2795 1818//2795 5199//2795
f 5199//2796 1818//2796 5201//2796
f 1818//2796 1804//2796 5201//2796
f 5201//2797 1804//2797 5202//2797
f 1804//2797 1803//2797 5202//2797
f 5202//2798 1803//2798 5203//2798
f 1803//2798 1802//2798 5203//2798
f 5203//2799 1802//2799 5204//2799
f 1802//2799 1812//2799 5204//2799
f 5204//2800 1812//2800 5216//2800
f 1812//2800 1811//2800 5216//2800
f 5216//2801 1811//2801 5217//2801
f 1811//2801 1810//2801 5217//2801
f 5217//2802 1810//2802 5218//2802
f 1810//2802 1801//2802 5218//2802
f 5218//2803 1801//2803 5219//2803
f 1801//2803 1800//2803 5219//2803
f 5219//2804 1800//2804 5220//2804
f 1800//2804 1799//2804 5220//2804
f 5220//2805 1799//2805 5221//2805
f 1799//2805 1751//2805 5221//2805
f 5221//2806 1751//2806 5233//2806
f 1751//2806 1750//2806 5233//2806
f 5233//2807 1750//2807 5234//2807
f 1750//2807 1749//2807 5234//2807
f 5234//2808 1749//2808 5235//2808
f 1749//2808 1748//2808 5235//2808
f 5235//2809 1748//2809 5236//2809
f 1748//2809 1760//2809 5236//2809
f 5236//2810 1760//2810 5237//2810
f 1760//2810 1759//2810 5237//2810
f 5237//2811 1759//2811 5238//2811
f 1759//2811 1743//2811 5238//2811
f 5238//2812 1743//2812 5239//2812
f 1743//2812 1742//2812 5239//2812
f 5239//2813 1742//2813 5205//2813
f 1742//2813 1741//2813 5205//2813
f 5205//2814 1741//2814 5206//2814
f 1741//2814 1717//2814 5206//2814
f 5206//2815 1717//2815 5208//2815
f 1717//2815 1716//2815 5208//2815
f 5208//2816 1716//2816 5209//2816
f 1716//2816 1715//2816 5209//2816
f 5209//2817 1715//2817 5230//2817
f 1715//2817 1733//2817 5230//2817
f 5230//2818 1733//2818 5231//2818
f 1733//2818 1732//2818 5231//2818
f 5231//2819 1732//2819 5232//2819
f 1732//2819 1679//2819 5232//2819
f 5232//2820 1679//2820 5177//2820
f 1679//2820 1678//2820 5177//2820
f 5177//2821 1678//2821 5178//2821
f 1678//2821 1731//2821 5178//2821
f 5178//2822 1731//2822 5185//2822
f 1731//2822 1730//2822 5185//2822
f 5185//2823 1730//2823 5186//2823
f 1730//2823 1714//2823 5186//2823
f 5186//2824 1714//2824 5170//2824
f 1714//2824 1713//2824 5170//2824
f 5170//2825 1713//2825 5171//2825
f 1713//2825 1790//2825 5171//2825
f 5171//2826 1790//2826 5187//2826
f 1790//2826 1789//2826 5187//2826
f 5187//2827 1789//2827 5188//2827
f 1789//2827 1778//2827 5188//2827
f 5188//2828 1778//2828 5189//2828
f 1778//2828 1777//2828 5189//2828
f 5189//2829 1777//2829 5212//2829
f 1777//2829 1788//2829 5212//2829
f 5212//2830 1788//2830 5211//2830
f 1788//2830 1798//2830 5211//2830
f 5211//2831 1798//2831 5210//2831
f 1798//2831 1797//2831 5210//2831
f 5138//2760 1688//2760 5089//2760
f 1688//2760 1687//2760 5089//2760
f 5089//2761 1687//2761 5090//2761
f 1687//2761 1686//2761 5090//2761
f 5090//2762 1686//2762 5149//2762
f 1686//2762 1704//2762 5149//2762
f 5149//2763 1704//2763 5150//2763
f 1704//2763 1703//2763 5150//2763
f 5150//2764 1703//2764 5151//2764
f 1703//2764 1685//2764 5151//2764
f 5151//2765 1685//2765 5152//2765
f 1685//2765 1684//2765 5152//2765
f 5152//2766 1684//2766 5153//2766
f 1684//2766 1808//2766 5153//2766
f 5153//2767 1808//2767 5139//2767
f 1808//2767 1809//2767 5139//2767
f 5139//2768 1809//2768 5140//2768
f 1809//2768 1817//2768 5140//2768
f 5140//2769 1817//2769 5154//2769
f 1817//2769 1816//2769 5154//2769
f 5154//2770 1816//2770 5155//2770
f 1816//2770 1806//2770 5155//2770
f 5155//2771 1806//2771 5156//2771
f 1806//2771 1805//2771 5156//2771
f 5156//2772 1805//2772 5130//2772
f 1805//2772 1815//2772 5130//2772
f 5130//2773 1815//2773 5131//2773
f 1815//2773 1814//2773 5131//2773
f 5131//2774 1814//2774 5132//2774
f 1814//2774 1813//2774 5132//2774
f 5132//2775 1813//2775 5084//2775
f 1813//2775 1781//2775 5084//2775
f 5084//2776 1781//2776 5085//2776
f 1781//2776 1780//2776 5085//2776
f 5085//2777 1780//2777 5087//2777
f 1780//2777 1779//2777 5087//2777
f 5087//2778 1779//2778 5088//2778
f 1779//2778 1747//2778 5088//2778
f 5088//2779 1747//2779 5109//2779
f 1747//2779 1746//2779 5109//2779
f 5109//2832 1746//2832 5110//2832
f 1746//2832 1745//2832 5110//2832
f 5110//2833 1745//2833 5111//2833
f 1745//2833 1744//2833 5111//2833
f 5111//2834 1744//2834 5141//2834
f 1744//2834 1758//2834 5141//2834
f 5141//2835 1758//2835 5142//2835
f 1758//2835 1757//2835 5142//2835
f 5142//2836 1757//2836 5143//2836
f 1757//2836 1726//2836 5143//2836
f 5143//2837 1726//2837 5144//2837
f 1726//2837 1725//2837 5144//2837
f 5144//2838 1725//2838 5145//2838
f 1725//2838 1724//2838 5145//2838
f 5145//2787 1724//2787 5157//2787
f 1724//2787 1740//2787 5157//2787
f 5157//2788 1740//2788 5158//2788
f 1740//2788 1739//2788 5158//2788
f 5158//2839 1739//2839 5134//2839
f 1739//2839 1681//2839 5134//2839
f 5134//2840 1681//2840 5135//2840
f 1681//2840 1680//2840 5135//2840
f 5135//2791 1680//2791 5146//2791
f 1680//2791 1710//2791 5146//2791
f 5146//2792 1710//2792 5147//2792
f 1710//2792 1709//2792 5147//2792
f 5147//2793 1709//2793 5148//2793
f 1709//2793 1702//2793 5148//2793
f 5148//2794 1702//2794 5159//2794
f 1702//2794 1701//2794 5159//2794
f 5159//2795 1701//2795 5160//2795
f 1701//2795 1774//2795 5160//2795
f 5160//2796 1774//2796 5161//2796
f 1774//2796 1773//2796 5161//2796
f 5161//2797 1773//2797 5112//2797
f 1773//2797 1772//2797 5112//2797
f 5112//2798 1772//2798 5113//2798
f 1772//2798 1756//2798 5113//2798
f 5113//2799 1756//2799 5114//2799
f 1756//2799 1755//2799 5114//2799
f 5114//2800 1755//2800 5117//2800
f 1755//2800 1754//2800 5117//2800
f 5117//2841 1754//2841 5118//2841
f 1754//2841 1738//2841 5118//2841
f 5118//2842 1738//2842 5092//2842
f 1738//2842 1737//2842 5092//2842
f 5092//2803 1737//2803 5093//2803
f 1737//2803 1736//2803 5093//2803
f 5093//2804 1736//2804 5095//2804
f 1736//2804 1708//2804 5095//2804
f 5095//2843 1708//2843 5096//2843
f 1708//2843 1707//2843 5096//2843
f 5096//2844 1707//2844 5119//2844
f 1707//2844 1735//2844 5119//2844
f 5119//2845 1735//2845 5120//2845
f 1735//2845 1734//2845 5120//2845
f 5120//2846 1734//2846 5121//2846
f 1734//2846 1706//2846 5121//2846
f 5121//2847 1706//2847 5115//2847
f 1706//2847 1705//2847 5115//2847
f 5115//2848 1705//2848 5116//2848
f 1705//2848 1771//2848 5116//2848
f 5116//2849 1771//2849 5122//2849
f 1771//2849 1770//2849 5122//2849
f 5122//2812 1770//2812 5123//2812
f 1770//2812 1723//2812 5123//2812
f 5123//2813 1723//2813 5097//2813
f 1723//2813 1722//2813 5097//2813
f 5097//2814 1722//2814 5098//2814
f 1722//2814 1721//2814 5098//2814
f 5098//2815 1721//2815 5100//2815
f 1721//2815 1720//2815 5100//2815
f 5100//2816 1720//2816 5101//2816
f 1720//2816 1700//2816 5101//2816
f 5101//2817 1700//2817 5124//2817
f 1700//2817 1699//2817 5124//2817
f 5124//2818 1699//2818 5125//2818
f 1699//2818 1698//2818 5125//2818
f 5125//2819 1698//2819 5126//2819
f 1698//2819 1697//2819 5126//2819
f 5126//2820 1697//2820 5102//2820
f 1697//2820 1696//2820 5102//2820
f 5102//2821 1696//2821 5103//2821
f 1696//2821 1694//2821 5103//2821
f 5103//2822 1694//2822 5105//2822
f 1694//2822 1693//2822 5105//2822
f 5105//2823 1693//2823 5106//2823
f 1693//2823 1692//2823 5106//2823
f 5106//2824 1692//2824 5107//2824
f 1692//2824 1691//2824 5107//2824
f 5107//2825 1691//2825 5108//2825
f 1691//2825 1690//2825 5108//2825
f 5108//2826 1690//2826 5127//2826
f 1690//2826 1677//2826 5127//2826
f 5127//2827 1677//2827 5128//2827
f 1677//2827 1676//2827 5128//2827
f 5128//2828 1676//2828 5129//2828
f 1676//2828 1719//2828 5129//2828
f 5129//2829 1719//2829 5136//2829
f 1719//2829 1718//2829 5136//2829
f 5136//2830 1718//2830 5137//2830
f 1718//2830 1689//2830 5137//2830
f 5137//2831 1689//2831 5138//2831
f 1689//2831 1688//2831 5138//2831
f 5065//2760 2060//2760 5066//2760
f 2060//2760 2059//2760 5066//2760
f 5066//2761 2059//2761 5033//2761
f 2059//2761 2058//2761 5033//2761
f 5033//2762 2058//2762 5034//2762
f 2058//2762 2052//2762 5034//2762
f 5034//2850 2052//2850 5054//2850
f 2052//2850 2051//2850 5054//2850
f 5054//2851 2051//2851 5055//2851
f 2051//2851 2050//2851 5055//2851
f 5055//2765 2050//2765 5036//2765
f 2050//2765 2040//2765 5036//2765
f 5036//2852 2040//2852 5037//2852
f 2040//2852 2041//2852 5037//2852
f 5037//2767 2041//2767 5038//2767
f 2041//2767 2042//2767 5038//2767
f 5038//2768 2042//2768 5039//2768
f 2042//2768 2071//2768 5039//2768
f 5039//2769 2071//2769 5056//2769
f 2071//2769 2070//2769 5056//2769
f 5056//2853 2070//2853 5057//2853
f 2070//2853 2069//2853 5057//2853
f 5057//2854 2069//2854 5058//2854
f 2069//2854 2079//2854 5058//2854
f 5058//2855 2079//2855 5029//2855
f 2079//2855 2078//2855 5029//2855
f 5029//2856 2078//2856 5013//2856
f 2078//2856 2057//2856 5013//2856
f 5013//2774 2057//2774 5014//2774
f 2057//2774 2056//2774 5014//2774
f 5014//2775 2056//2775 5030//2775
f 2056//2775 2055//2775 5030//2775
f 5030//2776 2055//2776 5031//2776
f 2055//2776 2068//2776 5031//2776
f 5031//2777 2068//2777 5032//2777
f 2068//2777 2067//2777 5032//2777
f 5032//2778 2067//2778 5040//2778
f 2067//2778 2054//2778 5040//2778
f 5040//2779 2054//2779 5041//2779
f 2054//2779 2053//2779 5041//2779
f 5041//2780 2053//2780 5042//2780
f 2053//2780 2085//2780 5042//2780
f 5042//2781 2085//2781 5073//2781
f 2085//2781 2084//2781 5073//2781
f 5073//2876 2084//2876 5074//2876
f 2084//2876 2083//2876 5074//2876
f 5074//2877 2083//2877 5075//2877
f 2083//2877 2065//2877 5075//2877
f 5075//2878 2065//2878 5067//2878
f 2065//2878 2064//2878 5067//2878
f 5067//2879 2064//2879 5068//2879
f 2064//2879 2102//2879 5068//2879
f 5068//2786 2102//2786 5076//2786
f 2102//2786 2101//2786 5076//2786
f 5076//2787 2101//2787 5077//2787
f 2101//2787 2093//2787 5077//2787
f 5077//2788 2093//2788 5070//2788
f 2093//2788 2092//2788 5070//2788
f 5070//2880 2092//2880 5071//2880
f 2092//2880 2106//2880 5071//2880
f 5071//2790 2106//2790 5072//2790
f 2106//2790 2105//2790 5072//2790
f 5072//2862 2105//2862 5078//2862
f 2105//2862 2104//2862 5078//2862
f 5078//2863 2104//2863 5079//2863
f 2104//2863 2103//2863 5079//2863
f 5079//2793 2103//2793 5080//2793
f 2103//2793 2113//2793 5080//2793
f 5080//2794 2113//2794 5081//2794
f 2113//2794 2112//2794 5081//2794
f 5081//2795 2112//2795 5082//2795
f 2112//2795 2110//2795 5082//2795
f 5082//2796 2110//2796 5083//2796
f 2110//2796 2108//2796 5083//2796
f 5083//2797 2108//2797 5043//2797
f 2108//2797 2098//2797 5043//2797
f 5043//2798 2098//2798 5044//2798
f 2098//2798 2097//2798 5044//2798
f 5044//2864 2097//2864 5059//2864
f 2097//2864 2096//2864 5059//2864
f 5059//2865 2096//2865 5060//2865
f 2096//2865 2095//2865 5060//2865
f 5060//2881 2095//2881 5045//2881
f 2095//2881 2094//2881 5045//2881
f 5045//2882 2094//2882 5046//2882
f 2094//2882 2089//2882 5046//2882
f 5046//2803 2089//2803 5047//2803
f 2089//2803 2048//2803 5047//2803
f 5047//2804 2048//2804 5006//2804
f 2048//2804 2047//2804 5006//2804
f 5006//2805 2047//2805 5007//2805
f 2047//2805 2014//2805 5007//2805
f 5007//2883 2014//2883 5048//2883
f 2014//2883 2013//2883 5048//2883
f 5048//2807 2013//2807 5049//2807
f 2013//2807 1986//2807 5049//2807
f 5049//2808 1986//2808 5050//2808
f 1986//2808 1985//2808 5050//2808
f 5050//2884 1985//2884 5051//2884
f 1985//2884 1984//2884 5051//2884
f 5051//2810 1984//2810 5052//2810
f 1984//2810 1983//2810 5052//2810
f 5052//2811 1983//2811 5053//2811
f 1983//2811 2012//2811 5053//2811
f 5053//2812 2012//2812 5019//2812
f 2012//2812 2011//2812 5019//2812
f 5019//2813 2011//2813 5020//2813
f 2011//2813 2010//2813 5020//2813
f 5020//2814 2010//2814 5021//2814
f 2010//2814 1994//2814 5021//2814
f 5021//2815 1994//2815 5022//2815
f 1994//2815 1993//2815 5022//2815
f 5022//2816 1993//2816 5023//2816
f 1993//2816 1992//2816 5023//2816
f 5023//2817 1992//2817 5024//2817
f 1992//2817 1991//2817 5024//2817
f 5024//2870 1991//2870 5025//2870
f 1991//2870 1990//2870 5025//2870
f 5025//2819 1990//2819 5017//2819
f 1990//2819 1989//2819 5017//2819
f 5017//2820 1989//2820 5018//2820
f 1989//2820 2017//2820 5018//2820
f 5018//2871 2017//2871 5009//2871
f 2017//2871 2016//2871 5009//2871
f 5009//2822 2016//2822 5010//2822
f 2016//2822 1988//2822 5010//2822
f 5010//2823 1988//2823 5012//2823
f 1988//2823 1987//2823 5012//2823
f 5012//2824 1987//2824 5026//2824
f 1987//2824 2046//2824 5026//2824
f 5026//2872 2046//2872 5027//2872
f 2046//2872 2045//2872 5027//2872
f 5027//2873 2045//2873 5028//2873
f 2045//2873 2044//2873 5028//2873
f 5028//2874 2044//2874 5061//2874
f 2044//2874 2043//2874 5061//2874
f 5061//2875 2043//2875 5062//2875
f 2043//2875 2063//2875 5062//2875
f 5062//2829 2063//2829 5063//2829
f 2063//2829 2062//2829 5063//2829
f 5063//2830 2062//2830 5064//2830
f 2062//2830 2061//2830 5064//2830
f 5064//2831 2061//2831 5065//2831
f 2061//2831 2060//2831 5065//2831
f 5468//30 4742//30 5469//30
f 4742//30 4743//30 5469//30
f 5469//30 4743//30 5470//30
f 4743//30 4744//30 5470//30
f 5470//30 4744//30 5471//30
f 4744//30 4745//30 5471//30
f 5471//30 4745//30 5472//30
f 4745//30 4746//30 5472//30
f 5472//30 4746//30 5473//30
f 4746//30 4747//30 5473//30
f 5473//30 4747//30 5474//30
f 4747//30 4748//30 5474//30
f 5474//30 4748//30 5475//30
f 4748//30 4749//30 5475//30
f 5475//30 4749//30 5476//30
f 4749//30 4750//30 5476//30
f 5476//30 4750//30 5477//30
f 4750//30 4751//30 5477//30
f 5477//30 4751//30 5478//30
f 4751//30 4752//30 5478//30
f 5478//30 4752//30 5479//30
f 4752//30 4753//30 5479//30
f 5479//30 4753//30 5480//30
f 4753//30 4754//30 5480//30
f 5480//30 4754//30 5481//30
f 4754//30 4755//30 5481//30
f 5481//30 4755//30 5482//30
f 4755//30 4756//30 5482//30
f 5482//30 4756//30 5483//30
f 4756//30 4757//30 5483//30
f 5483//30 4757//30 5484//30
f 4757//30 4758//30 5484//30
f 5484//30 4758//30 5485//30
f 4758//30 4759//30 5485//30
f 5485//30 4759//30 5486//30
f 4759//30 4760//30 5486//30
f 5486//30 4760//30 5487//30
f 4760//30 4761//30 5487//30
f 5487//30 4761//30 5488//30
f 4761//30 4762//30 5488//30
f 5488//30 4762//30 5489//30
f 4762//30 4763//30 5489//30
f 5489//30 4763//30 5490//30
f 4763//30 4764//30 5490//30
f 5490//30 4764//30 5491//30
f 4764//30 4765//30 5491//30
f 5491//30 4765//30 5492//30
f 4765//30 4766//30 5492//30
f 5492//30 4766//30 5493//30
f 4766//30 4767//30 5493//30
f 5493//30 4767//30 5494//30
f 4767//30 4768//30 5494//30
f 5494//30 4768//30 5495//30
f 4768//30 4769//30 5495//30
f 5495//30 4769//30 5496//30
f 4769//30 4770//30 5496//30
f 5496//30 4770//30 5497//30
f 4770//30 4771//30 5497//30
f 5497//30 4771//30 5498//30
f 4771//30 4772//30 5498//30
f 5498//30 4772//30 5499//30
f 4772//30 4773//30 5499//30
f 5499//30 4773//30 5500//30
f 4773//30 4774//30 5500//30
f 5500//30 4774//30 5501//30
f 4774//30 4775//30 5501//30
f 5501//30 4775//30 5502//30
f 4775//30 4776//30 5502//30
f 5502//30 4776//30 5503//30
f 4776//30 4777//30 5503//30
f 5503//30 4777//30 5504//30
f 4777//30 4778//30 5504//30
f 5504//30 4778//30 5505//30
f 4778//30 4779//30 5505//30
f 5505//30 4779//30 5506//30
f 4779//30 4780//30 5506//30
f 5506//30 4780//30 5507//30
f 4780//30 4781//30 5507//30
f 5507//30 4781//30 5508//30
f 4781//30 4782//30 5508//30
f 5508//30 4782//30 5509//30
f 4782//30 4783//30 5509//30
f 5509//30 4783//30 5510//30
f 4783//30 4784//30 5510//30
f 5510//30 4784//30 5511//30
f 4784//30 4785//30 5511//30
f 5511//30 4785//30 5512//30
f 4785//30 4786//30 5512//30
f 5512//30 4786//30 5513//30
f 4786//30 4787//30 5513//30
f 5513//30 4787//30 5514//30
f 4787//30 4788//30 5514//30
f 5514//30 4788//30 5515//30
f 4788//30 4789//30 5515//30
f 5515//30 4789//30 5516//30
f 4789//30 4718//30 5516//30
f 5516//30 4718//30 5517//30
f 4718//30 4719//30 5517//30
f 5517//30 4719//30 5518//30
f 4719//30 4720//30 5518//30
f 5518//30 4720//30 5519//30
f 4720//30 4721//30 5519//30
f 5519//30 4721//30 5520//30
f 4721//30 4722//30 5520//30
f 5520//30 4722//30 5521//30
f 4722//30 4723//30 5521//30
f 5521//30 4723//30 5522//30
f 4723//30 4724//30 5522//30
f 5522//30 4724//30 5523//30
f 4724//30 4725//30 5523//30
f 5523//30 4725//30 5524//30
f 4725//30 4726//30 5524//30
f 5524//30 4726//30 5525//30
f 4726//30 4727//30 5525//30
f 5525//30 4727//30 5526//30
f 4727//30 4728//30 5526//30
f 5526//30 4728//30 5527//30
f 4728//30 4729//30 5527//30
f 5527//30 4729//30 5528//30
f 4729//30 4730//30 5528//30
f 5528//30 4730//30 5529//30
f 4730//30 4731//30 5529//30
f 5529//30 4731//30 5530//30
f 4731//30 4732//30 5530//30
f 5530//30 4732//30 5531//30
f 4732//30 4733//30 5531//30
f 5531//30 4733//30 5532//30
f 4733//30 4734//30 5532//30
f 5532//30 4734//30 5533//30
f 4734//30 4735//30 5533//30
f 5533//30 4735//30 5462//30
f 4735//30 4736//30 5462//30
f 5462//30 4736//30 5463//30
f 4736//30 4737//30 5463//30
f 5463//30 4737//30 5464//30
f 4737//30 4738//30 5464//30
f 5464//30 4738//30 5465//30
f 4738//30 4739//30 5465//30
f 5465//30 4739//30 5466//30
f 4739//30 4740//30 5466//30
f 5466//30 4740//30 5467//30
f 4740//30 4741//30 5467//30
f 5467//30 4741//30 5468//30
f 4741//30 4742//30 5468//30
f 5568//30 4839//30 5569//30
f 4839//30 4840//30 5569//30
f 5569//30 4840//30 5570//30
f 4840//30 4841//30 5570//30
f 5570//30 4841//30 5571//30
f 4841//30 4842//30 5571//30
f 5571//30 4842//30 5572//30
f 4842//30 4843//30 5572//30
f 5572//30 4843//30 5573//30
f 4843//30 4844//30 5573//30
f 5573//30 4844//30 5574//30
f 4844//30 4845//30 5574//30
f 5574//30 4845//30 5575//30
f 4845//30 4846//30 5575//30
f 5575//30 4846//30 5576//30
f 4846//30 4847//30 5576//30
f 5576//30 4847//30 5577//30
f 4847//30 4848//30 5577//30
f 5577//30 4848//30 5578//30
f 4848//30 4849//30 5578//30
f 5578//30 4849//30 5579//30
f 4849//30 4850//30 5579//30
f 5579//30 4850//30 5580//30
f 4850//30 4851//30 5580//30
f 5580//30 4851//30 5581//30
f 4851//30 4852//30 5581//30
f 5581//30 4852//30 5582//30
f 4852//30 4853//30 5582//30
f 5582//30 4853//30 5583//30
f 4853//30 4854//30 5583//30
f 5583//30 4854//30 5584//30
f 4854//30 4855//30 5584//30
f 5584//30 4855//30 5585//30
f 4855//30 4856//30 5585//30
f 5585//30 4856//30 5586//30
f 4856//30 4857//30 5586//30
f 5586//30 4857//30 5587//30
f 4857//30 4858//30 5587//30
f 5587//30 4858//30 5588//30
f 4858//30 4859//30 5588//30
f 5588//30 4859//30 5589//30
f 4859//30 4860//30 5589//30
f 5589//30 4860//30 5590//30
f 4860//30 4861//30 5590//30
f 5590//30 4861//30 5591//30
f 4861//30 4813//30 5591//30
f 5591//30 4813//30 5592//30
f 4813//30 4812//30 5592//30
f 5592//30 4812//30 5593//30
f 4812//30 4811//30 5593//30
f 5593//30 4811//30 5594//30
f 4811//30 4810//30 5594//30
f 5594//30 4810//30 5595//30
f 4810//30 4809//30 5595//30
f 5595//30 4809//30 5596//30
f 4809//30 4808//30 5596//30
f 5596//30 4808//30 5597//30
f 4808//30 4807//30 5597//30
f 5597//30 4807//30 5598//30
f 4807//30 4806//30 5598//30
f 5598//30 4806//30 5599//30
f 4806//30 4805//30 5599//30
f 5599//30 4805//30 5600//30
f 4805//30 4804//30 5600//30
f 5600//30 4804//30 5601//30
f 4804//30 4803//30 5601//30
f 5601//30 4803//30 5602//30
f 4803//30 4802//30 5602//30
f 5602//30 4802//30 5603//30
f 4802//30 4801//30 5603//30
f 5603//30 4801//30 5604//30
f 4801//30 4800//30 5604//30
f 5604//30 4800//30 5605//30
f 4800//30 4799//30 5605//30
f 5605//30 4799//30 5534//30
f 4799//30 4798//30 5534//30
f 5534//30 4798//30 5535//30
f 4798//30 4797//30 5535//30
f 5535//30 4797//30 5536//30
f 4797//30 4796//30 5536//30
f 5536//30 4796//30 5537//30
f 4796//30 4795//30 5537//30
f 5537//30 4795//30 5538//30
f 4795//30 4794//30 5538//30
f 5538//30 4794//30 5539//30
f 4794//30 4793//30 5539//30
f 5539//30 4793//30 5540//30
f 4793//30 4792//30 5540//30
f 5540//30 4792//30 5541//30
f 4792//30 4791//30 5541//30
f 5541//30 4791//30 5542//30
f 4791//30 4790//30 5542//30
f 5542//30 4790//30 5543//30
f 4790//30 4814//30 5543//30
f 5543//30 4814//30 5544//30
f 4814//30 4815//30 5544//30
f 5544//30 4815//30 5545//30
f 4815//30 4816//30 5545//30
f 5545//30 4816//30 5546//30
f 4816//30 4817//30 5546//30
f 5546//30 4817//30 5547//30
f 4817//30 4818//30 5547//30
f 5547//30 4818//30 5548//30
f 4818//30 4819//30 5548//30
f 5548//30 4819//30 5549//30
f 4819//30 4820//30 5549//30
f 5549//30 4820//30 5550//30
f 4820//30 4821//30 5550//30
f 5550//30 4821//30 5551//30
f 4821//30 4822//30 5551//30
f 5551//30 4822//30 5552//30
f 4822//30 4823//30 5552//30
f 5552//30 4823//30 5553//30
f 4823//30 4824//30 5553//30
f 5553//30 4824//30 5554//30
f 4824//30 4825//30 5554//30
f 5554//30 4825//30 5555//30
f 4825//30 4826//30 5555//30
f 5555//30 4826//30 5556//30
f 4826//30 4827//30 5556//30
f 5556//30 4827//30 5557//30
f 4827//30 4828//30 5557//30
f 5557//30 4828//30 5558//30
f 4828//30 4829//30 5558//30
f 5558//30 4829//30 5559//30
f 4829//30 4830//30 5559//30
f 5559//30 4830//30 5560//30
f 4830//30 4831//30 5560//30
f 5560//30 4831//30 5561//30
f 4831//30 4832//30 5561//30
f 5561//30 4832//30 5562//30
f 4832//30 4833//30 5562//30
f 5562//30 4833//30 5563//30
f 4833//30 4834//30 5563//30
f 5563//30 4834//30 5564//30
f 4834//30 4835//30 5564//30
f 5564//30 4835//30 5565//30
f 4835//30 4836//30 5565//30
f 5565//30 4836//30 5566//30
f 4836//30 4837//30 5566//30
f 5566//30 4837//30 5567//30
f 4837//30 4838//30 5567//30
f 5567//30 4838//30 5568//30
f 4838//30 4839//30 5568//30
f 5352//30 4911//30 5353//30
f 4911//30 4912//30 5353//30
f 5353//30 4912//30 5354//30
f 4912//30 4913//30 5354//30
f 5354//30 4913//30 5355//30
f 4913//30 4914//30 5355//30
f 5355//30 4914//30 5356//30
f 4914//30 4915//30 5356//30
f 5356//30 4915//30 5357//30
f 4915//30 4916//30 5357//30
f 5357//30 4916//30 5358//30
f 4916//30 4917//30 5358//30
f 5358//30 4917//30 5359//30
f 4917//30 4918//30 5359//30
f 5359//30 4918//30 5360//30
f 4918//30 4919//30 5360//30
f 5360//30 4919//30 5361//30
f 4919//30 4920//30 5361//30
f 5361//30 4920//30 5362//30
f 4920//30 4921//30 5362//30
f 5362//30 4921//30 5363//30
f 4921//30 4922//30 5363//30
f 5363//30 4922//30 5364//30
f 4922//30 4923//30 5364//30
f 5364//30 4923//30 5365//30
f 4923//30 4924//30 5365//30
f 5365//30 4924//30 5366//30
f 4924//30 4925//30 5366//30
f 5366//30 4925//30 5367//30
f 4925//30 4926//30 5367//30
f 5367//30 4926//30 5368//30
f 4926//30 4927//30 5368//30
f 5368//30 4927//30 5369//30
f 4927//30 4928//30 5369//30
f 5369//30 4928//30 5370//30
f 4928//30 4929//30 5370//30
f 5370//30 4929//30 5371//30
f 4929//30 4930//30 5371//30
f 5371//30 4930//30 5372//30
f 4930//30 4931//30 5372//30
f 5372//30 4931//30 5373//30
f 4931//30 4932//30 5373//30
f 5373//30 4932//30 5374//30
f 4932//30 4933//30 5374//30
f 5374//30 4933//30 5375//30
f 4933//30 4885//30 5375//30
f 5375//30 4885//30 5376//30
f 4885//30 4884//30 5376//30
f 5376//30 4884//30 5377//30
f 4884//30 4883//30 5377//30
f 5377//30 4883//30 5378//30
f 4883//30 4882//30 5378//30
f 5378//30 4882//30 5379//30
f 4882//30 4881//30 5379//30
f 5379//30 4881//30 5380//30
f 4881//30 4880//30 5380//30
f 5380//30 4880//30 5381//30
f 4880//30 4879//30 5381//30
f 5381//30 4879//30 5382//30
f 4879//30 4878//30 5382//30
f 5382//30 4878//30 5383//30
f 4878//30 4877//30 5383//30
f 5383//30 4877//30 5384//30
f 4877//30 4876//30 5384//30
f 5384//30 4876//30 5385//30
f 4876//30 4875//30 5385//30
f 5385//30 4875//30 5386//30
f 4875//30 4874//30 5386//30
f 5386//30 4874//30 5387//30
f 4874//30 4873//30 5387//30
f 5387//30 4873//30 5388//30
f 4873//30 4872//30 5388//30
f 5388//30 4872//30 5389//30
f 4872//30 4871//30 5389//30
f 5389//30 4871//30 5318//30
f 4871//30 4870//30 5318//30
f 5318//30 4870//30 5319//30
f 4870//30 4869//30 5319//30
f 5319//30 4869//30 5320//30
f 4869//30 4868//30 5320//30
f 5320//30 4868//30 5321//30
f 4868//30 4867//30 5321//30
f 5321//30 4867//30 5322//30
f 4867//30 4866//30 5322//30
f 5322//30 4866//30 5323//30
f 4866//30 4865//30 5323//30
f 5323//30 4865//30 5324//30
f 4865//30 4864//30 5324//30
f 5324//30 4864//30 5325//30
f 4864//30 4863//30 5325//30
f 5325//30 4863//30 5326//30
f 4863//30 4862//30 5326//30
f 5326//30 4862//30 5327//30
f 4862//30 4886//30 5327//30
f 5327//30 4886//30 5328//30
f 4886//30 4887//30 5328//30
f 5328//30 4887//30 5329//30
f 4887//30 4888//30 5329//30
f 5329//30 4888//30 5330//30
f 4888//30 4889//30 5330//30
f 5330//30 4889//30 5331//30
f 4889//30 4890//30 5331//30
f 5331//30 4890//30 5332//30
f 4890//30 4891//30 5332//30
f 5332//30 4891//30 5333//30
f 4891//30 4892//30 5333//30
f 5333//30 4892//30 5334//30
f 4892//30 4893//30 5334//30
f 5334//30 4893//30 5335//30
f 4893//30 4894//30 5335//30
f 5335//30 4894//30 5336//30
f 4894//30 4895//30 5336//30
f 5336//30 4895//30 5337//30
f 4895//30 4896//30 5337//30
f 5337//30 4896//30 5338//30
f 4896//30 4897//30 5338//30
f 5338//30 4897//30 5339//30
f 4897//30 4898//30 5339//30
f 5339//30 4898//30 5340//30
f 4898//30 4899//30 5340//30
f 5340//30 4899//30 5341//30
f 4899//30 4900//30 5341//30
f 5341//30 4900//30 5342//30
f 4900//30 4901//30 5342//30
f 5342//30 4901//30 5343//30
f 4901//30 4902//30 5343//30
f 5343//30 4902//30 5344//30
f 4902//30 4903//30 5344//30
f 5344//30 4903//30 5345//30
f 4903//30 4904//30 5345//30
f 5345//30 4904//30 5346//30
f 4904//30 4905//30 5346//30
f 5346//30 4905//30 5347//30
f 4905//30 4906//30 5347//30
f 5347//30 4906//30 5348//30
f 4906//30 4907//30 5348//30
f 5348//30 4907//30 5349//30
f 4907//30 4908//30 5349//30
f 5349//30 4908//30 5350//30
f 4908//30 4909//30 5350//30
f 5350//30 4909//30 5351//30
f 4909//30 4910//30 5351//30
f 5351//30 4910//30 5352//30
f 4910//30 4911//30 5352//30
f 5427//30 4989//30 5428//30
f 4989//30 4990//30 5428//30
f 5428//30 4990//30 5429//30
f 4990//30 4991//30 5429//30
f 5429//30 4991//30 5430//30
f 4991//30 4992//30 5430//30
f 5430//30 4992//30 5431//30
f 4992//30 4993//30 5431//30
f 5431//30 4993//30 5432//30
f 4993//30 4994//30 5432//30
f 5432//30 4994//30 5433//30
f 4994//30 4995//30 5433//30
f 5433//30 4995//30 5434//30
f 4995//30 4996//30 5434//30
f 5434//30 4996//30 5435//30
f 4996//30 4997//30 5435//30
f 5435//30 4997//30 5436//30
f 4997//30 4998//30 5436//30
f 5436//30 4998//30 5437//30
f 4998//30 4999//30 5437//30
f 5437//30 4999//30 5438//30
f 4999//30 5000//30 5438//30
f 5438//30 5000//30 5439//30
f 5000//30 5001//30 5439//30
f 5439//30 5001//30 5440//30
f 5001//30 5002//30 5440//30
f 5440//30 5002//30 5441//30
f 5002//30 5003//30 5441//30
f 5441//30 5003//30 5442//30
f 5003//30 5004//30 5442//30
f 5442//30 5004//30 5443//30
f 5004//30 5005//30 5443//30
f 5443//30 5005//30 5444//30
f 5005//30 4934//30 5444//30
f 5444//30 4934//30 5445//30
f 4934//30 4935//30 5445//30
f 5445//30 4935//30 5446//30
f 4935//30 4936//30 5446//30
f 5446//30 4936//30 5447//30
f 4936//30 4937//30 5447//30
f 5447//30 4937//30 5448//30
f 4937//30 4938//30 5448//30
f 5448//30 4938//30 5449//30
f 4938//30 4939//30 5449//30
f 5449//30 4939//30 5450//30
f 4939//30 4940//30 5450//30
f 5450//30 4940//30 5451//30
f 4940//30 4941//30 5451//30
f 5451//30 4941//30 5452//30
f 4941//30 4942//30 5452//30
f 5452//30 4942//30 5453//30
f 4942//30 4943//30 5453//30
f 5453//30 4943//30 5454//30
f 4943//30 4944//30 5454//30
f 5454//30 4944//30 5455//30
f 4944//30 4945//30 5455//30
f 5455//30 4945//30 5456//30
f 4945//30 4946//30 5456//30
f 5456//30 4946//30 5457//30
f 4946//30 4947//30 5457//30
f 5457//30 4947//30 5458//30
f 4947//30 4948//30 5458//30
f 5458//30 4948//30 5459//30
f 4948//30 4949//30 5459//30
f 5459//30 4949//30 5460//30
f 4949//30 4950//30 5460//30
f 5460//30 4950//30 5461//30
f 4950//30 4951//30 5461//30
f 5461//30 4951//30 5390//30
f 4951//30 4952//30 5390//30
f 5390//30 4952//30 5391//30
f 4952//30 4953//30 5391//30
f 5391//30 4953//30 5392//30
f 4953//30 4954//30 5392//30
f 5392//30 4954//30 5393//30
f 4954//30 4955//30 5393//30
f 5393//30 4955//30 5394//30
f 4955//30 4956//30 5394//30
f 5394//30 4956//30 5395//30
f 4956//30 4957//30 5395//30
f 5395//30 4957//30 5396//30
f 4957//30 4958//30 5396//30
f 5396//30 4958//30 5397//30
f 4958//30 4959//30 5397//30
f 5397//30 4959//30 5398//30
f 4959//30 4960//30 5398//30
f 5398//30 4960//30 5399//30
f 4960//30 4961//30 5399//30
f 5399//30 4961//30 5400//30
f 4961//30 4962//30 5400//30
f 5400//30 4962//30 5401//30
f 4962//30 4963//30 5401//30
f 5401//30 4963//30 5402//30
f 4963//30 4964//30 5402//30
f 5402//30 4964//30 5403//30
f 4964//30 4965//30 5403//30
f 5403//30 4965//30 5404//30
f 4965//30 4966//30 5404//30
f 5404//30 4966//30 5405//30
f 4966//30 4967//30 5405//30
f 5405//30 4967//30 5406//30
f 4967//30 4968//30 5406//30
f 5406//30 4968//30 5407//30
f 4968//30 4969//30 5407//30
f 5407//30 4969//30 5408//30
f 4969//30 4970//30 5408//30
f 5408//30 4970//30 5409//30
f 4970//30 4971//30 5409//30
f 5409//30 4971//30 5410//30
f 4971//30 4972//30 5410//30
f 5410//30 4972//30 5411//30
f 4972//30 4973//30 5411//30
f 5411//30 4973//30 5412//30
f 4973//30 4974//30 5412//30
f 5412//30 4974//30 5413//30
f 4974//30 4975//30 5413//30
f 5413//30 4975//30 5414//30
f 4975//30 4976//30 5414//30
f 5414//30 4976//30 5415//30
f 4976//30 4977//30 5415//30
f 5415//30 4977//30 5416//30
f 4977//30 4978//30 5416//30
f 5416//30 4978//30 5417//30
f 4978//30 4979//30 5417//30
f 5417//30 4979//30 5418//30
f 4979//30 4980//30 5418//30
f 5418//30 4980//30 5419//30
f 4980//30 4981//30 5419//30
f 5419//30 4981//30 5420//30
f 4981//30 4982//30 5420//30
f 5420//30 4982//30 5421//30
f 4982//30 4983//30 5421//30
f 5421//30 4983//30 5422//30
f 4983//30 4984//30 5422//30
f 5422//30 4984//30 5423//30
f 4984//30 4985//30 5423//30
f 5423//30 4985//30 5424//30
f 4985//30 4986//30 5424//30
f 5424//30 4986//30 5425//30
f 4986//30 4987//30 5425//30
f 5425//30 4987//30 5426//30
f 4987//30 4988//30 5426//30
f 5426//30 4988//30 5427//30
f 4988//30 4989//30 5427//30
f 5640//2 4308//2 4313//2
f 4313//2 5671//2 5640//2
f 5671//2 5669//2 5640//2
f 5640//2 5669//2 5667//2
f 5643//2 5641//2 5653//2
f 5667//2 5665//2 5640//2
f 5665//2 5663//2 5640//2
f 5640//2 5663//2 5661//2
f 5661//2 5659//2 5640//2
f 5659//2 5657//2 5640//2
f 5640//2 5657//2 5641//2
f 5657//2 5655//2 5641//2
f 5641//2 5655//2 5653//2
f 5649//2 5647//2 5645//2
f 5643//2 5653//2 5645//2
f 5653//2 5651//2 5645//2
f 5645//2 5651//2 5649//2
f 1826//813 2114//813 1821//813
f 2114//813 4320//813 1821//813
f 1821//813 4320//813 2032//813
f 4320//813 4431//813 2032//813
f 2032//813 4431//813 1514//813
f 4431//813 1506//813 1514//813
f 6083//1 6085//1 2155//1
f 6175//1 6177//1 4275//1
f 6175//1 4275//1 6173//1
f 6071//1 6073//1 6481//1
f 6073//1 6075//1 6481//1
f 6171//1 5934//1 6169//1
f 5934//1 6167//1 6169//1
f 6177//1 6179//1 4275//1
f 6179//1 6181//1 4275//1
f 4275//1 6181//1 6183//1
f 4277//1 6191//1 6049//1
f 6049//1 6051//1 4277//1
f 6051//1 6053//1 4277//1
f 4277//1 6053//1 6482//1
f 6053//1 6055//1 6482//1
f 6482//1 6055//1 6057//1
f 6127//1 6129//1 5931//1
f 6183//1 6185//1 4275//1
f 6185//1 6187//1 4275//1
f 4275//1 6187//1 4277//1
f 6187//1 6189//1 4277//1
f 4277//1 6189//1 6191//1
f 6057//1 6059//1 6482//1
f 6059//1 6061//1 6482//1
f 6482//1 6061//1 6063//1
f 5932//1 6137//1 6139//1
f 6139//1 6141//1 5932//1
f 6141//1 6143//1 5932//1
f 5932//1 6143//1 5933//1
f 6143//1 6145//1 5933//1
f 5933//1 6145//1 6147//1
f 6161//1 6163//1 5934//1
f 6163//1 6165//1 5934//1
f 5934//1 6165//1 6167//1
f 6063//1 6065//1 6482//1
f 6065//1 6067//1 6482//1
f 6482//1 6067//1 6481//1
f 6067//1 6069//1 6481//1
f 6481//1 6069//1 6071//1
f 6075//1 6077//1 6481//1
f 6077//1 6079//1 6481//1
f 6481//1 6079//1 2155//1
f 6079//1 6081//1 2155//1
f 2155//1 6081//1 6083//1
f 6117//1 6119//1 5930//1
f 6155//1 5934//1 6153//1
f 5934//1 5933//1 6153//1
f 6155//1 6157//1 5934//1
f 6157//1 6159//1 5934//1
f 5934//1 6159//1 6161//1
f 6085//1 6087//1 2155//1
f 6087//1 6089//1 2155//1
f 2155//1 6089//1 2154//1
f 6089//1 6091//1 2154//1
f 2154//1 6091//1 6093//1
f 6093//1 6095//1 2154//1
f 6095//1 6097//1 2154//1
f 2154//1 6097//1 6099//1
f 6129//1 6131//1 5931//1
f 6131//1 6133//1 5931//1
f 5931//1 6133//1 5932//1
f 6133//1 6135//1 5932//1
f 5932//1 6135//1 6137//1
f 6147//1 6149//1 5933//1
f 6149//1 6151//1 5933//1
f 5933//1 6151//1 6153//1
f 5929//1 2117//1 5930//1
f 2117//1 2154//1 5930//1
f 5930//1 2154//1 6105//1
f 6105//1 6107//1 5930//1
f 6107//1 6109//1 5930//1
f 5930//1 6109//1 6111//1
f 6111//1 6113//1 5930//1
f 6113//1 6115//1 5930//1
f 5930//1 6115//1 6117//1
f 6119//1 6121//1 5930//1
f 6121//1 6123//1 5930//1
f 5930//1 6123//1 5931//1
f 6123//1 6125//1 5931//1
f 5931//1 6125//1 6127//1
f 6099//1 6101//1 2154//1
f 6101//1 6103//1 2154//1
f 2154//1 6103//1 6105//1
f 6227//1 6229//1 4273//1
f 4289//1 5912//1 4288//1
f 5912//1 5911//1 4288//1
f 4288//1 5911//1 6483//1
f 5916//1 4271//1 2144//1
f 6251//1 6253//1 6484//1
f 6253//1 6255//1 6484//1
f 6237//1 6239//1 6485//1
f 6239//1 6241//1 6485//1
f 6485//1 6241//1 6243//1
f 6243//1 6245//1 6485//1
f 6245//1 6247//1 6485//1
f 6485//1 6247//1 6484//1
f 6247//1 6249//1 6484//1
f 6484//1 6249//1 6251//1
f 6203//1 5916//1 6201//1
f 5916//1 6199//1 6201//1
f 5916//1 2144//1 5917//1
f 2144//1 2142//1 5917//1
f 5917//1 2142//1 5918//1
f 2142//1 2140//1 5918//1
f 5918//1 2140//1 5919//1
f 2140//1 2138//1 5919//1
f 5919//1 2138//1 5920//1
f 2138//1 2136//1 5920//1
f 5920//1 2136//1 5921//1
f 2136//1 2134//1 5921//1
f 5921//1 2134//1 5922//1
f 2134//1 2132//1 5922//1
f 5922//1 2132//1 5923//1
f 2132//1 2130//1 5923//1
f 5923//1 2130//1 5924//1
f 2130//1 2128//1 5924//1
f 5924//1 2128//1 5925//1
f 2128//1 2126//1 5925//1
f 5925//1 2126//1 5926//1
f 2126//1 2124//1 5926//1
f 5926//1 2124//1 5927//1
f 2124//1 2122//1 5927//1
f 5927//1 2122//1 5928//1
f 2122//1 2120//1 5928//1
f 5928//1 2120//1 5929//1
f 2120//1 2118//1 5929//1
f 5929//1 2118//1 2117//1
f 6211//1 6213//1 4271//1
f 6273//1 6275//1 4289//1
f 6275//1 6277//1 4289//1
f 6277//1 6279//1 4289//1
f 4289//1 6279//1 6281//1
f 5915//1 6327//1 6329//1
f 6203//1 6205//1 5916//1
f 6205//1 6207//1 5916//1
f 5916//1 6207//1 4271//1
f 6207//1 6209//1 4271//1
f 4271//1 6209//1 6211//1
f 6229//1 6231//1 4273//1
f 6231//1 6233//1 4273//1
f 4273//1 6233//1 6485//1
f 6233//1 6235//1 6485//1
f 6485//1 6235//1 6237//1
f 4291//1 6263//1 6265//1
f 6329//1 6331//1 5915//1
f 6331//1 6333//1 5915//1
f 5915//1 6333//1 5916//1
f 6333//1 6335//1 5916//1
f 5916//1 6335//1 6193//1
f 6193//1 6195//1 5916//1
f 6195//1 6197//1 5916//1
f 5916//1 6197//1 6199//1
f 6213//1 6215//1 4271//1
f 6215//1 6217//1 4271//1
f 4271//1 6217//1 6219//1
f 6219//1 6221//1 4271//1
f 6221//1 6223//1 4271//1
f 4271//1 6223//1 4273//1
f 6223//1 6225//1 4273//1
f 4273//1 6225//1 6227//1
f 6289//1 6291//1 5912//1
f 6291//1 6293//1 5912//1
f 6299//1 6301//1 5912//1
f 6301//1 6303//1 5912//1
f 5912//1 6303//1 5913//1
f 6255//1 6257//1 6484//1
f 6257//1 6259//1 6484//1
f 6484//1 6259//1 4291//1
f 6259//1 6261//1 4291//1
f 4291//1 6261//1 6263//1
f 6265//1 6267//1 4291//1
f 6267//1 6269//1 4291//1
f 4291//1 6269//1 4289//1
f 6269//1 6271//1 4289//1
f 4289//1 6271//1 6273//1
f 6281//1 6283//1 4289//1
f 6283//1 6285//1 4289//1
f 4289//1 6285//1 5912//1
f 6285//1 6287//1 5912//1
f 5912//1 6287//1 6289//1
f 6303//1 6305//1 5913//1
f 6305//1 6307//1 5913//1
f 5913//1 6307//1 6309//1
f 5914//1 6317//1 6319//1
f 6293//1 6295//1 5912//1
f 6295//1 6297//1 5912//1
f 5912//1 6297//1 6299//1
f 6309//1 6311//1 5913//1
f 6311//1 6313//1 5913//1
f 5913//1 6313//1 5914//1
f 6313//1 6315//1 5914//1
f 5914//1 6315//1 6317//1
f 6319//1 6321//1 5914//1
f 6321//1 6323//1 5914//1
f 5914//1 6323//1 5915//1
f 6323//1 6325//1 5915//1
f 5915//1 6325//1 6327//1
f 6443//1 6445//1 2149//1
f 5968//1 6353//1 6355//1
f 5969//1 6363//1 6365//1
f 5970//1 6373//1 6375//1
f 6355//1 6357//1 5968//1
f 6357//1 6359//1 5968//1
f 5968//1 6359//1 5969//1
f 6359//1 6361//1 5969//1
f 5969//1 6361//1 6363//1
f 6389//1 6391//1 4265//1
f 6391//1 6393//1 4265//1
f 6433//1 6435//1 6486//1
f 6365//1 6367//1 5969//1
f 6367//1 6369//1 5969//1
f 5969//1 6369//1 5970//1
f 6369//1 6371//1 5970//1
f 5970//1 6371//1 6373//1
f 6375//1 6377//1 5970//1
f 6377//1 6379//1 5970//1
f 5970//1 6379//1 6381//1
f 6393//1 6395//1 4265//1
f 6395//1 6397//1 4265//1
f 4265//1 6397//1 6399//1
f 6381//1 6383//1 5970//1
f 6383//1 6385//1 5970//1
f 5970//1 6385//1 6387//1
f 6483//1 5911//1 6487//1
f 5911//1 5910//1 6487//1
f 6487//1 5910//1 6488//1
f 5910//1 5909//1 6488//1
f 6488//1 5909//1 6489//1
f 5909//1 5908//1 6489//1
f 6489//1 5908//1 6490//1
f 5908//1 5907//1 6490//1
f 6490//1 5907//1 6491//1
f 5907//1 5906//1 6491//1
f 6491//1 5906//1 6492//1
f 5906//1 5905//1 6492//1
f 6492//1 5905//1 6493//1
f 5905//1 5976//1 6493//1
f 6493//1 5976//1 6494//1
f 5976//1 5975//1 6494//1
f 6494//1 5975//1 6495//1
f 5975//1 5974//1 6495//1
f 6495//1 5974//1 6496//1
f 5974//1 5973//1 6496//1
f 6496//1 5973//1 6497//1
f 5973//1 5972//1 6497//1
f 6497//1 5972//1 6498//1
f 5972//1 5971//1 6498//1
f 6498//1 5971//1 4269//1
f 5971//1 5970//1 4269//1
f 4269//1 5970//1 4265//1
f 5970//1 6387//1 4265//1
f 4265//1 6387//1 6389//1
f 4267//1 6407//1 6409//1
f 6433//1 6486//1 6431//1
f 6435//1 6437//1 6486//1
f 6437//1 6439//1 6486//1
f 6486//1 6439//1 2149//1
f 6439//1 6441//1 2149//1
f 2149//1 6441//1 6443//1
f 5967//1 6343//1 6345//1
f 6409//1 6411//1 4267//1
f 6411//1 6413//1 4267//1
f 4267//1 6413//1 6499//1
f 6413//1 6415//1 6499//1
f 6499//1 6415//1 6417//1
f 6417//1 6419//1 6499//1
f 6419//1 6421//1 6499//1
f 6499//1 6421//1 6423//1
f 6345//1 6347//1 5967//1
f 6347//1 6349//1 5967//1
f 5967//1 6349//1 5968//1
f 6349//1 6351//1 5968//1
f 5968//1 6351//1 6353//1
f 6399//1 6401//1 4265//1
f 6401//1 6403//1 4265//1
f 4265//1 6403//1 4267//1
f 6403//1 6405//1 4267//1
f 4267//1 6405//1 6407//1
f 6423//1 6425//1 6499//1
f 6425//1 6427//1 6499//1
f 6499//1 6427//1 6486//1
f 6427//1 6429//1 6486//1
f 6486//1 6429//1 6431//1
f 6453//1 6455//1 2148//1
f 6455//1 6457//1 2148//1
f 5966//1 6339//1 5967//1
f 6339//1 6341//1 5967//1
f 5967//1 6341//1 6343//1
f 6445//1 6447//1 2149//1
f 6447//1 6449//1 2149//1
f 2149//1 6449//1 2148//1
f 6449//1 6451//1 2148//1
f 2148//1 6451//1 6453//1
f 6457//1 6459//1 2148//1
f 6459//1 6461//1 2148//1
f 2148//1 6461//1 6463//1
f 6477//1 6479//1 5966//1
f 6479//1 6337//1 5966//1
f 5966//1 6337//1 6339//1
f 6463//1 6465//1 2148//1
f 6465//1 5966//1 2148//1
f 2148//1 5966//1 2151//1
f 5966//1 5965//1 2151//1
f 2151//1 5965//1 6500//1
f 6465//1 6467//1 5966//1
f 6467//1 6469//1 5966//1
f 5966//1 6469//1 6471//1
f 6471//1 6473//1 5966//1
f 6473//1 6475//1 5966//1
f 5966//1 6475//1 6477//1
f 6501//1 6502//1 6038//1
f 5948//1 5995//1 5996//1
f 6030//1 6031//1 4284//1
f 5998//1 5999//1 5949//1
f 6040//1 6041//1 4281//1
f 6027//1 6028//1 4283//1
f 6040//1 4281//1 6039//1
f 4280//1 4281//1 6503//1
f 4281//1 5947//1 6503//1
f 6503//1 5947//1 6504//1
f 5947//1 5946//1 6504//1
f 6504//1 5946//1 6505//1
f 5946//1 5945//1 6505//1
f 6505//1 5945//1 6506//1
f 5945//1 5944//1 6506//1
f 6506//1 5944//1 6507//1
f 5944//1 5943//1 6507//1
f 6507//1 5943//1 6508//1
f 5943//1 5942//1 6508//1
f 6508//1 5942//1 6509//1
f 5942//1 5941//1 6509//1
f 6509//1 5941//1 6510//1
f 5941//1 5940//1 6510//1
f 6510//1 5940//1 6511//1
f 5940//1 5939//1 6511//1
f 6511//1 5939//1 6512//1
f 5939//1 5938//1 6512//1
f 6512//1 5938//1 6513//1
f 5938//1 5937//1 6513//1
f 6513//1 5937//1 6514//1
f 5937//1 5936//1 6514//1
f 6514//1 5936//1 6515//1
f 5936//1 5935//1 6515//1
f 6515//1 5935//1 4279//1
f 5935//1 5934//1 4279//1
f 4279//1 5934//1 4275//1
f 5934//1 6171//1 4275//1
f 4275//1 6171//1 6173//1
f 5984//1 5985//1 4281//1
f 5985//1 5986//1 4281//1
f 4281//1 5986//1 5947//1
f 5986//1 5987//1 5947//1
f 5947//1 5987//1 5988//1
f 5988//1 5989//1 5947//1
f 5989//1 5990//1 5947//1
f 5947//1 5990//1 5991//1
f 5948//1 5996//1 5949//1
f 5996//1 5997//1 5949//1
f 5949//1 5997//1 5998//1
f 6035//1 6036//1 6502//1
f 6036//1 6037//1 6502//1
f 6502//1 6037//1 6038//1
f 6041//1 6042//1 4281//1
f 6042//1 6043//1 4281//1
f 4281//1 6043//1 6044//1
f 6044//1 6045//1 4281//1
f 6045//1 6046//1 4281//1
f 4281//1 6046//1 6047//1
f 5991//1 5992//1 5947//1
f 5992//1 5993//1 5947//1
f 5947//1 5993//1 5948//1
f 5993//1 5994//1 5948//1
f 5948//1 5994//1 5995//1
f 4283//1 6028//1 4284//1
f 6028//1 6029//1 4284//1
f 4284//1 6029//1 6030//1
f 6031//1 6032//1 4284//1
f 6032//1 6033//1 4284//1
f 4284//1 6033//1 6502//1
f 6033//1 6034//1 6502//1
f 6502//1 6034//1 6035//1
f 6039//1 4281//1 6038//1
f 4281//1 4282//1 6038//1
f 6038//1 4282//1 6501//1
f 6047//1 6048//1 4281//1
f 6048//1 5977//1 4281//1
f 4281//1 5977//1 5978//1
f 5978//1 5979//1 4281//1
f 5979//1 5980//1 4281//1
f 4281//1 5980//1 5981//1
f 5981//1 5982//1 4281//1
f 5982//1 5983//1 4281//1
f 4281//1 5983//1 5984//1
f 6008//1 6009//1 5951//1
f 6021//1 6022//1 4283//1
f 6022//1 6023//1 4283//1
f 4283//1 6023//1 6024//1
f 6024//1 6025//1 4283//1
f 6025//1 6026//1 4283//1
f 4283//1 6026//1 6027//1
f 6003//1 6004//1 5950//1
f 6017//1 6018//1 5952//1
f 6018//1 6019//1 5952//1
f 5952//1 6019//1 6020//1
f 5999//1 6000//1 5949//1
f 6000//1 6001//1 5949//1
f 5949//1 6001//1 5950//1
f 6001//1 6002//1 5950//1
f 5950//1 6002//1 6003//1
f 6013//1 6014//1 5952//1
f 6500//1 5965//1 6516//1
f 5965//1 5964//1 6516//1
f 6516//1 5964//1 6517//1
f 5964//1 5963//1 6517//1
f 6517//1 5963//1 6518//1
f 5963//1 5962//1 6518//1
f 6518//1 5962//1 6519//1
f 5962//1 5961//1 6519//1
f 6519//1 5961//1 6520//1
f 5961//1 5960//1 6520//1
f 6520//1 5960//1 6521//1
f 5960//1 5959//1 6521//1
f 6521//1 5959//1 6522//1
f 5959//1 5958//1 6522//1
f 6522//1 5958//1 6523//1
f 5958//1 5957//1 6523//1
f 6523//1 5957//1 6524//1
f 5957//1 5956//1 6524//1
f 6524//1 5956//1 6525//1
f 5956//1 5955//1 6525//1
f 6525//1 5955//1 6526//1
f 5955//1 5954//1 6526//1
f 6526//1 5954//1 6527//1
f 5954//1 5953//1 6527//1
f 6527//1 5953//1 4285//1
f 5953//1 5952//1 4285//1
f 4285//1 5952//1 4283//1
f 5952//1 6020//1 4283//1
f 4283//1 6020//1 6021//1
f 6014//1 6015//1 5952//1
f 6015//1 6016//1 5952//1
f 5952//1 6016//1 6017//1
f 6004//1 6005//1 5950//1
f 6005//1 6006//1 5950//1
f 5950//1 6006//1 5951//1
f 6006//1 6007//1 5951//1
f 5951//1 6007//1 6008//1
f 6009//1 6010//1 5951//1
f 6010//1 6011//1 5951//1
f 5951//1 6011//1 5952//1
f 6011//1 6012//1 5952//1
f 5952//1 6012//1 6013//1
f 6448//2 6446//2 2147//2
f 6078//2 6076//2 6528//2
f 4270//2 5642//2 2145//2
f 5642//2 5644//2 2145//2
f 6400//2 6398//2 4264//2
f 5676//2 6172//2 6170//2
f 5672//2 6142//2 6140//2
f 6140//2 6138//2 5672//2
f 6138//2 6136//2 5672//2
f 5672//2 6136//2 5673//2
f 6136//2 6134//2 5673//2
f 5673//2 6134//2 6132//2
f 6126//2 5670//2 6128//2
f 5670//2 5673//2 6128//2
f 6128//2 5673//2 6130//2
f 5673//2 6132//2 6130//2
f 6076//2 6074//2 6528//2
f 6074//2 6072//2 6528//2
f 6528//2 6072//2 6529//2
f 6434//2 6530//2 6436//2
f 6530//2 6438//2 6436//2
f 6382//2 6380//2 5622//2
f 2751//2 2750//2 6531//2
f 2750//2 5607//2 6531//2
f 6531//2 5607//2 6532//2
f 4278//2 4274//2 6533//2
f 4274//2 5676//2 6533//2
f 6533//2 5676//2 6534//2
f 5676//2 5677//2 6534//2
f 6534//2 5677//2 6535//2
f 5677//2 5678//2 6535//2
f 6535//2 5678//2 6536//2
f 5678//2 5679//2 6536//2
f 6536//2 5679//2 6537//2
f 5679//2 2683//2 6537//2
f 6537//2 2683//2 2682//2
f 6066//2 4274//2 6068//2
f 4274//2 6070//2 6068//2
f 6054//2 6052//2 4274//2
f 6052//2 6050//2 4274//2
f 4274//2 6050//2 6192//2
f 6192//2 6190//2 4274//2
f 6190//2 6188//2 4274//2
f 4274//2 6188//2 6186//2
f 6186//2 6184//2 4274//2
f 6184//2 6182//2 4274//2
f 4274//2 6182//2 6180//2
f 6170//2 6168//2 5676//2
f 6168//2 6166//2 5676//2
f 5676//2 6166//2 6164//2
f 6116//2 6114//2 5666//2
f 2153//2 2152//2 6092//2
f 6426//2 6424//2 6538//2
f 6424//2 6422//2 6538//2
f 6538//2 6422//2 6420//2
f 6066//2 6064//2 4274//2
f 6064//2 6062//2 4274//2
f 4274//2 6062//2 6060//2
f 6060//2 6058//2 4274//2
f 6058//2 6056//2 4274//2
f 4274//2 6056//2 6054//2
f 6180//2 6178//2 4274//2
f 6178//2 6176//2 4274//2
f 4274//2 6176//2 5676//2
f 6176//2 6174//2 5676//2
f 5676//2 6174//2 6172//2
f 6158//2 5675//2 6160//2
f 5675//2 5676//2 6160//2
f 6160//2 5676//2 6162//2
f 5676//2 6164//2 6162//2
f 6158//2 6156//2 5675//2
f 6156//2 6154//2 5675//2
f 5675//2 6154//2 5674//2
f 6154//2 6152//2 5674//2
f 5674//2 6152//2 6150//2
f 6150//2 6148//2 5674//2
f 6148//2 6146//2 5674//2
f 5674//2 6146//2 5672//2
f 6146//2 6144//2 5672//2
f 5672//2 6144//2 6142//2
f 5660//2 6114//2 6112//2
f 6070//2 4274//2 6072//2
f 4274//2 4276//2 6072//2
f 6072//2 4276//2 6529//2
f 5654//2 2133//2 5652//2
f 2133//2 2135//2 5652//2
f 5652//2 2135//2 5650//2
f 2135//2 2137//2 5650//2
f 5650//2 2137//2 5648//2
f 2137//2 2139//2 5648//2
f 5648//2 2139//2 5646//2
f 2139//2 2141//2 5646//2
f 5646//2 2141//2 5644//2
f 2141//2 2143//2 5644//2
f 5644//2 2143//2 2145//2
f 6268//2 6266//2 4290//2
f 6434//2 6432//2 6530//2
f 6432//2 6430//2 6530//2
f 6530//2 6430//2 6538//2
f 6430//2 6428//2 6538//2
f 6538//2 6428//2 6426//2
f 4266//2 6412//2 6410//2
f 6400//2 4264//2 6402//2
f 6338//2 6480//2 5617//2
f 6474//2 6472//2 5617//2
f 6472//2 6470//2 5617//2
f 5617//2 6470//2 6468//2
f 6466//2 6464//2 2146//2
f 6464//2 6462//2 2146//2
f 6462//2 6460//2 2146//2
f 6460//2 6458//2 2146//2
f 2146//2 6458//2 6456//2
f 6098//2 6096//2 2152//2
f 6096//2 6094//2 2152//2
f 2152//2 6094//2 6092//2
f 6092//2 6090//2 2153//2
f 6090//2 6088//2 2153//2
f 2153//2 6088//2 6086//2
f 6086//2 6084//2 2153//2
f 6084//2 6082//2 2153//2
f 2153//2 6082//2 6528//2
f 6082//2 6080//2 6528//2
f 6528//2 6080//2 6078//2
f 6286//2 6284//2 4287//2
f 6284//2 6282//2 4287//2
f 6276//2 6274//2 4287//2
f 6274//2 6272//2 4287//2
f 4287//2 6272//2 4290//2
f 6272//2 6270//2 4290//2
f 4290//2 6270//2 6268//2
f 6266//2 6264//2 4290//2
f 6264//2 6262//2 4290//2
f 4290//2 6262//2 6539//2
f 6262//2 6260//2 6539//2
f 6206//2 6204//2 5642//2
f 6194//2 5642//2 6196//2
f 5642//2 6198//2 6196//2
f 6194//2 6336//2 5642//2
f 6336//2 6334//2 5642//2
f 5642//2 6334//2 5639//2
f 6334//2 6332//2 5639//2
f 5639//2 6332//2 6330//2
f 6322//2 6320//2 5638//2
f 6540//2 6541//2 5632//2
f 6446//2 6444//2 2147//2
f 6444//2 6442//2 2147//2
f 2147//2 6442//2 6530//2
f 6442//2 6440//2 6530//2
f 6530//2 6440//2 6438//2
f 6420//2 6418//2 6538//2
f 6418//2 6416//2 6538//2
f 6538//2 6416//2 4266//2
f 6416//2 6414//2 4266//2
f 4266//2 6414//2 6412//2
f 6410//2 6408//2 4266//2
f 6408//2 6406//2 4266//2
f 4266//2 6406//2 4264//2
f 6406//2 6404//2 4264//2
f 4264//2 6404//2 6402//2
f 6390//2 6388//2 5622//2
f 6338//2 5617//2 6340//2
f 6480//2 6478//2 5617//2
f 6478//2 6476//2 5617//2
f 5617//2 6476//2 6474//2
f 6532//2 5607//2 6542//2
f 5607//2 5611//2 6542//2
f 6542//2 5611//2 6543//2
f 5611//2 5613//2 6543//2
f 6543//2 5613//2 6544//2
f 5613//2 5615//2 6544//2
f 6544//2 5615//2 2150//2
f 5615//2 5617//2 2150//2
f 2150//2 5617//2 2146//2
f 5617//2 6468//2 2146//2
f 2146//2 6468//2 6466//2
f 6456//2 6454//2 2146//2
f 6454//2 6452//2 2146//2
f 2146//2 6452//2 2147//2
f 6452//2 6450//2 2147//2
f 2147//2 6450//2 6448//2
f 2152//2 2116//2 5654//2
f 2116//2 2119//2 5654//2
f 5654//2 2119//2 2121//2
f 4287//2 6294//2 6292//2
f 6282//2 6280//2 4287//2
f 6280//2 6278//2 4287//2
f 4287//2 6278//2 6276//2
f 6260//2 6258//2 6539//2
f 6258//2 6256//2 6539//2
f 6539//2 6256//2 6254//2
f 6204//2 6202//2 5642//2
f 6202//2 6200//2 5642//2
f 5642//2 6200//2 6198//2
f 6320//2 6318//2 5638//2
f 6318//2 6316//2 5638//2
f 5638//2 6316//2 5637//2
f 6316//2 6314//2 5637//2
f 5637//2 6314//2 6312//2
f 6312//2 6310//2 5637//2
f 6310//2 6308//2 5637//2
f 5637//2 6308//2 5636//2
f 6302//2 5632//2 5633//2
f 6541//2 6545//2 5632//2
f 6545//2 6546//2 5632//2
f 5632//2 6546//2 5631//2
f 6546//2 6547//2 5631//2
f 5631//2 6547//2 5630//2
f 6547//2 6548//2 5630//2
f 5630//2 6548//2 5629//2
f 6548//2 6549//2 5629//2
f 5629//2 6549//2 5628//2
f 6549//2 6550//2 5628//2
f 5628//2 6550//2 5627//2
f 6550//2 6551//2 5627//2
f 5627//2 6551//2 5626//2
f 6551//2 6552//2 5626//2
f 5626//2 6552//2 5625//2
f 6552//2 6553//2 5625//2
f 5625//2 6553//2 5624//2
f 6553//2 6554//2 5624//2
f 5624//2 6554//2 5623//2
f 6398//2 6396//2 4264//2
f 6396//2 6394//2 4264//2
f 4264//2 6394//2 6392//2
f 6388//2 6386//2 5622//2
f 6386//2 6384//2 5622//2
f 5622//2 6384//2 6382//2
f 6366//2 6364//2 5621//2
f 6364//2 6362//2 5621//2
f 5621//2 6362//2 5619//2
f 5660//2 5662//2 6114//2
f 5662//2 5664//2 6114//2
f 6114//2 5664//2 5666//2
f 6112//2 6110//2 5660//2
f 6110//2 6108//2 5660//2
f 5660//2 6108//2 6106//2
f 2121//2 2123//2 5654//2
f 2123//2 2125//2 5654//2
f 5654//2 2125//2 2127//2
f 6300//2 6298//2 4287//2
f 6298//2 6296//2 4287//2
f 4287//2 6296//2 6294//2
f 6292//2 6290//2 4287//2
f 6290//2 6288//2 4287//2
f 4287//2 6288//2 6286//2
f 6308//2 6306//2 5636//2
f 6306//2 6304//2 5636//2
f 5636//2 6304//2 5635//2
f 6304//2 6302//2 5635//2
f 5635//2 6302//2 5634//2
f 6302//2 5633//2 5634//2
f 6392//2 6390//2 4264//2
f 6390//2 5622//2 4264//2
f 4264//2 5622//2 4268//2
f 5622//2 5623//2 4268//2
f 4268//2 5623//2 6555//2
f 5623//2 6554//2 6555//2
f 6126//2 6124//2 5670//2
f 6124//2 6122//2 5670//2
f 5670//2 6122//2 5668//2
f 6122//2 6120//2 5668//2
f 5668//2 6120//2 5666//2
f 6120//2 6118//2 5666//2
f 5666//2 6118//2 6116//2
f 5654//2 5656//2 2152//2
f 5656//2 5658//2 2152//2
f 2152//2 5658//2 5660//2
f 2127//2 2129//2 5654//2
f 2129//2 2131//2 5654//2
f 5654//2 2131//2 2133//2
f 6330//2 6328//2 5639//2
f 6328//2 6326//2 5639//2
f 5639//2 6326//2 5638//2
f 6326//2 6324//2 5638//2
f 5638//2 6324//2 6322//2
f 4286//2 6540//2 4287//2
f 6540//2 5632//2 4287//2
f 4287//2 5632//2 6300//2
f 5632//2 6302//2 6300//2
f 6380//2 6378//2 5622//2
f 6378//2 6376//2 5622//2
f 5622//2 6376//2 6374//2
f 6374//2 6372//2 5622//2
f 6372//2 6370//2 5622//2
f 5622//2 6370//2 5621//2
f 6370//2 6368//2 5621//2
f 5621//2 6368//2 6366//2
f 6362//2 6360//2 5619//2
f 6360//2 6358//2 5619//2
f 5619//2 6358//2 6356//2
f 6356//2 6354//2 5619//2
f 6354//2 6352//2 5619//2
f 5619//2 6352//2 5620//2
f 6352//2 6350//2 5620//2
f 5620//2 6350//2 6348//2
f 6348//2 6346//2 5620//2
f 6346//2 6344//2 5620//2
f 5620//2 6344//2 5617//2
f 6344//2 6342//2 5617//2
f 5617//2 6342//2 6340//2
f 6106//2 6104//2 5660//2
f 6104//2 6102//2 5660//2
f 5660//2 6102//2 2152//2
f 6102//2 6100//2 2152//2
f 2152//2 6100//2 6098//2
f 6246//2 6244//2 6556//2
f 6244//2 6242//2 6556//2
f 6556//2 6242//2 6240//2
f 4270//2 6222//2 6220//2
f 6254//2 6252//2 6539//2
f 6252//2 6250//2 6539//2
f 6539//2 6250//2 6556//2
f 6250//2 6248//2 6556//2
f 6556//2 6248//2 6246//2
f 4272//2 6232//2 6230//2
f 6220//2 6218//2 4270//2
f 6218//2 6216//2 4270//2
f 4270//2 6216//2 6214//2
f 6214//2 6212//2 4270//2
f 6212//2 6210//2 4270//2
f 4270//2 6210//2 5642//2
f 6210//2 6208//2 5642//2
f 5642//2 6208//2 6206//2
f 6240//2 6238//2 6556//2
f 6238//2 6236//2 6556//2
f 6556//2 6236//2 4272//2
f 6236//2 6234//2 4272//2
f 4272//2 6234//2 6232//2
f 6230//2 6228//2 4272//2
f 6228//2 6226//2 4272//2
f 4272//2 6226//2 4270//2
f 6226//2 6224//2 4270//2
f 4270//2 6224//2 6222//2
f 4286//3570 4288//3570 6483//3570
f 4286//3570 6483//3570 6540//3570
f 6483//3571 6487//3571 6540//3571
f 6540//3571 6487//3571 6541//3571
f 6487//3572 6488//3572 6541//3572
f 6541//3572 6488//3572 6545//3572
f 6488//3545 6489//3545 6545//3545
f 6545//3545 6489//3545 6546//3545
f 6489//3573 6490//3573 6546//3573
f 6546//3573 6490//3573 6547//3573
f 6490//3574 6491//3574 6547//3574
f 6547//3574 6491//3574 6548//3574
f 6491//3575 6492//3575 6548//3575
f 6548//3575 6492//3575 6549//3575
f 6492//3576 6493//3576 6549//3576
f 6549//3576 6493//3576 6550//3576
f 6493//3577 6494//3577 6550//3577
f 6550//3577 6494//3577 6551//3577
f 6494//3578 6495//3578 6551//3578
f 6551//3578 6495//3578 6552//3578
f 6495//3579 6496//3579 6552//3579
f 6552//3579 6496//3579 6553//3579
f 6496//3580 6497//3580 6553//3580
f 6553//3580 6497//3580 6554//3580
f 6497//3581 6498//3581 6554//3581
f 6554//3581 6498//3581 6555//3581
f 6498//3582 4269//3582 6555//3582
f 6555//3582 4269//3582 4268//3582
f 1391//3583 4284//3583 6502//3583
f 1391//3583 6502//3583 1454//3583
f 6502//3584 6501//3584 1454//3584
f 1454//3584 6501//3584 1478//3584
f 6501//3585 4282//3585 1478//3585
f 1478//3585 4282//3585 1474//3585
f 2705//3586 1397//3586 6507//3586
f 6508//3587 2698//3587 6507//3587
f 2698//3588 2696//3588 6507//3588
f 2705//3589 6507//3589 2701//3589
f 2690//3590 2688//3590 6507//3590
f 2688//3591 2702//3591 6507//3591
f 6507//3592 2702//3592 2701//3592
f 2696//3593 2694//3593 6507//3593
f 2694//3594 2692//3594 6507//3594
f 6507//3595 2692//3595 2690//3595
f 2651//3596 2656//3596 6508//3596
f 2651//3597 6508//3597 2649//3597
f 6509//3598 2625//3598 2626//3598
f 6509//3599 2626//3599 6508//3599
f 2626//3600 2628//3600 6508//3600
f 6508//3601 2628//3601 2631//3601
f 2631//3602 2633//3602 6508//3602
f 2633//3603 2635//3603 6508//3603
f 6508//3604 2635//3604 2637//3604
f 2637//3605 2639//3605 6508//3605
f 2639//3606 2641//3606 6508//3606
f 6508//3607 2641//3607 2643//3607
f 2643//3608 2645//3608 6508//3608
f 2645//3609 2647//3609 6508//3609
f 6508//3610 2647//3610 2649//3610
f 2656//3611 2655//3611 6508//3611
f 2655//3612 2658//3612 6508//3612
f 6508//3613 2658//3613 2659//3613
f 2659//3614 2684//3614 6508//3614
f 2684//3615 2699//3615 6508//3615
f 6508//3616 2699//3616 2698//3616
f 2662//3617 2661//3617 6510//3617
f 2661//3618 2590//3618 6510//3618
f 6510//3619 2590//3619 2589//3619
f 2589//3620 2594//3620 6510//3620
f 2594//3621 2596//3621 6510//3621
f 6510//3622 2596//3622 2599//3622
f 2599//3623 2601//3623 6510//3623
f 2601//3624 2603//3624 6510//3624
f 6510//3625 2603//3625 2605//3625
f 2605//3626 2607//3626 6510//3626
f 2607//3627 2609//3627 6510//3627
f 6510//3628 2609//3628 2611//3628
f 2611//3629 2613//3629 6510//3629
f 2613//3630 2614//3630 6510//3630
f 6510//3631 2614//3631 2616//3631
f 2616//3632 2619//3632 6510//3632
f 2619//3633 2621//3633 6510//3633
f 6510//3634 2621//3634 6509//3634
f 2621//3635 2623//3635 6509//3635
f 6509//3636 2623//3636 2625//3636
f 2682//3637 2680//3637 6511//3637
f 2680//3638 2678//3638 6511//3638
f 6511//3639 2678//3639 2675//3639
f 2675//3640 2673//3640 6511//3640
f 2673//3641 2671//3641 6511//3641
f 6511//3642 2671//3642 2669//3642
f 2669//3643 2667//3643 6511//3643
f 2667//3644 2666//3644 6511//3644
f 6511//3645 2666//3645 6510//3645
f 2666//3646 2664//3646 6510//3646
f 6510//3647 2664//3647 2662//3647
f 1397//3648 1399//3648 6507//3648
f 1399//3649 1448//3649 6507//3649
f 6507//3649 1448//3649 6506//3649
f 1448//3650 1447//3650 6506//3650
f 6506//3650 1447//3650 6505//3650
f 1447//3651 1445//3651 6505//3651
f 6505//3651 1445//3651 6504//3651
f 1445//3652 1443//3652 6504//3652
f 6504//3652 1443//3652 6503//3652
f 1443//3155 1441//3155 6503//3155
f 6503//3155 1441//3155 4280//3155
f 2682//3653 6511//3653 6537//3653
f 6511//3654 6512//3654 6537//3654
f 6537//3654 6512//3654 6536//3654
f 6512//3655 6513//3655 6536//3655
f 6536//3655 6513//3655 6535//3655
f 6513//3656 6514//3656 6535//3656
f 6535//3656 6514//3656 6534//3656
f 6514//3657 6515//3657 6534//3657
f 6534//3657 6515//3657 6533//3657
f 6515//3658 4279//3658 6533//3658
f 6533//3658 4279//3658 4278//3658
f 4276//3659 4277//3659 6482//3659
f 4276//3659 6482//3659 6529//3659
f 6482//3660 6481//3660 6529//3660
f 6529//3660 6481//3660 6528//3660
f 6481//3661 2155//3661 6528//3661
f 6528//3661 2155//3661 2153//3661
f 4272//3662 4273//3662 6485//3662
f 4272//3662 6485//3662 6556//3662
f 6485//3663 6484//3663 6556//3663
f 6556//3663 6484//3663 6539//3663
f 6484//3664 4291//3664 6539//3664
f 6539//3664 4291//3664 4290//3664
f 4266//3665 4267//3665 6499//3665
f 4266//3665 6499//3665 6538//3665
f 6499//3666 6486//3666 6538//3666
f 6538//3666 6486//3666 6530//3666
f 6486//3667 2149//3667 6530//3667
f 6530//3667 2149//3667 2147//3667
f 2749//3668 2751//3668 6519//3668
f 6520//3669 2742//3669 6519//3669
f 2742//3670 2740//3670 6519//3670
f 2749//3671 6519//3671 2745//3671
f 2734//3672 2732//3672 6519//3672
f 2732//3673 2746//3673 6519//3673
f 6519//3674 2746//3674 2745//3674
f 2740//3675 2738//3675 6519//3675
f 2738//3676 2736//3676 6519//3676
f 6519//3677 2736//3677 2734//3677
f 2399//3678 2404//3678 6520//3678
f 2399//3679 6520//3679 2397//3679
f 6521//3680 2373//3680 2374//3680
f 6521//3681 2374//3681 6520//3681
f 2374//3682 2376//3682 6520//3682
f 6520//3683 2376//3683 2379//3683
f 2379//3684 2381//3684 6520//3684
f 2381//3685 2383//3685 6520//3685
f 6520//3686 2383//3686 2385//3686
f 2385//3687 2387//3687 6520//3687
f 2387//3688 2389//3688 6520//3688
f 6520//3689 2389//3689 2391//3689
f 2391//3690 2393//3690 6520//3690
f 2393//3691 2395//3691 6520//3691
f 6520//3692 2395//3692 2397//3692
f 2404//3693 2403//3693 6520//3693
f 2403//3694 2406//3694 6520//3694
f 6520//3695 2406//3695 2407//3695
f 2407//3696 2728//3696 6520//3696
f 2728//3697 2743//3697 6520//3697
f 6520//3698 2743//3698 2742//3698
f 2708//3699 2707//3699 6522//3699
f 2707//3700 2338//3700 6522//3700
f 6522//3701 2338//3701 2337//3701
f 2337//3702 2342//3702 6522//3702
f 2342//3703 2344//3703 6522//3703
f 6522//3704 2344//3704 2347//3704
f 2347//3705 2349//3705 6522//3705
f 2349//3706 2351//3706 6522//3706
f 6522//3707 2351//3707 2353//3707
f 2353//3708 2355//3708 6522//3708
f 2355//3709 2357//3709 6522//3709
f 6522//3710 2357//3710 2359//3710
f 2359//3711 2361//3711 6522//3711
f 2361//3712 2362//3712 6522//3712
f 6522//3713 2362//3713 2364//3713
f 2364//3714 2367//3714 6522//3714
f 2367//3715 2369//3715 6522//3715
f 6522//3716 2369//3716 6521//3716
f 2369//3717 2371//3717 6521//3717
f 6521//3718 2371//3718 2373//3718
f 1416//3719 2726//3719 6523//3719
f 2726//3720 2724//3720 6523//3720
f 6523//3721 2724//3721 2721//3721
f 2721//3722 2719//3722 6523//3722
f 2719//3723 2717//3723 6523//3723
f 6523//3724 2717//3724 2715//3724
f 2715//3725 2713//3725 6523//3725
f 2713//3726 2712//3726 6523//3726
f 6523//3727 2712//3727 6522//3727
f 2712//3728 2710//3728 6522//3728
f 6522//3729 2710//3729 2708//3729
f 2751//3730 6531//3730 6519//3730
f 6531//3731 6532//3731 6519//3731
f 6519//3731 6532//3731 6518//3731
f 6532//3732 6542//3732 6518//3732
f 6518//3732 6542//3732 6517//3732
f 6542//3733 6543//3733 6517//3733
f 6517//3733 6543//3733 6516//3733
f 6543//3734 6544//3734 6516//3734
f 6516//3734 6544//3734 6500//3734
f 6544//3735 2150//3735 6500//3735
f 6500//3735 2150//3735 2151//3735
f 1416//3736 6523//3736 1414//3736
f 6523//3737 6524//3737 1414//3737
f 1414//3737 6524//3737 1412//3737
f 6524//3738 6525//3738 1412//3738
f 1412//3738 6525//3738 1410//3738
f 6525//3739 6526//3739 1410//3739
f 1410//3739 6526//3739 1408//3739
f 6526//3740 6527//3740 1408//3740
f 1408//3740 6527//3740 1396//3740
f 6527//3741 4285//3741 1396//3741
f 1396//3741 4285//3741 1394//3741
f 2117//31 6557//31 6558//31
f 2117//31 6558//31 2118//31
f 6558//32 6559//32 2118//32
f 2118//32 6559//32 2120//32
f 6559//33 6560//33 2120//33
f 2120//33 6560//33 2122//33
f 6560//34 6561//34 2122//34
f 2122//34 6561//34 2124//34
f 6561//35 6562//35 2124//35
f 2124//35 6562//35 2126//35
f 6562//36 6563//36 2126//36
f 2126//36 6563//36 2128//36
f 6563//37 6564//37 2128//37
f 2128//37 6564//37 2130//37
f 6564//38 6565//38 2130//38
f 2130//38 6565//38 2132//38
f 6565//39 6566//39 2132//39
f 2132//39 6566//39 2134//39
f 6566//40 6567//40 2134//40
f 2134//40 6567//40 2136//40
f 6567//41 6568//41 2136//41
f 2136//41 6568//41 2138//41
f 6568//42 6569//42 2138//42
f 2138//42 6569//42 2140//42
f 6569//43 6570//43 2140//43
f 2140//43 6570//43 2142//43
f 6570//44 6571//44 2142//44
f 2142//44 6571//44 2144//44
f 2151//3735 6572//3735 6573//3735
f 2151//3735 6573//3735 6500//3735
f 6573//3734 6574//3734 6500//3734
f 6500//3734 6574//3734 6516//3734
f 6574//3733 6575//3733 6516//3733
f 6516//3733 6575//3733 6517//3733
f 6575//3732 6576//3732 6517//3732
f 6517//3732 6576//3732 6518//3732
f 6576//3731 6577//3731 6518//3731
f 6518//3731 6577//3731 6519//3731
f 6577//3742 6578//3742 6519//3742
f 6519//3742 6578//3742 6520//3742
f 6578//3743 6579//3743 6520//3743
f 6520//3743 6579//3743 6521//3743
f 6579//3744 6580//3744 6521//3744
f 6521//3744 6580//3744 6522//3744
f 6580//3745 6581//3745 6522//3745
f 6522//3745 6581//3745 6523//3745
f 6581//3737 6582//3737 6523//3737
f 6523//3737 6582//3737 6524//3737
f 6582//3738 6583//3738 6524//3738
f 6524//3738 6583//3738 6525//3738
f 6583//3739 6584//3739 6525//3739
f 6525//3739 6584//3739 6526//3739
f 6584//3740 6585//3740 6526//3740
f 6526//3740 6585//3740 6527//3740
f 6585//3741 6586//3741 6527//3741
f 6527//3741 6586//3741 4285//3741
f 4267//3665 6587//3665 6588//3665
f 4267//3665 6588//3665 6499//3665
f 6588//3666 6589//3666 6499//3666
f 6499//3666 6589//3666 6486//3666
f 6589//3667 6590//3667 6486//3667
f 6486//3667 6590//3667 2149//3667
f 4291//2408 6591//2408 4289//2408
f 6591//2408 6592//2408 4289//2408
f 4289//2407 6592//2407 4288//2407
f 6592//2407 6593//2407 4288//2407
f 4283//2406 4285//2406 6594//2406
f 4285//2406 6586//2406 6594//2406
f 4284//2405 4283//2405 6595//2405
f 4283//2405 6594//2405 6595//2405
f 4282//2404 6596//2404 4281//2404
f 6596//2404 6597//2404 4281//2404
f 4281//2403 6597//2403 4280//2403
f 6597//2403 6598//2403 4280//2403
f 4275//2402 4279//2402 6599//2402
f 4279//2402 6600//2402 6599//2402
f 4277//2401 4275//2401 6601//2401
f 4275//2401 6599//2401 6601//2401
f 4273//2400 4271//2400 6602//2400
f 4271//2400 6603//2400 6602//2400
f 4271//2399 2144//2399 6603//2399
f 2144//2399 6571//2399 6603//2399
f 2155//47 6604//47 2154//47
f 6604//47 6605//47 2154//47
f 2154//48 6605//48 2117//48
f 6605//48 6557//48 2117//48
f 2148//46 6606//46 2151//46
f 6606//46 6572//46 2151//46
f 2149//45 6590//45 2148//45
f 6590//45 6606//45 2148//45
f 4267//2397 4265//2397 6587//2397
f 4265//2397 6607//2397 6587//2397
f 4265//2398 4269//2398 6607//2398
f 4269//2398 6608//2398 6607//2398
f 6609//2 6610//2 6611//2
f 6610//2 6612//2 6611//2
f 6611//2 6612//2 6613//2
f 6612//2 6614//2 6613//2
f 6613//2 6614//2 6615//2
f 6614//2 6616//2 6615//2
f 6615//2 6616//2 6617//2
f 6616//2 6618//2 6617//2
f 6617//2 6618//2 6619//2
f 6618//2 6620//2 6619//2
f 6619//2 6620//2 6621//2
f 6620//2 6622//2 6621//2
f 6621//2 6622//2 6623//2
f 6622//2 6624//2 6623//2
f 6623//2 6624//2 6625//2
f 6624//2 6626//2 6625//2
f 6625//2 6626//2 6627//2
f 6626//2 6628//2 6627//2
f 6627//2 6628//2 6629//2
f 6628//2 6630//2 6629//2
f 6629//2 6630//2 6631//2
f 6630//2 6632//2 6631//2
f 6631//2 6632//2 6633//2
f 6632//2 6634//2 6633//2
f 6633//2 6634//2 6635//2
f 6634//2 6636//2 6635//2
f 6635//2 6636//2 6637//2
f 6636//2 6638//2 6637//2
f 6637//2 6638//2 6639//2
f 6638//2 6640//2 6639//2
f 6639//2 6640//2 6641//2
f 6640//2 6642//2 6641//2
f 6641//2 6642//2 6643//2
f 6642//2 6644//2 6643//2
f 6643//2 6644//2 6645//2
f 6644//2 6646//2 6645//2
f 6645//2 6646//2 6647//2
f 6646//2 6648//2 6647//2
f 6647//2 6648//2 6649//2
f 6648//2 6650//2 6649//2
f 6649//2 6650//2 6651//2
f 6650//2 6652//2 6651//2
f 6651//2 6652//2 6653//2
f 6652//2 6654//2 6653//2
f 6653//2 6654//2 6655//2
f 6654//2 6656//2 6655//2
f 6655//2 6656//2 6657//2
f 6656//2 6658//2 6657//2
f 6657//2 6658//2 6659//2
f 6658//2 6660//2 6659//2
f 6659//2 6660//2 6661//2
f 6660//2 6662//2 6661//2
f 6661//2 6662//2 6663//2
f 6662//2 6664//2 6663//2
f 6663//2 6664//2 6665//2
f 6664//2 6666//2 6665//2
f 6665//2 6666//2 6667//2
f 6666//2 6668//2 6667//2
f 6667//2 6668//2 6669//2
f 6668//2 6670//2 6669//2
f 6669//2 6670//2 6671//2
f 6670//2 6672//2 6671//2
f 6671//2 6672//2 6673//2
f 6672//2 6674//2 6673//2
f 6673//2 6674//2 6675//2
f 6674//2 6676//2 6675//2
f 6675//2 6676//2 6677//2
f 6676//2 6678//2 6677//2
f 6677//2 6678//2 6679//2
f 6678//2 6680//2 6679//2
f 6679//2 6680//2 6681//2
f 6680//2 6682//2 6681//2
f 6681//2 6682//2 6683//2
f 6682//2 6684//2 6683//2
f 6683//2 6684//2 6685//2
f 6684//2 6686//2 6685//2
f 6685//2 6686//2 6687//2
f 6686//2 6688//2 6687//2
f 6687//2 6688//2 6689//2
f 6688//2 6690//2 6689//2
f 6689//2 6690//2 6691//2
f 6690//2 6692//2 6691//2
f 6691//2 6692//2 6693//2
f 6692//2 6694//2 6693//2
f 6693//2 6694//2 6695//2
f 6694//2 6696//2 6695//2
f 6695//2 6696//2 6697//2
f 6696//2 6698//2 6697//2
f 6697//2 6698//2 6699//2
f 6698//2 6700//2 6699//2
f 6699//2 6700//2 6701//2
f 6700//2 6702//2 6701//2
f 6701//2 6702//2 6703//2
f 6702//2 6704//2 6703//2
f 6703//2 6704//2 6705//2
f 6704//2 6706//2 6705//2
f 6705//2 6706//2 6707//2
f 6706//2 6708//2 6707//2
f 6707//2 6708//2 6709//2
f 6708//2 6710//2 6709//2
f 6709//2 6710//2 6711//2
f 6710//2 6712//2 6711//2
f 6711//2 6712//2 6713//2
f 6712//2 6714//2 6713//2
f 6713//2 6714//2 6715//2
f 6714//2 6716//2 6715//2
f 6715//2 6716//2 6717//2
f 6716//2 6718//2 6717//2
f 6717//2 6718//2 6719//2
f 6718//2 6720//2 6719//2
f 6719//2 6720//2 6721//2
f 6720//2 6722//2 6721//2
f 6721//2 6722//2 6723//2
f 6722//2 6724//2 6723//2
f 6723//2 6724//2 6725//2
f 6724//2 6726//2 6725//2
f 6725//2 6726//2 6727//2
f 6726//2 6728//2 6727//2
f 6727//2 6728//2 6729//2
f 6728//2 6730//2 6729//2
f 6729//2 6730//2 6731//2
f 6730//2 6732//2 6731//2
f 6731//2 6732//2 6733//2
f 6732//2 6734//2 6733//2
f 6733//2 6734//2 6735//2
f 6734//2 6736//2 6735//2
f 6735//2 6736//2 6737//2
f 6736//2 6738//2 6737//2
f 6737//2 6738//2 6739//2
f 6738//2 6740//2 6739//2
f 6739//2 6740//2 6741//2
f 6740//2 6742//2 6741//2
f 6741//2 6742//2 6743//2
f 6742//2 6744//2 6743//2
f 6743//2 6744//2 6745//2
f 6744//2 6746//2 6745//2
f 6745//2 6746//2 6747//2
f 6746//2 6748//2 6747//2
f 6747//2 6748//2 6749//2
f 6748//2 6750//2 6749//2
f 6749//2 6750//2 6751//2
f 6750//2 6752//2 6751//2
f 6751//2 6752//2 6609//2
f 6752//2 6610//2 6609//2
f 6635//3746 6753//3746 6633//3746
f 6753//3746 6754//3746 6633//3746
f 6633//3747 6754//3747 6631//3747
f 6754//3747 6755//3747 6631//3747
f 6631//3748 6755//3748 6629//3748
f 6755//3748 6756//3748 6629//3748
f 6629//3749 6756//3749 6627//3749
f 6756//3749 6757//3749 6627//3749
f 6627//3750 6757//3750 6625//3750
f 6757//3750 6758//3750 6625//3750
f 6625//3751 6758//3751 6623//3751
f 6758//3751 6759//3751 6623//3751
f 6623//3752 6759//3752 6621//3752
f 6759//3752 6760//3752 6621//3752
f 6621//3753 6760//3753 6619//3753
f 6760//3753 6761//3753 6619//3753
f 6619//3754 6761//3754 6617//3754
f 6761//3754 6762//3754 6617//3754
f 6617//3755 6762//3755 6615//3755
f 6762//3755 6763//3755 6615//3755
f 6615//3756 6763//3756 6613//3756
f 6763//3756 6764//3756 6613//3756
f 6613//3757 6764//3757 6611//3757
f 6764//3757 6765//3757 6611//3757
f 6611//3758 6765//3758 6609//3758
f 6765//3758 6766//3758 6609//3758
f 6609//3759 6766//3759 6751//3759
f 6766//3759 6767//3759 6751//3759
f 6751//3760 6767//3760 6749//3760
f 6767//3760 6768//3760 6749//3760
f 6749//3761 6768//3761 6747//3761
f 6768//3761 6769//3761 6747//3761
f 6747//3762 6769//3762 6745//3762
f 6769//3762 6770//3762 6745//3762
f 6745//3763 6770//3763 6743//3763
f 6770//3763 6771//3763 6743//3763
f 6743//3764 6771//3764 6741//3764
f 6771//3764 6772//3764 6741//3764
f 6741//3765 6772//3765 6739//3765
f 6772//3765 6773//3765 6739//3765
f 6739//3766 6773//3766 6737//3766
f 6773//3766 6774//3766 6737//3766
f 6737//3767 6774//3767 6735//3767
f 6774//3767 6775//3767 6735//3767
f 6735//3768 6775//3768 6733//3768
f 6775//3768 6776//3768 6733//3768
f 6733//3769 6776//3769 6731//3769
f 6776//3769 6777//3769 6731//3769
f 6731//3770 6777//3770 6729//3770
f 6777//3770 6778//3770 6729//3770
f 6729//3771 6778//3771 6727//3771
f 6778//3771 6779//3771 6727//3771
f 6727//3772 6779//3772 6725//3772
f 6779//3772 6780//3772 6725//3772
f 6725//3773 6780//3773 6723//3773
f 6780//3773 6781//3773 6723//3773
f 6723//3774 6781//3774 6721//3774
f 6781//3774 6782//3774 6721//3774
f 6721//3775 6782//3775 6719//3775
f 6782//3775 6783//3775 6719//3775
f 6719//3776 6783//3776 6717//3776
f 6783//3776 6784//3776 6717//3776
f 6717//3777 6784//3777 6715//3777
f 6784//3777 6785//3777 6715//3777
f 6715//3778 6785//3778 6713//3778
f 6785//3778 6786//3778 6713//3778
f 6713//3779 6786//3779 6711//3779
f 6786//3779 6787//3779 6711//3779
f 6711//3780 6787//3780 6709//3780
f 6787//3780 6788//3780 6709//3780
f 6709//3781 6788//3781 6707//3781
f 6788//3781 6789//3781 6707//3781
f 6707//3782 6789//3782 6705//3782
f 6789//3782 6790//3782 6705//3782
f 6705//3783 6790//3783 6703//3783
f 6790//3783 6791//3783 6703//3783
f 6703//3784 6791//3784 6701//3784
f 6791//3784 6792//3784 6701//3784
f 6701//3785 6792//3785 6699//3785
f 6792//3785 6793//3785 6699//3785
f 6699//3786 6793//3786 6697//3786
f 6793//3786 6794//3786 6697//3786
f 6697//3787 6794//3787 6695//3787
f 6794//3787 6795//3787 6695//3787
f 6695//3788 6795//3788 6693//3788
f 6795//3788 6796//3788 6693//3788
f 6693//3789 6796//3789 6691//3789
f 6796//3789 6797//3789 6691//3789
f 6691//3790 6797//3790 6689//3790
f 6797//3790 6798//3790 6689//3790
f 6689//3791 6798//3791 6687//3791
f 6798//3791 6799//3791 6687//3791
f 6687//3792 6799//3792 6685//3792
f 6799//3792 6800//3792 6685//3792
f 6685//3793 6800//3793 6683//3793
f 6800//3793 6801//3793 6683//3793
f 6683//3794 6801//3794 6681//3794
f 6801//3794 6802//3794 6681//3794
f 6681//3795 6802//3795 6679//3795
f 6802//3795 6803//3795 6679//3795
f 6679//3796 6803//3796 6677//3796
f 6803//3796 6804//3796 6677//3796
f 6677//3797 6804//3797 6675//3797
f 6804//3797 6805//3797 6675//3797
f 6675//3798 6805//3798 6673//3798
f 6805//3798 6806//3798 6673//3798
f 6673//3799 6806//3799 6671//3799
f 6806//3799 6807//3799 6671//3799
f 6671//3800 6807//3800 6669//3800
f 6807//3800 6808//3800 6669//3800
f 6669//3801 6808//3801 6667//3801
f 6808//3801 6809//3801 6667//3801
f 6667//3802 6809//3802 6665//3802
f 6809//3802 6810//3802 6665//3802
f 6665//3803 6810//3803 6663//3803
f 6810//3803 6811//3803 6663//3803
f 6663//3804 6811//3804 6661//3804
f 6811//3804 6812//3804 6661//3804
f 6661//3805 6812//3805 6659//3805
f 6812//3805 6813//3805 6659//3805
f 6659//3806 6813//3806 6657//3806
f 6813//3806 6814//3806 6657//3806
f 6657//3807 6814//3807 6655//3807
f 6814//3807 6815//3807 6655//3807
f 6655//3808 6815//3808 6653//3808
f 6815//3808 6816//3808 6653//3808
f 6653//3809 6816//3809 6651//3809
f 6816//3809 6817//3809 6651//3809
f 6651//3810 6817//3810 6649//3810
f 6817//3810 6818//3810 6649//3810
f 6649//3811 6818//3811 6647//3811
f 6818//3811 6819//3811 6647//3811
f 6647//3812 6819//3812 6645//3812
f 6819//3812 6820//3812 6645//3812
f 6645//3813 6820//3813 6643//3813
f 6820//3813 6821//3813 6643//3813
f 6643//3814 6821//3814 6641//3814
f 6821//3814 6822//3814 6641//3814
f 6641//3815 6822//3815 6639//3815
f 6822//3815 6823//3815 6639//3815
f 6639//3816 6823//3816 6637//3816
f 6823//3816 6824//3816 6637//3816
f 6637//3817 6824//3817 6635//3817
f 6824//3817 6753//3817 6635//3817
f 6825//2 6826//2 6827//2
f 6826//2 6828//2 6827//2
f 6827//2 6828//2 6829//2
f 6828//2 6830//2 6829//2
f 6829//2 6830//2 6831//2
f 6830//2 6832//2 6831//2
f 6831//2 6832//2 6833//2
f 6832//2 6834//2 6833//2
f 6833//2 6834//2 6835//2
f 6834//2 6836//2 6835//2
f 6835//2 6836//2 6837//2
f 6836//2 6838//2 6837//2
f 6837//2 6838//2 6839//2
f 6838//2 6840//2 6839//2
f 6839//2 6840//2 6841//2
f 6840//2 6842//2 6841//2
f 6841//2 6842//2 6843//2
f 6842//2 6844//2 6843//2
f 6843//2 6844//2 6845//2
f 6844//2 6846//2 6845//2
f 6845//2 6846//2 6847//2
f 6846//2 6848//2 6847//2
f 6847//2 6848//2 6849//2
f 6848//2 6850//2 6849//2
f 6849//2 6850//2 6851//2
f 6850//2 6852//2 6851//2
f 6851//2 6852//2 6853//2
f 6852//2 6854//2 6853//2
f 6853//2 6854//2 6855//2
f 6854//2 6856//2 6855//2
f 6855//2 6856//2 6857//2
f 6856//2 6858//2 6857//2
f 6857//2 6858//2 6859//2
f 6858//2 6860//2 6859//2
f 6859//2 6860//2 6861//2
f 6860//2 6862//2 6861//2
f 6861//2 6862//2 6863//2
f 6862//2 6864//2 6863//2
f 6863//2 6864//2 6865//2
f 6864//2 6866//2 6865//2
f 6865//2 6866//2 6867//2
f 6866//2 6868//2 6867//2
f 6867//2 6868//2 6869//2
f 6868//2 6870//2 6869//2
f 6869//2 6870//2 6871//2
f 6870//2 6872//2 6871//2
f 6871//2 6872//2 6873//2
f 6872//2 6874//2 6873//2
f 6873//2 6874//2 6875//2
f 6874//2 6876//2 6875//2
f 6875//2 6876//2 6877//2
f 6876//2 6878//2 6877//2
f 6877//2 6878//2 6879//2
f 6878//2 6880//2 6879//2
f 6879//2 6880//2 6881//2
f 6880//2 6882//2 6881//2
f 6881//2 6882//2 6883//2
f 6882//2 6884//2 6883//2
f 6883//2 6884//2 6885//2
f 6884//2 6886//2 6885//2
f 6885//2 6886//2 6887//2
f 6886//2 6888//2 6887//2
f 6887//2 6888//2 6889//2
f 6888//2 6890//2 6889//2
f 6889//2 6890//2 6891//2
f 6890//2 6892//2 6891//2
f 6891//2 6892//2 6893//2
f 6892//2 6894//2 6893//2
f 6893//2 6894//2 6895//2
f 6894//2 6896//2 6895//2
f 6895//2 6896//2 6897//2
f 6896//2 6898//2 6897//2
f 6897//2 6898//2 6899//2
f 6898//2 6900//2 6899//2
f 6899//2 6900//2 6901//2
f 6900//2 6902//2 6901//2
f 6901//2 6902//2 6903//2
f 6902//2 6904//2 6903//2
f 6903//2 6904//2 6905//2
f 6904//2 6906//2 6905//2
f 6905//2 6906//2 6907//2
f 6906//2 6908//2 6907//2
f 6907//2 6908//2 6909//2
f 6908//2 6910//2 6909//2
f 6909//2 6910//2 6911//2
f 6910//2 6912//2 6911//2
f 6911//2 6912//2 6913//2
f 6912//2 6914//2 6913//2
f 6913//2 6914//2 6915//2
f 6914//2 6916//2 6915//2
f 6915//2 6916//2 6917//2
f 6916//2 6918//2 6917//2
f 6917//2 6918//2 6919//2
f 6918//2 6920//2 6919//2
f 6919//2 6920//2 6921//2
f 6920//2 6922//2 6921//2
f 6921//2 6922//2 6923//2
f 6922//2 6924//2 6923//2
f 6923//2 6924//2 6925//2
f 6924//2 6926//2 6925//2
f 6925//2 6926//2 6927//2
f 6926//2 6928//2 6927//2
f 6927//2 6928//2 6929//2
f 6928//2 6930//2 6929//2
f 6929//2 6930//2 6931//2
f 6930//2 6932//2 6931//2
f 6931//2 6932//2 6933//2
f 6932//2 6934//2 6933//2
f 6933//2 6934//2 6935//2
f 6934//2 6936//2 6935//2
f 6935//2 6936//2 6937//2
f 6936//2 6938//2 6937//2
f 6937//2 6938//2 6939//2
f 6938//2 6940//2 6939//2
f 6939//2 6940//2 6941//2
f 6940//2 6942//2 6941//2
f 6941//2 6942//2 6943//2
f 6942//2 6944//2 6943//2
f 6943//2 6944//2 6945//2
f 6944//2 6946//2 6945//2
f 6945//2 6946//2 6947//2
f 6946//2 6948//2 6947//2
f 6947//2 6948//2 6949//2
f 6948//2 6950//2 6949//2
f 6949//2 6950//2 6951//2
f 6950//2 6952//2 6951//2
f 6951//2 6952//2 6953//2
f 6952//2 6954//2 6953//2
f 6953//2 6954//2 6955//2
f 6954//2 6956//2 6955//2
f 6955//2 6956//2 6957//2
f 6956//2 6958//2 6957//2
f 6957//2 6958//2 6959//2
f 6958//2 6960//2 6959//2
f 6959//2 6960//2 6961//2
f 6960//2 6962//2 6961//2
f 6961//2 6962//2 6963//2
f 6962//2 6964//2 6963//2
f 6963//2 6964//2 6965//2
f 6964//2 6966//2 6965//2
f 6965//2 6966//2 6967//2
f 6966//2 6968//2 6967//2
f 6967//2 6968//2 6825//2
f 6968//2 6826//2 6825//2
f 6939//3818 6969//3818 6937//3818
f 6969//3818 6970//3818 6937//3818
f 6937//3819 6970//3819 6935//3819
f 6970//3819 6971//3819 6935//3819
f 6935//3820 6971//3820 6933//3820
f 6971//3820 6972//3820 6933//3820
f 6933//3821 6972//3821 6931//3821
f 6972//3821 6973//3821 6931//3821
f 6931//3750 6973//3750 6929//3750
f 6973//3750 6974//3750 6929//3750
f 6929//3822 6974//3822 6927//3822
f 6974//3822 6975//3822 6927//3822
f 6927//3823 6975//3823 6925//3823
f 6975//3823 6976//3823 6925//3823
f 6925//3824 6976//3824 6923//3824
f 6976//3824 6977//3824 6923//3824
f 6923//3825 6977//3825 6921//3825
f 6977//3825 6978//3825 6921//3825
f 6921//3826 6978//3826 6919//3826
f 6978//3826 6979//3826 6919//3826
f 6919//3827 6979//3827 6917//3827
f 6979//3827 6980//3827 6917//3827
f 6917//3828 6980//3828 6915//3828
f 6980//3828 6981//3828 6915//3828
f 6915//3829 6981//3829 6913//3829
f 6981//3829 6982//3829 6913//3829
f 6913//3830 6982//3830 6911//3830
f 6982//3830 6983//3830 6911//3830
f 6911//3831 6983//3831 6909//3831
f 6983//3831 6984//3831 6909//3831
f 6909//3761 6984//3761 6907//3761
f 6984//3761 6985//3761 6907//3761
f 6907//3832 6985//3832 6905//3832
f 6985//3832 6986//3832 6905//3832
f 6905//3763 6986//3763 6903//3763
f 6986//3763 6987//3763 6903//3763
f 6903//3833 6987//3833 6901//3833
f 6987//3833 6988//3833 6901//3833
f 6901//3834 6988//3834 6899//3834
f 6988//3834 6989//3834 6899//3834
f 6899//3766 6989//3766 6897//3766
f 6989//3766 6990//3766 6897//3766
f 6897//3835 6990//3835 6895//3835
f 6990//3835 6991//3835 6895//3835
f 6895//3836 6991//3836 6893//3836
f 6991//3836 6992//3836 6893//3836
f 6893//3837 6992//3837 6891//3837
f 6992//3837 6993//3837 6891//3837
f 6891//3838 6993//3838 6889//3838
f 6993//3838 6994//3838 6889//3838
f 6889//3839 6994//3839 6887//3839
f 6994//3839 6995//3839 6887//3839
f 6887//3840 6995//3840 6885//3840
f 6995//3840 6996//3840 6885//3840
f 6885//3841 6996//3841 6883//3841
f 6996//3841 6997//3841 6883//3841
f 6883//3842 6997//3842 6881//3842
f 6997//3842 6998//3842 6881//3842
f 6881//3843 6998//3843 6879//3843
f 6998//3843 6999//3843 6879//3843
f 6879//3844 6999//3844 6877//3844
f 6999//3844 7000//3844 6877//3844
f 6877//3777 7000//3777 6875//3777
f 7000//3777 7001//3777 6875//3777
f 6875//3845 7001//3845 6873//3845
f 7001//3845 7002//3845 6873//3845
f 6873//3846 7002//3846 6871//3846
f 7002//3846 7003//3846 6871//3846
f 6871//3847 7003//3847 6869//3847
f 7003//3847 7004//3847 6869//3847
f 6869//3848 7004//3848 6867//3848
f 7004//3848 7005//3848 6867//3848
f 6867//3849 7005//3849 6865//3849
f 7005//3849 7006//3849 6865//3849
f 6865//3783 7006//3783 6863//3783
f 7006//3783 7007//3783 6863//3783
f 6863//3784 7007//3784 6861//3784
f 7007//3784 7008//3784 6861//3784
f 6861//3785 7008//3785 6859//3785
f 7008//3785 7009//3785 6859//3785
f 6859//3786 7009//3786 6857//3786
f 7009//3786 7010//3786 6857//3786
f 6857//3850 7010//3850 6855//3850
f 7010//3850 7011//3850 6855//3850
f 6855//3851 7011//3851 6853//3851
f 7011//3851 7012//3851 6853//3851
f 6853//3852 7012//3852 6851//3852
f 7012//3852 7013//3852 6851//3852
f 6851//3790 7013//3790 6849//3790
f 7013//3790 7014//3790 6849//3790
f 6849//3791 7014//3791 6847//3791
f 7014//3791 7015//3791 6847//3791
f 6847//3792 7015//3792 6845//3792
f 7015//3792 7016//3792 6845//3792
f 6845//3793 7016//3793 6843//3793
f 7016//3793 7017//3793 6843//3793
f 6843//3853 7017//3853 6841//3853
f 7017//3853 7018//3853 6841//3853
f 6841//3854 7018//3854 6839//3854
f 7018//3854 7019//3854 6839//3854
f 6839//3855 7019//3855 6837//3855
f 7019//3855 7020//3855 6837//3855
f 6837//3797 7020//3797 6835//3797
f 7020//3797 7021//3797 6835//3797
f 6835//3856 7021//3856 6833//3856
f 7021//3856 7022//3856 6833//3856
f 6833//3857 7022//3857 6831//3857
f 7022//3857 7023//3857 6831//3857
f 6831//3800 7023//3800 6829//3800
f 7023//3800 7024//3800 6829//3800
f 6829//3801 7024//3801 6827//3801
f 7024//3801 7025//3801 6827//3801
f 6827//3802 7025//3802 6825//3802
f 7025//3802 7026//3802 6825//3802
f 6825//3858 7026//3858 6967//3858
f 7026//3858 7027//3858 6967//3858
f 6967//3859 7027//3859 6965//3859
f 7027//3859 7028//3859 6965//3859
f 6965//3860 7028//3860 6963//3860
f 7028//3860 7029//3860 6963//3860
f 6963//3806 7029//3806 6961//3806
f 7029//3806 7030//3806 6961//3806
f 6961//3807 7030//3807 6959//3807
f 7030//3807 7031//3807 6959//3807
f 6959//3808 7031//3808 6957//3808
f 7031//3808 7032//3808 6957//3808
f 6957//3809 7032//3809 6955//3809
f 7032//3809 7033//3809 6955//3809
f 6955//3861 7033//3861 6953//3861
f 7033//3861 7034//3861 6953//3861
f 6953//3862 7034//3862 6951//3862
f 7034//3862 7035//3862 6951//3862
f 6951//3863 7035//3863 6949//3863
f 7035//3863 7036//3863 6949//3863
f 6949//3813 7036//3813 6947//3813
f 7036//3813 7037//3813 6947//3813
f 6947//3814 7037//3814 6945//3814
f 7037//3814 7038//3814 6945//3814
f 6945//3815 7038//3815 6943//3815
f 7038//3815 7039//3815 6943//3815
f 6943//3816 7039//3816 6941//3816
f 7039//3816 7040//3816 6941//3816
f 6941//3864 7040//3864 6939//3864
f 7040//3864 6969//3864 6939//3864
f 7041//2 7042//2 7043//2
f 7042//2 7044//2 7043//2
f 7043//2 7044//2 7045//2
f 7044//2 7046//2 7045//2
f 7045//2 7046//2 7047//2
f 7046//2 7048//2 7047//2
f 7047//2 7048//2 7049//2
f 7048//2 7050//2 7049//2
f 7049//2 7050//2 7051//2
f 7050//2 7052//2 7051//2
f 7051//2 7052//2 7053//2
f 7052//2 7054//2 7053//2
f 7053//2 7054//2 7055//2
f 7054//2 7056//2 7055//2
f 7055//2 7056//2 7057//2
f 7056//2 7058//2 7057//2
f 7057//2 7058//2 7059//2
f 7058//2 7060//2 7059//2
f 7059//2 7060//2 7061//2
f 7060//2 7062//2 7061//2
f 7061//2 7062//2 7063//2
f 7062//2 7064//2 7063//2
f 7063//2 7064//2 7065//2
f 7064//2 7066//2 7065//2
f 7065//2 7066//2 7067//2
f 7066//2 7068//2 7067//2
f 7067//2 7068//2 7069//2
f 7068//2 7070//2 7069//2
f 7069//2 7070//2 7071//2
f 7070//2 7072//2 7071//2
f 7071//2 7072//2 7073//2
f 7072//2 7074//2 7073//2
f 7073//2 7074//2 7075//2
f 7074//2 7076//2 7075//2
f 7075//2 7076//2 7077//2
f 7076//2 7078//2 7077//2
f 7077//2 7078//2 7079//2
f 7078//2 7080//2 7079//2
f 7079//2 7080//2 7081//2
f 7080//2 7082//2 7081//2
f 7081//2 7082//2 7083//2
f 7082//2 7084//2 7083//2
f 7083//2 7084//2 7085//2
f 7084//2 7086//2 7085//2
f 7085//2 7086//2 7087//2
f 7086//2 7088//2 7087//2
f 7087//2 7088//2 7089//2
f 7088//2 7090//2 7089//2
f 7089//2 7090//2 7091//2
f 7090//2 7092//2 7091//2
f 7091//2 7092//2 7093//2
f 7092//2 7094//2 7093//2
f 7093//2 7094//2 7095//2
f 7094//2 7096//2 7095//2
f 7095//2 7096//2 7097//2
f 7096//2 7098//2 7097//2
f 7097//2 7098//2 7099//2
f 7098//2 7100//2 7099//2
f 7099//2 7100//2 7101//2
f 7100//2 7102//2 7101//2
f 7101//2 7102//2 7103//2
f 7102//2 7104//2 7103//2
f 7103//2 7104//2 7105//2
f 7104//2 7106//2 7105//2
f 7105//2 7106//2 7107//2
f 7106//2 7108//2 7107//2
f 7107//2 7108//2 7109//2
f 7108//2 7110//2 7109//2
f 7109//2 7110//2 7111//2
f 7110//2 7112//2 7111//2
f 7111//2 7112//2 7113//2
f 7112//2 7114//2 7113//2
f 7113//2 7114//2 7115//2
f 7114//2 7116//2 7115//2
f 7115//2 7116//2 7117//2
f 7116//2 7118//2 7117//2
f 7117//2 7118//2 7119//2
f 7118//2 7120//2 7119//2
f 7119//2 7120//2 7121//2
f 7120//2 7122//2 7121//2
f 7121//2 7122//2 7123//2
f 7122//2 7124//2 7123//2
f 7123//2 7124//2 7125//2
f 7124//2 7126//2 7125//2
f 7125//2 7126//2 7127//2
f 7126//2 7128//2 7127//2
f 7127//2 7128//2 7129//2
f 7128//2 7130//2 7129//2
f 7129//2 7130//2 7131//2
f 7130//2 7132//2 7131//2
f 7131//2 7132//2 7133//2
f 7132//2 7134//2 7133//2
f 7133//2 7134//2 7135//2
f 7134//2 7136//2 7135//2
f 7135//2 7136//2 7137//2
f 7136//2 7138//2 7137//2
f 7137//2 7138//2 7139//2
f 7138//2 7140//2 7139//2
f 7139//2 7140//2 7141//2
f 7140//2 7142//2 7141//2
f 7141//2 7142//2 7143//2
f 7142//2 7144//2 7143//2
f 7143//2 7144//2 7145//2
f 7144//2 7146//2 7145//2
f 7145//2 7146//2 7147//2
f 7146//2 7148//2 7147//2
f 7147//2 7148//2 7149//2
f 7148//2 7150//2 7149//2
f 7149//2 7150//2 7151//2
f 7150//2 7152//2 7151//2
f 7151//2 7152//2 7153//2
f 7152//2 7154//2 7153//2
f 7153//2 7154//2 7155//2
f 7154//2 7156//2 7155//2
f 7155//2 7156//2 7157//2
f 7156//2 7158//2 7157//2
f 7157//2 7158//2 7159//2
f 7158//2 7160//2 7159//2
f 7159//2 7160//2 7161//2
f 7160//2 7162//2 7161//2
f 7161//2 7162//2 7163//2
f 7162//2 7164//2 7163//2
f 7163//2 7164//2 7165//2
f 7164//2 7166//2 7165//2
f 7165//2 7166//2 7167//2
f 7166//2 7168//2 7167//2
f 7167//2 7168//2 7169//2
f 7168//2 7170//2 7169//2
f 7169//2 7170//2 7171//2
f 7170//2 7172//2 7171//2
f 7171//2 7172//2 7173//2
f 7172//2 7174//2 7173//2
f 7173//2 7174//2 7175//2
f 7174//2 7176//2 7175//2
f 7175//2 7176//2 7177//2
f 7176//2 7178//2 7177//2
f 7177//2 7178//2 7179//2
f 7178//2 7180//2 7179//2
f 7179//2 7180//2 7181//2
f 7180//2 7182//2 7181//2
f 7181//2 7182//2 7183//2
f 7182//2 7184//2 7183//2
f 7183//2 7184//2 7041//2
f 7184//2 7042//2 7041//2
f 7163//3818 7185//3818 7161//3818
f 7185//3818 7186//3818 7161//3818
f 7161//3865 7186//3865 7159//3865
f 7186//3865 7187//3865 7159//3865
f 7159//3866 7187//3866 7157//3866
f 7187//3866 7188//3866 7157//3866
f 7157//3867 7188//3867 7155//3867
f 7188//3867 7189//3867 7155//3867
f 7155//3750 7189//3750 7153//3750
f 7189//3750 7190//3750 7153//3750
f 7153//3868 7190//3868 7151//3868
f 7190//3868 7191//3868 7151//3868
f 7151//3869 7191//3869 7149//3869
f 7191//3869 7192//3869 7149//3869
f 7149//3870 7192//3870 7147//3870
f 7192//3870 7193//3870 7147//3870
f 7147//3871 7193//3871 7145//3871
f 7193//3871 7194//3871 7145//3871
f 7145//3826 7194//3826 7143//3826
f 7194//3826 7195//3826 7143//3826
f 7143//3872 7195//3872 7141//3872
f 7195//3872 7196//3872 7141//3872
f 7141//3873 7196//3873 7139//3873
f 7196//3873 7197//3873 7139//3873
f 7139//3874 7197//3874 7137//3874
f 7197//3874 7198//3874 7137//3874
f 7137//3875 7198//3875 7135//3875
f 7198//3875 7199//3875 7135//3875
f 7135//3831 7199//3831 7133//3831
f 7199//3831 7200//3831 7133//3831
f 7133//3761 7200//3761 7131//3761
f 7200//3761 7201//3761 7131//3761
f 7131//3832 7201//3832 7129//3832
f 7201//3832 7202//3832 7129//3832
f 7129//3763 7202//3763 7127//3763
f 7202//3763 7203//3763 7127//3763
f 7127//3876 7203//3876 7125//3876
f 7203//3876 7204//3876 7125//3876
f 7125//3877 7204//3877 7123//3877
f 7204//3877 7205//3877 7123//3877
f 7123//3766 7205//3766 7121//3766
f 7205//3766 7206//3766 7121//3766
f 7121//3878 7206//3878 7119//3878
f 7206//3878 7207//3878 7119//3878
f 7119//3836 7207//3836 7117//3836
f 7207//3836 7208//3836 7117//3836
f 7117//3879 7208//3879 7115//3879
f 7208//3879 7209//3879 7115//3879
f 7115//3838 7209//3838 7113//3838
f 7209//3838 7210//3838 7113//3838
f 7113//3880 7210//3880 7111//3880
f 7210//3880 7211//3880 7111//3880
f 7111//3840 7211//3840 7109//3840
f 7211//3840 7212//3840 7109//3840
f 7109//3881 7212//3881 7107//3881
f 7212//3881 7213//3881 7107//3881
f 7107//3882 7213//3882 7105//3882
f 7213//3882 7214//3882 7105//3882
f 7105//3883 7214//3883 7103//3883
f 7214//3883 7215//3883 7103//3883
f 7103//3884 7215//3884 7101//3884
f 7215//3884 7216//3884 7101//3884
f 7101//3777 7216//3777 7099//3777
f 7216//3777 7217//3777 7099//3777
f 7099//3885 7217//3885 7097//3885
f 7217//3885 7218//3885 7097//3885
f 7097//3886 7218//3886 7095//3886
f 7218//3886 7219//3886 7095//3886
f 7095//3887 7219//3887 7093//3887
f 7219//3887 7220//3887 7093//3887
f 7093//3848 7220//3848 7091//3848
f 7220//3848 7221//3848 7091//3848
f 7091//3849 7221//3849 7089//3849
f 7221//3849 7222//3849 7089//3849
f 7089//3888 7222//3888 7087//3888
f 7222//3888 7223//3888 7087//3888
f 7087//3889 7223//3889 7085//3889
f 7223//3889 7224//3889 7085//3889
f 7085//3890 7224//3890 7083//3890
f 7224//3890 7225//3890 7083//3890
f 7083//3786 7225//3786 7081//3786
f 7225//3786 7226//3786 7081//3786
f 7081//3891 7226//3891 7079//3891
f 7226//3891 7227//3891 7079//3891
f 7079//3892 7227//3892 7077//3892
f 7227//3892 7228//3892 7077//3892
f 7077//3893 7228//3893 7075//3893
f 7228//3893 7229//3893 7075//3893
f 7075//3894 7229//3894 7073//3894
f 7229//3894 7230//3894 7073//3894
f 7073//3895 7230//3895 7071//3895
f 7230//3895 7231//3895 7071//3895
f 7071//3896 7231//3896 7069//3896
f 7231//3896 7232//3896 7069//3896
f 7069//3793 7232//3793 7067//3793
f 7232//3793 7233//3793 7067//3793
f 7067//3897 7233//3897 7065//3897
f 7233//3897 7234//3897 7065//3897
f 7065//3854 7234//3854 7063//3854
f 7234//3854 7235//3854 7063//3854
f 7063//3898 7235//3898 7061//3898
f 7235//3898 7236//3898 7061//3898
f 7061//3797 7236//3797 7059//3797
f 7236//3797 7237//3797 7059//3797
f 7059//3798 7237//3798 7057//3798
f 7237//3798 7238//3798 7057//3798
f 7057//3899 7238//3899 7055//3899
f 7238//3899 7239//3899 7055//3899
f 7055//3800 7239//3800 7053//3800
f 7239//3800 7240//3800 7053//3800
f 7053//3801 7240//3801 7051//3801
f 7240//3801 7241//3801 7051//3801
f 7051//3802 7241//3802 7049//3802
f 7241//3802 7242//3802 7049//3802
f 7049//3900 7242//3900 7047//3900
f 7242//3900 7243//3900 7047//3900
f 7047//3859 7243//3859 7045//3859
f 7243//3859 7244//3859 7045//3859
f 7045//3901 7244//3901 7043//3901
f 7244//3901 7245//3901 7043//3901
f 7043//3902 7245//3902 7041//3902
f 7245//3902 7246//3902 7041//3902
f 7041//3903 7246//3903 7183//3903
f 7246//3903 7247//3903 7183//3903
f 7183//3904 7247//3904 7181//3904
f 7247//3904 7248//3904 7181//3904
f 7181//3905 7248//3905 7179//3905
f 7248//3905 7249//3905 7179//3905
f 7179//3906 7249//3906 7177//3906
f 7249//3906 7250//3906 7177//3906
f 7177//3907 7250//3907 7175//3907
f 7250//3907 7251//3907 7175//3907
f 7175//3908 7251//3908 7173//3908
f 7251//3908 7252//3908 7173//3908
f 7173//3813 7252//3813 7171//3813
f 7252//3813 7253//3813 7171//3813
f 7171//3909 7253//3909 7169//3909
f 7253//3909 7254//3909 7169//3909
f 7169//3910 7254//3910 7167//3910
f 7254//3910 7255//3910 7167//3910
f 7167//3911 7255//3911 7165//3911
f 7255//3911 7256//3911 7165//3911
f 7165//3864 7256//3864 7163//3864
f 7256//3864 7185//3864 7163//3864
f 7257//2 7258//2 7259//2
f 7258//2 7260//2 7259//2
f 7259//2 7260//2 7261//2
f 7260//2 7262//2 7261//2
f 7261//2 7262//2 7263//2
f 7262//2 7264//2 7263//2
f 7263//2 7264//2 7265//2
f 7264//2 7266//2 7265//2
f 7265//2 7266//2 7267//2
f 7266//2 7268//2 7267//2
f 7267//2 7268//2 7269//2
f 7268//2 7270//2 7269//2
f 7269//2 7270//2 7271//2
f 7270//2 7272//2 7271//2
f 7271//2 7272//2 7273//2
f 7272//2 7274//2 7273//2
f 7273//2 7274//2 7275//2
f 7274//2 7276//2 7275//2
f 7275//2 7276//2 7277//2
f 7276//2 7278//2 7277//2
f 7277//2 7278//2 7279//2
f 7278//2 7280//2 7279//2
f 7279//2 7280//2 7281//2
f 7280//2 7282//2 7281//2
f 7281//2 7282//2 7283//2
f 7282//2 7284//2 7283//2
f 7283//2 7284//2 7285//2
f 7284//2 7286//2 7285//2
f 7285//2 7286//2 7287//2
f 7286//2 7288//2 7287//2
f 7287//2 7288//2 7289//2
f 7288//2 7290//2 7289//2
f 7289//2 7290//2 7291//2
f 7290//2 7292//2 7291//2
f 7291//2 7292//2 7293//2
f 7292//2 7294//2 7293//2
f 7293//2 7294//2 7295//2
f 7294//2 7296//2 7295//2
f 7295//2 7296//2 7297//2
f 7296//2 7298//2 7297//2
f 7297//2 7298//2 7299//2
f 7298//2 7300//2 7299//2
f 7299//2 7300//2 7301//2
f 7300//2 7302//2 7301//2
f 7301//2 7302//2 7303//2
f 7302//2 7304//2 7303//2
f 7303//2 7304//2 7305//2
f 7304//2 7306//2 7305//2
f 7305//2 7306//2 7307//2
f 7306//2 7308//2 7307//2
f 7307//2 7308//2 7309//2
f 7308//2 7310//2 7309//2
f 7309//2 7310//2 7311//2
f 7310//2 7312//2 7311//2
f 7311//2 7312//2 7313//2
f 7312//2 7314//2 7313//2
f 7313//2 7314//2 7315//2
f 7314//2 7316//2 7315//2
f 7315//2 7316//2 7317//2
f 7316//2 7318//2 7317//2
f 7317//2 7318//2 7319//2
f 7318//2 7320//2 7319//2
f 7319//2 7320//2 7321//2
f 7320//2 7322//2 7321//2
f 7321//2 7322//2 7323//2
f 7322//2 7324//2 7323//2
f 7323//2 7324//2 7325//2
f 7324//2 7326//2 7325//2
f 7325//2 7326//2 7327//2
f 7326//2 7328//2 7327//2
f 7327//2 7328//2 7329//2
f 7328//2 7330//2 7329//2
f 7329//2 7330//2 7331//2
f 7330//2 7332//2 7331//2
f 7331//2 7332//2 7333//2
f 7332//2 7334//2 7333//2
f 7333//2 7334//2 7335//2
f 7334//2 7336//2 7335//2
f 7335//2 7336//2 7337//2
f 7336//2 7338//2 7337//2
f 7337//2 7338//2 7339//2
f 7338//2 7340//2 7339//2
f 7339//2 7340//2 7341//2
f 7340//2 7342//2 7341//2
f 7341//2 7342//2 7343//2
f 7342//2 7344//2 7343//2
f 7343//2 7344//2 7345//2
f 7344//2 7346//2 7345//2
f 7345//2 7346//2 7347//2
f 7346//2 7348//2 7347//2
f 7347//2 7348//2 7349//2
f 7348//2 7350//2 7349//2
f 7349//2 7350//2 7351//2
f 7350//2 7352//2 7351//2
f 7351//2 7352//2 7353//2
f 7352//2 7354//2 7353//2
f 7353//2 7354//2 7355//2
f 7354//2 7356//2 7355//2
f 7355//2 7356//2 7357//2
f 7356//2 7358//2 7357//2
f 7357//2 7358//2 7359//2
f 7358//2 7360//2 7359//2
f 7359//2 7360//2 7361//2
f 7360//2 7362//2 7361//2
f 7361//2 7362//2 7363//2
f 7362//2 7364//2 7363//2
f 7363//2 7364//2 7365//2
f 7364//2 7366//2 7365//2
f 7365//2 7366//2 7367//2
f 7366//2 7368//2 7367//2
f 7367//2 7368//2 7369//2
f 7368//2 7370//2 7369//2
f 7369//2 7370//2 7371//2
f 7370//2 7372//2 7371//2
f 7371//2 7372//2 7373//2
f 7372//2 7374//2 7373//2
f 7373//2 7374//2 7375//2
f 7374//2 7376//2 7375//2
f 7375//2 7376//2 7377//2
f 7376//2 7378//2 7377//2
f 7377//2 7378//2 7379//2
f 7378//2 7380//2 7379//2
f 7379//2 7380//2 7381//2
f 7380//2 7382//2 7381//2
f 7381//2 7382//2 7383//2
f 7382//2 7384//2 7383//2
f 7383//2 7384//2 7385//2
f 7384//2 7386//2 7385//2
f 7385//2 7386//2 7387//2
f 7386//2 7388//2 7387//2
f 7387//2 7388//2 7389//2
f 7388//2 7390//2 7389//2
f 7389//2 7390//2 7391//2
f 7390//2 7392//2 7391//2
f 7391//2 7392//2 7393//2
f 7392//2 7394//2 7393//2
f 7393//2 7394//2 7395//2
f 7394//2 7396//2 7395//2
f 7395//2 7396//2 7397//2
f 7396//2 7398//2 7397//2
f 7397//2 7398//2 7399//2
f 7398//2 7400//2 7399//2
f 7399//2 7400//2 7257//2
f 7400//2 7258//2 7257//2
f 7341//3746 7401//3746 7339//3746
f 7401//3746 7402//3746 7339//3746
f 7339//3865 7402//3865 7337//3865
f 7402//3865 7403//3865 7337//3865
f 7337//3912 7403//3912 7335//3912
f 7403//3912 7404//3912 7335//3912
f 7335//3913 7404//3913 7333//3913
f 7404//3913 7405//3913 7333//3913
f 7333//3750 7405//3750 7331//3750
f 7405//3750 7406//3750 7331//3750
f 7331//3914 7406//3914 7329//3914
f 7406//3914 7407//3914 7329//3914
f 7329//3915 7407//3915 7327//3915
f 7407//3915 7408//3915 7327//3915
f 7327//3916 7408//3916 7325//3916
f 7408//3916 7409//3916 7325//3916
f 7325//3917 7409//3917 7323//3917
f 7409//3917 7410//3917 7323//3917
f 7323//3755 7410//3755 7321//3755
f 7410//3755 7411//3755 7321//3755
f 7321//3918 7411//3918 7319//3918
f 7411//3918 7412//3918 7319//3918
f 7319//3919 7412//3919 7317//3919
f 7412//3919 7413//3919 7317//3919
f 7317//3920 7413//3920 7315//3920
f 7413//3920 7414//3920 7315//3920
f 7315//3759 7414//3759 7313//3759
f 7414//3759 7415//3759 7313//3759
f 7313//3921 7415//3921 7311//3921
f 7415//3921 7416//3921 7311//3921
f 7311//3761 7416//3761 7309//3761
f 7416//3761 7417//3761 7309//3761
f 7309//3762 7417//3762 7307//3762
f 7417//3762 7418//3762 7307//3762
f 7307//3763 7418//3763 7305//3763
f 7418//3763 7419//3763 7305//3763
f 7305//3876 7419//3876 7303//3876
f 7419//3876 7420//3876 7303//3876
f 7303//3765 7420//3765 7301//3765
f 7420//3765 7421//3765 7301//3765
f 7301//3922 7421//3922 7299//3922
f 7421//3922 7422//3922 7299//3922
f 7299//3923 7422//3923 7297//3923
f 7422//3923 7423//3923 7297//3923
f 7297//3768 7423//3768 7295//3768
f 7423//3768 7424//3768 7295//3768
f 7295//3924 7424//3924 7293//3924
f 7424//3924 7425//3924 7293//3924
f 7293//3770 7425//3770 7291//3770
f 7425//3770 7426//3770 7291//3770
f 7291//3771 7426//3771 7289//3771
f 7426//3771 7427//3771 7289//3771
f 7289//3925 7427//3925 7287//3925
f 7427//3925 7428//3925 7287//3925
f 7287//3926 7428//3926 7285//3926
f 7428//3926 7429//3926 7285//3926
f 7285//3927 7429//3927 7283//3927
f 7429//3927 7430//3927 7283//3927
f 7283//3928 7430//3928 7281//3928
f 7430//3928 7431//3928 7281//3928
f 7281//3929 7431//3929 7279//3929
f 7431//3929 7432//3929 7279//3929
f 7279//3777 7432//3777 7277//3777
f 7432//3777 7433//3777 7277//3777
f 7277//3930 7433//3930 7275//3930
f 7433//3930 7434//3930 7275//3930
f 7275//3931 7434//3931 7273//3931
f 7434//3931 7435//3931 7273//3931
f 7273//3887 7435//3887 7271//3887
f 7435//3887 7436//3887 7271//3887
f 7271//3781 7436//3781 7269//3781
f 7436//3781 7437//3781 7269//3781
f 7269//3782 7437//3782 7267//3782
f 7437//3782 7438//3782 7267//3782
f 7267//3888 7438//3888 7265//3888
f 7438//3888 7439//3888 7265//3888
f 7265//3889 7439//3889 7263//3889
f 7439//3889 7440//3889 7263//3889
f 7263//3890 7440//3890 7261//3890
f 7440//3890 7441//3890 7261//3890
f 7261//3786 7441//3786 7259//3786
f 7441//3786 7442//3786 7259//3786
f 7259//3891 7442//3891 7257//3891
f 7442//3891 7443//3891 7257//3891
f 7257//3932 7443//3932 7399//3932
f 7443//3932 7444//3932 7399//3932
f 7399//3933 7444//3933 7397//3933
f 7444//3933 7445//3933 7397//3933
f 7397//3894 7445//3894 7395//3894
f 7445//3894 7446//3894 7395//3894
f 7395//3934 7446//3934 7393//3934
f 7446//3934 7447//3934 7393//3934
f 7393//3792 7447//3792 7391//3792
f 7447//3792 7448//3792 7391//3792
f 7391//3793 7448//3793 7389//3793
f 7448//3793 7449//3793 7389//3793
f 7389//3935 7449//3935 7387//3935
f 7449//3935 7450//3935 7387//3935
f 7387//3795 7450//3795 7385//3795
f 7450//3795 7451//3795 7385//3795
f 7385//3936 7451//3936 7383//3936
f 7451//3936 7452//3936 7383//3936
f 7383//3937 7452//3937 7381//3937
f 7452//3937 7453//3937 7381//3937
f 7381//3798 7453//3798 7379//3798
f 7453//3798 7454//3798 7379//3798
f 7379//3899 7454//3899 7377//3899
f 7454//3899 7455//3899 7377//3899
f 7377//3800 7455//3800 7375//3800
f 7455//3800 7456//3800 7375//3800
f 7375//3801 7456//3801 7373//3801
f 7456//3801 7457//3801 7373//3801
f 7373//3802 7457//3802 7371//3802
f 7457//3802 7458//3802 7371//3802
f 7371//3938 7458//3938 7369//3938
f 7458//3938 7459//3938 7369//3938
f 7369//3804 7459//3804 7367//3804
f 7459//3804 7460//3804 7367//3804
f 7367//3939 7460//3939 7365//3939
f 7460//3939 7461//3939 7365//3939
f 7365//3902 7461//3902 7363//3902
f 7461//3902 7462//3902 7363//3902
f 7363//3940 7462//3940 7361//3940
f 7462//3940 7463//3940 7361//3940
f 7361//3808 7463//3808 7359//3808
f 7463//3808 7464//3808 7359//3808
f 7359//3905 7464//3905 7357//3905
f 7464//3905 7465//3905 7357//3905
f 7357//3941 7465//3941 7355//3941
f 7465//3941 7466//3941 7355//3941
f 7355//3942 7466//3942 7353//3942
f 7466//3942 7467//3942 7353//3942
f 7353//3908 7467//3908 7351//3908
f 7467//3908 7468//3908 7351//3908
f 7351//3813 7468//3813 7349//3813
f 7468//3813 7469//3813 7349//3813
f 7349//3909 7469//3909 7347//3909
f 7469//3909 7470//3909 7347//3909
f 7347//3910 7470//3910 7345//3910
f 7470//3910 7471//3910 7345//3910
f 7345//3911 7471//3911 7343//3911
f 7471//3911 7472//3911 7343//3911
f 7343//3817 7472//3817 7341//3817
f 7472//3817 7401//3817 7341//3817
f 7473//3514 7474//3514 7475//3514
f 7474//3514 7476//3514 7475//3514
f 7475//3515 7476//3515 7477//3515
f 7476//3515 7478//3515 7477//3515
f 7477//3516 7478//3516 7479//3516
f 7478//3516 7480//3516 7479//3516
f 7479//3517 7480//3517 7481//3517
f 7480//3517 7482//3517 7481//3517
f 7481//3518 7482//3518 7483//3518
f 7482//3518 7484//3518 7483//3518
f 7483//3252 7484//3252 7485//3252
f 7484//3252 7486//3252 7485//3252
f 7485//3155 7486//3155 7487//3155
f 7486//3155 7488//3155 7487//3155
f 7487//3519 7488//3519 7489//3519
f 7488//3519 7490//3519 7489//3519
f 7489//3157 7490//3157 7491//3157
f 7490//3157 7492//3157 7491//3157
f 7491//3520 7492//3520 7493//3520
f 7492//3520 7494//3520 7493//3520
f 7493//3521 7494//3521 7495//3521
f 7494//3521 7496//3521 7495//3521
f 7495//3162 7496//3162 7497//3162
f 7496//3162 7498//3162 7497//3162
f 7497//3522 7498//3522 7499//3522
f 7498//3522 7500//3522 7499//3522
f 7499//3523 7500//3523 7501//3523
f 7500//3523 7502//3523 7501//3523
f 7501//3524 7502//3524 7503//3524
f 7502//3524 7504//3524 7503//3524
f 7503//3525 7504//3525 7505//3525
f 7504//3525 7506//3525 7505//3525
f 7505//3526 7506//3526 7507//3526
f 7506//3526 7508//3526 7507//3526
f 7507//3527 7508//3527 7509//3527
f 7508//3527 7510//3527 7509//3527
f 7509//3528 7510//3528 7511//3528
f 7510//3528 7512//3528 7511//3528
f 7511//3529 7512//3529 7513//3529
f 7512//3529 7514//3529 7513//3529
f 7513//3530 7514//3530 7515//3530
f 7514//3530 7516//3530 7515//3530
f 7515//3531 7516//3531 7517//3531
f 7516//3531 7518//3531 7517//3531
f 7517//3532 7518//3532 7519//3532
f 7518//3532 7520//3532 7519//3532
f 7519//3533 7520//3533 7521//3533
f 7520//3533 7522//3533 7521//3533
f 7521//2932 7522//2932 7523//2932
f 7522//2932 7524//2932 7523//2932
f 7523//3534 7524//3534 7525//3534
f 7524//3534 7526//3534 7525//3534
f 7525//2935 7526//2935 7527//2935
f 7526//2935 7528//2935 7527//2935
f 7527//2937 7528//2937 7529//2937
f 7528//2937 7530//2937 7529//2937
f 7529//3535 7530//3535 7531//3535
f 7530//3535 7532//3535 7531//3535
f 7531//3536 7532//3536 7533//3536
f 7532//3536 7534//3536 7533//3536
f 7533//3275 7534//3275 7535//3275
f 7534//3275 7536//3275 7535//3275
f 7535//3537 7536//3537 7537//3537
f 7536//3537 7538//3537 7537//3537
f 7537//3538 7538//3538 7539//3538
f 7538//3538 7540//3538 7539//3538
f 7539//3539 7540//3539 7541//3539
f 7540//3539 7542//3539 7541//3539
f 7541//3540 7542//3540 7543//3540
f 7542//3540 7544//3540 7543//3540
f 7543//3541 7544//3541 7545//3541
f 7544//3541 7546//3541 7545//3541
f 7545//3542 7546//3542 7547//3542
f 7546//3542 7548//3542 7547//3542
f 7547//3543 7548//3543 7549//3543
f 7548//3543 7550//3543 7549//3543
f 7549//3544 7550//3544 7551//3544
f 7550//3544 7552//3544 7551//3544
f 7551//3545 7552//3545 7553//3545
f 7552//3545 7554//3545 7553//3545
f 7553//3546 7554//3546 7555//3546
f 7554//3546 7556//3546 7555//3546
f 7555//3286 7556//3286 7557//3286
f 7556//3286 7558//3286 7557//3286
f 7557//2979 7558//2979 7559//2979
f 7558//2979 7560//2979 7559//2979
f 7559//3288 7560//3288 7561//3288
f 7560//3288 7562//3288 7561//3288
f 7561//2981 7562//2981 7563//2981
f 7562//2981 7564//2981 7563//2981
f 7563//3547 7564//3547 7565//3547
f 7564//3547 7566//3547 7565//3547
f 7565//3548 7566//3548 7567//3548
f 7566//3548 7568//3548 7567//3548
f 7567//44 7568//44 7569//44
f 7568//44 7570//44 7569//44
f 7569//3549 7570//3549 7571//3549
f 7570//3549 7572//3549 7571//3549
f 7571//3550 7572//3550 7573//3550
f 7572//3550 7574//3550 7573//3550
f 7573//3551 7574//3551 7575//3551
f 7574//3551 7576//3551 7575//3551
f 7575//3552 7576//3552 7577//3552
f 7576//3552 7578//3552 7577//3552
f 7577//3553 7578//3553 7579//3553
f 7578//3553 7580//3553 7579//3553
f 7579//3554 7580//3554 7581//3554
f 7580//3554 7582//3554 7581//3554
f 7581//3555 7582//3555 7583//3555
f 7582//3555 7584//3555 7583//3555
f 7583//3556 7584//3556 7585//3556
f 7584//3556 7586//3556 7585//3556
f 7585//3557 7586//3557 7587//3557
f 7586//3557 7588//3557 7587//3557
f 7587//3558 7588//3558 7589//3558
f 7588//3558 7590//3558 7589//3558
f 7589//3559 7590//3559 7591//3559
f 7590//3559 7592//3559 7591//3559
f 7591//3560 7592//3560 7593//3560
f 7592//3560 7594//3560 7593//3560
f 7593//2998 7594//2998 7595//2998
f 7594//2998 7596//2998 7595//2998
f 7595//3561 7596//3561 7597//3561
f 7596//3561 7598//3561 7597//3561
f 7597//3001 7598//3001 7599//3001
f 7598//3001 7600//3001 7599//3001
f 7599//3003 7600//3003 7601//3003
f 7600//3003 7602//3003 7601//3003
f 7601//3562 7602//3562 7603//3562
f 7602//3562 7604//3562 7603//3562
f 7603//3563 7604//3563 7605//3563
f 7604//3563 7606//3563 7605//3563
f 7605//3564 7606//3564 7607//3564
f 7606//3564 7608//3564 7607//3564
f 7607//3565 7608//3565 7609//3565
f 7608//3565 7610//3565 7609//3565
f 7609//3566 7610//3566 7611//3566
f 7610//3566 7612//3566 7611//3566
f 7611//3567 7612//3567 7613//3567
f 7612//3567 7614//3567 7613//3567
f 7613//3568 7614//3568 7615//3568
f 7614//3568 7616//3568 7615//3568
f 7615//3569 7616//3569 7473//3569
f 7616//3569 7474//3569 7473//3569
f 7270//3317 5977//3317 7272//3317
f 5977//3317 5978//3317 7272//3317
f 7272//3318 5978//3318 7274//3318
f 5978//3318 5979//3318 7274//3318
f 7274//3319 5979//3319 7276//3319
f 5979//3319 5980//3319 7276//3319
f 7276//3320 5980//3320 7278//3320
f 5980//3320 5981//3320 7278//3320
f 7278//3321 5981//3321 7280//3321
f 5981//3321 5982//3321 7280//3321
f 7280//3322 5982//3322 7282//3322
f 5982//3322 5983//3322 7282//3322
f 7282//3323 5983//3323 7284//3323
f 5983//3323 5984//3323 7284//3323
f 7284//3324 5984//3324 7286//3324
f 5984//3324 5985//3324 7286//3324
f 7286//3325 5985//3325 7288//3325
f 5985//3325 5986//3325 7288//3325
f 7288//3326 5986//3326 7290//3326
f 5986//3326 5987//3326 7290//3326
f 7290//3327 5987//3327 7292//3327
f 5987//3327 5988//3327 7292//3327
f 7292//3328 5988//3328 7294//3328
f 5988//3328 5989//3328 7294//3328
f 7294//3329 5989//3329 7296//3329
f 5989//3329 5990//3329 7296//3329
f 7296//3330 5990//3330 7298//3330
f 5990//3330 5991//3330 7298//3330
f 7298//3331 5991//3331 7300//3331
f 5991//3331 5992//3331 7300//3331
f 7300//3332 5992//3332 7302//3332
f 5992//3332 5993//3332 7302//3332
f 7302//3333 5993//3333 7304//3333
f 5993//3333 5994//3333 7304//3333
f 7304//3334 5994//3334 7306//3334
f 5994//3334 5995//3334 7306//3334
f 7306//3335 5995//3335 7308//3335
f 5995//3335 5996//3335 7308//3335
f 7308//3336 5996//3336 7310//3336
f 5996//3336 5997//3336 7310//3336
f 7310//3337 5997//3337 7312//3337
f 5997//3337 5998//3337 7312//3337
f 7312//3338 5998//3338 7314//3338
f 5998//3338 5999//3338 7314//3338
f 7314//3339 5999//3339 7316//3339
f 5999//3339 6000//3339 7316//3339
f 7316//3340 6000//3340 7318//3340
f 6000//3340 6001//3340 7318//3340
f 7318//3341 6001//3341 7320//3341
f 6001//3341 6002//3341 7320//3341
f 7320//3342 6002//3342 7322//3342
f 6002//3342 6003//3342 7322//3342
f 7322//3343 6003//3343 7324//3343
f 6003//3343 6004//3343 7324//3343
f 7324//3344 6004//3344 7326//3344
f 6004//3344 6005//3344 7326//3344
f 7326//3345 6005//3345 7328//3345
f 6005//3345 6006//3345 7328//3345
f 7328//3346 6006//3346 7330//3346
f 6006//3346 6007//3346 7330//3346
f 7330//3347 6007//3347 7332//3347
f 6007//3347 6008//3347 7332//3347
f 7332//3348 6008//3348 7334//3348
f 6008//3348 6009//3348 7334//3348
f 7334//3349 6009//3349 7336//3349
f 6009//3349 6010//3349 7336//3349
f 7336//3350 6010//3350 7338//3350
f 6010//3350 6011//3350 7338//3350
f 7338//3351 6011//3351 7340//3351
f 6011//3351 6012//3351 7340//3351
f 7340//3352 6012//3352 7342//3352
f 6012//3352 6013//3352 7342//3352
f 7342//3353 6013//3353 7344//3353
f 6013//3353 6014//3353 7344//3353
f 7344//3354 6014//3354 7346//3354
f 6014//3354 6015//3354 7346//3354
f 7346//3355 6015//3355 7348//3355
f 6015//3355 6016//3355 7348//3355
f 7348//3356 6016//3356 7350//3356
f 6016//3356 6017//3356 7350//3356
f 7350//3357 6017//3357 7352//3357
f 6017//3357 6018//3357 7352//3357
f 7352//3358 6018//3358 7354//3358
f 6018//3358 6019//3358 7354//3358
f 7354//3359 6019//3359 7356//3359
f 6019//3359 6020//3359 7356//3359
f 7356//3360 6020//3360 7358//3360
f 6020//3360 6021//3360 7358//3360
f 7358//3361 6021//3361 7360//3361
f 6021//3361 6022//3361 7360//3361
f 7360//3362 6022//3362 7362//3362
f 6022//3362 6023//3362 7362//3362
f 7362//3363 6023//3363 7364//3363
f 6023//3363 6024//3363 7364//3363
f 7364//3364 6024//3364 7366//3364
f 6024//3364 6025//3364 7366//3364
f 7366//3365 6025//3365 7368//3365
f 6025//3365 6026//3365 7368//3365
f 7368//3366 6026//3366 7370//3366
f 6026//3366 6027//3366 7370//3366
f 7370//3367 6027//3367 7372//3367
f 6027//3367 6028//3367 7372//3367
f 7372//3368 6028//3368 7374//3368
f 6028//3368 6029//3368 7374//3368
f 7374//3369 6029//3369 7376//3369
f 6029//3369 6030//3369 7376//3369
f 7376//3370 6030//3370 7378//3370
f 6030//3370 6031//3370 7378//3370
f 7378//3371 6031//3371 7380//3371
f 6031//3371 6032//3371 7380//3371
f 7380//3372 6032//3372 7382//3372
f 6032//3372 6033//3372 7382//3372
f 7382//3373 6033//3373 7384//3373
f 6033//3373 6034//3373 7384//3373
f 7384//3374 6034//3374 7386//3374
f 6034//3374 6035//3374 7386//3374
f 7386//3375 6035//3375 7388//3375
f 6035//3375 6036//3375 7388//3375
f 7388//3376 6036//3376 7390//3376
f 6036//3376 6037//3376 7390//3376
f 7390//3377 6037//3377 7392//3377
f 6037//3377 6038//3377 7392//3377
f 7392//3378 6038//3378 7394//3378
f 6038//3378 6039//3378 7394//3378
f 7394//3379 6039//3379 7396//3379
f 6039//3379 6040//3379 7396//3379
f 7396//3380 6040//3380 7398//3380
f 6040//3380 6041//3380 7398//3380
f 7398//3381 6041//3381 7400//3381
f 6041//3381 6042//3381 7400//3381
f 7400//3382 6042//3382 7258//3382
f 6042//3382 6043//3382 7258//3382
f 7258//3383 6043//3383 7260//3383
f 6043//3383 6044//3383 7260//3383
f 7260//3384 6044//3384 7262//3384
f 6044//3384 6045//3384 7262//3384
f 7262//3385 6045//3385 7264//3385
f 6045//3385 6046//3385 7264//3385
f 7264//3386 6046//3386 7266//3386
f 6046//3386 6047//3386 7266//3386
f 7266//3387 6047//3387 7268//3387
f 6047//3387 6048//3387 7268//3387
f 7268//3388 6048//3388 7270//3388
f 6048//3388 5977//3388 7270//3388
f 7092//3317 6049//3317 7094//3317
f 6049//3317 6051//3317 7094//3317
f 7094//3389 6051//3389 7096//3389
f 6051//3389 6053//3389 7096//3389
f 7096//3390 6053//3390 7098//3390
f 6053//3390 6055//3390 7098//3390
f 7098//3391 6055//3391 7100//3391
f 6055//3391 6057//3391 7100//3391
f 7100//3392 6057//3392 7102//3392
f 6057//3392 6059//3392 7102//3392
f 7102//3393 6059//3393 7104//3393
f 6059//3393 6061//3393 7104//3393
f 7104//3394 6061//3394 7106//3394
f 6061//3394 6063//3394 7106//3394
f 7106//3395 6063//3395 7108//3395
f 6063//3395 6065//3395 7108//3395
f 7108//3396 6065//3396 7110//3396
f 6065//3396 6067//3396 7110//3396
f 7110//3397 6067//3397 7112//3397
f 6067//3397 6069//3397 7112//3397
f 7112//3398 6069//3398 7114//3398
f 6069//3398 6071//3398 7114//3398
f 7114//3399 6071//3399 7116//3399
f 6071//3399 6073//3399 7116//3399
f 7116//3400 6073//3400 7118//3400
f 6073//3400 6075//3400 7118//3400
f 7118//3401 6075//3401 7120//3401
f 6075//3401 6077//3401 7120//3401
f 7120//3331 6077//3331 7122//3331
f 6077//3331 6079//3331 7122//3331
f 7122//3402 6079//3402 7124//3402
f 6079//3402 6081//3402 7124//3402
f 7124//3403 6081//3403 7126//3403
f 6081//3403 6083//3403 7126//3403
f 7126//3404 6083//3404 7128//3404
f 6083//3404 6085//3404 7128//3404
f 7128//3405 6085//3405 7130//3405
f 6085//3405 6087//3405 7130//3405
f 7130//3406 6087//3406 7132//3406
f 6087//3406 6089//3406 7132//3406
f 7132//3407 6089//3407 7134//3407
f 6089//3407 6091//3407 7134//3407
f 7134//3408 6091//3408 7136//3408
f 6091//3408 6093//3408 7136//3408
f 7136//3409 6093//3409 7138//3409
f 6093//3409 6095//3409 7138//3409
f 7138//3410 6095//3410 7140//3410
f 6095//3410 6097//3410 7140//3410
f 7140//3411 6097//3411 7142//3411
f 6097//3411 6099//3411 7142//3411
f 7142//3412 6099//3412 7144//3412
f 6099//3412 6101//3412 7144//3412
f 7144//3413 6101//3413 7146//3413
f 6101//3413 6103//3413 7146//3413
f 7146//3414 6103//3414 7148//3414
f 6103//3414 6105//3414 7148//3414
f 7148//3345 6105//3345 7150//3345
f 6105//3345 6107//3345 7150//3345
f 7150//3415 6107//3415 7152//3415
f 6107//3415 6109//3415 7152//3415
f 7152//3416 6109//3416 7154//3416
f 6109//3416 6111//3416 7154//3416
f 7154//3417 6111//3417 7156//3417
f 6111//3417 6113//3417 7156//3417
f 7156//3418 6113//3418 7158//3418
f 6113//3418 6115//3418 7158//3418
f 7158//3419 6115//3419 7160//3419
f 6115//3419 6117//3419 7160//3419
f 7160//3420 6117//3420 7162//3420
f 6117//3420 6119//3420 7162//3420
f 7162//3352 6119//3352 7164//3352
f 6119//3352 6121//3352 7164//3352
f 7164//3421 6121//3421 7166//3421
f 6121//3421 6123//3421 7166//3421
f 7166//3354 6123//3354 7168//3354
f 6123//3354 6125//3354 7168//3354
f 7168//3422 6125//3422 7170//3422
f 6125//3422 6127//3422 7170//3422
f 7170//3423 6127//3423 7172//3423
f 6127//3423 6129//3423 7172//3423
f 7172//3357 6129//3357 7174//3357
f 6129//3357 6131//3357 7174//3357
f 7174//3358 6131//3358 7176//3358
f 6131//3358 6133//3358 7176//3358
f 7176//3359 6133//3359 7178//3359
f 6133//3359 6135//3359 7178//3359
f 7178//3360 6135//3360 7180//3360
f 6135//3360 6137//3360 7180//3360
f 7180//3361 6137//3361 7182//3361
f 6137//3361 6139//3361 7182//3361
f 7182//3424 6139//3424 7184//3424
f 6139//3424 6141//3424 7184//3424
f 7184//3425 6141//3425 7042//3425
f 6141//3425 6143//3425 7042//3425
f 7042//3364 6143//3364 7044//3364
f 6143//3364 6145//3364 7044//3364
f 7044//3365 6145//3365 7046//3365
f 6145//3365 6147//3365 7046//3365
f 7046//3426 6147//3426 7048//3426
f 6147//3426 6149//3426 7048//3426
f 7048//3367 6149//3367 7050//3367
f 6149//3367 6151//3367 7050//3367
f 7050//3427 6151//3427 7052//3427
f 6151//3427 6153//3427 7052//3427
f 7052//3428 6153//3428 7054//3428
f 6153//3428 6155//3428 7054//3428
f 7054//3429 6155//3429 7056//3429
f 6155//3429 6157//3429 7056//3429
f 7056//3430 6157//3430 7058//3430
f 6157//3430 6159//3430 7058//3430
f 7058//3431 6159//3431 7060//3431
f 6159//3431 6161//3431 7060//3431
f 7060//3432 6161//3432 7062//3432
f 6161//3432 6163//3432 7062//3432
f 7062//3374 6163//3374 7064//3374
f 6163//3374 6165//3374 7064//3374
f 7064//3433 6165//3433 7066//3433
f 6165//3433 6167//3433 7066//3433
f 7066//3376 6167//3376 7068//3376
f 6167//3376 6169//3376 7068//3376
f 7068//3377 6169//3377 7070//3377
f 6169//3377 6171//3377 7070//3377
f 7070//3434 6171//3434 7072//3434
f 6171//3434 6173//3434 7072//3434
f 7072//3435 6173//3435 7074//3435
f 6173//3435 6175//3435 7074//3435
f 7074//3436 6175//3436 7076//3436
f 6175//3436 6177//3436 7076//3436
f 7076//3437 6177//3437 7078//3437
f 6177//3437 6179//3437 7078//3437
f 7078//3438 6179//3438 7080//3438
f 6179//3438 6181//3438 7080//3438
f 7080//3439 6181//3439 7082//3439
f 6181//3439 6183//3439 7082//3439
f 7082//3440 6183//3440 7084//3440
f 6183//3440 6185//3440 7084//3440
f 7084//3441 6185//3441 7086//3441
f 6185//3441 6187//3441 7086//3441
f 7086//3442 6187//3442 7088//3442
f 6187//3442 6189//3442 7088//3442
f 7088//3387 6189//3387 7090//3387
f 6189//3387 6191//3387 7090//3387
f 7090//3443 6191//3443 7092//3443
f 6191//3443 6049//3443 7092//3443
f 6868//3444 6193//3444 6870//3444
f 6193//3444 6195//3444 6870//3444
f 6870//3445 6195//3445 6872//3445
f 6195//3445 6197//3445 6872//3445
f 6872//3446 6197//3446 6874//3446
f 6197//3446 6199//3446 6874//3446
f 6874//3391 6199//3391 6876//3391
f 6199//3391 6201//3391 6876//3391
f 6876//3447 6201//3447 6878//3447
f 6201//3447 6203//3447 6878//3447
f 6878//3393 6203//3393 6880//3393
f 6203//3393 6205//3393 6880//3393
f 6880//3394 6205//3394 6882//3394
f 6205//3394 6207//3394 6882//3394
f 6882//3448 6207//3448 6884//3448
f 6207//3448 6209//3448 6884//3448
f 6884//3396 6209//3396 6886//3396
f 6209//3396 6211//3396 6886//3396
f 6886//3449 6211//3449 6888//3449
f 6211//3449 6213//3449 6888//3449
f 6888//3450 6213//3450 6890//3450
f 6213//3450 6215//3450 6890//3450
f 6890//3328 6215//3328 6892//3328
f 6215//3328 6217//3328 6892//3328
f 6892//3329 6217//3329 6894//3329
f 6217//3329 6219//3329 6894//3329
f 6894//3451 6219//3451 6896//3451
f 6219//3451 6221//3451 6896//3451
f 6896//3452 6221//3452 6898//3452
f 6221//3452 6223//3452 6898//3452
f 6898//3453 6223//3453 6900//3453
f 6223//3453 6225//3453 6900//3453
f 6900//3403 6225//3403 6902//3403
f 6225//3403 6227//3403 6902//3403
f 6902//3454 6227//3454 6904//3454
f 6227//3454 6229//3454 6904//3454
f 6904//3405 6229//3405 6906//3405
f 6229//3405 6231//3405 6906//3405
f 6906//3406 6231//3406 6908//3406
f 6231//3406 6233//3406 6908//3406
f 6908//3455 6233//3455 6910//3455
f 6233//3455 6235//3455 6910//3455
f 6910//3456 6235//3456 6912//3456
f 6235//3456 6237//3456 6912//3456
f 6912//3457 6237//3457 6914//3457
f 6237//3457 6239//3457 6914//3457
f 6914//3340 6239//3340 6916//3340
f 6239//3340 6241//3340 6916//3340
f 6916//3341 6241//3341 6918//3341
f 6241//3341 6243//3341 6918//3341
f 6918//3458 6243//3458 6920//3458
f 6243//3458 6245//3458 6920//3458
f 6920//3459 6245//3459 6922//3459
f 6245//3459 6247//3459 6922//3459
f 6922//3460 6247//3460 6924//3460
f 6247//3460 6249//3460 6924//3460
f 6924//3461 6249//3461 6926//3461
f 6249//3461 6251//3461 6926//3461
f 6926//3415 6251//3415 6928//3415
f 6251//3415 6253//3415 6928//3415
f 6928//3416 6253//3416 6930//3416
f 6253//3416 6255//3416 6930//3416
f 6930//3462 6255//3462 6932//3462
f 6255//3462 6257//3462 6932//3462
f 6932//3463 6257//3463 6934//3463
f 6257//3463 6259//3463 6934//3463
f 6934//3464 6259//3464 6936//3464
f 6259//3464 6261//3464 6936//3464
f 6936//3465 6261//3465 6938//3465
f 6261//3465 6263//3465 6938//3465
f 6938//3466 6263//3466 6940//3466
f 6263//3466 6265//3466 6940//3466
f 6940//3467 6265//3467 6942//3467
f 6265//3467 6267//3467 6942//3467
f 6942//3468 6267//3468 6944//3468
f 6267//3468 6269//3468 6944//3468
f 6944//3469 6269//3469 6946//3469
f 6269//3469 6271//3469 6946//3469
f 6946//3470 6271//3470 6948//3470
f 6271//3470 6273//3470 6948//3470
f 6948//3471 6273//3471 6950//3471
f 6273//3471 6275//3471 6950//3471
f 6950//3358 6275//3358 6952//3358
f 6275//3358 6277//3358 6952//3358
f 6952//3359 6277//3359 6954//3359
f 6277//3359 6279//3359 6954//3359
f 6954//3472 6279//3472 6956//3472
f 6279//3472 6281//3472 6956//3472
f 6956//3473 6281//3473 6958//3473
f 6281//3473 6283//3473 6958//3473
f 6958//3474 6283//3474 6960//3474
f 6283//3474 6285//3474 6960//3474
f 6960//3425 6285//3425 6962//3425
f 6285//3425 6287//3425 6962//3425
f 6962//3364 6287//3364 6964//3364
f 6287//3364 6289//3364 6964//3364
f 6964//3365 6289//3365 6966//3365
f 6289//3365 6291//3365 6966//3365
f 6966//3475 6291//3475 6968//3475
f 6291//3475 6293//3475 6968//3475
f 6968//3476 6293//3476 6826//3476
f 6293//3476 6295//3476 6826//3476
f 6826//3427 6295//3427 6828//3427
f 6295//3427 6297//3427 6828//3427
f 6828//3428 6297//3428 6830//3428
f 6297//3428 6299//3428 6830//3428
f 6830//3429 6299//3429 6832//3429
f 6299//3429 6301//3429 6832//3429
f 6832//3477 6301//3477 6834//3477
f 6301//3477 6303//3477 6834//3477
f 6834//3431 6303//3431 6836//3431
f 6303//3431 6305//3431 6836//3431
f 6836//3478 6305//3478 6838//3478
f 6305//3478 6307//3478 6838//3478
f 6838//3479 6307//3479 6840//3479
f 6307//3479 6309//3479 6840//3479
f 6840//3480 6309//3480 6842//3480
f 6309//3480 6311//3480 6842//3480
f 6842//3376 6311//3376 6844//3376
f 6311//3376 6313//3376 6844//3376
f 6844//3377 6313//3377 6846//3377
f 6313//3377 6315//3377 6846//3377
f 6846//3434 6315//3434 6848//3434
f 6315//3434 6317//3434 6848//3434
f 6848//3481 6317//3481 6850//3481
f 6317//3481 6319//3481 6850//3481
f 6850//3482 6319//3482 6852//3482
f 6319//3482 6321//3482 6852//3482
f 6852//3483 6321//3483 6854//3483
f 6321//3483 6323//3483 6854//3483
f 6854//3438 6323//3438 6856//3438
f 6323//3438 6325//3438 6856//3438
f 6856//3439 6325//3439 6858//3439
f 6325//3439 6327//3439 6858//3439
f 6858//3484 6327//3484 6860//3484
f 6327//3484 6329//3484 6860//3484
f 6860//3485 6329//3485 6862//3485
f 6329//3485 6331//3485 6862//3485
f 6862//3442 6331//3442 6864//3442
f 6331//3442 6333//3442 6864//3442
f 6864//3486 6333//3486 6866//3486
f 6333//3486 6335//3486 6866//3486
f 6866//3487 6335//3487 6868//3487
f 6335//3487 6193//3487 6868//3487
f 6708//3444 6337//3444 6710//3444
f 6337//3444 6339//3444 6710//3444
f 6710//3488 6339//3488 6712//3488
f 6339//3488 6341//3488 6712//3488
f 6712//3319 6341//3319 6714//3319
f 6341//3319 6343//3319 6714//3319
f 6714//3320 6343//3320 6716//3320
f 6343//3320 6345//3320 6716//3320
f 6716//3489 6345//3489 6718//3489
f 6345//3489 6347//3489 6718//3489
f 6718//3490 6347//3490 6720//3490
f 6347//3490 6349//3490 6720//3490
f 6720//3491 6349//3491 6722//3491
f 6349//3491 6351//3491 6722//3491
f 6722//3448 6351//3448 6724//3448
f 6351//3448 6353//3448 6724//3448
f 6724//3492 6353//3492 6726//3492
f 6353//3492 6355//3492 6726//3492
f 6726//3493 6355//3493 6728//3493
f 6355//3493 6357//3493 6728//3493
f 6728//3327 6357//3327 6730//3327
f 6357//3327 6359//3327 6730//3327
f 6730//3328 6359//3328 6732//3328
f 6359//3328 6361//3328 6732//3328
f 6732//3329 6361//3329 6734//3329
f 6361//3329 6363//3329 6734//3329
f 6734//3494 6363//3494 6736//3494
f 6363//3494 6365//3494 6736//3494
f 6736//3452 6365//3452 6738//3452
f 6365//3452 6367//3452 6738//3452
f 6738//3495 6367//3495 6740//3495
f 6367//3495 6369//3495 6740//3495
f 6740//3333 6369//3333 6742//3333
f 6369//3333 6371//3333 6742//3333
f 6742//3496 6371//3496 6744//3496
f 6371//3496 6373//3496 6744//3496
f 6744//3335 6373//3335 6746//3335
f 6373//3335 6375//3335 6746//3335
f 6746//3336 6375//3336 6748//3336
f 6375//3336 6377//3336 6748//3336
f 6748//3337 6377//3337 6750//3337
f 6377//3337 6379//3337 6750//3337
f 6750//3456 6379//3456 6752//3456
f 6379//3456 6381//3456 6752//3456
f 6752//3497 6381//3497 6610//3497
f 6381//3497 6383//3497 6610//3497
f 6610//3340 6383//3340 6612//3340
f 6383//3340 6385//3340 6612//3340
f 6612//3341 6385//3341 6614//3341
f 6385//3341 6387//3341 6614//3341
f 6614//3342 6387//3342 6616//3342
f 6387//3342 6389//3342 6616//3342
f 6616//3343 6389//3343 6618//3343
f 6389//3343 6391//3343 6618//3343
f 6618//3498 6391//3498 6620//3498
f 6391//3498 6393//3498 6620//3498
f 6620//3461 6393//3461 6622//3461
f 6393//3461 6395//3461 6622//3461
f 6622//3346 6395//3346 6624//3346
f 6395//3346 6397//3346 6624//3346
f 6624//3347 6397//3347 6626//3347
f 6397//3347 6399//3347 6626//3347
f 6626//3499 6399//3499 6628//3499
f 6399//3499 6401//3499 6628//3499
f 6628//3500 6401//3500 6630//3500
f 6401//3500 6403//3500 6630//3500
f 6630//3501 6403//3501 6632//3501
f 6403//3501 6405//3501 6632//3501
f 6632//3502 6405//3502 6634//3502
f 6405//3502 6407//3502 6634//3502
f 6634//3466 6407//3466 6636//3466
f 6407//3466 6409//3466 6636//3466
f 6636//3503 6409//3503 6638//3503
f 6409//3503 6411//3503 6638//3503
f 6638//3468 6411//3468 6640//3468
f 6411//3468 6413//3468 6640//3468
f 6640//3504 6413//3504 6642//3504
f 6413//3504 6415//3504 6642//3504
f 6642//3505 6415//3505 6644//3505
f 6415//3505 6417//3505 6644//3505
f 6644//3471 6417//3471 6646//3471
f 6417//3471 6419//3471 6646//3471
f 6646//3358 6419//3358 6648//3358
f 6419//3358 6421//3358 6648//3358
f 6648//3359 6421//3359 6650//3359
f 6421//3359 6423//3359 6650//3359
f 6650//3472 6423//3472 6652//3472
f 6423//3472 6425//3472 6652//3472
f 6652//3506 6425//3506 6654//3506
f 6425//3506 6427//3506 6654//3506
f 6654//3362 6427//3362 6656//3362
f 6427//3362 6429//3362 6656//3362
f 6656//3363 6429//3363 6658//3363
f 6429//3363 6431//3363 6658//3363
f 6658//3364 6431//3364 6660//3364
f 6431//3364 6433//3364 6660//3364
f 6660//3365 6433//3365 6662//3365
f 6433//3365 6435//3365 6662//3365
f 6662//3507 6435//3507 6664//3507
f 6435//3507 6437//3507 6664//3507
f 6664//3476 6437//3476 6666//3476
f 6437//3476 6439//3476 6666//3476
f 6666//3368 6439//3368 6668//3368
f 6439//3368 6441//3368 6668//3368
f 6668//3369 6441//3369 6670//3369
f 6441//3369 6443//3369 6670//3369
f 6670//3508 6443//3508 6672//3508
f 6443//3508 6445//3508 6672//3508
f 6672//3509 6445//3509 6674//3509
f 6445//3509 6447//3509 6674//3509
f 6674//3372 6447//3372 6676//3372
f 6447//3372 6449//3372 6676//3372
f 6676//3510 6449//3510 6678//3510
f 6449//3510 6451//3510 6678//3510
f 6678//3479 6451//3479 6680//3479
f 6451//3479 6453//3479 6680//3479
f 6680//3511 6453//3511 6682//3511
f 6453//3511 6455//3511 6682//3511
f 6682//3376 6455//3376 6684//3376
f 6455//3376 6457//3376 6684//3376
f 6684//3377 6457//3377 6686//3377
f 6457//3377 6459//3377 6686//3377
f 6686//3378 6459//3378 6688//3378
f 6459//3378 6461//3378 6688//3378
f 6688//3512 6461//3512 6690//3512
f 6461//3512 6463//3512 6690//3512
f 6690//3436 6463//3436 6692//3436
f 6463//3436 6465//3436 6692//3436
f 6692//3483 6465//3483 6694//3483
f 6465//3483 6467//3483 6694//3483
f 6694//3438 6467//3438 6696//3438
f 6467//3438 6469//3438 6696//3438
f 6696//3439 6469//3439 6698//3439
f 6469//3439 6471//3439 6698//3439
f 6698//3484 6471//3484 6700//3484
f 6471//3484 6473//3484 6700//3484
f 6700//3385 6473//3385 6702//3385
f 6473//3385 6475//3385 6702//3385
f 6702//3386 6475//3386 6704//3386
f 6475//3386 6477//3386 6704//3386
f 6704//3486 6477//3486 6706//3486
f 6477//3486 6479//3486 6706//3486
f 6706//3513 6479//3513 6708//3513
f 6479//3513 6337//3513 6708//3513
f 6447//2 6445//2 2149//2
f 4265//2 7603//2 4269//2
f 7603//2 7605//2 4269//2
f 4269//2 7605//2 6498//2
f 6457//2 6455//2 2148//2
f 6411//2 6409//2 4267//2
f 6455//2 6453//2 2148//2
f 6453//2 6451//2 2148//2
f 2148//2 6451//2 2149//2
f 6451//2 6449//2 2149//2
f 2149//2 6449//2 6447//2
f 6393//2 6391//2 4265//2
f 6391//2 6389//2 4265//2
f 4265//2 6389//2 7603//2
f 6389//2 6387//2 7603//2
f 7603//2 6387//2 6385//2
f 6435//2 6433//2 6486//2
f 4265//2 6401//2 6399//2
f 6467//2 7595//2 6469//2
f 7595//2 6471//2 6469//2
f 6467//2 6465//2 2148//2
f 6465//2 6463//2 2148//2
f 6435//2 6486//2 6437//2
f 6419//2 6417//2 6499//2
f 6417//2 6415//2 6499//2
f 6499//2 6415//2 4267//2
f 6415//2 6413//2 4267//2
f 4267//2 6413//2 6411//2
f 6409//2 6407//2 4267//2
f 6407//2 6405//2 4267//2
f 4267//2 6405//2 4265//2
f 6405//2 6403//2 4265//2
f 4265//2 6403//2 6401//2
f 6399//2 6397//2 4265//2
f 6397//2 6395//2 4265//2
f 4265//2 6395//2 6393//2
f 6385//2 6383//2 7603//2
f 6383//2 6381//2 7603//2
f 7603//2 6381//2 6379//2
f 6379//2 6377//2 7603//2
f 6377//2 6375//2 7603//2
f 7603//2 6375//2 6373//2
f 6463//2 6461//2 2148//2
f 6461//2 6459//2 2148//2
f 2148//2 6459//2 6457//2
f 6445//2 6443//2 2149//2
f 6443//2 6441//2 2149//2
f 2149//2 6441//2 6486//2
f 6441//2 6439//2 6486//2
f 6486//2 6439//2 6437//2
f 6373//2 6371//2 7603//2
f 6371//2 6369//2 7603//2
f 7603//2 6369//2 7601//2
f 6369//2 6367//2 7601//2
f 7601//2 6367//2 6365//2
f 6339//2 6337//2 7595//2
f 6337//2 6479//2 7595//2
f 7595//2 6479//2 6477//2
f 6477//2 6475//2 7595//2
f 6475//2 6473//2 7595//2
f 7595//2 6473//2 6471//2
f 6433//2 6431//2 6486//2
f 6431//2 6429//2 6486//2
f 6486//2 6429//2 6499//2
f 6429//2 6427//2 6499//2
f 6499//2 6427//2 6425//2
f 6425//2 6423//2 6499//2
f 6423//2 6421//2 6499//2
f 6499//2 6421//2 6419//2
f 7599//2 6357//2 6355//2
f 6355//2 6353//2 7599//2
f 6353//2 6351//2 7599//2
f 7599//2 6351//2 7597//2
f 6351//2 6349//2 7597//2
f 7597//2 6349//2 6347//2
f 6347//2 6345//2 7597//2
f 6345//2 6343//2 7597//2
f 7597//2 6343//2 7595//2
f 6343//2 6341//2 7595//2
f 7595//2 6341//2 6339//2
f 6365//2 6363//2 7601//2
f 6363//2 6361//2 7601//2
f 7601//2 6361//2 7599//2
f 6361//2 6359//2 7599//2
f 7599//2 6359//2 6357//2
f 6032//2 6031//2 4284//2
f 6467//2 2148//2 7595//2
f 2148//2 2151//2 7595//2
f 7595//2 2151//2 7593//2
f 2151//2 6500//2 7593//2
f 7593//2 6500//2 7591//2
f 6500//2 6516//2 7591//2
f 7591//2 6516//2 7589//2
f 6516//2 6517//2 7589//2
f 7589//2 6517//2 7587//2
f 6517//2 6518//2 7587//2
f 7587//2 6518//2 7585//2
f 6518//2 6519//2 7585//2
f 7585//2 6519//2 7583//2
f 6519//2 6520//2 7583//2
f 7583//2 6520//2 7581//2
f 6520//2 6521//2 7581//2
f 7581//2 6521//2 7579//2
f 6521//2 6522//2 7579//2
f 7579//2 6522//2 7577//2
f 6522//2 6523//2 7577//2
f 7577//2 6523//2 7575//2
f 6523//2 6524//2 7575//2
f 7575//2 6524//2 7573//2
f 6524//2 6525//2 7573//2
f 7573//2 6525//2 7571//2
f 6525//2 6526//2 7571//2
f 7571//2 6526//2 7569//2
f 6026//2 6025//2 4283//2
f 5989//2 5988//2 7559//2
f 6026//2 4283//2 6027//2
f 6021//2 6020//2 7567//2
f 6020//2 6019//2 7567//2
f 6039//2 6038//2 6502//2
f 6038//2 6037//2 6502//2
f 6502//2 6037//2 6036//2
f 6036//2 6035//2 6502//2
f 6035//2 6034//2 6502//2
f 6502//2 6034//2 4284//2
f 6034//2 6033//2 4284//2
f 4284//2 6033//2 6032//2
f 6031//2 6030//2 4284//2
f 6030//2 6029//2 4284//2
f 4284//2 6029//2 4283//2
f 6029//2 6028//2 4283//2
f 4283//2 6028//2 6027//2
f 6025//2 6024//2 4283//2
f 6024//2 6023//2 4283//2
f 4283//2 6023//2 6022//2
f 6019//2 6018//2 7567//2
f 6018//2 6017//2 7567//2
f 7567//2 6017//2 6016//2
f 6009//2 6008//2 7565//2
f 6008//2 6007//2 7565//2
f 7565//2 6007//2 7563//2
f 6016//2 6015//2 7567//2
f 6015//2 6014//2 7567//2
f 7567//2 6014//2 6013//2
f 6007//2 6006//2 7563//2
f 6006//2 6005//2 7563//2
f 7563//2 6005//2 6004//2
f 5993//2 5992//2 7559//2
f 5986//2 5985//2 4281//2
f 6022//2 6021//2 4283//2
f 6021//2 7567//2 4283//2
f 4283//2 7567//2 4285//2
f 7567//2 7569//2 4285//2
f 4285//2 7569//2 6527//2
f 7569//2 6526//2 6527//2
f 5992//2 5991//2 7559//2
f 5991//2 5990//2 7559//2
f 7559//2 5990//2 5989//2
f 5986//2 4281//2 5987//2
f 5978//2 5977//2 4282//2
f 6013//2 6012//2 7567//2
f 6012//2 6011//2 7567//2
f 7567//2 6011//2 7565//2
f 6011//2 6010//2 7565//2
f 7565//2 6010//2 6009//2
f 5985//2 5984//2 4281//2
f 5984//2 5983//2 4281//2
f 4281//2 5983//2 5982//2
f 5982//2 5981//2 4281//2
f 5981//2 5980//2 4281//2
f 4281//2 5980//2 4282//2
f 5980//2 5979//2 4282//2
f 4282//2 5979//2 5978//2
f 6043//2 6501//2 6044//2
f 6501//2 6045//2 6044//2
f 6043//2 6042//2 6501//2
f 6042//2 6041//2 6501//2
f 6501//2 6041//2 6502//2
f 6041//2 6040//2 6502//2
f 6502//2 6040//2 6039//2
f 6004//2 6003//2 7563//2
f 6003//2 6002//2 7563//2
f 7563//2 6002//2 7561//2
f 6002//2 6001//2 7561//2
f 7561//2 6001//2 6000//2
f 5996//2 5995//2 7559//2
f 5995//2 5994//2 7559//2
f 7559//2 5994//2 5993//2
f 5977//2 6048//2 4282//2
f 6048//2 6047//2 4282//2
f 4282//2 6047//2 6501//2
f 6047//2 6046//2 6501//2
f 6501//2 6046//2 6045//2
f 6000//2 5999//2 7561//2
f 5999//2 5998//2 7561//2
f 7561//2 5998//2 7559//2
f 5998//2 5997//2 7559//2
f 7559//2 5997//2 5996//2
f 6181//2 6179//2 4275//2
f 4279//2 4275//2 6515//2
f 4275//2 7533//2 6515//2
f 6515//2 7533//2 6514//2
f 7533//2 7535//2 6514//2
f 6514//2 7535//2 6513//2
f 7535//2 7537//2 6513//2
f 6513//2 7537//2 6512//2
f 7537//2 7539//2 6512//2
f 6512//2 7539//2 6511//2
f 7539//2 7541//2 6511//2
f 6511//2 7541//2 6510//2
f 7541//2 7543//2 6510//2
f 6510//2 7543//2 6509//2
f 7543//2 7545//2 6509//2
f 6509//2 7545//2 6508//2
f 7545//2 7547//2 6508//2
f 6508//2 7547//2 6507//2
f 7547//2 7549//2 6507//2
f 6507//2 7549//2 6506//2
f 7549//2 7551//2 6506//2
f 6506//2 7551//2 6505//2
f 7551//2 7553//2 6505//2
f 6505//2 7553//2 6504//2
f 7553//2 7555//2 6504//2
f 6504//2 7555//2 6503//2
f 7555//2 7557//2 6503//2
f 6503//2 7557//2 4280//2
f 7557//2 7559//2 4280//2
f 4280//2 7559//2 4281//2
f 7559//2 5988//2 4281//2
f 4281//2 5988//2 5987//2
f 4275//2 6069//2 6067//2
f 6055//2 6053//2 4275//2
f 6053//2 6051//2 4275//2
f 4275//2 6051//2 6049//2
f 6049//2 6191//2 4275//2
f 6191//2 6189//2 4275//2
f 4275//2 6189//2 6187//2
f 7533//2 6171//2 6169//2
f 6169//2 6167//2 7533//2
f 6167//2 6165//2 7533//2
f 7533//2 6165//2 6163//2
f 6157//2 7531//2 6159//2
f 7531//2 7533//2 6159//2
f 6159//2 7533//2 6161//2
f 7533//2 6163//2 6161//2
f 6157//2 6155//2 7531//2
f 6155//2 6153//2 7531//2
f 7531//2 6153//2 7529//2
f 6153//2 6151//2 7529//2
f 7529//2 6151//2 6149//2
f 6067//2 6065//2 4275//2
f 6065//2 6063//2 4275//2
f 4275//2 6063//2 6061//2
f 6187//2 6185//2 4275//2
f 6185//2 6183//2 4275//2
f 4275//2 6183//2 6181//2
f 6179//2 6177//2 4275//2
f 6177//2 6175//2 4275//2
f 4275//2 6175//2 7533//2
f 6175//2 6173//2 7533//2
f 7533//2 6173//2 6171//2
f 6131//2 6129//2 7525//2
f 6129//2 6127//2 7525//2
f 7525//2 6127//2 7523//2
f 6127//2 6125//2 7523//2
f 7523//2 6125//2 6123//2
f 6107//2 7523//2 6109//2
f 7523//2 6111//2 6109//2
f 6481//2 6077//2 6075//2
f 6061//2 6059//2 4275//2
f 6059//2 6057//2 4275//2
f 4275//2 6057//2 6055//2
f 6141//2 6139//2 7527//2
f 6139//2 6137//2 7527//2
f 6137//2 6135//2 7527//2
f 7527//2 6135//2 7525//2
f 6135//2 6133//2 7525//2
f 7525//2 6133//2 6131//2
f 6123//2 6121//2 7523//2
f 6121//2 6119//2 7523//2
f 7523//2 6119//2 6117//2
f 6117//2 6115//2 7523//2
f 6115//2 6113//2 7523//2
f 7523//2 6113//2 6111//2
f 2155//2 6087//2 6085//2
f 6149//2 6147//2 7529//2
f 6147//2 6145//2 7529//2
f 7529//2 6145//2 7527//2
f 6145//2 6143//2 7527//2
f 7527//2 6143//2 6141//2
f 6107//2 6105//2 2154//2
f 6105//2 6103//2 2154//2
f 2154//2 6103//2 6101//2
f 6101//2 6099//2 2154//2
f 6099//2 6097//2 2154//2
f 2154//2 6097//2 6095//2
f 6085//2 6083//2 2155//2
f 6083//2 6081//2 2155//2
f 2155//2 6081//2 6481//2
f 6081//2 6079//2 6481//2
f 6481//2 6079//2 6077//2
f 6075//2 6073//2 6481//2
f 6073//2 6071//2 6481//2
f 6481//2 6071//2 6482//2
f 6095//2 6093//2 2154//2
f 6093//2 6091//2 2154//2
f 2154//2 6091//2 2155//2
f 6091//2 6089//2 2155//2
f 2155//2 6089//2 6087//2
f 6069//2 4275//2 6071//2
f 4275//2 4277//2 6071//2
f 6071//2 4277//2 6482//2
f 6107//2 2154//2 7523//2
f 2154//2 2117//2 7523//2
f 7523//2 2117//2 7521//2
f 2117//2 2118//2 7521//2
f 7521//2 2118//2 7519//2
f 2118//2 2120//2 7519//2
f 7519//2 2120//2 7517//2
f 2120//2 2122//2 7517//2
f 7517//2 2122//2 7515//2
f 2122//2 2124//2 7515//2
f 7515//2 2124//2 7513//2
f 2124//2 2126//2 7513//2
f 7513//2 2126//2 7511//2
f 2126//2 2128//2 7511//2
f 7511//2 2128//2 7509//2
f 2128//2 2130//2 7509//2
f 7509//2 2130//2 7507//2
f 2130//2 2132//2 7507//2
f 7507//2 2132//2 7505//2
f 2132//2 2134//2 7505//2
f 7505//2 2134//2 7503//2
f 2134//2 2136//2 7503//2
f 7503//2 2136//2 7501//2
f 2136//2 2138//2 7501//2
f 7501//2 2138//2 7499//2
f 2138//2 2140//2 7499//2
f 7499//2 2140//2 7497//2
f 6267//2 6265//2 4291//2
f 6303//2 6301//2 7487//2
f 6301//2 6299//2 7487//2
f 6275//2 4289//2 6277//2
f 4289//2 6279//2 6277//2
f 6209//2 6207//2 7495//2
f 6207//2 6205//2 7495//2
f 6321//2 6319//2 7491//2
f 6275//2 6273//2 4289//2
f 6273//2 6271//2 4289//2
f 4289//2 6271//2 4291//2
f 6271//2 6269//2 4291//2
f 4291//2 6269//2 6267//2
f 6231//2 6229//2 4273//2
f 6205//2 6203//2 7495//2
f 6203//2 6201//2 7495//2
f 7495//2 6201//2 6199//2
f 6498//2 7605//2 6497//2
f 7605//2 7607//2 6497//2
f 6497//2 7607//2 6496//2
f 7607//2 7609//2 6496//2
f 6496//2 7609//2 6495//2
f 7609//2 7611//2 6495//2
f 6495//2 7611//2 6494//2
f 7611//2 7613//2 6494//2
f 6494//2 7613//2 6493//2
f 7613//2 7615//2 6493//2
f 6493//2 7615//2 6492//2
f 7615//2 7473//2 6492//2
f 6492//2 7473//2 6491//2
f 7473//2 7475//2 6491//2
f 6491//2 7475//2 6490//2
f 7475//2 7477//2 6490//2
f 6490//2 7477//2 6489//2
f 7477//2 7479//2 6489//2
f 6489//2 7479//2 6488//2
f 7479//2 7481//2 6488//2
f 6488//2 7481//2 6487//2
f 7481//2 7483//2 6487//2
f 6487//2 7483//2 6483//2
f 7483//2 7485//2 6483//2
f 6483//2 7485//2 4288//2
f 7485//2 7487//2 4288//2
f 4288//2 7487//2 4289//2
f 7487//2 6287//2 4289//2
f 4289//2 6287//2 6285//2
f 6285//2 6283//2 4289//2
f 6283//2 6281//2 4289//2
f 4289//2 6281//2 6279//2
f 6265//2 6263//2 4291//2
f 6263//2 6261//2 4291//2
f 4291//2 6261//2 6484//2
f 6261//2 6259//2 6484//2
f 6484//2 6259//2 6257//2
f 6257//2 6255//2 6484//2
f 6255//2 6253//2 6484//2
f 6484//2 6253//2 6251//2
f 6221//2 6219//2 4271//2
f 6219//2 6217//2 4271//2
f 6217//2 6215//2 4271//2
f 6215//2 6213//2 4271//2
f 4271//2 6213//2 6211//2
f 6211//2 6209//2 4271//2
f 6209//2 7495//2 4271//2
f 4271//2 7495//2 2144//2
f 7495//2 7497//2 2144//2
f 2144//2 7497//2 2142//2
f 7497//2 2140//2 2142//2
f 6199//2 6197//2 7495//2
f 6197//2 6195//2 7495//2
f 7495//2 6195//2 6193//2
f 6299//2 6297//2 7487//2
f 6297//2 6295//2 7487//2
f 7487//2 6295//2 6293//2
f 6239//2 6485//2 6241//2
f 6485//2 6243//2 6241//2
f 6229//2 6227//2 4273//2
f 6227//2 6225//2 4273//2
f 4273//2 6225//2 4271//2
f 6225//2 6223//2 4271//2
f 4271//2 6223//2 6221//2
f 6193//2 6335//2 7495//2
f 6335//2 6333//2 7495//2
f 7495//2 6333//2 7493//2
f 6333//2 6331//2 7493//2
f 7493//2 6331//2 6329//2
f 6311//2 6309//2 7489//2
f 6309//2 6307//2 7489//2
f 7489//2 6307//2 7487//2
f 6307//2 6305//2 7487//2
f 7487//2 6305//2 6303//2
f 6293//2 6291//2 7487//2
f 6291//2 6289//2 7487//2
f 7487//2 6289//2 6287//2
f 6251//2 6249//2 6484//2
f 6249//2 6247//2 6484//2
f 6484//2 6247//2 6485//2
f 6247//2 6245//2 6485//2
f 6485//2 6245//2 6243//2
f 6329//2 6327//2 7493//2
f 6327//2 6325//2 7493//2
f 7493//2 6325//2 7491//2
f 6325//2 6323//2 7491//2
f 7491//2 6323//2 6321//2
f 6319//2 6317//2 7491//2
f 6317//2 6315//2 7491//2
f 7491//2 6315//2 7489//2
f 6315//2 6313//2 7489//2
f 7489//2 6313//2 6311//2
f 6239//2 6237//2 6485//2
f 6237//2 6235//2 6485//2
f 6485//2 6235//2 4273//2
f 6235//2 6233//2 4273//2
f 4273//2 6233//2 6231//2
f 7617//1 7618//1 7448//1
f 7416//1 7415//1 7562//1
f 7446//1 7445//1 6597//1
f 7456//1 7455//1 6595//1
f 7446//1 6597//1 7447//1
f 7451//1 7450//1 7618//1
f 7450//1 7449//1 7618//1
f 7618//1 7449//1 7448//1
f 7416//1 7562//1 7417//1
f 7562//1 7560//1 7417//1
f 7417//1 7560//1 7418//1
f 7447//1 6597//1 7448//1
f 6597//1 6596//1 7448//1
f 7448//1 6596//1 7617//1
f 6598//1 6597//1 7619//1
f 6597//1 7556//1 7619//1
f 7619//1 7556//1 7620//1
f 7445//1 7444//1 6597//1
f 7444//1 7443//1 6597//1
f 6597//1 7443//1 7442//1
f 7442//1 7441//1 6597//1
f 7441//1 7440//1 6597//1
f 6597//1 7440//1 7439//1
f 7423//1 7422//1 7556//1
f 7422//1 7421//1 7556//1
f 7556//1 7421//1 7558//1
f 7421//1 7420//1 7558//1
f 7558//1 7420//1 7560//1
f 7420//1 7419//1 7560//1
f 7560//1 7419//1 7418//1
f 7415//1 7414//1 7562//1
f 7414//1 7413//1 7562//1
f 7562//1 7413//1 7564//1
f 7455//1 7454//1 6595//1
f 7454//1 7453//1 6595//1
f 6595//1 7453//1 7618//1
f 7453//1 7452//1 7618//1
f 7618//1 7452//1 7451//1
f 7439//1 7438//1 6597//1
f 7438//1 7437//1 6597//1
f 6597//1 7437//1 7436//1
f 7402//1 7401//1 7568//1
f 7401//1 7472//1 7568//1
f 7472//1 7471//1 7568//1
f 7568//1 7471//1 7470//1
f 7466//1 7465//1 6594//1
f 7460//1 6594//1 7461//1
f 6594//1 7462//1 7461//1
f 7460//1 7459//1 6594//1
f 7459//1 7458//1 6594//1
f 6594//1 7458//1 6595//1
f 7458//1 7457//1 6595//1
f 6595//1 7457//1 7456//1
f 7426//1 7425//1 7556//1
f 7425//1 7424//1 7556//1
f 7556//1 7424//1 7423//1
f 7413//1 7412//1 7564//1
f 7412//1 7411//1 7564//1
f 7564//1 7411//1 7410//1
f 7465//1 7464//1 6594//1
f 7464//1 7463//1 6594//1
f 6594//1 7463//1 7462//1
f 7436//1 7435//1 6597//1
f 7435//1 7434//1 6597//1
f 6597//1 7434//1 7433//1
f 7433//1 7432//1 6597//1
f 7432//1 7431//1 6597//1
f 6597//1 7431//1 7430//1
f 7410//1 7409//1 7564//1
f 7409//1 7408//1 7564//1
f 7564//1 7408//1 7566//1
f 7408//1 7407//1 7566//1
f 7566//1 7407//1 7406//1
f 7406//1 7405//1 7566//1
f 7405//1 7404//1 7566//1
f 7566//1 7404//1 7568//1
f 7404//1 7403//1 7568//1
f 7568//1 7403//1 7402//1
f 7568//1 7467//1 7466//1
f 7470//1 7469//1 7568//1
f 7469//1 7468//1 7568//1
f 7568//1 7468//1 7467//1
f 7430//1 7429//1 6597//1
f 7429//1 7428//1 6597//1
f 6597//1 7428//1 7556//1
f 7428//1 7427//1 7556//1
f 7556//1 7427//1 7426//1
f 6772//1 6771//1 7604//1
f 6771//1 6770//1 7604//1
f 7466//1 6594//1 7568//1
f 6594//1 6586//1 7568//1
f 7568//1 6586//1 7570//1
f 6586//1 6585//1 7570//1
f 7570//1 6585//1 7572//1
f 6585//1 6584//1 7572//1
f 7572//1 6584//1 7574//1
f 6584//1 6583//1 7574//1
f 7574//1 6583//1 7576//1
f 6583//1 6582//1 7576//1
f 7576//1 6582//1 7578//1
f 6582//1 6581//1 7578//1
f 7578//1 6581//1 7580//1
f 6581//1 6580//1 7580//1
f 7580//1 6580//1 7582//1
f 6580//1 6579//1 7582//1
f 7582//1 6579//1 7584//1
f 6579//1 6578//1 7584//1
f 7584//1 6578//1 7586//1
f 6578//1 6577//1 7586//1
f 7586//1 6577//1 7588//1
f 6577//1 6576//1 7588//1
f 7588//1 6576//1 7590//1
f 6576//1 6575//1 7590//1
f 7590//1 6575//1 7592//1
f 6575//1 6574//1 7592//1
f 7592//1 6574//1 7594//1
f 6790//1 6789//1 7596//1
f 6770//1 6769//1 7604//1
f 6769//1 6768//1 7604//1
f 7604//1 6768//1 6767//1
f 6808//1 6807//1 6590//1
f 6801//1 6606//1 6802//1
f 6606//1 6803//1 6802//1
f 6797//1 6796//1 7596//1
f 6781//1 6780//1 7600//1
f 6754//1 6753//1 6587//1
f 6801//1 6800//1 6606//1
f 6800//1 6799//1 6606//1
f 6606//1 6799//1 6798//1
f 6796//1 6795//1 7596//1
f 6795//1 6794//1 7596//1
f 7596//1 6794//1 6793//1
f 6793//1 6792//1 7596//1
f 6792//1 6791//1 7596//1
f 7596//1 6791//1 6790//1
f 6821//1 6820//1 6588//1
f 6820//1 6819//1 6588//1
f 6588//1 6819//1 6818//1
f 6798//1 6797//1 6606//1
f 6797//1 7596//1 6606//1
f 6606//1 7596//1 6572//1
f 7596//1 7594//1 6572//1
f 6572//1 7594//1 6573//1
f 7594//1 6574//1 6573//1
f 6776//1 6775//1 7602//1
f 6775//1 6774//1 7602//1
f 7602//1 6774//1 7604//1
f 6774//1 6773//1 7604//1
f 7604//1 6773//1 6772//1
f 6758//1 6757//1 6607//1
f 6757//1 6756//1 6607//1
f 6607//1 6756//1 6587//1
f 6756//1 6755//1 6587//1
f 6587//1 6755//1 6754//1
f 6753//1 6824//1 6587//1
f 6824//1 6823//1 6587//1
f 6587//1 6823//1 6588//1
f 6823//1 6822//1 6588//1
f 6588//1 6822//1 6821//1
f 6818//1 6817//1 6588//1
f 6817//1 6816//1 6588//1
f 6588//1 6816//1 6589//1
f 6816//1 6815//1 6589//1
f 6815//1 6814//1 6589//1
f 6814//1 6813//1 6589//1
f 6589//1 6813//1 6812//1
f 6812//1 6811//1 6589//1
f 6811//1 6810//1 6589//1
f 6589//1 6810//1 6590//1
f 6810//1 6809//1 6590//1
f 6590//1 6809//1 6808//1
f 6789//1 6788//1 7596//1
f 6788//1 6787//1 7596//1
f 7596//1 6787//1 7598//1
f 6787//1 6786//1 7598//1
f 7598//1 6786//1 6785//1
f 6780//1 6779//1 7600//1
f 6779//1 6778//1 7600//1
f 7600//1 6778//1 7602//1
f 6778//1 6777//1 7602//1
f 7602//1 6777//1 6776//1
f 6767//1 6766//1 7604//1
f 6766//1 6765//1 7604//1
f 7604//1 6765//1 6764//1
f 6761//1 6760//1 6607//1
f 6760//1 6759//1 6607//1
f 6607//1 6759//1 6758//1
f 6807//1 6806//1 6590//1
f 6806//1 6805//1 6590//1
f 6590//1 6805//1 6606//1
f 6805//1 6804//1 6606//1
f 6606//1 6804//1 6803//1
f 6785//1 6784//1 7598//1
f 6784//1 6783//1 7598//1
f 7598//1 6783//1 7600//1
f 6783//1 6782//1 7600//1
f 7600//1 6782//1 6781//1
f 6764//1 6763//1 6607//1
f 6763//1 6762//1 6607//1
f 6607//1 6762//1 6761//1
f 6988//1 6987//1 6602//1
f 6977//1 6976//1 7621//1
f 6976//1 6975//1 7621//1
f 7621//1 6975//1 6974//1
f 7037//1 7036//1 6592//1
f 6764//1 6607//1 7604//1
f 6607//1 6608//1 7604//1
f 7604//1 6608//1 7606//1
f 6608//1 7622//1 7606//1
f 7606//1 7622//1 7608//1
f 7622//1 7623//1 7608//1
f 7608//1 7623//1 7610//1
f 7623//1 7624//1 7610//1
f 7610//1 7624//1 7612//1
f 7624//1 7625//1 7612//1
f 7612//1 7625//1 7614//1
f 7625//1 7626//1 7614//1
f 7614//1 7626//1 7616//1
f 7626//1 7627//1 7616//1
f 7616//1 7627//1 7474//1
f 7627//1 7628//1 7474//1
f 7474//1 7628//1 7476//1
f 7628//1 7629//1 7476//1
f 7476//1 7629//1 7478//1
f 7629//1 7630//1 7478//1
f 7478//1 7630//1 7480//1
f 7630//1 7631//1 7480//1
f 7480//1 7631//1 7482//1
f 7631//1 7632//1 7482//1
f 7482//1 7632//1 7484//1
f 7632//1 7633//1 7484//1
f 7484//1 7633//1 7486//1
f 6983//1 6982//1 7634//1
f 6982//1 6981//1 7634//1
f 6970//1 6969//1 6591//1
f 6987//1 6986//1 6602//1
f 6986//1 6985//1 6602//1
f 6602//1 6985//1 7634//1
f 6985//1 6984//1 7634//1
f 7634//1 6984//1 6983//1
f 6974//1 6973//1 7621//1
f 6973//1 6972//1 7621//1
f 7621//1 6972//1 6591//1
f 6972//1 6971//1 6591//1
f 6591//1 6971//1 6970//1
f 6994//1 6993//1 6603//1
f 6993//1 6992//1 6603//1
f 7003//1 7002//1 7496//1
f 6992//1 6991//1 6603//1
f 6991//1 6990//1 6603//1
f 6603//1 6990//1 6602//1
f 6990//1 6989//1 6602//1
f 6602//1 6989//1 6988//1
f 6981//1 6980//1 7634//1
f 6980//1 6979//1 7634//1
f 7634//1 6979//1 7621//1
f 6979//1 6978//1 7621//1
f 7621//1 6978//1 6977//1
f 6592//1 7033//1 7032//1
f 7031//1 7030//1 7488//1
f 7030//1 7029//1 7488//1
f 7015//1 7014//1 7492//1
f 6969//1 7040//1 6591//1
f 7040//1 7039//1 6591//1
f 6591//1 7039//1 6592//1
f 7039//1 7038//1 6592//1
f 6592//1 7038//1 7037//1
f 7036//1 7035//1 6592//1
f 7035//1 7034//1 6592//1
f 6592//1 7034//1 7033//1
f 7006//1 7005//1 7496//1
f 7005//1 7004//1 7496//1
f 7496//1 7004//1 7003//1
f 7496//1 6999//1 6998//1
f 7032//1 7031//1 6592//1
f 7031//1 7488//1 6592//1
f 6592//1 7488//1 6593//1
f 7488//1 7486//1 6593//1
f 6593//1 7486//1 7635//1
f 7486//1 7633//1 7635//1
f 7014//1 7013//1 7492//1
f 7013//1 7012//1 7492//1
f 7492//1 7012//1 7494//1
f 7012//1 7011//1 7494//1
f 7494//1 7011//1 7010//1
f 7002//1 7001//1 7496//1
f 7001//1 7000//1 7496//1
f 7496//1 7000//1 6999//1
f 7029//1 7028//1 7488//1
f 7028//1 7027//1 7488//1
f 7488//1 7027//1 7026//1
f 7026//1 7025//1 7488//1
f 7025//1 7024//1 7488//1
f 7488//1 7024//1 7023//1
f 7023//1 7022//1 7488//1
f 7022//1 7021//1 7488//1
f 7488//1 7021//1 7490//1
f 7021//1 7020//1 7490//1
f 7490//1 7020//1 7019//1
f 7019//1 7018//1 7490//1
f 7018//1 7017//1 7490//1
f 7490//1 7017//1 7492//1
f 7017//1 7016//1 7492//1
f 7492//1 7016//1 7015//1
f 7010//1 7009//1 7494//1
f 7009//1 7008//1 7494//1
f 7494//1 7008//1 7496//1
f 7008//1 7007//1 7496//1
f 7496//1 7007//1 7006//1
f 6998//1 6997//1 6603//1
f 6997//1 6996//1 6603//1
f 6996//1 6995//1 6603//1
f 6603//1 6995//1 6994//1
f 7204//1 7203//1 6604//1
f 6605//1 7524//1 6557//1
f 7524//1 7522//1 6557//1
f 7222//1 7221//1 6601//1
f 7209//1 7208//1 7636//1
f 6998//1 6603//1 7496//1
f 6603//1 6571//1 7496//1
f 7496//1 6571//1 7498//1
f 6571//1 6570//1 7498//1
f 7498//1 6570//1 7500//1
f 6570//1 6569//1 7500//1
f 7500//1 6569//1 7502//1
f 6569//1 6568//1 7502//1
f 7502//1 6568//1 7504//1
f 6568//1 6567//1 7504//1
f 7504//1 6567//1 7506//1
f 6567//1 6566//1 7506//1
f 7506//1 6566//1 7508//1
f 6566//1 6565//1 7508//1
f 7508//1 6565//1 7510//1
f 6565//1 6564//1 7510//1
f 7510//1 6564//1 7512//1
f 6564//1 6563//1 7512//1
f 7512//1 6563//1 7514//1
f 6563//1 6562//1 7514//1
f 7514//1 6562//1 7516//1
f 6562//1 6561//1 7516//1
f 7516//1 6561//1 7518//1
f 6561//1 6560//1 7518//1
f 7518//1 6560//1 7520//1
f 6560//1 6559//1 7520//1
f 7520//1 6559//1 7522//1
f 6559//1 6558//1 7522//1
f 7522//1 6558//1 6557//1
f 6599//1 7227//1 7226//1
f 7209//1 7636//1 7210//1
f 7203//1 7202//1 6604//1
f 7202//1 7201//1 6604//1
f 6604//1 7201//1 6605//1
f 7191//1 7190//1 7524//1
f 7190//1 7189//1 7524//1
f 7524//1 7189//1 7188//1
f 7231//1 7230//1 6599//1
f 7226//1 7225//1 6599//1
f 7225//1 7224//1 6599//1
f 6599//1 7224//1 6601//1
f 7224//1 7223//1 6601//1
f 6601//1 7223//1 7222//1
f 7221//1 7220//1 6601//1
f 7220//1 7219//1 6601//1
f 6601//1 7219//1 7637//1
f 7219//1 7218//1 7637//1
f 7637//1 7218//1 7217//1
f 7217//1 7216//1 7637//1
f 7216//1 7215//1 7637//1
f 7637//1 7215//1 7214//1
f 7214//1 7213//1 7637//1
f 7213//1 7212//1 7637//1
f 7637//1 7212//1 7636//1
f 7212//1 7211//1 7636//1
f 7636//1 7211//1 7210//1
f 7208//1 7207//1 7636//1
f 7207//1 7206//1 7636//1
f 7636//1 7206//1 6604//1
f 7206//1 7205//1 6604//1
f 6604//1 7205//1 7204//1
f 7201//1 7200//1 6605//1
f 7200//1 7199//1 6605//1
f 6605//1 7199//1 7198//1
f 7188//1 7187//1 7524//1
f 7187//1 7186//1 7524//1
f 7524//1 7186//1 7185//1
f 7230//1 7229//1 6599//1
f 7229//1 7228//1 6599//1
f 6599//1 7228//1 7227//1
f 7198//1 7197//1 6605//1
f 7197//1 7196//1 6605//1
f 6605//1 7196//1 7195//1
f 7195//1 7194//1 6605//1
f 7194//1 7193//1 6605//1
f 6605//1 7193//1 7524//1
f 7193//1 7192//1 7524//1
f 7524//1 7192//1 7191//1
f 7249//1 7248//1 7528//1
f 7244//1 7243//1 7530//1
f 7243//1 7242//1 7530//1
f 7530//1 7242//1 7532//1
f 7242//1 7241//1 7532//1
f 7532//1 7241//1 7240//1
f 7235//1 7532//1 7236//1
f 7532//1 7237//1 7236//1
f 7185//1 7256//1 7524//1
f 7256//1 7255//1 7524//1
f 7524//1 7255//1 7526//1
f 7255//1 7254//1 7526//1
f 7526//1 7254//1 7253//1
f 7235//1 7234//1 7532//1
f 7234//1 7233//1 7532//1
f 7532//1 7233//1 7232//1
f 7253//1 7252//1 7526//1
f 7252//1 7251//1 7526//1
f 7526//1 7251//1 7528//1
f 7251//1 7250//1 7528//1
f 7528//1 7250//1 7249//1
f 7240//1 7239//1 7532//1
f 7239//1 7238//1 7532//1
f 7532//1 7238//1 7237//1
f 7620//1 7556//1 7638//1
f 7556//1 7554//1 7638//1
f 7638//1 7554//1 7639//1
f 7554//1 7552//1 7639//1
f 7639//1 7552//1 7640//1
f 7552//1 7550//1 7640//1
f 7640//1 7550//1 7641//1
f 7550//1 7548//1 7641//1
f 7641//1 7548//1 7642//1
f 7548//1 7546//1 7642//1
f 7642//1 7546//1 7643//1
f 7546//1 7544//1 7643//1
f 7643//1 7544//1 7644//1
f 7544//1 7542//1 7644//1
f 7644//1 7542//1 7645//1
f 7542//1 7540//1 7645//1
f 7645//1 7540//1 7646//1
f 7540//1 7538//1 7646//1
f 7646//1 7538//1 7647//1
f 7538//1 7536//1 7647//1
f 7647//1 7536//1 7648//1
f 7536//1 7534//1 7648//1
f 7648//1 7534//1 6600//1
f 7534//1 7532//1 6600//1
f 6600//1 7532//1 6599//1
f 7532//1 7232//1 6599//1
f 6599//1 7232//1 7231//1
f 7248//1 7247//1 7528//1
f 7247//1 7246//1 7528//1
f 7528//1 7246//1 7530//1
f 7246//1 7245//1 7530//1
f 7530//1 7245//1 7244//1
f 4288//3570 6593//3570 7635//3570
f 4288//3570 7635//3570 6483//3570
f 7635//3571 7633//3571 6483//3571
f 6483//3571 7633//3571 6487//3571
f 7633//3572 7632//3572 6487//3572
f 6487//3572 7632//3572 6488//3572
f 7632//3545 7631//3545 6488//3545
f 6488//3545 7631//3545 6489//3545
f 7631//3573 7630//3573 6489//3573
f 6489//3573 7630//3573 6490//3573
f 7630//3574 7629//3574 6490//3574
f 6490//3574 7629//3574 6491//3574
f 7629//3575 7628//3575 6491//3575
f 6491//3575 7628//3575 6492//3575
f 7628//3576 7627//3576 6492//3576
f 6492//3576 7627//3576 6493//3576
f 7627//3577 7626//3577 6493//3577
f 6493//3577 7626//3577 6494//3577
f 7626//3578 7625//3578 6494//3578
f 6494//3578 7625//3578 6495//3578
f 7625//3579 7624//3579 6495//3579
f 6495//3579 7624//3579 6496//3579
f 7624//3580 7623//3580 6496//3580
f 6496//3580 7623//3580 6497//3580
f 7623//3581 7622//3581 6497//3581
f 6497//3581 7622//3581 6498//3581
f 7622//3582 6608//3582 6498//3582
f 6498//3582 6608//3582 4269//3582
f 4284//3583 6595//3583 7618//3583
f 4284//3583 7618//3583 6502//3583
f 7618//3584 7617//3584 6502//3584
f 6502//3584 7617//3584 6501//3584
f 7617//3585 6596//3585 6501//3585
f 6501//3585 6596//3585 4282//3585
f 4280//3155 6598//3155 7619//3155
f 4280//3155 7619//3155 6503//3155
f 7619//3652 7620//3652 6503//3652
f 6503//3652 7620//3652 6504//3652
f 7620//3651 7638//3651 6504//3651
f 6504//3651 7638//3651 6505//3651
f 7638//3650 7639//3650 6505//3650
f 6505//3650 7639//3650 6506//3650
f 7639//3649 7640//3649 6506//3649
f 6506//3649 7640//3649 6507//3649
f 7640//3943 7641//3943 6507//3943
f 6507//3943 7641//3943 6508//3943
f 7641//3944 7642//3944 6508//3944
f 6508//3944 7642//3944 6509//3944
f 7642//3945 7643//3945 6509//3945
f 6509//3945 7643//3945 6510//3945
f 7643//3946 7644//3946 6510//3946
f 6510//3946 7644//3946 6511//3946
f 7644//3654 7645//3654 6511//3654
f 6511//3654 7645//3654 6512//3654
f 7645//3655 7646//3655 6512//3655
f 6512//3655 7646//3655 6513//3655
f 7646//3656 7647//3656 6513//3656
f 6513//3656 7647//3656 6514//3656
f 7647//3657 7648//3657 6514//3657
f 6514//3657 7648//3657 6515//3657
f 7648//3658 6600//3658 6515//3658
f 6515//3658 6600//3658 4279//3658
f 4277//3659 6601//3659 7637//3659
f 4277//3659 7637//3659 6482//3659
f 7637//3660 7636//3660 6482//3660
f 6482//3660 7636//3660 6481//3660
f 7636//3661 6604//3661 6481//3661
f 6481//3661 6604//3661 2155//3661
f 4273//3662 6602//3662 7634//3662
f 4273//3662 7634//3662 6485//3662
f 7634//3663 7621//3663 6485//3663
f 6485//3663 7621//3663 6484//3663
f 7621//3664 6591//3664 6484//3664
f 6484//3664 6591//3664 4291//3664
f 7649//3585 6596//3585 7617//3585
f 7649//3585 7617//3585 7650//3585
f 7617//3584 7618//3584 7650//3584
f 7650//3584 7618//3584 7651//3584
f 7618//3583 6595//3583 7651//3583
f 7651//3583 6595//3583 7652//3583
f 7653//3664 6591//3664 7621//3664
f 7653//3664 7621//3664 7654//3664
f 7621//3663 7634//3663 7654//3663
f 7654//3663 7634//3663 7655//3663
f 7634//3662 6602//3662 7655//3662
f 7655//3662 6602//3662 7656//3662
f 7657//44 6571//44 6570//44
f 7657//44 6570//44 7658//44
f 6570//43 6569//43 7658//43
f 7658//43 6569//43 7659//43
f 6569//42 6568//42 7659//42
f 7659//42 6568//42 7660//42
f 6568//41 6567//41 7660//41
f 7660//41 6567//41 7661//41
f 6567//40 6566//40 7661//40
f 7661//40 6566//40 7662//40
f 6566//39 6565//39 7662//39
f 7662//39 6565//39 7663//39
f 6565//38 6564//38 7663//38
f 7663//38 6564//38 7664//38
f 6564//37 6563//37 7664//37
f 7664//37 6563//37 7665//37
f 6563//36 6562//36 7665//36
f 7665//36 6562//36 7666//36
f 6562//35 6561//35 7666//35
f 7666//35 6561//35 7667//35
f 6561//34 6560//34 7667//34
f 7667//34 6560//34 7668//34
f 6560//33 6559//33 7668//33
f 7668//33 6559//33 7669//33
f 6559//32 6558//32 7669//32
f 7669//32 6558//32 7670//32
f 6558//31 6557//31 7670//31
f 7670//31 6557//31 7671//31
f 7672//3658 6600//3658 7648//3658
f 7672//3658 7648//3658 7673//3658
f 7648//3657 7647//3657 7673//3657
f 7673//3657 7647//3657 7674//3657
f 7647//3656 7646//3656 7674//3656
f 7674//3656 7646//3656 7675//3656
f 7646//3655 7645//3655 7675//3655
f 7675//3655 7645//3655 7676//3655
f 7645//3654 7644//3654 7676//3654
f 7676//3654 7644//3654 7677//3654
f 7644//3946 7643//3946 7677//3946
f 7677//3946 7643//3946 7678//3946
f 7643//3945 7642//3945 7678//3945
f 7678//3945 7642//3945 7679//3945
f 7642//3944 7641//3944 7679//3944
f 7679//3944 7641//3944 7680//3944
f 7641//3943 7640//3943 7680//3943
f 7680//3943 7640//3943 7681//3943
f 7640//3649 7639//3649 7681//3649
f 7681//3649 7639//3649 7682//3649
f 7639//3650 7638//3650 7682//3650
f 7682//3650 7638//3650 7683//3650
f 7638//3651 7620//3651 7683//3651
f 7683//3651 7620//3651 7684//3651
f 7620//3652 7619//3652 7684//3652
f 7684//3652 7619//3652 7685//3652
f 7619//3155 6598//3155 7685//3155
f 7685//3155 6598//3155 7686//3155
f 7687//3741 6586//3741 6585//3741
f 7687//3741 6585//3741 7688//3741
f 6585//3740 6584//3740 7688//3740
f 7688//3740 6584//3740 7689//3740
f 6584//3739 6583//3739 7689//3739
f 7689//3739 6583//3739 7690//3739
f 6583//3738 6582//3738 7690//3738
f 7690//3738 6582//3738 7691//3738
f 6582//3737 6581//3737 7691//3737
f 7691//3737 6581//3737 7692//3737
f 6581//3745 6580//3745 7692//3745
f 7692//3745 6580//3745 7693//3745
f 6580//3744 6579//3744 7693//3744
f 7693//3744 6579//3744 7694//3744
f 6579//3743 6578//3743 7694//3743
f 7694//3743 6578//3743 7695//3743
f 6578//3742 6577//3742 7695//3742
f 7695//3742 6577//3742 7696//3742
f 6577//3731 6576//3731 7696//3731
f 7696//3731 6576//3731 7697//3731
f 6576//3732 6575//3732 7697//3732
f 7697//3732 6575//3732 7698//3732
f 6575//3733 6574//3733 7698//3733
f 7698//3733 6574//3733 7699//3733
f 6574//3734 6573//3734 7699//3734
f 7699//3734 6573//3734 7700//3734
f 6573//3735 6572//3735 7700//3735
f 7700//3735 6572//3735 7701//3735
f 7702//3667 6590//3667 6589//3667
f 7702//3667 6589//3667 7703//3667
f 6589//3666 6588//3666 7703//3666
f 7703//3666 6588//3666 7704//3666
f 6588//3665 6587//3665 7704//3665
f 7704//3665 6587//3665 7705//3665
f 7706//3582 6608//3582 7622//3582
f 7706//3582 7622//3582 7707//3582
f 7622//3581 7623//3581 7707//3581
f 7707//3581 7623//3581 7708//3581
f 7623//3580 7624//3580 7708//3580
f 7708//3580 7624//3580 7709//3580
f 7624//3579 7625//3579 7709//3579
f 7709//3579 7625//3579 7710//3579
f 7625//3578 7626//3578 7710//3578
f 7710//3578 7626//3578 7711//3578
f 7626//3577 7627//3577 7711//3577
f 7711//3577 7627//3577 7712//3577
f 7627//3576 7628//3576 7712//3576
f 7712//3576 7628//3576 7713//3576
f 7628//3575 7629//3575 7713//3575
f 7713//3575 7629//3575 7714//3575
f 7629//3574 7630//3574 7714//3574
f 7714//3574 7630//3574 7715//3574
f 7630//3573 7631//3573 7715//3573
f 7715//3573 7631//3573 7716//3573
f 7631//3545 7632//3545 7716//3545
f 7716//3545 7632//3545 7717//3545
f 7632//3572 7633//3572 7717//3572
f 7717//3572 7633//3572 7718//3572
f 7633//3571 7635//3571 7718//3571
f 7718//3571 7635//3571 7719//3571
f 7635//3570 6593//3570 7719//3570
f 7719//3570 6593//3570 7720//3570
f 7721//1 7722//1 7651//1
f 7722//1 7723//1 7651//1
f 7723//1 7724//1 7651//1
f 7651//1 7724//1 7650//1
f 7686//1 7725//1 7685//1
f 7725//1 7726//1 7685//1
f 7685//1 7726//1 7684//1
f 7726//1 7727//1 7684//1
f 7728//1 7729//1 7652//1
f 7729//1 7730//1 7652//1
f 7731//1 7725//1 7724//1
f 7725//1 7649//1 7724//1
f 7724//1 7649//1 7650//1
f 7731//1 7732//1 7725//1
f 7732//1 7733//1 7725//1
f 7725//1 7733//1 7734//1
f 7735//1 7736//1 7725//1
f 7736//1 7737//1 7725//1
f 7725//1 7737//1 7726//1
f 7737//1 7738//1 7726//1
f 7726//1 7738//1 7739//1
f 7739//1 7740//1 7726//1
f 7740//1 7741//1 7726//1
f 7726//1 7741//1 7742//1
f 7743//1 7744//1 7745//1
f 7744//1 7746//1 7745//1
f 7745//1 7746//1 7747//1
f 7746//1 7726//1 7747//1
f 7747//1 7726//1 7748//1
f 7726//1 7742//1 7748//1
f 7728//1 7652//1 7749//1
f 7652//1 7750//1 7749//1
f 7749//1 7750//1 7751//1
f 7730//1 7752//1 7652//1
f 7752//1 7753//1 7652//1
f 7652//1 7753//1 7651//1
f 7753//1 7754//1 7651//1
f 7651//1 7754//1 7721//1
f 7734//1 7755//1 7725//1
f 7755//1 7756//1 7725//1
f 7725//1 7756//1 7757//1
f 7758//1 7759//1 7750//1
f 7759//1 7760//1 7750//1
f 7750//1 7760//1 7751//1
f 7757//1 7761//1 7725//1
f 7761//1 7762//1 7725//1
f 7725//1 7762//1 7763//1
f 7764//1 7725//1 7765//1
f 7725//1 7766//1 7765//1
f 7764//1 7767//1 7725//1
f 7767//1 7768//1 7725//1
f 7725//1 7768//1 7735//1
f 7769//1 7770//1 7750//1
f 7763//1 7771//1 7725//1
f 7771//1 7772//1 7725//1
f 7725//1 7772//1 7766//1
f 7770//1 7773//1 7750//1
f 7773//1 7774//1 7750//1
f 7750//1 7774//1 7758//1
f 7743//1 7775//1 7744//1
f 7775//1 7776//1 7744//1
f 7744//1 7776//1 7777//1
f 7776//1 7778//1 7777//1
f 7777//1 7778//1 7779//1
f 7780//1 7781//1 7782//1
f 7782//1 7783//1 7780//1
f 7783//1 7784//1 7780//1
f 7780//1 7784//1 7785//1
f 7784//1 7786//1 7785//1
f 7785//1 7786//1 7787//1
f 7788//1 7789//1 7790//1
f 7789//1 7791//1 7790//1
f 7790//1 7791//1 7769//1
f 7779//1 7792//1 7777//1
f 7792//1 7793//1 7777//1
f 7777//1 7793//1 7780//1
f 7793//1 7794//1 7780//1
f 7780//1 7794//1 7781//1
f 7787//1 7795//1 7785//1
f 7795//1 7796//1 7785//1
f 7785//1 7796//1 7790//1
f 7796//1 7797//1 7790//1
f 7797//1 7798//1 7790//1
f 7798//1 7799//1 7790//1
f 7790//1 7799//1 7800//1
f 7800//1 7801//1 7790//1
f 7801//1 7802//1 7790//1
f 7790//1 7802//1 7788//1
f 7803//1 7804//1 7805//1
f 7806//1 7807//1 7672//1
f 7808//1 7809//1 7671//1
f 7809//1 7810//1 7671//1
f 7811//1 7812//1 7808//1
f 7804//1 7813//1 7805//1
f 7813//1 7814//1 7805//1
f 7805//1 7814//1 7808//1
f 7814//1 7815//1 7808//1
f 7808//1 7815//1 7811//1
f 7806//1 7672//1 7816//1
f 7672//1 7673//1 7816//1
f 7816//1 7673//1 7817//1
f 7673//1 7674//1 7817//1
f 7817//1 7674//1 7818//1
f 7674//1 7675//1 7818//1
f 7818//1 7675//1 7819//1
f 7675//1 7676//1 7819//1
f 7819//1 7676//1 7820//1
f 7676//1 7677//1 7820//1
f 7820//1 7677//1 7821//1
f 7677//1 7678//1 7821//1
f 7821//1 7678//1 7822//1
f 7678//1 7679//1 7822//1
f 7822//1 7679//1 7823//1
f 7679//1 7680//1 7823//1
f 7823//1 7680//1 7824//1
f 7680//1 7681//1 7824//1
f 7824//1 7681//1 7825//1
f 7681//1 7682//1 7825//1
f 7825//1 7682//1 7727//1
f 7682//1 7683//1 7727//1
f 7727//1 7683//1 7684//1
f 7812//1 7826//1 7808//1
f 7826//1 7827//1 7808//1
f 7808//1 7827//1 7828//1
f 7828//1 7829//1 7808//1
f 7829//1 7830//1 7808//1
f 7808//1 7830//1 7809//1
f 7830//1 7831//1 7809//1
f 7809//1 7831//1 7832//1
f 7832//1 7833//1 7809//1
f 7833//1 7834//1 7809//1
f 7809//1 7834//1 7835//1
f 7836//1 7837//1 7838//1
f 7839//1 7840//1 7806//1
f 7840//1 7841//1 7806//1
f 7806//1 7841//1 7842//1
f 7843//1 7844//1 7845//1
f 7844//1 7846//1 7845//1
f 7845//1 7846//1 7847//1
f 7847//1 7848//1 7845//1
f 7848//1 7849//1 7845//1
f 7845//1 7849//1 7805//1
f 7849//1 7850//1 7805//1
f 7805//1 7850//1 7803//1
f 7835//1 7851//1 7809//1
f 7851//1 7852//1 7809//1
f 7809//1 7852//1 7853//1
f 7853//1 7854//1 7809//1
f 7854//1 7855//1 7809//1
f 7809//1 7855//1 7856//1
f 7855//1 7857//1 7856//1
f 7856//1 7857//1 7858//1
f 7858//1 7859//1 7856//1
f 7859//1 7860//1 7856//1
f 7856//1 7860//1 7838//1
f 7860//1 7861//1 7838//1
f 7838//1 7861//1 7836//1
f 7837//1 7862//1 7838//1
f 7862//1 7863//1 7838//1
f 7838//1 7863//1 7864//1
f 7863//1 7865//1 7864//1
f 7864//1 7865//1 7866//1
f 7866//1 7867//1 7864//1
f 7867//1 7868//1 7864//1
f 7864//1 7868//1 7806//1
f 7868//1 7869//1 7806//1
f 7806//1 7869//1 7839//1
f 7842//1 7870//1 7806//1
f 7870//1 7871//1 7806//1
f 7806//1 7871//1 7872//1
f 7873//1 7874//1 7875//1
f 7874//1 7876//1 7875//1
f 7876//1 7877//1 7875//1
f 7877//1 7878//1 7875//1
f 7875//1 7878//1 7879//1
f 7879//1 7880//1 7875//1
f 7880//1 7881//1 7875//1
f 7875//1 7881//1 7845//1
f 7881//1 7882//1 7845//1
f 7845//1 7882//1 7843//1
f 7807//1 7883//1 7873//1
f 7883//1 7884//1 7873//1
f 7873//1 7884//1 7885//1
f 7885//1 7886//1 7873//1
f 7886//1 7887//1 7873//1
f 7873//1 7887//1 7874//1
f 7872//1 7888//1 7806//1
f 7888//1 7889//1 7806//1
f 7806//1 7889//1 7807//1
f 7889//1 7890//1 7807//1
f 7807//1 7890//1 7891//1
f 7892//1 7893//1 7807//1
f 7893//1 7894//1 7807//1
f 7807//1 7894//1 7883//1
f 7891//1 7895//1 7807//1
f 7895//1 7896//1 7807//1
f 7807//1 7896//1 7892//1
f 7897//1 7898//1 7656//1
f 7899//1 7900//1 7653//1
f 7901//1 7902//1 7654//1
f 7903//1 7904//1 7657//1
f 7905//1 7906//1 7720//1
f 7906//1 7907//1 7720//1
f 7903//1 7657//1 7908//1
f 7657//1 7658//1 7908//1
f 7908//1 7658//1 7909//1
f 7658//1 7659//1 7909//1
f 7909//1 7659//1 7910//1
f 7659//1 7660//1 7910//1
f 7910//1 7660//1 7911//1
f 7660//1 7661//1 7911//1
f 7911//1 7661//1 7912//1
f 7661//1 7662//1 7912//1
f 7912//1 7662//1 7913//1
f 7662//1 7663//1 7913//1
f 7913//1 7663//1 7914//1
f 7663//1 7664//1 7914//1
f 7914//1 7664//1 7915//1
f 7664//1 7665//1 7915//1
f 7915//1 7665//1 7916//1
f 7665//1 7666//1 7916//1
f 7916//1 7666//1 7917//1
f 7666//1 7667//1 7917//1
f 7917//1 7667//1 7918//1
f 7667//1 7668//1 7918//1
f 7918//1 7668//1 7919//1
f 7668//1 7669//1 7919//1
f 7919//1 7669//1 7810//1
f 7669//1 7670//1 7810//1
f 7810//1 7670//1 7671//1
f 7920//1 7921//1 7906//1
f 7921//1 7922//1 7906//1
f 7906//1 7922//1 7923//1
f 7924//1 7925//1 7926//1
f 7654//1 7927//1 7653//1
f 7927//1 7928//1 7653//1
f 7653//1 7928//1 7899//1
f 7929//1 7930//1 7905//1
f 7923//1 7931//1 7906//1
f 7931//1 7932//1 7906//1
f 7906//1 7932//1 7933//1
f 7933//1 7934//1 7906//1
f 7934//1 7935//1 7906//1
f 7906//1 7935//1 7936//1
f 7935//1 7937//1 7936//1
f 7936//1 7937//1 7938//1
f 7902//1 7939//1 7654//1
f 7939//1 7940//1 7654//1
f 7654//1 7940//1 7927//1
f 7900//1 7941//1 7653//1
f 7941//1 7942//1 7653//1
f 7653//1 7942//1 7905//1
f 7942//1 7943//1 7905//1
f 7905//1 7943//1 7929//1
f 7930//1 7944//1 7905//1
f 7944//1 7945//1 7905//1
f 7905//1 7945//1 7946//1
f 7946//1 7947//1 7905//1
f 7947//1 7948//1 7905//1
f 7905//1 7948//1 7906//1
f 7948//1 7949//1 7906//1
f 7906//1 7949//1 7920//1
f 7898//1 7950//1 7656//1
f 7950//1 7951//1 7656//1
f 7656//1 7951//1 7655//1
f 7951//1 7952//1 7655//1
f 7655//1 7952//1 7953//1
f 7953//1 7954//1 7655//1
f 7954//1 7955//1 7655//1
f 7655//1 7955//1 7956//1
f 7938//1 7957//1 7936//1
f 7957//1 7958//1 7936//1
f 7936//1 7958//1 7924//1
f 7958//1 7959//1 7924//1
f 7924//1 7959//1 7925//1
f 7926//1 7960//1 7924//1
f 7960//1 7961//1 7924//1
f 7924//1 7961//1 7962//1
f 7961//1 7963//1 7962//1
f 7962//1 7963//1 7964//1
f 7904//1 7965//1 7966//1
f 7964//1 7967//1 7962//1
f 7967//1 7968//1 7962//1
f 7962//1 7968//1 7903//1
f 7968//1 7969//1 7903//1
f 7903//1 7969//1 7970//1
f 7966//1 7971//1 7904//1
f 7971//1 7972//1 7904//1
f 7904//1 7972//1 7656//1
f 7972//1 7973//1 7656//1
f 7656//1 7973//1 7897//1
f 7956//1 7974//1 7655//1
f 7974//1 7975//1 7655//1
f 7655//1 7975//1 7654//1
f 7975//1 7976//1 7654//1
f 7654//1 7976//1 7901//1
f 7977//1 7978//1 7904//1
f 7978//1 7979//1 7904//1
f 7904//1 7979//1 7965//1
f 7970//1 7980//1 7903//1
f 7980//1 7981//1 7903//1
f 7903//1 7981//1 7982//1
f 7982//1 7983//1 7903//1
f 7983//1 7984//1 7903//1
f 7903//1 7984//1 7985//1
f 7985//1 7986//1 7903//1
f 7986//1 7987//1 7903//1
f 7903//1 7987//1 7904//1
f 7987//1 7988//1 7904//1
f 7904//1 7988//1 7977//1
f 7989//1 7990//1 7991//1
f 7992//1 7993//1 7994//1
f 7991//1 7995//1 7706//1
f 7769//1 7750//1 7790//1
f 7750//1 7687//1 7790//1
f 7790//1 7687//1 7996//1
f 7687//1 7688//1 7996//1
f 7996//1 7688//1 7997//1
f 7688//1 7689//1 7997//1
f 7997//1 7689//1 7998//1
f 7689//1 7690//1 7998//1
f 7998//1 7690//1 7999//1
f 7690//1 7691//1 7999//1
f 7999//1 7691//1 8000//1
f 7691//1 7692//1 8000//1
f 8000//1 7692//1 8001//1
f 7692//1 7693//1 8001//1
f 8001//1 7693//1 8002//1
f 7693//1 7694//1 8002//1
f 8002//1 7694//1 8003//1
f 7694//1 7695//1 8003//1
f 8003//1 7695//1 8004//1
f 7695//1 7696//1 8004//1
f 8004//1 7696//1 8005//1
f 7696//1 7697//1 8005//1
f 8005//1 7697//1 8006//1
f 7697//1 7698//1 8006//1
f 8006//1 7698//1 8007//1
f 7698//1 7699//1 8007//1
f 8007//1 7699//1 8008//1
f 8009//1 8010//1 7991//1
f 8010//1 8011//1 7991//1
f 7991//1 7706//1 8012//1
f 7706//1 7707//1 8012//1
f 8012//1 7707//1 8013//1
f 7707//1 7708//1 8013//1
f 8013//1 7708//1 8014//1
f 7708//1 7709//1 8014//1
f 8014//1 7709//1 8015//1
f 7709//1 7710//1 8015//1
f 8015//1 7710//1 8016//1
f 7710//1 7711//1 8016//1
f 8016//1 7711//1 8017//1
f 7711//1 7712//1 8017//1
f 8017//1 7712//1 8018//1
f 7712//1 7713//1 8018//1
f 8018//1 7713//1 8019//1
f 7713//1 7714//1 8019//1
f 8019//1 7714//1 8020//1
f 7714//1 7715//1 8020//1
f 8020//1 7715//1 8021//1
f 7715//1 7716//1 8021//1
f 8021//1 7716//1 8022//1
f 7716//1 7717//1 8022//1
f 8022//1 7717//1 8023//1
f 7717//1 7718//1 8023//1
f 8023//1 7718//1 7907//1
f 7718//1 7719//1 7907//1
f 7907//1 7719//1 7720//1
f 8024//1 8025//1 7701//1
f 8025//1 8008//1 7701//1
f 7701//1 8008//1 7700//1
f 8008//1 7699//1 7700//1
f 8011//1 8026//1 7991//1
f 8026//1 8027//1 7991//1
f 7991//1 8027//1 7989//1
f 7993//1 7992//1 8028//1
f 7992//1 8025//1 8028//1
f 8028//1 8025//1 8029//1
f 8030//1 8031//1 8024//1
f 8032//1 8033//1 8025//1
f 8034//1 8035//1 8036//1
f 8035//1 8037//1 8036//1
f 8037//1 8038//1 8036//1
f 8036//1 8038//1 8039//1
f 8038//1 8040//1 8039//1
f 8039//1 8040//1 8041//1
f 8042//1 8043//1 7995//1
f 8033//1 8044//1 8025//1
f 8044//1 8045//1 8025//1
f 8025//1 8045//1 8029//1
f 7994//1 8046//1 7992//1
f 8046//1 8047//1 7992//1
f 7992//1 8047//1 8036//1
f 8047//1 8048//1 8036//1
f 8036//1 8048//1 8034//1
f 8041//1 8049//1 8039//1
f 8049//1 8050//1 8039//1
f 8039//1 8050//1 7991//1
f 8050//1 8051//1 7991//1
f 7991//1 8051//1 8009//1
f 7990//1 8052//1 7991//1
f 8052//1 8053//1 7991//1
f 7991//1 8053//1 7995//1
f 8053//1 8054//1 7995//1
f 7995//1 8054//1 8042//1
f 8043//1 8055//1 7995//1
f 8055//1 8056//1 7995//1
f 7995//1 8056//1 8057//1
f 8058//1 8059//1 7703//1
f 8059//1 8060//1 7703//1
f 8061//1 8062//1 7702//1
f 8063//1 8064//1 7704//1
f 8064//1 8065//1 7704//1
f 7704//1 8065//1 8066//1
f 8067//1 8068//1 8025//1
f 8068//1 8069//1 8025//1
f 8025//1 8069//1 8032//1
f 8060//1 8070//1 7703//1
f 8070//1 8071//1 7703//1
f 7703//1 8071//1 7702//1
f 8071//1 8072//1 7702//1
f 7702//1 8072//1 8061//1
f 8031//1 8073//1 8024//1
f 8073//1 8074//1 8024//1
f 8024//1 8074//1 8075//1
f 8075//1 8076//1 8024//1
f 8076//1 8077//1 8024//1
f 8024//1 8077//1 8025//1
f 8077//1 8078//1 8025//1
f 8025//1 8078//1 8067//1
f 8057//1 8079//1 7995//1
f 8079//1 8080//1 7995//1
f 7995//1 8080//1 7705//1
f 8066//1 8081//1 7704//1
f 8081//1 8082//1 7704//1
f 7704//1 8082//1 7703//1
f 8082//1 8083//1 7703//1
f 7703//1 8083//1 8058//1
f 8080//1 8084//1 7705//1
f 8084//1 8085//1 7705//1
f 7705//1 8085//1 8086//1
f 8062//1 8087//1 7702//1
f 8087//1 8088//1 7702//1
f 7702//1 8088//1 8024//1
f 8088//1 8089//1 8024//1
f 8024//1 8089//1 8030//1
f 8086//1 8090//1 7705//1
f 8090//1 8091//1 7705//1
f 7705//1 8091//1 7704//1
f 8091//1 8092//1 7704//1
f 7704//1 8092//1 8063//1
f 8093//2 7026//2 7027//2
f 7040//2 6969//2 6591//2
f 6603//2 8094//2 6571//2
f 8094//2 8095//2 6571//2
f 7023//2 7024//2 8093//2
f 7024//2 7025//2 8093//2
f 8093//2 7025//2 7026//2
f 8096//2 7021//2 8093//2
f 7021//2 7022//2 8093//2
f 8093//2 7022//2 7023//2
f 7027//2 7028//2 8093//2
f 7028//2 7029//2 8093//2
f 8093//2 7029//2 7030//2
f 7030//2 7031//2 6592//2
f 7031//2 7032//2 6592//2
f 6592//2 7032//2 7033//2
f 6972//2 7621//2 6971//2
f 7621//2 6591//2 6971//2
f 6971//2 6591//2 6970//2
f 6591//2 6969//2 6970//2
f 6972//2 6973//2 7621//2
f 6973//2 6974//2 7621//2
f 7621//2 6974//2 6975//2
f 6979//2 6980//2 7634//2
f 6980//2 6981//2 7634//2
f 7634//2 6981//2 6982//2
f 6602//2 6986//2 6987//2
f 6987//2 6988//2 6602//2
f 6988//2 6989//2 6602//2
f 6602//2 6989//2 6603//2
f 7033//2 7034//2 6592//2
f 7034//2 7035//2 6592//2
f 6592//2 7035//2 7036//2
f 7036//2 7037//2 6592//2
f 7037//2 7038//2 6592//2
f 6592//2 7038//2 6591//2
f 7038//2 7039//2 6591//2
f 6591//2 7039//2 7040//2
f 6975//2 6976//2 7621//2
f 6976//2 6977//2 7621//2
f 7621//2 6977//2 7634//2
f 6977//2 6978//2 7634//2
f 7634//2 6978//2 6979//2
f 7018//2 7019//2 8096//2
f 7019//2 7020//2 8096//2
f 8096//2 7020//2 7021//2
f 6982//2 6983//2 7634//2
f 6983//2 6984//2 7634//2
f 7634//2 6984//2 6602//2
f 6984//2 6985//2 6602//2
f 6602//2 6985//2 6986//2
f 6989//2 6990//2 6603//2
f 6990//2 6991//2 6603//2
f 6603//2 6991//2 6992//2
f 6992//2 6993//2 6603//2
f 6993//2 6994//2 6603//2
f 6603//2 6994//2 6995//2
f 6995//2 6996//2 6603//2
f 6996//2 6997//2 6603//2
f 6603//2 6997//2 8094//2
f 6997//2 6998//2 8094//2
f 8094//2 6998//2 6999//2
f 7009//2 8097//2 7008//2
f 8097//2 7007//2 7008//2
f 8098//2 7013//2 7014//2
f 7007//2 8097//2 7006//2
f 8097//2 8094//2 7006//2
f 7006//2 8094//2 7005//2
f 7009//2 7010//2 8097//2
f 7010//2 7011//2 8097//2
f 8097//2 7011//2 8098//2
f 7011//2 7012//2 8098//2
f 8098//2 7012//2 7013//2
f 7014//2 7015//2 8098//2
f 7015//2 7016//2 8098//2
f 8098//2 7016//2 8096//2
f 7016//2 7017//2 8096//2
f 8096//2 7017//2 7018//2
f 6999//2 7000//2 8094//2
f 7000//2 7001//2 8094//2
f 8094//2 7001//2 7002//2
f 7002//2 7003//2 8094//2
f 7003//2 7004//2 8094//2
f 8094//2 7004//2 7005//2
f 6806//2 6807//2 6590//2
f 6607//2 8099//2 6608//2
f 8099//2 8100//2 6608//2
f 6812//2 6813//2 6589//2
f 7030//2 6592//2 8093//2
f 6592//2 6593//2 8093//2
f 8093//2 6593//2 8101//2
f 6593//2 7635//2 8101//2
f 8101//2 7635//2 8102//2
f 7635//2 7633//2 8102//2
f 8102//2 7633//2 8103//2
f 7633//2 7632//2 8103//2
f 8103//2 7632//2 8104//2
f 7632//2 7631//2 8104//2
f 8104//2 7631//2 8105//2
f 7631//2 7630//2 8105//2
f 8105//2 7630//2 8106//2
f 7630//2 7629//2 8106//2
f 8106//2 7629//2 8107//2
f 7629//2 7628//2 8107//2
f 8107//2 7628//2 8108//2
f 7628//2 7627//2 8108//2
f 8108//2 7627//2 8109//2
f 7627//2 7626//2 8109//2
f 8109//2 7626//2 8110//2
f 7626//2 7625//2 8110//2
f 8110//2 7625//2 8111//2
f 7625//2 7624//2 8111//2
f 8111//2 7624//2 8112//2
f 7624//2 7623//2 8112//2
f 8112//2 7623//2 8100//2
f 7623//2 7622//2 8100//2
f 8100//2 7622//2 6608//2
f 8113//2 6784//2 6785//2
f 6785//2 6786//2 8113//2
f 6786//2 6787//2 8113//2
f 8113//2 6787//2 8114//2
f 6812//2 6589//2 6811//2
f 6787//2 6788//2 8114//2
f 6788//2 6789//2 8114//2
f 8114//2 6789//2 6790//2
f 6807//2 6808//2 6590//2
f 6808//2 6809//2 6590//2
f 6590//2 6809//2 6589//2
f 6809//2 6810//2 6589//2
f 6589//2 6810//2 6811//2
f 6607//2 6760//2 6761//2
f 6790//2 6791//2 8114//2
f 6791//2 6792//2 8114//2
f 8114//2 6792//2 6793//2
f 6757//2 6758//2 6607//2
f 6758//2 6759//2 6607//2
f 6607//2 6759//2 6760//2
f 6761//2 6762//2 6607//2
f 6762//2 6763//2 6607//2
f 6607//2 6763//2 8099//2
f 6763//2 6764//2 8099//2
f 6764//2 6765//2 8099//2
f 6765//2 6766//2 8099//2
f 8099//2 6766//2 6767//2
f 6774//2 6775//2 8115//2
f 8116//2 6779//2 6780//2
f 6793//2 6794//2 8114//2
f 6794//2 6795//2 8114//2
f 8114//2 6795//2 6796//2
f 6817//2 6818//2 6588//2
f 6818//2 6819//2 6588//2
f 6588//2 6819//2 6820//2
f 6767//2 6768//2 8099//2
f 6768//2 6769//2 8099//2
f 8099//2 6769//2 6770//2
f 6770//2 6771//2 8099//2
f 6771//2 6772//2 8099//2
f 8099//2 6772//2 8115//2
f 6772//2 6773//2 8115//2
f 8115//2 6773//2 6774//2
f 6775//2 6776//2 8115//2
f 6776//2 6777//2 8115//2
f 8115//2 6777//2 8116//2
f 6777//2 6778//2 8116//2
f 8116//2 6778//2 6779//2
f 6780//2 6781//2 8116//2
f 6781//2 6782//2 8116//2
f 8116//2 6782//2 8113//2
f 6782//2 6783//2 8113//2
f 8113//2 6783//2 6784//2
f 6796//2 6797//2 6606//2
f 6797//2 6798//2 6606//2
f 6606//2 6798//2 6799//2
f 6799//2 6800//2 6606//2
f 6800//2 6801//2 6606//2
f 6606//2 6801//2 6802//2
f 6802//2 6803//2 6606//2
f 6803//2 6804//2 6606//2
f 6606//2 6804//2 6590//2
f 6804//2 6805//2 6590//2
f 6590//2 6805//2 6806//2
f 6813//2 6814//2 6589//2
f 6814//2 6815//2 6589//2
f 6589//2 6815//2 6588//2
f 6815//2 6816//2 6588//2
f 6588//2 6816//2 6817//2
f 6587//2 6755//2 6607//2
f 6755//2 6756//2 6607//2
f 6607//2 6756//2 6757//2
f 6824//2 6753//2 6587//2
f 6753//2 6754//2 6587//2
f 6587//2 6754//2 6755//2
f 6820//2 6821//2 6588//2
f 6821//2 6822//2 6588//2
f 6588//2 6822//2 6587//2
f 6822//2 6823//2 6587//2
f 6587//2 6823//2 6824//2
f 7454//2 7455//2 6595//2
f 6594//2 8117//2 6586//2
f 8117//2 8118//2 6586//2
f 7451//2 7452//2 7618//2
f 6796//2 6606//2 8114//2
f 6606//2 6572//2 8114//2
f 8114//2 6572//2 8119//2
f 6572//2 6573//2 8119//2
f 8119//2 6573//2 8120//2
f 6573//2 6574//2 8120//2
f 8120//2 6574//2 8121//2
f 6574//2 6575//2 8121//2
f 8121//2 6575//2 8122//2
f 6575//2 6576//2 8122//2
f 8122//2 6576//2 8123//2
f 6576//2 6577//2 8123//2
f 8123//2 6577//2 8124//2
f 6577//2 6578//2 8124//2
f 8124//2 6578//2 8125//2
f 6578//2 6579//2 8125//2
f 8125//2 6579//2 8126//2
f 6579//2 6580//2 8126//2
f 8126//2 6580//2 8127//2
f 6580//2 6581//2 8127//2
f 8127//2 6581//2 8128//2
f 6581//2 6582//2 8128//2
f 8128//2 6582//2 8129//2
f 6582//2 6583//2 8129//2
f 8129//2 6583//2 8130//2
f 6583//2 6584//2 8130//2
f 8130//2 6584//2 8118//2
f 6584//2 6585//2 8118//2
f 8118//2 6585//2 6586//2
f 7455//2 7456//2 6595//2
f 7456//2 7457//2 6595//2
f 6595//2 7457//2 6594//2
f 7618//2 7452//2 6595//2
f 7452//2 7453//2 6595//2
f 6595//2 7453//2 7454//2
f 7457//2 7458//2 6594//2
f 7458//2 7459//2 6594//2
f 6594//2 7459//2 7460//2
f 7447//2 7448//2 7618//2
f 7460//2 7461//2 6594//2
f 7461//2 7462//2 6594//2
f 6594//2 7462//2 7463//2
f 8131//2 7425//2 7426//2
f 7427//2 7428//2 6597//2
f 7428//2 7429//2 6597//2
f 7448//2 7449//2 7618//2
f 7449//2 7450//2 7618//2
f 7618//2 7450//2 7451//2
f 7467//2 7468//2 8117//2
f 7468//2 7469//2 8117//2
f 7404//2 7405//2 8132//2
f 7441//2 7442//2 7617//2
f 7442//2 7443//2 7617//2
f 7405//2 7406//2 8132//2
f 7406//2 7407//2 8132//2
f 8132//2 7407//2 8133//2
f 7419//2 7420//2 8131//2
f 7420//2 7421//2 8131//2
f 8131//2 7421//2 7422//2
f 7429//2 7430//2 6597//2
f 7430//2 7431//2 6597//2
f 6597//2 7431//2 7432//2
f 7443//2 7444//2 7617//2
f 7444//2 7445//2 7617//2
f 7617//2 7445//2 7618//2
f 7445//2 7446//2 7618//2
f 7618//2 7446//2 7447//2
f 7407//2 7408//2 8133//2
f 7408//2 7409//2 8133//2
f 8133//2 7409//2 7410//2
f 8134//2 7414//2 7415//2
f 7422//2 7423//2 8131//2
f 7423//2 7424//2 8131//2
f 8131//2 7424//2 7425//2
f 7432//2 7433//2 6597//2
f 7433//2 7434//2 6597//2
f 6597//2 7434//2 6596//2
f 7434//2 7435//2 6596//2
f 7435//2 7436//2 6596//2
f 6596//2 7436//2 7437//2
f 7437//2 7438//2 6596//2
f 7438//2 7439//2 6596//2
f 6596//2 7439//2 7617//2
f 7439//2 7440//2 7617//2
f 7617//2 7440//2 7441//2
f 7463//2 7464//2 6594//2
f 7464//2 7465//2 6594//2
f 6594//2 7465//2 8117//2
f 7465//2 7466//2 8117//2
f 8117//2 7466//2 7467//2
f 7410//2 7411//2 8133//2
f 7411//2 7412//2 8133//2
f 8133//2 7412//2 8134//2
f 7412//2 7413//2 8134//2
f 8134//2 7413//2 7414//2
f 7415//2 7416//2 8134//2
f 7416//2 7417//2 8134//2
f 8134//2 7417//2 8131//2
f 7417//2 7418//2 8131//2
f 8131//2 7418//2 7419//2
f 7469//2 7470//2 8117//2
f 7470//2 7471//2 8117//2
f 8117//2 7471//2 7472//2
f 7472//2 7401//2 8117//2
f 7401//2 7402//2 8117//2
f 8117//2 7402//2 8132//2
f 7402//2 7403//2 8132//2
f 8132//2 7403//2 7404//2
f 8135//2 7252//2 7253//2
f 7202//2 7203//2 6604//2
f 6600//2 6599//2 7648//2
f 6599//2 8136//2 7648//2
f 7648//2 8136//2 7647//2
f 8136//2 8137//2 7647//2
f 7647//2 8137//2 7646//2
f 8137//2 8138//2 7646//2
f 7646//2 8138//2 7645//2
f 8138//2 8139//2 7645//2
f 7645//2 8139//2 7644//2
f 8139//2 8140//2 7644//2
f 7644//2 8140//2 7643//2
f 8140//2 8141//2 7643//2
f 7643//2 8141//2 7642//2
f 8141//2 8142//2 7642//2
f 7642//2 8142//2 7641//2
f 8142//2 8143//2 7641//2
f 7641//2 8143//2 7640//2
f 8143//2 8144//2 7640//2
f 7640//2 8144//2 7639//2
f 8144//2 8145//2 7639//2
f 7639//2 8145//2 7638//2
f 8145//2 8146//2 7638//2
f 7638//2 8146//2 7620//2
f 8146//2 8147//2 7620//2
f 7620//2 8147//2 7619//2
f 8147//2 8148//2 7619//2
f 7619//2 8148//2 6598//2
f 8148//2 8131//2 6598//2
f 6598//2 8131//2 6597//2
f 8131//2 7426//2 6597//2
f 6597//2 7426//2 7427//2
f 7238//2 8149//2 7237//2
f 8149//2 8136//2 7237//2
f 7237//2 8136//2 7236//2
f 8136//2 7235//2 7236//2
f 7247//2 7248//2 8150//2
f 7192//2 7193//2 6605//2
f 7193//2 7194//2 6605//2
f 6605//2 7194//2 7195//2
f 7195//2 7196//2 6605//2
f 7196//2 7197//2 6605//2
f 6605//2 7197//2 7198//2
f 7192//2 6605//2 8151//2
f 6605//2 6557//2 8151//2
f 8151//2 6557//2 8152//2
f 6557//2 6558//2 8152//2
f 8152//2 6558//2 8153//2
f 6558//2 6559//2 8153//2
f 8153//2 6559//2 8154//2
f 6559//2 6560//2 8154//2
f 8154//2 6560//2 8155//2
f 6560//2 6561//2 8155//2
f 8155//2 6561//2 8156//2
f 6561//2 6562//2 8156//2
f 8156//2 6562//2 8157//2
f 6562//2 6563//2 8157//2
f 8157//2 6563//2 8158//2
f 6563//2 6564//2 8158//2
f 8158//2 6564//2 8159//2
f 6564//2 6565//2 8159//2
f 8159//2 6565//2 8160//2
f 6565//2 6566//2 8160//2
f 8160//2 6566//2 8161//2
f 6566//2 6567//2 8161//2
f 8161//2 6567//2 8162//2
f 6567//2 6568//2 8162//2
f 8162//2 6568//2 8163//2
f 6568//2 6569//2 8163//2
f 8163//2 6569//2 8095//2
f 6569//2 6570//2 8095//2
f 8095//2 6570//2 6571//2
f 7211//2 7212//2 6599//2
f 7212//2 7213//2 6599//2
f 6599//2 7213//2 7214//2
f 7242//2 7243//2 8164//2
f 7248//2 7249//2 8150//2
f 7249//2 7250//2 8150//2
f 8150//2 7250//2 8135//2
f 7250//2 7251//2 8135//2
f 8135//2 7251//2 7252//2
f 7185//2 7186//2 8151//2
f 7186//2 7187//2 8151//2
f 7187//2 7188//2 8151//2
f 8151//2 7188//2 7189//2
f 7189//2 7190//2 8151//2
f 7190//2 7191//2 8151//2
f 8151//2 7191//2 7192//2
f 7198//2 7199//2 6605//2
f 7199//2 7200//2 6605//2
f 6605//2 7200//2 6604//2
f 7200//2 7201//2 6604//2
f 6604//2 7201//2 7202//2
f 7214//2 7215//2 6599//2
f 7215//2 7216//2 6599//2
f 6599//2 7216//2 7217//2
f 7223//2 7224//2 6599//2
f 7224//2 7225//2 6599//2
f 7232//2 7233//2 8136//2
f 7233//2 7234//2 8136//2
f 8136//2 7234//2 7235//2
f 7243//2 7244//2 8164//2
f 7244//2 7245//2 8164//2
f 8164//2 7245//2 8150//2
f 7245//2 7246//2 8150//2
f 8150//2 7246//2 7247//2
f 7207//2 7208//2 7636//2
f 7208//2 7209//2 7636//2
f 7209//2 7210//2 7636//2
f 7636//2 7210//2 7637//2
f 7217//2 7218//2 6599//2
f 7218//2 7219//2 6599//2
f 6599//2 7219//2 7220//2
f 7238//2 7239//2 8149//2
f 7239//2 7240//2 8149//2
f 8149//2 7240//2 8164//2
f 7240//2 7241//2 8164//2
f 8164//2 7241//2 7242//2
f 7203//2 7204//2 6604//2
f 7204//2 7205//2 6604//2
f 6604//2 7205//2 7636//2
f 7205//2 7206//2 7636//2
f 7636//2 7206//2 7207//2
f 7220//2 7221//2 6599//2
f 7221//2 7222//2 6599//2
f 6599//2 7222//2 7223//2
f 7253//2 7254//2 8135//2
f 7254//2 7255//2 8135//2
f 8135//2 7255//2 8151//2
f 7255//2 7256//2 8151//2
f 8151//2 7256//2 7185//2
f 7211//2 6599//2 7210//2
f 6599//2 6601//2 7210//2
f 7210//2 6601//2 7637//2
f 7225//2 7226//2 6599//2
f 7226//2 7227//2 6599//2
f 6599//2 7227//2 7228//2
f 7228//2 7229//2 6599//2
f 7229//2 7230//2 6599//2
f 6599//2 7230//2 8136//2
f 7230//2 7231//2 8136//2
f 8136//2 7231//2 7232//2
f 8165//2 8166//2 8167//2
f 8166//2 8168//2 8167//2
f 8167//2 8168//2 8169//2
f 8168//2 8170//2 8169//2
f 8169//2 8170//2 8171//2
f 8170//2 8172//2 8171//2
f 8171//2 8172//2 8173//2
f 8172//2 8174//2 8173//2
f 8173//2 8174//2 8175//2
f 8174//2 8176//2 8175//2
f 8175//2 8176//2 8177//2
f 8176//2 8178//2 8177//2
f 8177//2 8178//2 8179//2
f 8178//2 8180//2 8179//2
f 8179//2 8180//2 8181//2
f 8180//2 8182//2 8181//2
f 8181//2 8182//2 8183//2
f 8182//2 8184//2 8183//2
f 8183//2 8184//2 8185//2
f 8184//2 8186//2 8185//2
f 8185//2 8186//2 8187//2
f 8186//2 8188//2 8187//2
f 8187//2 8188//2 8189//2
f 8188//2 8190//2 8189//2
f 8189//2 8190//2 8191//2
f 8190//2 8192//2 8191//2
f 8191//2 8192//2 8193//2
f 8192//2 8194//2 8193//2
f 8193//2 8194//2 8195//2
f 8194//2 8196//2 8195//2
f 8195//2 8196//2 8197//2
f 8196//2 8198//2 8197//2
f 8197//2 8198//2 8199//2
f 8198//2 8200//2 8199//2
f 8199//2 8200//2 8201//2
f 8200//2 8202//2 8201//2
f 8201//2 8202//2 8203//2
f 8202//2 8204//2 8203//2
f 8203//2 8204//2 8205//2
f 8204//2 8206//2 8205//2
f 8205//2 8206//2 8207//2
f 8206//2 8208//2 8207//2
f 8207//2 8208//2 8209//2
f 8208//2 8210//2 8209//2
f 8209//2 8210//2 8211//2
f 8210//2 8212//2 8211//2
f 8211//2 8212//2 8213//2
f 8212//2 8214//2 8213//2
f 8213//2 8214//2 8215//2
f 8214//2 8216//2 8215//2
f 8215//2 8216//2 8217//2
f 8216//2 8218//2 8217//2
f 8217//2 8218//2 8219//2
f 8218//2 8220//2 8219//2
f 8219//2 8220//2 8221//2
f 8220//2 8222//2 8221//2
f 8221//2 8222//2 8223//2
f 8222//2 8224//2 8223//2
f 8223//2 8224//2 8225//2
f 8224//2 8226//2 8225//2
f 8225//2 8226//2 8227//2
f 8226//2 8228//2 8227//2
f 8227//2 8228//2 8229//2
f 8228//2 8230//2 8229//2
f 8229//2 8230//2 8231//2
f 8230//2 8232//2 8231//2
f 8231//2 8232//2 8233//2
f 8232//2 8234//2 8233//2
f 8233//2 8234//2 8235//2
f 8234//2 8236//2 8235//2
f 8235//2 8236//2 8237//2
f 8236//2 8238//2 8237//2
f 8237//2 8238//2 8239//2
f 8238//2 8240//2 8239//2
f 8239//2 8240//2 8241//2
f 8240//2 8242//2 8241//2
f 8241//2 8242//2 8243//2
f 8242//2 8244//2 8243//2
f 8243//2 8244//2 8245//2
f 8244//2 8246//2 8245//2
f 8245//2 8246//2 8247//2
f 8246//2 8248//2 8247//2
f 8247//2 8248//2 8249//2
f 8248//2 8250//2 8249//2
f 8249//2 8250//2 8251//2
f 8250//2 8252//2 8251//2
f 8251//2 8252//2 8253//2
f 8252//2 8254//2 8253//2
f 8253//2 8254//2 8255//2
f 8254//2 8256//2 8255//2
f 8255//2 8256//2 8257//2
f 8256//2 8258//2 8257//2
f 8257//2 8258//2 8259//2
f 8258//2 8260//2 8259//2
f 8259//2 8260//2 8261//2
f 8260//2 8262//2 8261//2
f 8261//2 8262//2 8263//2
f 8262//2 8264//2 8263//2
f 8263//2 8264//2 8265//2
f 8264//2 8266//2 8265//2
f 8265//2 8266//2 8267//2
f 8266//2 8268//2 8267//2
f 8267//2 8268//2 8269//2
f 8268//2 8270//2 8269//2
f 8269//2 8270//2 8271//2
f 8270//2 8272//2 8271//2
f 8271//2 8272//2 8273//2
f 8272//2 8274//2 8273//2
f 8273//2 8274//2 8275//2
f 8274//2 8276//2 8275//2
f 8275//2 8276//2 8277//2
f 8276//2 8278//2 8277//2
f 8277//2 8278//2 8279//2
f 8278//2 8280//2 8279//2
f 8279//2 8280//2 8281//2
f 8280//2 8282//2 8281//2
f 8281//2 8282//2 8283//2
f 8282//2 8284//2 8283//2
f 8283//2 8284//2 8285//2
f 8284//2 8286//2 8285//2
f 8285//2 8286//2 8287//2
f 8286//2 8288//2 8287//2
f 8287//2 8288//2 8289//2
f 8288//2 8290//2 8289//2
f 8289//2 8290//2 8291//2
f 8290//2 8292//2 8291//2
f 8291//2 8292//2 8293//2
f 8292//2 8294//2 8293//2
f 8293//2 8294//2 8295//2
f 8294//2 8296//2 8295//2
f 8295//2 8296//2 8297//2
f 8296//2 8298//2 8297//2
f 8297//2 8298//2 8299//2
f 8298//2 8300//2 8299//2
f 8299//2 8300//2 8301//2
f 8300//2 8302//2 8301//2
f 8301//2 8302//2 8303//2
f 8302//2 8304//2 8303//2
f 8303//2 8304//2 8305//2
f 8304//2 8306//2 8305//2
f 8305//2 8306//2 8307//2
f 8306//2 8308//2 8307//2
f 8307//2 8308//2 8165//2
f 8308//2 8166//2 8165//2
f 8002//3554 8265//3554 8001//3554
f 8265//3554 8267//3554 8001//3554
f 8001//3553 8267//3553 8000//3553
f 8267//3553 8269//3553 8000//3553
f 8000//3552 8269//3552 7999//3552
f 8269//3552 8271//3552 7999//3552
f 7999//3551 8271//3551 7998//3551
f 8271//3551 8273//3551 7998//3551
f 7998//3550 8273//3550 7997//3550
f 8273//3550 8275//3550 7997//3550
f 7997//3549 8275//3549 7996//3549
f 8275//3549 8277//3549 7996//3549
f 7996//44 8277//44 7790//44
f 8277//44 8279//44 7790//44
f 7790//3548 8279//3548 7785//3548
f 8279//3548 8281//3548 7785//3548
f 7785//3547 8281//3547 7780//3547
f 8281//3547 8283//3547 7780//3547
f 7780//2981 8283//2981 7777//2981
f 8283//2981 8285//2981 7777//2981
f 7777//3288 8285//3288 7744//3288
f 8285//3288 8287//3288 7744//3288
f 7744//2979 8287//2979 7746//2979
f 8287//2979 8289//2979 7746//2979
f 7746//3286 8289//3286 7726//3286
f 8289//3286 8291//3286 7726//3286
f 7726//3546 8291//3546 7727//3546
f 8291//3546 8293//3546 7727//3546
f 7727//3545 8293//3545 7825//3545
f 8293//3545 8295//3545 7825//3545
f 7825//3544 8295//3544 7824//3544
f 8295//3544 8297//3544 7824//3544
f 7824//3543 8297//3543 7823//3543
f 8297//3543 8299//3543 7823//3543
f 7823//3542 8299//3542 7822//3542
f 8299//3542 8301//3542 7822//3542
f 7822//3541 8301//3541 7821//3541
f 8301//3541 8303//3541 7821//3541
f 7821//3540 8303//3540 7820//3540
f 8303//3540 8305//3540 7820//3540
f 7820//3539 8305//3539 7819//3539
f 8305//3539 8307//3539 7819//3539
f 7819//3538 8307//3538 7818//3538
f 8307//3538 8165//3538 7818//3538
f 7818//3537 8165//3537 7817//3537
f 8165//3537 8167//3537 7817//3537
f 7817//3275 8167//3275 7816//3275
f 8167//3275 8169//3275 7816//3275
f 7816//3536 8169//3536 7806//3536
f 8169//3536 8171//3536 7806//3536
f 7806//3535 8171//3535 7864//3535
f 8171//3535 8173//3535 7864//3535
f 7864//2937 8173//2937 7838//2937
f 8173//2937 8175//2937 7838//2937
f 7838//2935 8175//2935 7856//2935
f 8175//2935 8177//2935 7856//2935
f 7856//3534 8177//3534 7809//3534
f 8177//3534 8179//3534 7809//3534
f 7809//2932 8179//2932 7810//2932
f 8179//2932 8181//2932 7810//2932
f 7810//3533 8181//3533 7919//3533
f 8181//3533 8183//3533 7919//3533
f 7919//3532 8183//3532 7918//3532
f 8183//3532 8185//3532 7918//3532
f 7918//3531 8185//3531 7917//3531
f 8185//3531 8187//3531 7917//3531
f 7917//3530 8187//3530 7916//3530
f 8187//3530 8189//3530 7916//3530
f 7916//3529 8189//3529 7915//3529
f 8189//3529 8191//3529 7915//3529
f 7915//3528 8191//3528 7914//3528
f 8191//3528 8193//3528 7914//3528
f 7914//3527 8193//3527 7913//3527
f 8193//3527 8195//3527 7913//3527
f 7913//3526 8195//3526 7912//3526
f 8195//3526 8197//3526 7912//3526
f 7912//3525 8197//3525 7911//3525
f 8197//3525 8199//3525 7911//3525
f 7911//3524 8199//3524 7910//3524
f 8199//3524 8201//3524 7910//3524
f 7910//3523 8201//3523 7909//3523
f 8201//3523 8203//3523 7909//3523
f 7909//3522 8203//3522 7908//3522
f 8203//3522 8205//3522 7908//3522
f 7908//3162 8205//3162 7903//3162
f 8205//3162 8207//3162 7903//3162
f 7903//3521 8207//3521 7962//3521
f 8207//3521 8209//3521 7962//3521
f 7962//3520 8209//3520 7924//3520
f 8209//3520 8211//3520 7924//3520
f 7924//3157 8211//3157 7936//3157
f 8211//3157 8213//3157 7936//3157
f 7936//3519 8213//3519 7906//3519
f 8213//3519 8215//3519 7906//3519
f 7906//3155 8215//3155 7907//3155
f 8215//3155 8217//3155 7907//3155
f 7907//3252 8217//3252 8023//3252
f 8217//3252 8219//3252 8023//3252
f 8023//3518 8219//3518 8022//3518
f 8219//3518 8221//3518 8022//3518
f 8022//3517 8221//3517 8021//3517
f 8221//3517 8223//3517 8021//3517
f 8021//3516 8223//3516 8020//3516
f 8223//3516 8225//3516 8020//3516
f 8020//3515 8225//3515 8019//3515
f 8225//3515 8227//3515 8019//3515
f 8019//3514 8227//3514 8018//3514
f 8227//3514 8229//3514 8018//3514
f 8018//3569 8229//3569 8017//3569
f 8229//3569 8231//3569 8017//3569
f 8017//3568 8231//3568 8016//3568
f 8231//3568 8233//3568 8016//3568
f 8016//3567 8233//3567 8015//3567
f 8233//3567 8235//3567 8015//3567
f 8015//3566 8235//3566 8014//3566
f 8235//3566 8237//3566 8014//3566
f 8014//3565 8237//3565 8013//3565
f 8237//3565 8239//3565 8013//3565
f 8013//3564 8239//3564 8012//3564
f 8239//3564 8241//3564 8012//3564
f 8012//3563 8241//3563 7991//3563
f 8241//3563 8243//3563 7991//3563
f 7991//3562 8243//3562 8039//3562
f 8243//3562 8245//3562 8039//3562
f 8039//3003 8245//3003 8036//3003
f 8245//3003 8247//3003 8036//3003
f 8036//3001 8247//3001 7992//3001
f 8247//3001 8249//3001 7992//3001
f 7992//3561 8249//3561 8025//3561
f 8249//3561 8251//3561 8025//3561
f 8025//2998 8251//2998 8008//2998
f 8251//2998 8253//2998 8008//2998
f 8008//3560 8253//3560 8007//3560
f 8253//3560 8255//3560 8007//3560
f 8007//3559 8255//3559 8006//3559
f 8255//3559 8257//3559 8006//3559
f 8006//3558 8257//3558 8005//3558
f 8257//3558 8259//3558 8005//3558
f 8005//3557 8259//3557 8004//3557
f 8259//3557 8261//3557 8004//3557
f 8004//3556 8261//3556 8003//3556
f 8261//3556 8263//3556 8003//3556
f 8003//3555 8263//3555 8002//3555
f 8263//3555 8265//3555 8002//3555
f 7805//3661 6604//3661 7636//3661
f 7805//3661 7636//3661 7845//3661
f 7636//3660 7637//3660 7845//3660
f 7845//3660 7637//3660 7875//3660
f 7637//3659 6601//3659 7875//3659
f 7875//3659 6601//3659 7873//3659
f 8158//3265 8194//3265 8157//3265
f 8194//3265 8192//3265 8157//3265
f 8157//3266 8192//3266 8156//3266
f 8192//3266 8190//3266 8156//3266
f 8156//3267 8190//3267 8155//3267
f 8190//3267 8188//3267 8155//3267
f 8155//3268 8188//3268 8154//3268
f 8188//3268 8186//3268 8154//3268
f 8154//3269 8186//3269 8153//3269
f 8186//3269 8184//3269 8153//3269
f 8153//3270 8184//3270 8152//3270
f 8184//3270 8182//3270 8152//3270
f 8152//2932 8182//2932 8151//2932
f 8182//2932 8180//2932 8151//2932
f 8151//3271 8180//3271 8135//3271
f 8180//3271 8178//3271 8135//3271
f 8135//3272 8178//3272 8150//3272
f 8178//3272 8176//3272 8150//3272
f 8150//3273 8176//3273 8164//3273
f 8176//3273 8174//3273 8164//3273
f 8164//2938 8174//2938 8149//2938
f 8174//2938 8172//2938 8149//2938
f 8149//3274 8172//3274 8136//3274
f 8172//3274 8170//3274 8136//3274
f 8136//3275 8170//3275 8137//3275
f 8170//3275 8168//3275 8137//3275
f 8137//3276 8168//3276 8138//3276
f 8168//3276 8166//3276 8138//3276
f 8138//3277 8166//3277 8139//3277
f 8166//3277 8308//3277 8139//3277
f 8139//3278 8308//3278 8140//3278
f 8308//3278 8306//3278 8140//3278
f 8140//3279 8306//3279 8141//3279
f 8306//3279 8304//3279 8141//3279
f 8141//3280 8304//3280 8142//3280
f 8304//3280 8302//3280 8142//3280
f 8142//3281 8302//3281 8143//3281
f 8302//3281 8300//3281 8143//3281
f 8143//3282 8300//3282 8144//3282
f 8300//3282 8298//3282 8144//3282
f 8144//3283 8298//3283 8145//3283
f 8298//3283 8296//3283 8145//3283
f 8145//3284 8296//3284 8146//3284
f 8296//3284 8294//3284 8146//3284
f 8146//3285 8294//3285 8147//3285
f 8294//3285 8292//3285 8147//3285
f 8147//3286 8292//3286 8148//3286
f 8292//3286 8290//3286 8148//3286
f 8148//3287 8290//3287 8131//3287
f 8290//3287 8288//3287 8131//3287
f 8131//3288 8288//3288 8134//3288
f 8288//3288 8286//3288 8134//3288
f 8134//3289 8286//3289 8133//3289
f 8286//3289 8284//3289 8133//3289
f 8133//3290 8284//3290 8132//3290
f 8284//3290 8282//3290 8132//3290
f 8132//3291 8282//3291 8117//3291
f 8282//3291 8280//3291 8117//3291
f 8117//3292 8280//3292 8118//3292
f 8280//3292 8278//3292 8118//3292
f 8118//3293 8278//3293 8130//3293
f 8278//3293 8276//3293 8130//3293
f 8130//3294 8276//3294 8129//3294
f 8276//3294 8274//3294 8129//3294
f 8129//3295 8274//3295 8128//3295
f 8274//3295 8272//3295 8128//3295
f 8128//3296 8272//3296 8127//3296
f 8272//3296 8270//3296 8127//3296
f 8127//3297 8270//3297 8126//3297
f 8270//3297 8268//3297 8126//3297
f 8126//3298 8268//3298 8125//3298
f 8268//3298 8266//3298 8125//3298
f 8125//3299 8266//3299 8124//3299
f 8266//3299 8264//3299 8124//3299
f 8124//3300 8264//3300 8123//3300
f 8264//3300 8262//3300 8123//3300
f 8123//3301 8262//3301 8122//3301
f 8262//3301 8260//3301 8122//3301
f 8122//3302 8260//3302 8121//3302
f 8260//3302 8258//3302 8121//3302
f 8121//3303 8258//3303 8120//3303
f 8258//3303 8256//3303 8120//3303
f 8120//3304 8256//3304 8119//3304
f 8256//3304 8254//3304 8119//3304
f 8119//3305 8254//3305 8114//3305
f 8254//3305 8252//3305 8114//3305
f 8114//3306 8252//3306 8113//3306
f 8252//3306 8250//3306 8113//3306
f 8113//3307 8250//3307 8116//3307
f 8250//3307 8248//3307 8116//3307
f 8116//3308 8248//3308 8115//3308
f 8248//3308 8246//3308 8115//3308
f 8115//3309 8246//3309 8099//3309
f 8246//3309 8244//3309 8099//3309
f 8099//3310 8244//3310 8100//3310
f 8244//3310 8242//3310 8100//3310
f 8100//3311 8242//3311 8112//3311
f 8242//3311 8240//3311 8112//3311
f 8112//3312 8240//3312 8111//3312
f 8240//3312 8238//3312 8111//3312
f 8111//3313 8238//3313 8110//3313
f 8238//3313 8236//3313 8110//3313
f 8110//3314 8236//3314 8109//3314
f 8236//3314 8234//3314 8109//3314
f 8109//3315 8234//3315 8108//3315
f 8234//3315 8232//3315 8108//3315
f 8108//3316 8232//3316 8107//3316
f 8232//3316 8230//3316 8107//3316
f 8107//3247 8230//3247 8106//3247
f 8230//3247 8228//3247 8106//3247
f 8106//3248 8228//3248 8105//3248
f 8228//3248 8226//3248 8105//3248
f 8105//3249 8226//3249 8104//3249
f 8226//3249 8224//3249 8104//3249
f 8104//3250 8224//3250 8103//3250
f 8224//3250 8222//3250 8103//3250
f 8103//3251 8222//3251 8102//3251
f 8222//3251 8220//3251 8102//3251
f 8102//3252 8220//3252 8101//3252
f 8220//3252 8218//3252 8101//3252
f 8101//3253 8218//3253 8093//3253
f 8218//3253 8216//3253 8093//3253
f 8093//3254 8216//3254 8096//3254
f 8216//3254 8214//3254 8096//3254
f 8096//3255 8214//3255 8098//3255
f 8214//3255 8212//3255 8098//3255
f 8098//3256 8212//3256 8097//3256
f 8212//3256 8210//3256 8097//3256
f 8097//3257 8210//3257 8094//3257
f 8210//3257 8208//3257 8094//3257
f 8094//3258 8208//3258 8095//3258
f 8208//3258 8206//3258 8095//3258
f 8095//3259 8206//3259 8163//3259
f 8206//3259 8204//3259 8163//3259
f 8163//3260 8204//3260 8162//3260
f 8204//3260 8202//3260 8162//3260
f 8162//3261 8202//3261 8161//3261
f 8202//3261 8200//3261 8161//3261
f 8161//3262 8200//3262 8160//3262
f 8200//3262 8198//3262 8160//3262
f 8160//3263 8198//3263 8159//3263
f 8198//3263 8196//3263 8159//3263
f 8159//3264 8196//3264 8158//3264
f 8196//3264 8194//3264 8158//3264
f 7933//3857 7023//3857 7934//3857
f 7023//3857 7022//3857 7934//3857
f 7934//3856 7022//3856 7935//3856
f 7022//3856 7021//3856 7935//3856
f 7935//3797 7021//3797 7937//3797
f 7021//3797 7020//3797 7937//3797
f 7937//3855 7020//3855 7938//3855
f 7020//3855 7019//3855 7938//3855
f 7938//3854 7019//3854 7957//3854
f 7019//3854 7018//3854 7957//3854
f 7957//3853 7018//3853 7958//3853
f 7018//3853 7017//3853 7958//3853
f 7958//3793 7017//3793 7959//3793
f 7017//3793 7016//3793 7959//3793
f 7959//3792 7016//3792 7925//3792
f 7016//3792 7015//3792 7925//3792
f 7925//3791 7015//3791 7926//3791
f 7015//3791 7014//3791 7926//3791
f 7926//3790 7014//3790 7960//3790
f 7014//3790 7013//3790 7960//3790
f 7960//3852 7013//3852 7961//3852
f 7013//3852 7012//3852 7961//3852
f 7961//3851 7012//3851 7963//3851
f 7012//3851 7011//3851 7963//3851
f 7963//3850 7011//3850 7964//3850
f 7011//3850 7010//3850 7964//3850
f 7964//3786 7010//3786 7967//3786
f 7010//3786 7009//3786 7967//3786
f 7967//3785 7009//3785 7968//3785
f 7009//3785 7008//3785 7968//3785
f 7968//3784 7008//3784 7969//3784
f 7008//3784 7007//3784 7969//3784
f 7969//3783 7007//3783 7970//3783
f 7007//3783 7006//3783 7970//3783
f 7970//3849 7006//3849 7980//3849
f 7006//3849 7005//3849 7980//3849
f 7980//3848 7005//3848 7981//3848
f 7005//3848 7004//3848 7981//3848
f 7981//3847 7004//3847 7982//3847
f 7004//3847 7003//3847 7982//3847
f 7982//3846 7003//3846 7983//3846
f 7003//3846 7002//3846 7983//3846
f 7983//3845 7002//3845 7984//3845
f 7002//3845 7001//3845 7984//3845
f 7984//3777 7001//3777 7985//3777
f 7001//3777 7000//3777 7985//3777
f 7985//3844 7000//3844 7986//3844
f 7000//3844 6999//3844 7986//3844
f 7986//3843 6999//3843 7987//3843
f 6999//3843 6998//3843 7987//3843
f 7987//3842 6998//3842 7988//3842
f 6998//3842 6997//3842 7988//3842
f 7988//3841 6997//3841 7977//3841
f 6997//3841 6996//3841 7977//3841
f 7977//3840 6996//3840 7978//3840
f 6996//3840 6995//3840 7978//3840
f 7978//3839 6995//3839 7979//3839
f 6995//3839 6994//3839 7979//3839
f 7979//3838 6994//3838 7965//3838
f 6994//3838 6993//3838 7965//3838
f 7965//3837 6993//3837 7966//3837
f 6993//3837 6992//3837 7966//3837
f 7966//3836 6992//3836 7971//3836
f 6992//3836 6991//3836 7971//3836
f 7971//3835 6991//3835 7972//3835
f 6991//3835 6990//3835 7972//3835
f 7972//3766 6990//3766 7973//3766
f 6990//3766 6989//3766 7973//3766
f 7973//3834 6989//3834 7897//3834
f 6989//3834 6988//3834 7897//3834
f 7897//3833 6988//3833 7898//3833
f 6988//3833 6987//3833 7898//3833
f 7898//3763 6987//3763 7950//3763
f 6987//3763 6986//3763 7950//3763
f 7950//3832 6986//3832 7951//3832
f 6986//3832 6985//3832 7951//3832
f 7951//3761 6985//3761 7952//3761
f 6985//3761 6984//3761 7952//3761
f 7952//3831 6984//3831 7953//3831
f 6984//3831 6983//3831 7953//3831
f 7953//3830 6983//3830 7954//3830
f 6983//3830 6982//3830 7954//3830
f 7954//3829 6982//3829 7955//3829
f 6982//3829 6981//3829 7955//3829
f 7955//3828 6981//3828 7956//3828
f 6981//3828 6980//3828 7956//3828
f 7956//3827 6980//3827 7974//3827
f 6980//3827 6979//3827 7974//3827
f 7974//3826 6979//3826 7975//3826
f 6979//3826 6978//3826 7975//3826
f 7975//3825 6978//3825 7976//3825
f 6978//3825 6977//3825 7976//3825
f 7976//3824 6977//3824 7901//3824
f 6977//3824 6976//3824 7901//3824
f 7901//3823 6976//3823 7902//3823
f 6976//3823 6975//3823 7902//3823
f 7902//3822 6975//3822 7939//3822
f 6975//3822 6974//3822 7939//3822
f 7939//3750 6974//3750 7940//3750
f 6974//3750 6973//3750 7940//3750
f 7940//3821 6973//3821 7927//3821
f 6973//3821 6972//3821 7927//3821
f 7927//3820 6972//3820 7928//3820
f 6972//3820 6971//3820 7928//3820
f 7928//3819 6971//3819 7899//3819
f 6971//3819 6970//3819 7899//3819
f 7899//3818 6970//3818 7900//3818
f 6970//3818 6969//3818 7900//3818
f 7900//3864 6969//3864 7941//3864
f 6969//3864 7040//3864 7941//3864
f 7941//3816 7040//3816 7942//3816
f 7040//3816 7039//3816 7942//3816
f 7942//3815 7039//3815 7943//3815
f 7039//3815 7038//3815 7943//3815
f 7943//3814 7038//3814 7929//3814
f 7038//3814 7037//3814 7929//3814
f 7929//3813 7037//3813 7930//3813
f 7037//3813 7036//3813 7930//3813
f 7930//3863 7036//3863 7944//3863
f 7036//3863 7035//3863 7944//3863
f 7944//3862 7035//3862 7945//3862
f 7035//3862 7034//3862 7945//3862
f 7945//3861 7034//3861 7946//3861
f 7034//3861 7033//3861 7946//3861
f 7946//3809 7033//3809 7947//3809
f 7033//3809 7032//3809 7947//3809
f 7947//3808 7032//3808 7948//3808
f 7032//3808 7031//3808 7948//3808
f 7948//3807 7031//3807 7949//3807
f 7031//3807 7030//3807 7949//3807
f 7949//3806 7030//3806 7920//3806
f 7030//3806 7029//3806 7920//3806
f 7920//3860 7029//3860 7921//3860
f 7029//3860 7028//3860 7921//3860
f 7921//3859 7028//3859 7922//3859
f 7028//3859 7027//3859 7922//3859
f 7922//3858 7027//3858 7923//3858
f 7027//3858 7026//3858 7923//3858
f 7923//3802 7026//3802 7931//3802
f 7026//3802 7025//3802 7931//3802
f 7931//3801 7025//3801 7932//3801
f 7025//3801 7024//3801 7932//3801
f 7932//3800 7024//3800 7933//3800
f 7024//3800 7023//3800 7933//3800
f 7840//3899 7239//3899 7841//3899
f 7239//3899 7238//3899 7841//3899
f 7841//3798 7238//3798 7842//3798
f 7238//3798 7237//3798 7842//3798
f 7842//3797 7237//3797 7870//3797
f 7237//3797 7236//3797 7870//3797
f 7870//3898 7236//3898 7871//3898
f 7236//3898 7235//3898 7871//3898
f 7871//3854 7235//3854 7872//3854
f 7235//3854 7234//3854 7872//3854
f 7872//3897 7234//3897 7888//3897
f 7234//3897 7233//3897 7888//3897
f 7888//3793 7233//3793 7889//3793
f 7233//3793 7232//3793 7889//3793
f 7889//3896 7232//3896 7890//3896
f 7232//3896 7231//3896 7890//3896
f 7890//3895 7231//3895 7891//3895
f 7231//3895 7230//3895 7891//3895
f 7891//3894 7230//3894 7895//3894
f 7230//3894 7229//3894 7895//3894
f 7895//3893 7229//3893 7896//3893
f 7229//3893 7228//3893 7896//3893
f 7896//3892 7228//3892 7892//3892
f 7228//3892 7227//3892 7892//3892
f 7892//3891 7227//3891 7893//3891
f 7227//3891 7226//3891 7893//3891
f 7893//3786 7226//3786 7894//3786
f 7226//3786 7225//3786 7894//3786
f 7894//3890 7225//3890 7883//3890
f 7225//3890 7224//3890 7883//3890
f 7883//3889 7224//3889 7884//3889
f 7224//3889 7223//3889 7884//3889
f 7884//3888 7223//3888 7885//3888
f 7223//3888 7222//3888 7885//3888
f 7885//3849 7222//3849 7886//3849
f 7222//3849 7221//3849 7886//3849
f 7886//3848 7221//3848 7887//3848
f 7221//3848 7220//3848 7887//3848
f 7887//3887 7220//3887 7874//3887
f 7220//3887 7219//3887 7874//3887
f 7874//3886 7219//3886 7876//3886
f 7219//3886 7218//3886 7876//3886
f 7876//3885 7218//3885 7877//3885
f 7218//3885 7217//3885 7877//3885
f 7877//3777 7217//3777 7878//3777
f 7217//3777 7216//3777 7878//3777
f 7878//3884 7216//3884 7879//3884
f 7216//3884 7215//3884 7879//3884
f 7879//3883 7215//3883 7880//3883
f 7215//3883 7214//3883 7880//3883
f 7880//3882 7214//3882 7881//3882
f 7214//3882 7213//3882 7881//3882
f 7881//3881 7213//3881 7882//3881
f 7213//3881 7212//3881 7882//3881
f 7882//3840 7212//3840 7843//3840
f 7212//3840 7211//3840 7843//3840
f 7843//3880 7211//3880 7844//3880
f 7211//3880 7210//3880 7844//3880
f 7844//3838 7210//3838 7846//3838
f 7210//3838 7209//3838 7846//3838
f 7846//3879 7209//3879 7847//3879
f 7209//3879 7208//3879 7847//3879
f 7847//3836 7208//3836 7848//3836
f 7208//3836 7207//3836 7848//3836
f 7848//3878 7207//3878 7849//3878
f 7207//3878 7206//3878 7849//3878
f 7849//3766 7206//3766 7850//3766
f 7206//3766 7205//3766 7850//3766
f 7850//3877 7205//3877 7803//3877
f 7205//3877 7204//3877 7803//3877
f 7803//3876 7204//3876 7804//3876
f 7204//3876 7203//3876 7804//3876
f 7804//3763 7203//3763 7813//3763
f 7203//3763 7202//3763 7813//3763
f 7813//3832 7202//3832 7814//3832
f 7202//3832 7201//3832 7814//3832
f 7814//3761 7201//3761 7815//3761
f 7201//3761 7200//3761 7815//3761
f 7815//3831 7200//3831 7811//3831
f 7200//3831 7199//3831 7811//3831
f 7811//3875 7199//3875 7812//3875
f 7199//3875 7198//3875 7812//3875
f 7812//3874 7198//3874 7826//3874
f 7198//3874 7197//3874 7826//3874
f 7826//3873 7197//3873 7827//3873
f 7197//3873 7196//3873 7827//3873
f 7827//3872 7196//3872 7828//3872
f 7196//3872 7195//3872 7828//3872
f 7828//3826 7195//3826 7829//3826
f 7195//3826 7194//3826 7829//3826
f 7829//3871 7194//3871 7830//3871
f 7194//3871 7193//3871 7830//3871
f 7830//3870 7193//3870 7831//3870
f 7193//3870 7192//3870 7831//3870
f 7831//3869 7192//3869 7832//3869
f 7192//3869 7191//3869 7832//3869
f 7832//3868 7191//3868 7833//3868
f 7191//3868 7190//3868 7833//3868
f 7833//3750 7190//3750 7834//3750
f 7190//3750 7189//3750 7834//3750
f 7834//3867 7189//3867 7835//3867
f 7189//3867 7188//3867 7835//3867
f 7835//3866 7188//3866 7851//3866
f 7188//3866 7187//3866 7851//3866
f 7851//3865 7187//3865 7852//3865
f 7187//3865 7186//3865 7852//3865
f 7852//3818 7186//3818 7853//3818
f 7186//3818 7185//3818 7853//3818
f 7853//3864 7185//3864 7854//3864
f 7185//3864 7256//3864 7854//3864
f 7854//3911 7256//3911 7855//3911
f 7256//3911 7255//3911 7855//3911
f 7855//3910 7255//3910 7857//3910
f 7255//3910 7254//3910 7857//3910
f 7857//3909 7254//3909 7858//3909
f 7254//3909 7253//3909 7858//3909
f 7858//3813 7253//3813 7859//3813
f 7253//3813 7252//3813 7859//3813
f 7859//3908 7252//3908 7860//3908
f 7252//3908 7251//3908 7860//3908
f 7860//3907 7251//3907 7861//3907
f 7251//3907 7250//3907 7861//3907
f 7861//3906 7250//3906 7836//3906
f 7250//3906 7249//3906 7836//3906
f 7836//3905 7249//3905 7837//3905
f 7249//3905 7248//3905 7837//3905
f 7837//3904 7248//3904 7862//3904
f 7248//3904 7247//3904 7862//3904
f 7862//3903 7247//3903 7863//3903
f 7247//3903 7246//3903 7863//3903
f 7863//3902 7246//3902 7865//3902
f 7246//3902 7245//3902 7865//3902
f 7865//3901 7245//3901 7866//3901
f 7245//3901 7244//3901 7866//3901
f 7866//3859 7244//3859 7867//3859
f 7244//3859 7243//3859 7867//3859
f 7867//3900 7243//3900 7868//3900
f 7243//3900 7242//3900 7868//3900
f 7868//3802 7242//3802 7869//3802
f 7242//3802 7241//3802 7869//3802
f 7869//3801 7241//3801 7839//3801
f 7241//3801 7240//3801 7839//3801
f 7839//3800 7240//3800 7840//3800
f 7240//3800 7239//3800 7840//3800
f 7730//3899 7455//3899 7752//3899
f 7455//3899 7454//3899 7752//3899
f 7752//3798 7454//3798 7753//3798
f 7454//3798 7453//3798 7753//3798
f 7753//3937 7453//3937 7754//3937
f 7453//3937 7452//3937 7754//3937
f 7754//3936 7452//3936 7721//3936
f 7452//3936 7451//3936 7721//3936
f 7721//3795 7451//3795 7722//3795
f 7451//3795 7450//3795 7722//3795
f 7722//3935 7450//3935 7723//3935
f 7450//3935 7449//3935 7723//3935
f 7723//3793 7449//3793 7724//3793
f 7449//3793 7448//3793 7724//3793
f 7724//3792 7448//3792 7731//3792
f 7448//3792 7447//3792 7731//3792
f 7731//3934 7447//3934 7732//3934
f 7447//3934 7446//3934 7732//3934
f 7732//3894 7446//3894 7733//3894
f 7446//3894 7445//3894 7733//3894
f 7733//3933 7445//3933 7734//3933
f 7445//3933 7444//3933 7734//3933
f 7734//3932 7444//3932 7755//3932
f 7444//3932 7443//3932 7755//3932
f 7755//3891 7443//3891 7756//3891
f 7443//3891 7442//3891 7756//3891
f 7756//3786 7442//3786 7757//3786
f 7442//3786 7441//3786 7757//3786
f 7757//3890 7441//3890 7761//3890
f 7441//3890 7440//3890 7761//3890
f 7761//3889 7440//3889 7762//3889
f 7440//3889 7439//3889 7762//3889
f 7762//3888 7439//3888 7763//3888
f 7439//3888 7438//3888 7763//3888
f 7763//3782 7438//3782 7771//3782
f 7438//3782 7437//3782 7771//3782
f 7771//3781 7437//3781 7772//3781
f 7437//3781 7436//3781 7772//3781
f 7772//3887 7436//3887 7766//3887
f 7436//3887 7435//3887 7766//3887
f 7766//3931 7435//3931 7765//3931
f 7435//3931 7434//3931 7765//3931
f 7765//3930 7434//3930 7764//3930
f 7434//3930 7433//3930 7764//3930
f 7764//3777 7433//3777 7767//3777
f 7433//3777 7432//3777 7767//3777
f 7767//3929 7432//3929 7768//3929
f 7432//3929 7431//3929 7768//3929
f 7768//3928 7431//3928 7735//3928
f 7431//3928 7430//3928 7735//3928
f 7735//3927 7430//3927 7736//3927
f 7430//3927 7429//3927 7736//3927
f 7736//3926 7429//3926 7737//3926
f 7429//3926 7428//3926 7737//3926
f 7737//3925 7428//3925 7738//3925
f 7428//3925 7427//3925 7738//3925
f 7738//3771 7427//3771 7739//3771
f 7427//3771 7426//3771 7739//3771
f 7739//3770 7426//3770 7740//3770
f 7426//3770 7425//3770 7740//3770
f 7740//3924 7425//3924 7741//3924
f 7425//3924 7424//3924 7741//3924
f 7741//3768 7424//3768 7742//3768
f 7424//3768 7423//3768 7742//3768
f 7742//3923 7423//3923 7748//3923
f 7423//3923 7422//3923 7748//3923
f 7748//3922 7422//3922 7747//3922
f 7422//3922 7421//3922 7747//3922
f 7747//3765 7421//3765 7745//3765
f 7421//3765 7420//3765 7745//3765
f 7745//3876 7420//3876 7743//3876
f 7420//3876 7419//3876 7743//3876
f 7743//3763 7419//3763 7775//3763
f 7419//3763 7418//3763 7775//3763
f 7775//3762 7418//3762 7776//3762
f 7418//3762 7417//3762 7776//3762
f 7776//3761 7417//3761 7778//3761
f 7417//3761 7416//3761 7778//3761
f 7778//3921 7416//3921 7779//3921
f 7416//3921 7415//3921 7779//3921
f 7779//3759 7415//3759 7792//3759
f 7415//3759 7414//3759 7792//3759
f 7792//3920 7414//3920 7793//3920
f 7414//3920 7413//3920 7793//3920
f 7793//3919 7413//3919 7794//3919
f 7413//3919 7412//3919 7794//3919
f 7794//3918 7412//3918 7781//3918
f 7412//3918 7411//3918 7781//3918
f 7781//3755 7411//3755 7782//3755
f 7411//3755 7410//3755 7782//3755
f 7782//3917 7410//3917 7783//3917
f 7410//3917 7409//3917 7783//3917
f 7783//3916 7409//3916 7784//3916
f 7409//3916 7408//3916 7784//3916
f 7784//3915 7408//3915 7786//3915
f 7408//3915 7407//3915 7786//3915
f 7786//3914 7407//3914 7787//3914
f 7407//3914 7406//3914 7787//3914
f 7787//3750 7406//3750 7795//3750
f 7406//3750 7405//3750 7795//3750
f 7795//3913 7405//3913 7796//3913
f 7405//3913 7404//3913 7796//3913
f 7796//3912 7404//3912 7797//3912
f 7404//3912 7403//3912 7797//3912
f 7797//3865 7403//3865 7798//3865
f 7403//3865 7402//3865 7798//3865
f 7798//3746 7402//3746 7799//3746
f 7402//3746 7401//3746 7799//3746
f 7799//3817 7401//3817 7800//3817
f 7401//3817 7472//3817 7800//3817
f 7800//3911 7472//3911 7801//3911
f 7472//3911 7471//3911 7801//3911
f 7801//3910 7471//3910 7802//3910
f 7471//3910 7470//3910 7802//3910
f 7802//3909 7470//3909 7788//3909
f 7470//3909 7469//3909 7788//3909
f 7788//3813 7469//3813 7789//3813
f 7469//3813 7468//3813 7789//3813
f 7789//3908 7468//3908 7791//3908
f 7468//3908 7467//3908 7791//3908
f 7791//3942 7467//3942 7769//3942
f 7467//3942 7466//3942 7769//3942
f 7769//3941 7466//3941 7770//3941
f 7466//3941 7465//3941 7770//3941
f 7770//3905 7465//3905 7773//3905
f 7465//3905 7464//3905 7773//3905
f 7773//3808 7464//3808 7774//3808
f 7464//3808 7463//3808 7774//3808
f 7774//3940 7463//3940 7758//3940
f 7463//3940 7462//3940 7758//3940
f 7758//3902 7462//3902 7759//3902
f 7462//3902 7461//3902 7759//3902
f 7759//3939 7461//3939 7760//3939
f 7461//3939 7460//3939 7760//3939
f 7760//3804 7460//3804 7751//3804
f 7460//3804 7459//3804 7751//3804
f 7751//3938 7459//3938 7749//3938
f 7459//3938 7458//3938 7749//3938
f 7749//3802 7458//3802 7728//3802
f 7458//3802 7457//3802 7728//3802
f 7728//3801 7457//3801 7729//3801
f 7457//3801 7456//3801 7729//3801
f 7729//3800 7456//3800 7730//3800
f 7456//3800 7455//3800 7730//3800
f 8062//3799 6807//3799 8087//3799
f 6807//3799 6806//3799 8087//3799
f 8087//3798 6806//3798 8088//3798
f 6806//3798 6805//3798 8088//3798
f 8088//3797 6805//3797 8089//3797
f 6805//3797 6804//3797 8089//3797
f 8089//3796 6804//3796 8030//3796
f 6804//3796 6803//3796 8030//3796
f 8030//3795 6803//3795 8031//3795
f 6803//3795 6802//3795 8031//3795
f 8031//3794 6802//3794 8073//3794
f 6802//3794 6801//3794 8073//3794
f 8073//3793 6801//3793 8074//3793
f 6801//3793 6800//3793 8074//3793
f 8074//3792 6800//3792 8075//3792
f 6800//3792 6799//3792 8075//3792
f 8075//3791 6799//3791 8076//3791
f 6799//3791 6798//3791 8076//3791
f 8076//3790 6798//3790 8077//3790
f 6798//3790 6797//3790 8077//3790
f 8077//3789 6797//3789 8078//3789
f 6797//3789 6796//3789 8078//3789
f 8078//3788 6796//3788 8067//3788
f 6796//3788 6795//3788 8067//3788
f 8067//3787 6795//3787 8068//3787
f 6795//3787 6794//3787 8068//3787
f 8068//3786 6794//3786 8069//3786
f 6794//3786 6793//3786 8069//3786
f 8069//3785 6793//3785 8032//3785
f 6793//3785 6792//3785 8032//3785
f 8032//3784 6792//3784 8033//3784
f 6792//3784 6791//3784 8033//3784
f 8033//3783 6791//3783 8044//3783
f 6791//3783 6790//3783 8044//3783
f 8044//3782 6790//3782 8045//3782
f 6790//3782 6789//3782 8045//3782
f 8045//3781 6789//3781 8029//3781
f 6789//3781 6788//3781 8029//3781
f 8029//3780 6788//3780 8028//3780
f 6788//3780 6787//3780 8028//3780
f 8028//3779 6787//3779 7993//3779
f 6787//3779 6786//3779 7993//3779
f 7993//3778 6786//3778 7994//3778
f 6786//3778 6785//3778 7994//3778
f 7994//3777 6785//3777 8046//3777
f 6785//3777 6784//3777 8046//3777
f 8046//3776 6784//3776 8047//3776
f 6784//3776 6783//3776 8047//3776
f 8047//3775 6783//3775 8048//3775
f 6783//3775 6782//3775 8048//3775
f 8048//3774 6782//3774 8034//3774
f 6782//3774 6781//3774 8034//3774
f 8034//3773 6781//3773 8035//3773
f 6781//3773 6780//3773 8035//3773
f 8035//3772 6780//3772 8037//3772
f 6780//3772 6779//3772 8037//3772
f 8037//3771 6779//3771 8038//3771
f 6779//3771 6778//3771 8038//3771
f 8038//3770 6778//3770 8040//3770
f 6778//3770 6777//3770 8040//3770
f 8040//3769 6777//3769 8041//3769
f 6777//3769 6776//3769 8041//3769
f 8041//3768 6776//3768 8049//3768
f 6776//3768 6775//3768 8049//3768
f 8049//3767 6775//3767 8050//3767
f 6775//3767 6774//3767 8050//3767
f 8050//3766 6774//3766 8051//3766
f 6774//3766 6773//3766 8051//3766
f 8051//3765 6773//3765 8009//3765
f 6773//3765 6772//3765 8009//3765
f 8009//3764 6772//3764 8010//3764
f 6772//3764 6771//3764 8010//3764
f 8010//3763 6771//3763 8011//3763
f 6771//3763 6770//3763 8011//3763
f 8011//3762 6770//3762 8026//3762
f 6770//3762 6769//3762 8026//3762
f 8026//3761 6769//3761 8027//3761
f 6769//3761 6768//3761 8027//3761
f 8027//3760 6768//3760 7989//3760
f 6768//3760 6767//3760 7989//3760
f 7989//3759 6767//3759 7990//3759
f 6767//3759 6766//3759 7990//3759
f 7990//3758 6766//3758 8052//3758
f 6766//3758 6765//3758 8052//3758
f 8052//3757 6765//3757 8053//3757
f 6765//3757 6764//3757 8053//3757
f 8053//3756 6764//3756 8054//3756
f 6764//3756 6763//3756 8054//3756
f 8054//3755 6763//3755 8042//3755
f 6763//3755 6762//3755 8042//3755
f 8042//3754 6762//3754 8043//3754
f 6762//3754 6761//3754 8043//3754
f 8043//3753 6761//3753 8055//3753
f 6761//3753 6760//3753 8055//3753
f 8055//3752 6760//3752 8056//3752
f 6760//3752 6759//3752 8056//3752
f 8056//3751 6759//3751 8057//3751
f 6759//3751 6758//3751 8057//3751
f 8057//3750 6758//3750 8079//3750
f 6758//3750 6757//3750 8079//3750
f 8079//3749 6757//3749 8080//3749
f 6757//3749 6756//3749 8080//3749
f 8080//3748 6756//3748 8084//3748
f 6756//3748 6755//3748 8084//3748
f 8084//3747 6755//3747 8085//3747
f 6755//3747 6754//3747 8085//3747
f 8085//3746 6754//3746 8086//3746
f 6754//3746 6753//3746 8086//3746
f 8086//3817 6753//3817 8090//3817
f 6753//3817 6824//3817 8090//3817
f 8090//3816 6824//3816 8091//3816
f 6824//3816 6823//3816 8091//3816
f 8091//3815 6823//3815 8092//3815
f 6823//3815 6822//3815 8092//3815
f 8092//3814 6822//3814 8063//3814
f 6822//3814 6821//3814 8063//3814
f 8063//3813 6821//3813 8064//3813
f 6821//3813 6820//3813 8064//3813
f 8064//3812 6820//3812 8065//3812
f 6820//3812 6819//3812 8065//3812
f 8065//3811 6819//3811 8066//3811
f 6819//3811 6818//3811 8066//3811
f 8066//3810 6818//3810 8081//3810
f 6818//3810 6817//3810 8081//3810
f 8081//3809 6817//3809 8082//3809
f 6817//3809 6816//3809 8082//3809
f 8082//3808 6816//3808 8083//3808
f 6816//3808 6815//3808 8083//3808
f 8083//3807 6815//3807 8058//3807
f 6815//3807 6814//3807 8058//3807
f 8058//3806 6814//3806 8059//3806
f 6814//3806 6813//3806 8059//3806
f 8059//3805 6813//3805 8060//3805
f 6813//3805 6812//3805 8060//3805
f 8060//3804 6812//3804 8070//3804
f 6812//3804 6811//3804 8070//3804
f 8070//3803 6811//3803 8071//3803
f 6811//3803 6810//3803 8071//3803
f 8071//3802 6810//3802 8072//3802
f 6810//3802 6809//3802 8072//3802
f 8072//3801 6809//3801 8061//3801
f 6809//3801 6808//3801 8061//3801
f 8061//3800 6808//3800 8062//3800
f 6808//3800 6807//3800 8062//3800
f 7657//2399 7904//2399 6571//2399
f 7904//2399 6603//2399 6571//2399
f 7904//2400 7656//2400 6603//2400
f 7656//2400 6602//2400 6603//2400
f 7905//2408 6592//2408 7653//2408
f 6592//2408 6591//2408 7653//2408
f 7720//2407 6593//2407 7905//2407
f 6593//2407 6592//2407 7905//2407
f 7686//2403 6598//2403 7725//2403
f 6598//2403 6597//2403 7725//2403
f 7725//2404 6597//2404 7649//2404
f 6597//2404 6596//2404 7649//2404
f 7672//2402 7807//2402 6600//2402
f 7807//2402 6599//2402 6600//2402
f 7807//2401 7873//2401 6599//2401
f 7873//2401 6601//2401 6599//2401
f 7750//2405 7652//2405 6594//2405
f 7652//2405 6595//2405 6594//2405
f 7687//2406 7750//2406 6586//2406
f 7750//2406 6594//2406 6586//2406
f 7701//46 6572//46 8024//46
f 6572//46 6606//46 8024//46
f 8024//45 6606//45 7702//45
f 6606//45 6590//45 7702//45
f 7995//2397 7705//2397 6607//2397
f 7705//2397 6587//2397 6607//2397
f 7706//2398 7995//2398 6608//2398
f 7995//2398 6607//2398 6608//2398
f 7671//48 6557//48 7808//48
f 6557//48 6605//48 7808//48
f 7808//47 6605//47 7805//47
f 6605//47 6604//47 7805//47
# Vertices: 8308, normals: 3946, texture coordinates: 0, faces: 18192

