# File generated by ImageToStl.com - Free Image and 3D model conversion tools

o obj1
v -0.01828557 0.01053209 0
v -0.01814715 0.0106383 0
v -0.01821789 0.01058642 0.00803157
v -0.018 0.01073205 0
v -0.01807466 0.01068674 0.00809457
v -0.01814715 0.0106383 0.00806405
v -0.01784524 0.01081262 0
v -0.01792371 0.01077391 0.00814999
v -0.018 0.01073205 0.0081233
v -0.01768404 0.01087939 0
v -0.01776576 0.0108476 0.00819733
v -0.01784524 0.01081262 0.0081748
v -0.01751764 0.01093185 0
v -0.01760141 0.01090744 0.00823611
v -0.01768404 0.01087939 0.0082179
v -0.0173473 0.01096962 0
v -0.01743296 0.01095257 0.00826557
v -0.01751764 0.01093185 0.00825203
v -0.01717431 0.01099239 0
v -0.0172613 0.01098286 0.00828543
v -0.0173473 0.01096962 0.00827674
v -0.017 0.011 0
v -0.01708724 0.0109981 0.00829545
v -0.01717431 0.01099239 0.0082917
v -0.01682569 0.01099239 0
v -0.01691254 0.01099809 0.00829545
v -0.017 0.011 0.00829671
v -0.0166527 0.01096962 0
v -0.01673889 0.01098288 0.00828545
v -0.01682569 0.01099239 0.0082917
v -0.01648236 0.01093185 0
v -0.01656723 0.01095262 0.0082656
v -0.0166527 0.01096962 0.00827674
v -0.01631596 0.01087939 0
v -0.01639812 0.01090729 0.00823602
v -0.01648236 0.01093185 0.00825203
v -0.01615476 0.01081262 0
v -0.01623434 0.01084764 0.00819736
v -0.01631596 0.01087939 0.0082179
v -0.016 0.01073205 0
v -0.01607638 0.01077396 0.00815002
v -0.01615476 0.01081262 0.0081748
v -0.01585285 0.0106383 0
v -0.01592519 0.01068665 0.00809451
v -0.016 0.01073205 0.0081233
v -0.01506815 0.00848236 0
v -0.01503038 0.0086527 0.00696862
v -0.01503038 0.0086527 0
v -0.01500761 0.00882569 0.00705265
v -0.01500761 0.00882569 0
v -0.015 0.009 0.00713943
v -0.015 0.009 0
v -0.01500761 0.00917431 0.00722834
v -0.01500761 0.00917431 0
v -0.01503038 0.0093473 0.00731871
v -0.01503038 0.0093473 0
v -0.01506815 0.00951764 0.00740982
v -0.01506815 0.00951764 0
v -0.01512061 0.00968404 0.00750088
v -0.01512061 0.00968404 0
v -0.01518738 0.00984524 0.00759106
v -0.01518738 0.00984524 0
v -0.01526795 0.01 0.00767949
v -0.01526795 0.01 0
v -0.0153617 0.01014715 0.00776529
v -0.0153617 0.01014715 0
v -0.01546791 0.01028557 0.00784754
v -0.01546791 0.01028557 0
v -0.01558579 0.01041421 0.00792534
v -0.01558579 0.01041421 0
v -0.01571443 0.01053209 0.00799779
v -0.01571443 0.01053209 0
v -0.01578209 0.01058641 0.00803156
v -0.01585285 0.0106383 0.00806405
v -0.01512061 0.00831596 0.00681086
v -0.01507652 0.00845208 0.00687371
v -0.01506815 0.00848236 0.00688786
v -0.01512061 0.00831596 0
v -0.01518738 0.00815476 0
v -0.01518738 0.00815476 0.00673802
v -0.01526795 0.008 0
v -0.01526795 0.008 0.0066697
v -0.0153617 0.00785285 0
v -0.0153617 0.00785285 0.00660618
v -0.01546791 0.00771442 0
v -0.01546791 0.00771442 0.00654769
v -0.01558579 0.00758579 0
v -0.01558579 0.00758579 0.00649444
v -0.01552519 0.0076491 0.00652052
v -0.01571443 0.00746791 0
v -0.01585285 0.0073617 0
v -0.01585285 0.0073617 0.00640416
v -0.01578236 0.00741338 0.0064247
v -0.01571443 0.00746791 0.00644656
v -0.01564883 0.00752544 0.00646981
v -0.016 0.00726795 0
v -0.01615476 0.00718738 0
v -0.01615476 0.00718738 0.00633609
v -0.01607653 0.00722597 0.00635099
v -0.016 0.00726795 0.00636732
v -0.01592514 0.00731338 0.0063851
v -0.01631596 0.00712061 0
v -0.01648236 0.00706815 0
v -0.01648236 0.00706815 0.00629061
v -0.01639845 0.00709261 0.00629987
v -0.01631596 0.00712061 0.00631052
v -0.01623465 0.00715223 0.00632259
v -0.0166527 0.00703038 0
v -0.01682569 0.00700761 0
v -0.01682569 0.00700761 0.00626785
v -0.01673915 0.00701708 0.0062714
v -0.0166527 0.00703038 0.00627639
v -0.01656682 0.00704747 0.00628281
v -0.01717431 0.00700761 0
v -0.01708711 0.0070019 0.00626572
v -0.017 0.007 0
v -0.017 0.007 0.00626501
v -0.0169128 0.0070019 0.00626572
v -0.0173473 0.00703038 0
v -0.01726097 0.0070171 0.0062714
v -0.01717431 0.00700761 0.00626785
v -0.01751764 0.00706815 0
v -0.01743313 0.00704746 0.00628281
v -0.0173473 0.00703038 0.00627639
v -0.01768404 0.00712061 0
v -0.0176015 0.00709259 0.00629986
v -0.01751764 0.00706815 0.00629061
v -0.01784524 0.00718738 0
v -0.0177653 0.00715221 0.00632258
v -0.01768404 0.00712061 0.00631052
v -0.018 0.00726795 0
v -0.01792365 0.00722606 0.00635103
v -0.01784524 0.00718738 0.00633609
v -0.01814715 0.0073617 0
v -0.01807487 0.00731339 0.00638511
v -0.018 0.00726795 0.00636732
v -0.01828557 0.00746791 0
v -0.01821765 0.00741339 0.0064247
v -0.01814715 0.0073617 0.00640416
v -0.01841421 0.00758579 0
v -0.01835118 0.00752545 0.00646982
v -0.01828557 0.00746791 0.00644656
v -0.01887939 0.00831596 0
v -0.01881262 0.00815476 0.00673802
v -0.01881262 0.00815476 0
v -0.01873205 0.008 0.0066697
v -0.01873205 0.008 0
v -0.0186383 0.00785285 0.00660618
v -0.0186383 0.00785285 0
v -0.01853209 0.00771442 0.00654769
v -0.01853209 0.00771442 0
v -0.01847463 0.0076489 0.00652043
v -0.01841421 0.00758579 0.00649444
v -0.01893185 0.00848236 0.00688786
v -0.01892348 0.00845208 0.00687371
v -0.01887939 0.00831596 0.00681086
v -0.01828557 0.01053209 0.00799779
v -0.01841421 0.01041421 0.00792534
v -0.01841421 0.01041421 0
v -0.01853209 0.01028557 0.00784754
v -0.01853209 0.01028557 0
v -0.0186383 0.01014715 0.00776529
v -0.0186383 0.01014715 0
v -0.01873205 0.01 0.00767949
v -0.01873205 0.01 0
v -0.01881262 0.00984524 0.00759106
v -0.01881262 0.00984524 0
v -0.01887939 0.00968404 0.00750088
v -0.01887939 0.00968404 0
v -0.01893185 0.00951764 0.00740982
v -0.01893185 0.00951764 0
v -0.01896962 0.0093473 0.00731871
v -0.01896962 0.0093473 0
v -0.01899239 0.00917431 0.00722834
v -0.01899239 0.00917431 0
v -0.019 0.009 0.00713943
v -0.019 0.009 0
v -0.01899239 0.00882569 0.00705265
v -0.01899239 0.00882569 0
v -0.01896962 0.0086527 0.00696862
v -0.01896962 0.0086527 0
v -0.01893185 0.00848236 0
v -0.00628558 0.01053209 0
v -0.00614715 0.0106383 0
v -0.00621789 0.01058642 0.00803157
v -0.006 0.01073205 0
v -0.00607466 0.01068674 0.00809457
v -0.00614715 0.0106383 0.00806405
v -0.00584524 0.01081262 0
v -0.00592371 0.01077391 0.00814999
v -0.006 0.01073205 0.0081233
v -0.00568404 0.01087939 0
v -0.00576576 0.0108476 0.00819733
v -0.00584524 0.01081262 0.0081748
v -0.00551764 0.01093185 0
v -0.00560141 0.01090744 0.00823611
v -0.00568404 0.01087939 0.0082179
v -0.0053473 0.01096962 0
v -0.00543296 0.01095257 0.00826557
v -0.00551764 0.01093185 0.00825203
v -0.00517431 0.01099239 0
v -0.0052613 0.01098286 0.00828543
v -0.0053473 0.01096962 0.00827674
v -0.005 0.011 0
v -0.00508724 0.0109981 0.00829545
v -0.00517431 0.01099239 0.0082917
v -0.00482569 0.01099239 0
v -0.00491254 0.01099809 0.00829545
v -0.005 0.011 0.00829671
v -0.0046527 0.01096962 0
v -0.00473889 0.01098288 0.00828545
v -0.00482569 0.01099239 0.0082917
v -0.00448236 0.01093185 0
v -0.00456723 0.01095262 0.0082656
v -0.0046527 0.01096962 0.00827674
v -0.00431596 0.01087939 0
v -0.00439812 0.01090729 0.00823602
v -0.00448236 0.01093185 0.00825203
v -0.00415476 0.01081262 0
v -0.00423434 0.01084764 0.00819736
v -0.00431596 0.01087939 0.0082179
v -0.004 0.01073205 0
v -0.00407638 0.01077396 0.00815002
v -0.00415476 0.01081262 0.0081748
v -0.00385285 0.0106383 0
v -0.00392519 0.01068665 0.00809451
v -0.004 0.01073205 0.0081233
v -0.00306815 0.00848236 0
v -0.00303038 0.0086527 0.00696862
v -0.00303038 0.0086527 0
v -0.00300761 0.00882569 0.00705265
v -0.00300761 0.00882569 0
v -0.003 0.009 0.00713943
v -0.003 0.009 0
v -0.00300761 0.00917431 0.00722834
v -0.00300761 0.00917431 0
v -0.00303038 0.0093473 0.00731871
v -0.00303038 0.0093473 0
v -0.00306815 0.00951764 0.00740982
v -0.00306815 0.00951764 0
v -0.00312061 0.00968404 0.00750088
v -0.00312061 0.00968404 0
v -0.00318738 0.00984524 0.00759106
v -0.00318738 0.00984524 0
v -0.00326795 0.01 0.00767949
v -0.00326795 0.01 0
v -0.0033617 0.01014715 0.00776529
v -0.0033617 0.01014715 0
v -0.00346791 0.01028557 0.00784754
v -0.00346791 0.01028557 0
v -0.00358579 0.01041421 0.00792534
v -0.00358579 0.01041421 0
v -0.00371442 0.01053209 0.00799779
v -0.00371442 0.01053209 0
v -0.00378209 0.01058641 0.00803156
v -0.00385285 0.0106383 0.00806405
v -0.00312061 0.00831596 0.00681086
v -0.00307652 0.00845208 0.00687371
v -0.00306815 0.00848236 0.00688786
v -0.00312061 0.00831596 0
v -0.00318738 0.00815476 0
v -0.00318738 0.00815476 0.00673802
v -0.00326795 0.008 0
v -0.00326795 0.008 0.0066697
v -0.0033617 0.00785285 0
v -0.0033617 0.00785285 0.00660618
v -0.00346791 0.00771442 0
v -0.00346791 0.00771442 0.00654769
v -0.00358579 0.00758579 0
v -0.00358579 0.00758579 0.00649444
v -0.00352519 0.0076491 0.00652052
v -0.00371442 0.00746791 0
v -0.00385285 0.0073617 0
v -0.00385285 0.0073617 0.00640416
v -0.00378236 0.00741338 0.0064247
v -0.00371442 0.00746791 0.00644656
v -0.00364883 0.00752544 0.00646981
v -0.004 0.00726795 0
v -0.00415476 0.00718738 0
v -0.00415476 0.00718738 0.00633609
v -0.00407653 0.00722597 0.00635099
v -0.004 0.00726795 0.00636732
v -0.00392514 0.00731338 0.0063851
v -0.00431596 0.00712061 0
v -0.00448236 0.00706815 0
v -0.00448236 0.00706815 0.00629061
v -0.00439845 0.00709261 0.00629987
v -0.00431596 0.00712061 0.00631052
v -0.00423465 0.00715223 0.00632259
v -0.0046527 0.00703038 0
v -0.00482569 0.00700761 0
v -0.00482569 0.00700761 0.00626785
v -0.00473915 0.00701708 0.0062714
v -0.0046527 0.00703038 0.00627639
v -0.00456682 0.00704747 0.00628281
v -0.00517431 0.00700761 0
v -0.00508711 0.0070019 0.00626572
v -0.005 0.007 0
v -0.005 0.007 0.00626501
v -0.0049128 0.0070019 0.00626572
v -0.0053473 0.00703038 0
v -0.00526097 0.0070171 0.0062714
v -0.00517431 0.00700761 0.00626785
v -0.00551764 0.00706815 0
v -0.00543313 0.00704746 0.00628281
v -0.0053473 0.00703038 0.00627639
v -0.00568404 0.00712061 0
v -0.0056015 0.00709259 0.00629986
v -0.00551764 0.00706815 0.00629061
v -0.00584524 0.00718738 0
v -0.0057653 0.00715221 0.00632258
v -0.00568404 0.00712061 0.00631052
v -0.006 0.00726795 0
v -0.00592365 0.00722606 0.00635103
v -0.00584524 0.00718738 0.00633609
v -0.00614715 0.0073617 0
v -0.00607487 0.00731339 0.00638511
v -0.006 0.00726795 0.00636732
v -0.00628558 0.00746791 0
v -0.00621765 0.00741339 0.0064247
v -0.00614715 0.0073617 0.00640416
v -0.00641421 0.00758579 0
v -0.00635118 0.00752545 0.00646982
v -0.00628558 0.00746791 0.00644656
v -0.00687939 0.00831596 0
v -0.00681262 0.00815476 0.00673802
v -0.00681262 0.00815476 0
v -0.00673205 0.008 0.0066697
v -0.00673205 0.008 0
v -0.0066383 0.00785285 0.00660618
v -0.0066383 0.00785285 0
v -0.00653209 0.00771442 0.00654769
v -0.00653209 0.00771442 0
v -0.00647463 0.0076489 0.00652043
v -0.00641421 0.00758579 0.00649444
v -0.00693185 0.00848236 0.00688786
v -0.00692348 0.00845208 0.00687371
v -0.00687939 0.00831596 0.00681086
v -0.00628558 0.01053209 0.00799779
v -0.00641421 0.01041421 0.00792534
v -0.00641421 0.01041421 0
v -0.00653209 0.01028557 0.00784754
v -0.00653209 0.01028557 0
v -0.0066383 0.01014715 0.00776529
v -0.0066383 0.01014715 0
v -0.00673205 0.01 0.00767949
v -0.00673205 0.01 0
v -0.00681262 0.00984524 0.00759106
v -0.00681262 0.00984524 0
v -0.00687939 0.00968404 0.00750088
v -0.00687939 0.00968404 0
v -0.00693185 0.00951764 0.00740982
v -0.00693185 0.00951764 0
v -0.00696962 0.0093473 0.00731871
v -0.00696962 0.0093473 0
v -0.00699239 0.00917431 0.00722834
v -0.00699239 0.00917431 0
v -0.007 0.009 0.00713943
v -0.007 0.009 0
v -0.00699239 0.00882569 0.00705265
v -0.00699239 0.00882569 0
v -0.00696962 0.0086527 0.00696862
v -0.00696962 0.0086527 0
v -0.00693185 0.00848236 0
v -0.00687939 -0.00831596 0.00681086
v -0.00692348 -0.00845208 0.00687371
v -0.00693185 -0.00848236 0
v -0.00687939 -0.00831596 0
v -0.00681262 -0.00815476 0
v -0.00681262 -0.00815476 0.00673802
v -0.00673205 -0.008 0
v -0.00673205 -0.008 0.0066697
v -0.0066383 -0.00785285 0
v -0.0066383 -0.00785285 0.00660618
v -0.00653209 -0.00771442 0
v -0.00653209 -0.00771442 0.00654769
v -0.00641421 -0.00758579 0
v -0.00641421 -0.00758579 0.00649444
v -0.0064747 -0.00764897 0.00652047
v -0.00628558 -0.00746791 0
v -0.00614715 -0.0073617 0
v -0.00614715 -0.0073617 0.00640416
v -0.00621747 -0.00741325 0.00642465
v -0.00628558 -0.00746791 0.00644656
v -0.00635145 -0.0075257 0.00646992
v -0.006 -0.00726795 0
v -0.00584524 -0.00718738 0
v -0.00584524 -0.00718738 0.00633609
v -0.00592369 -0.00722608 0.00635104
v -0.006 -0.00726795 0.00636732
v -0.00607465 -0.00731325 0.00638505
v -0.00568404 -0.00712061 0
v -0.00551764 -0.00706815 0
v -0.00551764 -0.00706815 0.00629061
v -0.0056013 -0.00709253 0.00629984
v -0.00568404 -0.00712061 0.00631052
v -0.00576564 -0.00715235 0.00632264
v -0.0053473 -0.00703038 0
v -0.00517431 -0.00700761 0
v -0.00517431 -0.00700761 0.00626785
v -0.00526127 -0.00701714 0.00627142
v -0.0053473 -0.00703038 0.00627639
v -0.00543293 -0.00704742 0.00628279
v -0.00482569 -0.00700761 0
v -0.00491261 -0.00700191 0.00626572
v -0.005 -0.007 0
v -0.005 -0.007 0.00626501
v -0.0050871 -0.0070019 0.00626572
v -0.0046527 -0.00703038 0
v -0.00473896 -0.00701711 0.00627141
v -0.00482569 -0.00700761 0.00626785
v -0.00448236 -0.00706815 0
v -0.0045673 -0.00704737 0.00628277
v -0.0046527 -0.00703038 0.00627639
v -0.00431596 -0.00712061 0
v -0.00439824 -0.00709267 0.00629989
v -0.00448236 -0.00706815 0.00629061
v -0.00415476 -0.00718738 0
v -0.00423444 -0.00715232 0.00632263
v -0.00431596 -0.00712061 0.00631052
v -0.004 -0.00726795 0
v -0.00407647 -0.007226 0.00635101
v -0.00415476 -0.00718738 0.00633609
v -0.00385285 -0.0073617 0
v -0.0039255 -0.00731315 0.00638501
v -0.004 -0.00726795 0.00636732
v -0.00371442 -0.00746791 0
v -0.00378212 -0.00741357 0.00642477
v -0.00385285 -0.0073617 0.00640416
v -0.00358579 -0.00758579 0
v -0.00364861 -0.00752564 0.0064699
v -0.00371442 -0.00746791 0.00644656
v -0.00312061 -0.00831596 0
v -0.00318738 -0.00815476 0.00673802
v -0.00318738 -0.00815476 0
v -0.00326795 -0.008 0.0066697
v -0.00326795 -0.008 0
v -0.0033617 -0.00785285 0.00660618
v -0.0033617 -0.00785285 0
v -0.00346791 -0.00771442 0.00654769
v -0.00346791 -0.00771442 0
v -0.00352536 -0.00764891 0.00652044
v -0.00358579 -0.00758579 0.00649444
v -0.00306815 -0.00848236 0.00688786
v -0.00307652 -0.00845208 0.00687371
v -0.00312061 -0.00831596 0.00681086
v -0.00371442 -0.01053209 0
v -0.00358579 -0.01041421 0.00792534
v -0.00358579 -0.01041421 0
v -0.00346791 -0.01028557 0.00784754
v -0.00346791 -0.01028557 0
v -0.0033617 -0.01014715 0.00776529
v -0.0033617 -0.01014715 0
v -0.00326795 -0.01 0.00767949
v -0.00326795 -0.01 0
v -0.00318738 -0.00984524 0.00759106
v -0.00318738 -0.00984524 0
v -0.00312061 -0.00968404 0.00750088
v -0.00312061 -0.00968404 0
v -0.00306815 -0.00951764 0.00740982
v -0.00306815 -0.00951764 0
v -0.00303038 -0.0093473 0.00731871
v -0.00303038 -0.0093473 0
v -0.00300761 -0.00917431 0.00722834
v -0.00300761 -0.00917431 0
v -0.003 -0.009 0.00713943
v -0.003 -0.009 0
v -0.00300761 -0.00882569 0.00705265
v -0.00300761 -0.00882569 0
v -0.00303038 -0.0086527 0.00696862
v -0.00303038 -0.0086527 0
v -0.00306815 -0.00848236 0
v -0.00385285 -0.0106383 0
v -0.00378237 -0.01058662 0.00803169
v -0.00371442 -0.01053209 0.00799779
v -0.004 -0.01073205 0
v -0.00392513 -0.01068661 0.00809449
v -0.00385285 -0.0106383 0.00806405
v -0.00415476 -0.01081262 0
v -0.00407606 -0.01077379 0.00814991
v -0.004 -0.01073205 0.0081233
v -0.00431596 -0.01087939 0
v -0.00423459 -0.01084774 0.00819743
v -0.00415476 -0.01081262 0.0081748
v -0.00448236 -0.01093185 0
v -0.00439838 -0.01090737 0.00823607
v -0.00431596 -0.01087939 0.0082179
v -0.0046527 -0.01096962 0
v -0.00456674 -0.01095251 0.00826553
v -0.00448236 -0.01093185 0.00825203
v -0.00482569 -0.01099239 0
v -0.00473913 -0.01098291 0.00828547
v -0.0046527 -0.01096962 0.00827674
v -0.005 -0.011 0
v -0.00491279 -0.0109981 0.00829545
v -0.00482569 -0.01099239 0.0082917
v -0.00517431 -0.01099239 0
v -0.0050871 -0.0109981 0.00829546
v -0.005 -0.011 0.00829671
v -0.0053473 -0.01096962 0
v -0.00526118 -0.01098287 0.00828544
v -0.00517431 -0.01099239 0.0082917
v -0.00551764 -0.01093185 0
v -0.00543318 -0.01095252 0.00826554
v -0.0053473 -0.01096962 0.00827674
v -0.00568404 -0.01087939 0
v -0.00560154 -0.01090739 0.00823609
v -0.00551764 -0.01093185 0.00825203
v -0.00584524 -0.01081262 0
v -0.00576539 -0.01084775 0.00819743
v -0.00568404 -0.01087939 0.0082179
v -0.006 -0.01073205 0
v -0.005924 -0.01077376 0.00814989
v -0.00584524 -0.01081262 0.0081748
v -0.00614715 -0.0106383 0
v -0.00607492 -0.01068658 0.00809447
v -0.006 -0.01073205 0.0081233
v -0.00693185 -0.00848236 0.00688786
v -0.00696962 -0.0086527 0.00696862
v -0.00696962 -0.0086527 0
v -0.00699239 -0.00882569 0.00705265
v -0.00699239 -0.00882569 0
v -0.007 -0.009 0.00713943
v -0.007 -0.009 0
v -0.00699239 -0.00917431 0.00722834
v -0.00699239 -0.00917431 0
v -0.00696962 -0.0093473 0.00731871
v -0.00696962 -0.0093473 0
v -0.00693185 -0.00951764 0.00740982
v -0.00693185 -0.00951764 0
v -0.00687939 -0.00968404 0.00750088
v -0.00687939 -0.00968404 0
v -0.00681262 -0.00984524 0.00759106
v -0.00681262 -0.00984524 0
v -0.00673205 -0.01 0.00767949
v -0.00673205 -0.01 0
v -0.0066383 -0.01014715 0.00776529
v -0.0066383 -0.01014715 0
v -0.00653209 -0.01028557 0.00784754
v -0.00653209 -0.01028557 0
v -0.00641421 -0.01041421 0.00792534
v -0.00641421 -0.01041421 0
v -0.00628558 -0.01053209 0.00799779
v -0.00628558 -0.01053209 0
v -0.00621768 -0.01058659 0.00803167
v -0.00614715 -0.0106383 0.00806405
v -0.01887939 -0.00831596 0.00681086
v -0.01892348 -0.00845208 0.00687371
v -0.01893185 -0.00848236 0
v -0.01887939 -0.00831596 0
v -0.01881262 -0.00815476 0
v -0.01881262 -0.00815476 0.00673802
v -0.01873205 -0.008 0
v -0.01873205 -0.008 0.0066697
v -0.0186383 -0.00785285 0
v -0.0186383 -0.00785285 0.00660618
v -0.01853209 -0.00771442 0
v -0.01853209 -0.00771442 0.00654769
v -0.01841421 -0.00758579 0
v -0.01841421 -0.00758579 0.00649444
v -0.0184747 -0.00764897 0.00652047
v -0.01828557 -0.00746791 0
v -0.01814715 -0.0073617 0
v -0.01814715 -0.0073617 0.00640416
v -0.01821747 -0.00741325 0.00642465
v -0.01828557 -0.00746791 0.00644656
v -0.01835145 -0.0075257 0.00646992
v -0.018 -0.00726795 0
v -0.01784524 -0.00718738 0
v -0.01784524 -0.00718738 0.00633609
v -0.01792369 -0.00722608 0.00635104
v -0.018 -0.00726795 0.00636732
v -0.01807465 -0.00731325 0.00638505
v -0.01768404 -0.00712061 0
v -0.01751764 -0.00706815 0
v -0.01751764 -0.00706815 0.00629061
v -0.0176013 -0.00709253 0.00629984
v -0.01768404 -0.00712061 0.00631052
v -0.01776564 -0.00715235 0.00632264
v -0.0173473 -0.00703038 0
v -0.01717431 -0.00700761 0
v -0.01717431 -0.00700761 0.00626785
v -0.01726126 -0.00701714 0.00627142
v -0.0173473 -0.00703038 0.00627639
v -0.01743293 -0.00704742 0.00628279
v -0.01682569 -0.00700761 0
v -0.01691261 -0.00700191 0.00626572
v -0.017 -0.007 0
v -0.017 -0.007 0.00626501
v -0.0170871 -0.0070019 0.00626572
v -0.0166527 -0.00703038 0
v -0.01673896 -0.00701711 0.00627141
v -0.01682569 -0.00700761 0.00626785
v -0.01648236 -0.00706815 0
v -0.0165673 -0.00704737 0.00628277
v -0.0166527 -0.00703038 0.00627639
v -0.01631596 -0.00712061 0
v -0.01639825 -0.00709267 0.00629989
v -0.01648236 -0.00706815 0.00629061
v -0.01615476 -0.00718738 0
v -0.01623444 -0.00715232 0.00632263
v -0.01631596 -0.00712061 0.00631052
v -0.016 -0.00726795 0
v -0.01607646 -0.007226 0.00635101
v -0.01615476 -0.00718738 0.00633609
v -0.01585285 -0.0073617 0
v -0.0159255 -0.00731315 0.00638501
v -0.016 -0.00726795 0.00636732
v -0.01571443 -0.00746791 0
v -0.01578212 -0.00741357 0.00642477
v -0.01585285 -0.0073617 0.00640416
v -0.01558579 -0.00758579 0
v -0.01564861 -0.00752564 0.0064699
v -0.01571443 -0.00746791 0.00644656
v -0.01512061 -0.00831596 0
v -0.01518738 -0.00815476 0.00673802
v -0.01518738 -0.00815476 0
v -0.01526795 -0.008 0.0066697
v -0.01526795 -0.008 0
v -0.0153617 -0.00785285 0.00660618
v -0.0153617 -0.00785285 0
v -0.01546791 -0.00771442 0.00654769
v -0.01546791 -0.00771442 0
v -0.01552536 -0.00764891 0.00652044
v -0.01558579 -0.00758579 0.00649444
v -0.01506815 -0.00848236 0.00688786
v -0.01507652 -0.00845208 0.00687371
v -0.01512061 -0.00831596 0.00681086
v -0.01571443 -0.01053209 0
v -0.01558579 -0.01041421 0.00792534
v -0.01558579 -0.01041421 0
v -0.01546791 -0.01028557 0.00784754
v -0.01546791 -0.01028557 0
v -0.0153617 -0.01014715 0.00776529
v -0.0153617 -0.01014715 0
v -0.01526795 -0.01 0.00767949
v -0.01526795 -0.01 0
v -0.01518738 -0.00984524 0.00759106
v -0.01518738 -0.00984524 0
v -0.01512061 -0.00968404 0.00750088
v -0.01512061 -0.00968404 0
v -0.01506815 -0.00951764 0.00740982
v -0.01506815 -0.00951764 0
v -0.01503038 -0.0093473 0.00731871
v -0.01503038 -0.0093473 0
v -0.01500761 -0.00917431 0.00722834
v -0.01500761 -0.00917431 0
v -0.015 -0.009 0.00713943
v -0.015 -0.009 0
v -0.01500761 -0.00882569 0.00705265
v -0.01500761 -0.00882569 0
v -0.01503038 -0.0086527 0.00696862
v -0.01503038 -0.0086527 0
v -0.01506815 -0.00848236 0
v -0.01585285 -0.0106383 0
v -0.01578237 -0.01058662 0.00803169
v -0.01571443 -0.01053209 0.00799779
v -0.016 -0.01073205 0
v -0.01592513 -0.01068661 0.00809449
v -0.01585285 -0.0106383 0.00806405
v -0.01615476 -0.01081262 0
v -0.01607606 -0.01077379 0.00814991
v -0.016 -0.01073205 0.0081233
v -0.01631596 -0.01087939 0
v -0.01623459 -0.01084774 0.00819743
v -0.01615476 -0.01081262 0.0081748
v -0.01648236 -0.01093185 0
v -0.01639838 -0.01090737 0.00823607
v -0.01631596 -0.01087939 0.0082179
v -0.0166527 -0.01096962 0
v -0.01656674 -0.01095251 0.00826553
v -0.01648236 -0.01093185 0.00825203
v -0.01682569 -0.01099239 0
v -0.01673913 -0.01098291 0.00828547
v -0.0166527 -0.01096962 0.00827674
v -0.017 -0.011 0
v -0.01691279 -0.0109981 0.00829545
v -0.01682569 -0.01099239 0.0082917
v -0.01717431 -0.01099239 0
v -0.0170871 -0.0109981 0.00829546
v -0.017 -0.011 0.00829671
v -0.0173473 -0.01096962 0
v -0.01726118 -0.01098287 0.00828544
v -0.01717431 -0.01099239 0.0082917
v -0.01751764 -0.01093185 0
v -0.01743318 -0.01095252 0.00826554
v -0.0173473 -0.01096962 0.00827674
v -0.01768404 -0.01087939 0
v -0.01760155 -0.01090739 0.00823609
v -0.01751764 -0.01093185 0.00825203
v -0.01784524 -0.01081262 0
v -0.01776539 -0.01084775 0.00819743
v -0.01768404 -0.01087939 0.0082179
v -0.018 -0.01073205 0
v -0.017924 -0.01077376 0.00814989
v -0.01784524 -0.01081262 0.0081748
v -0.01814715 -0.0106383 0
v -0.01807492 -0.01068658 0.00809447
v -0.018 -0.01073205 0.0081233
v -0.01893185 -0.00848236 0.00688786
v -0.01896962 -0.0086527 0.00696862
v -0.01896962 -0.0086527 0
v -0.01899239 -0.00882569 0.00705265
v -0.01899239 -0.00882569 0
v -0.019 -0.009 0.00713943
v -0.019 -0.009 0
v -0.01899239 -0.00917431 0.00722834
v -0.01899239 -0.00917431 0
v -0.01896962 -0.0093473 0.00731871
v -0.01896962 -0.0093473 0
v -0.01893185 -0.00951764 0.00740982
v -0.01893185 -0.00951764 0
v -0.01887939 -0.00968404 0.00750088
v -0.01887939 -0.00968404 0
v -0.01881262 -0.00984524 0.00759106
v -0.01881262 -0.00984524 0
v -0.01873205 -0.01 0.00767949
v -0.01873205 -0.01 0
v -0.0186383 -0.01014715 0.00776529
v -0.0186383 -0.01014715 0
v -0.01853209 -0.01028557 0.00784754
v -0.01853209 -0.01028557 0
v -0.01841421 -0.01041421 0.00792534
v -0.01841421 -0.01041421 0
v -0.01828557 -0.01053209 0.00799779
v -0.01828557 -0.01053209 0
v -0.01821768 -0.01058659 0.00803167
v -0.01814715 -0.0106383 0.00806405
v -0.025 -0.015 0.006
v -0.025 -0.015 0
v -0.02 -0.015 0.006
v -0.02 -0.015 0
v -0.02 -0.006245 0.006
v -0.025 0.015 0.006
v -0.02 0.006245 0.006
v -0.02 0.015 0.006
v 0.0167332 -0.033 0.025
v 0.0167332 -0.033 0
v 0.01839042 -0.03210596 0
v 0.01839042 -0.03210596 0.025
v 0.02 -0.03112876 0
v 0.02 -0.03112876 0.025
v -0.02 -0.01 0.00767949
v -0.02 -0.00845237 0.00687384
v 0.02 -0.01147153 0.00861696
v 0.02 -0.01 0.00767949
v -0.02 -0.01147153 0.00861696
v -0.02 -0.0068404 0.00620615
v 0.02 -0.0068404 0.00620615
v 0.02 -0.00845237 0.00687384
v 0.02 0.0068404 0.00620615
v -0.02 0.0068404 0.00620615
v -0.02 0.00845237 0.00687384
v 0.02 0.00845237 0.00687384
v 0.02 0.01 0.00767949
v -0.02 0.01147153 0.00861696
v -0.02 0.01 0.00767949
v 0.02 0.01147153 0.00861696
v 0.02 0.02 0.025
v -0.02 0.02 0.025
v 0.02 0.01992389 0.02325688
v -0.02 0.01992389 0.02325688
v 0.02 0.01969616 0.02152704
v -0.02 0.01969616 0.02152704
v 0.02 0.01931852 0.01982362
v -0.02 0.01931852 0.01982362
v 0.02 0.01879385 0.0181596
v -0.02 0.01879385 0.0181596
v 0.02 0.01812616 0.01654764
v -0.02 0.01812616 0.01654764
v 0.02 0.01732051 0.015
v -0.02 0.01732051 0.015
v 0.02 0.01638304 0.01352847
v -0.02 0.01638304 0.01352847
v 0.02 0.01532089 0.01214425
v -0.02 0.01532089 0.01214425
v 0.02 0.01414214 0.01085786
v -0.02 0.01414214 0.01085786
v 0.02 0.01285575 0.00967911
v -0.02 0.01285575 0.00967911
v 0.02 0.00517638 0.00568148
v -0.02 0.00517638 0.00568148
v 0.02 0.00347296 0.00530384
v -0.02 0.00347296 0.00530384
v 0.02 0.00174311 0.00507611
v -0.02 0.00174311 0.00507611
v 0.02 0 0.005
v -0.02 0 0.005
v 0.02 -0.00174311 0.00507611
v -0.02 -0.00174311 0.00507611
v 0.02 -0.00347296 0.00530384
v -0.02 -0.00347296 0.00530384
v 0.02 -0.00517638 0.00568148
v -0.02 -0.00517638 0.00568148
v 0.02 -0.01285575 0.00967911
v -0.02 -0.01285575 0.00967911
v 0.02 -0.01414214 0.01085786
v -0.02 -0.01414214 0.01085786
v 0.02 -0.01532089 0.01214425
v -0.02 -0.01532089 0.01214425
v 0.02 -0.01638304 0.01352847
v -0.02 -0.01638304 0.01352847
v 0.02 -0.01732051 0.015
v -0.02 -0.01732051 0.015
v 0.02 -0.01812616 0.01654764
v -0.02 -0.01812616 0.01654764
v 0.02 -0.01879385 0.0181596
v -0.02 -0.01879385 0.0181596
v 0.02 -0.01931852 0.01982362
v -0.02 -0.01931852 0.01982362
v 0.02 -0.01969616 0.02152704
v -0.02 -0.01969616 0.02152704
v 0.02 -0.01992389 0.02325688
v -0.02 -0.01992389 0.02325688
v 0.02 -0.02 0.025
v -0.02 -0.02 0.025
v 0.02 0.03112876 -0
v 0.01850158 0.03204203 -0
v 0.02 0.03112876 0.025
v 0.01839042 0.03210596 0.025
v 0.01839042 0.03210596 0
v 0.0167332 0.033 -0
v 0.0167332 0.033 0.025
v -0.014 0.033 0
v -0.0167332 0.033 0
v -0.0167332 0.033 0.025
v 0.005 0.033 0
v -0.01 0.033 0
v -0.025 0.015 0
v -0.02 0.015 0
v 0.013 -0.028 0.025
v 0.013 -0.028 0
v 0.01300761 -0.02782569 0.025
v 0.01300761 -0.02782569 0
v 0.01303038 -0.0276527 0.025
v 0.01303038 -0.0276527 0
v 0.01306815 -0.02748236 0.025
v 0.01306815 -0.02748236 0
v 0.01312061 -0.02731596 0.025
v 0.01312061 -0.02731596 0
v 0.01318738 -0.02715476 0.025
v 0.01318738 -0.02715476 0
v 0.01326795 -0.027 0.025
v 0.01326795 -0.027 0
v 0.0133617 -0.02685285 0.025
v 0.0133617 -0.02685285 0
v 0.01346791 -0.02671443 0.025
v 0.01346791 -0.02671443 0
v 0.01358579 -0.02658579 0.025
v 0.01358579 -0.02658579 0
v 0.01371442 -0.02646791 0.025
v 0.01371442 -0.02646791 0
v 0.01385285 -0.0263617 0.025
v 0.01385285 -0.0263617 0
v 0.014 -0.02626795 0.025
v 0.014 -0.02626795 0
v 0.01415476 -0.02618738 0.025
v 0.01415476 -0.02618738 0
v 0.01431596 -0.02612061 0.025
v 0.01431596 -0.02612061 0
v 0.01448236 -0.02606815 0.025
v 0.01448236 -0.02606815 0
v 0.0146527 -0.02603038 0.025
v 0.0146527 -0.02603038 0
v 0.01482569 -0.02600761 0.025
v 0.01482569 -0.02600761 0
v 0.015 -0.026 0.025
v 0.015 -0.026 0
v 0.01517431 -0.02600761 0.025
v 0.01517431 -0.02600761 0
v 0.0153473 -0.02603038 0.025
v 0.0153473 -0.02603038 0
v 0.01551764 -0.02606815 0.025
v 0.01551764 -0.02606815 0
v 0.01568404 -0.02612061 0.025
v 0.01568404 -0.02612061 0
v 0.01584524 -0.02618738 0.025
v 0.01584524 -0.02618738 0
v 0.016 -0.02626795 0.025
v 0.016 -0.02626795 0
v 0.01614715 -0.0263617 0.025
v 0.01614715 -0.0263617 0
v 0.01628558 -0.02646791 0.025
v 0.01628558 -0.02646791 0
v 0.01641421 -0.02658579 0.025
v 0.01641421 -0.02658579 0
v 0.01653209 -0.02671443 0.025
v 0.01653209 -0.02671443 0
v 0.0166383 -0.02685285 0.025
v 0.0166383 -0.02685285 0
v 0.01673205 -0.027 0.025
v 0.01673205 -0.027 0
v 0.01681262 -0.02715476 0.025
v 0.01681262 -0.02715476 0
v 0.01687939 -0.02731596 0.025
v 0.01687939 -0.02731596 0
v 0.01693185 -0.02748236 0.025
v 0.01693185 -0.02748236 0
v 0.01696962 -0.0276527 0.025
v 0.01696962 -0.0276527 0
v 0.01699239 -0.02782569 0.025
v 0.01699239 -0.02782569 0
v 0.017 -0.028 0.025
v 0.017 -0.028 0
v 0.01699239 -0.02817431 0.025
v 0.01699239 -0.02817431 0
v 0.01696962 -0.0283473 0.025
v 0.01696962 -0.0283473 0
v 0.01693185 -0.02851764 0.025
v 0.01693185 -0.02851764 0
v 0.01687939 -0.02868404 0.025
v 0.01687939 -0.02868404 0
v 0.01681262 -0.02884524 0.025
v 0.01681262 -0.02884524 0
v 0.01673205 -0.029 0.025
v 0.01673205 -0.029 0
v 0.0166383 -0.02914715 0.025
v 0.0166383 -0.02914715 0
v 0.01653209 -0.02928557 0.025
v 0.01653209 -0.02928557 0
v 0.01641421 -0.02941421 0.025
v 0.01641421 -0.02941421 0
v 0.01628558 -0.02953209 0.025
v 0.01628558 -0.02953209 0
v 0.01614715 -0.0296383 0.025
v 0.01614715 -0.0296383 0
v 0.016 -0.02973205 0.025
v 0.016 -0.02973205 0
v 0.01584524 -0.02981262 0.025
v 0.01584524 -0.02981262 0
v 0.01568404 -0.02987939 0.025
v 0.01568404 -0.02987939 0
v 0.01551764 -0.02993185 0.025
v 0.01551764 -0.02993185 0
v 0.0153473 -0.02996962 0.025
v 0.0153473 -0.02996962 0
v 0.01517431 -0.02999239 0.025
v 0.01517431 -0.02999239 0
v 0.015 -0.03 0.025
v 0.015 -0.03 0
v 0.01482569 -0.02999239 0.025
v 0.01482569 -0.02999239 0
v 0.0146527 -0.02996962 0.025
v 0.0146527 -0.02996962 0
v 0.01448236 -0.02993185 0.025
v 0.01448236 -0.02993185 0
v 0.01431596 -0.02987939 0.025
v 0.01431596 -0.02987939 0
v 0.01415476 -0.02981262 0.025
v 0.01415476 -0.02981262 0
v 0.014 -0.02973205 0.025
v 0.014 -0.02973205 0
v 0.01385285 -0.0296383 0.025
v 0.01385285 -0.0296383 0
v 0.01371442 -0.02953209 0.025
v 0.01371442 -0.02953209 0
v 0.01358579 -0.02941421 0.025
v 0.01358579 -0.02941421 0
v 0.01346791 -0.02928557 0.025
v 0.01346791 -0.02928557 0
v 0.0133617 -0.02914715 0.025
v 0.0133617 -0.02914715 0
v 0.01326795 -0.029 0.025
v 0.01326795 -0.029 0
v 0.01318738 -0.02884524 0.025
v 0.01318738 -0.02884524 0
v 0.01312061 -0.02868404 0.025
v 0.01312061 -0.02868404 0
v 0.01306815 -0.02851764 0.025
v 0.01306815 -0.02851764 0
v 0.01303038 -0.0283473 0.025
v 0.01303038 -0.0283473 0
v 0.01300761 -0.02817431 0.025
v 0.01300761 -0.02817431 0
v -0.02 0.0185 0
v -0.018 0.0185 0
v 0.0185 -0.0315 0
v 0.0185 -0.0185 0
v 0.005 -0.0315 0
v 0.01614715 0.0296383 0
v 0.016 0.02973205 0
v 0.01312061 0.02731596 0
v 0.01318738 0.02715476 0
v 0.005 0.0185 0
v 0.01568404 0.02612061 0
v 0.01584524 0.02618738 0
v 0.0185 0.0185 0
v 0.01306815 0.02851764 0
v 0.01303038 0.0283473 0
v 0.01628558 0.02646791 0
v 0.01641421 0.02658579 0
v 0.01584524 0.02981262 0
v 0.01568404 0.02987939 0
v 0.0146527 0.02996962 0
v 0.01448236 0.02993185 0
v 0.01312061 0.02868404 0
v 0.01300761 0.02817431 0
v 0.013 0.028 0
v 0.01300761 0.02782569 0
v 0.01303038 0.0276527 0
v 0.01306815 0.02748236 0
v 0.01326795 0.027 0
v 0.0133617 0.02685285 0
v 0.01346791 0.02671443 0
v 0.016 0.02626795 0
v 0.01614715 0.0263617 0
v 0.01653209 0.02671443 0
v 0.0166383 0.02685285 0
v 0.01673205 0.027 0
v 0.01699239 0.02817431 0
v 0.01696962 0.0283473 0
v 0.01693185 0.02851764 0
v 0.01687939 0.02868404 0
v 0.01681262 0.02884524 0
v 0.01673205 0.029 0
v 0.0166383 0.02914715 0
v 0.01653209 0.02928557 0
v 0.01641421 0.02941421 0
v 0.01628558 0.02953209 0
v 0.01415476 0.02981262 0
v 0.014 0.02973205 0
v 0.01385285 0.0296383 0
v 0.01371442 0.02953209 0
v 0.01358579 0.02941421 0
v 0.01346791 0.02928557 0
v 0.0133617 0.02914715 0
v 0.01681262 0.02715476 0
v 0.01687939 0.02731596 0
v 0.01693185 0.02748236 0
v 0.01431596 0.02987939 0
v 0.01326795 0.029 0
v 0.01318738 0.02884524 0
v 0.01358579 0.02658579 0
v 0.01371442 0.02646791 0
v 0.01385285 0.0263617 0
v 0.01551764 0.02993185 0
v 0.0153473 0.02996962 0
v 0.01517431 0.02999239 0
v 0.015 0.03 0
v 0.01482569 0.02999239 0
v 0.015 0.026 0
v 0.01517431 0.02600761 0
v 0.01696962 0.0276527 0
v 0.01699239 0.02782569 0
v 0.017 0.028 0
v 0.0153473 0.02603038 0
v 0.01551764 0.02606815 0
v 0.014 0.02626795 0
v 0.01415476 0.02618738 0
v 0.01431596 0.02612061 0
v 0.01448236 0.02606815 0
v 0.0146527 0.02603038 0
v 0.01482569 0.02600761 0
v -0.01673205 0.027 0
v -0.0166383 0.02685285 0
v -0.01653209 0.02671443 0
v -0.01839042 0.03210596 0
v -0.01614715 0.0296383 0
v -0.01628558 0.02953209 0
v -0.01699239 0.02782569 0
v -0.017 0.028 0
v -0.01699239 0.02817431 0
v -0.01696962 0.0276527 0
v -0.01693185 0.02748236 0
v -0.0153473 0.02996962 0
v -0.01551764 0.02993185 0
v -0.01641421 0.02941421 0
v -0.01653209 0.02928557 0
v -0.0166383 0.02914715 0
v -0.01687939 0.02731596 0
v -0.01681262 0.02715476 0
v -0.01641421 0.02658579 0
v -0.01628558 0.02646791 0
v -0.01614715 0.0263617 0
v -0.01448236 0.02606815 0
v -0.01431596 0.02612061 0
v -0.014 0.0185 0
v -0.01415476 0.02618738 0
v -0.01568404 0.02987939 0
v -0.01584524 0.02981262 0
v -0.016 0.02973205 0
v -0.01673205 0.029 0
v -0.01681262 0.02884524 0
v -0.01687939 0.02868404 0
v -0.015 0.026 0
v -0.01482569 0.02600761 0
v -0.0146527 0.02603038 0
v -0.01415476 0.02981262 0
v -0.01431596 0.02987939 0
v -0.01448236 0.02993185 0
v -0.0146527 0.02996962 0
v -0.01693185 0.02851764 0
v -0.01696962 0.0283473 0
v -0.016 0.02626795 0
v -0.01584524 0.02618738 0
v -0.01568404 0.02612061 0
v -0.01551764 0.02606815 0
v -0.0153473 0.02603038 0
v -0.01517431 0.02600761 0
v -0.01482569 0.02999239 0
v -0.015 0.03 0
v -0.01517431 0.02999239 0
v -0.02 0.03112876 0
v -0.025 0 0
v -0.02 -0.0185 0
v -0.018 -0.0315 0
v -0.02 -0.03112876 0
v -0.01300761 0.02782569 0
v -0.013 0.028 0
v -0.01358579 0.02658579 0
v -0.01346791 0.02671443 0
v -0.01 0.0185 0
v -0.01326795 0.029 0
v -0.0133617 0.02914715 0
v -0.01346791 0.02928557 0
v -0.01358579 0.02941421 0
v -0.014 0.02626795 0
v -0.01385285 0.0263617 0
v -0.01371442 0.02646791 0
v -0.0133617 0.02685285 0
v -0.01326795 0.027 0
v -0.01318738 0.02715476 0
v -0.01306815 0.02851764 0
v -0.01312061 0.02868404 0
v -0.01318738 0.02884524 0
v -0.01371442 0.02953209 0
v -0.01385285 0.0296383 0
v -0.014 0.02973205 0
v -0.01312061 0.02731596 0
v -0.01306815 0.02748236 0
v -0.01303038 0.0276527 0
v -0.01300761 0.02817431 0
v -0.01303038 0.0283473 0
v -0.01300761 -0.02782569 0
v -0.01303038 -0.0276527 0
v -0.01 -0.0185 0
v -0.01306815 -0.02748236 0
v -0.01312061 -0.02731596 0
v -0.014 -0.0315 0
v -0.014 -0.02973205 0
v -0.01 -0.0315 0
v -0.01385285 -0.0296383 0
v -0.01371442 -0.02953209 0
v -0.0133617 -0.02914715 0
v -0.01326795 -0.029 0
v -0.01318738 -0.02884524 0
v -0.01312061 -0.02868404 0
v -0.01306815 -0.02851764 0
v -0.01303038 -0.0283473 0
v -0.01318738 -0.02715476 0
v -0.01326795 -0.027 0
v -0.0133617 -0.02685285 0
v -0.01358579 -0.02941421 0
v -0.01346791 -0.02928557 0
v -0.01346791 -0.02671443 0
v -0.01358579 -0.02658579 0
v -0.01371442 -0.02646791 0
v -0.01300761 -0.02817431 0
v -0.013 -0.028 0
v -0.018 -0.0185 0
v -0.01699239 -0.02782569 0
v -0.017 -0.028 0
v -0.01385285 -0.0263617 0
v -0.014 -0.02626795 0
v -0.014 -0.0185 0
v -0.01415476 -0.02618738 0
v -0.01431596 -0.02612061 0
v -0.01641421 -0.02658579 0
v -0.01653209 -0.02671443 0
v -0.01681262 -0.02715476 0
v -0.01687939 -0.02731596 0
v -0.0166383 -0.02685285 0
v -0.01673205 -0.027 0
v -0.01693185 -0.02748236 0
v -0.01696962 -0.0276527 0
v -0.01699239 -0.02817431 0
v -0.01696962 -0.0283473 0
v -0.01693185 -0.02851764 0
v -0.01673205 -0.029 0
v -0.0166383 -0.02914715 0
v -0.01653209 -0.02928557 0
v -0.015 -0.03 0
v -0.01482569 -0.02999239 0
v -0.0146527 -0.02996962 0
v -0.01448236 -0.02993185 0
v -0.01448236 -0.02606815 0
v -0.0146527 -0.02603038 0
v -0.01482569 -0.02600761 0
v -0.01431596 -0.02987939 0
v -0.01415476 -0.02981262 0
v -0.015 -0.026 0
v -0.01517431 -0.02600761 0
v -0.0153473 -0.02603038 0
v -0.01551764 -0.02606815 0
v -0.01568404 -0.02612061 0
v -0.01584524 -0.02618738 0
v -0.016 -0.02626795 0
v -0.01614715 -0.0263617 0
v -0.01628558 -0.02646791 0
v -0.01687939 -0.02868404 0
v -0.01681262 -0.02884524 0
v -0.01641421 -0.02941421 0
v -0.01628558 -0.02953209 0
v -0.01614715 -0.0296383 0
v -0.016 -0.02973205 0
v -0.01584524 -0.02981262 0
v -0.01568404 -0.02987939 0
v -0.01551764 -0.02993185 0
v -0.0153473 -0.02996962 0
v -0.01517431 -0.02999239 0
v -0.018 0 0
v -0.014 0 0
v -0.01 0 0
v 0.005 0 0
v 0.005 -0.0185 0
v 0.02 0.0185 0
v 0.0185 0 0
v 0.02 0 0
v 0.02 -0.0185 0
v 0.005 -0.033 0
v -0.01 -0.033 0
v -0.014 -0.033 0
v -0.0167332 -0.033 0
v -0.01839042 -0.03210596 0
v -0.01312061 0.02731596 0.025
v -0.01318738 0.02715476 0.025
v -0.01346791 0.02671443 0.025
v -0.01358579 0.02658579 0.025
v -0.01326795 0.027 0.025
v -0.0133617 0.02685285 0.025
v -0.01681262 0.02884524 0.025
v -0.01673205 0.029 0.025
v -0.02 0.03112876 0.025
v -0.01326795 0.029 0.025
v -0.01318738 0.02884524 0.025
v -0.01312061 0.02868404 0.025
v -0.01306815 0.02851764 0.025
v -0.01628558 0.02646791 0.025
v -0.01641421 0.02658579 0.025
v -0.01653209 0.02671443 0.025
v -0.0166383 0.02685285 0.025
v -0.017 0.028 0.025
v -0.01699239 0.02817431 0.025
v -0.01696962 0.0283473 0.025
v 0.017 0.028 0.025
v 0.01699239 0.02782569 0.025
v -0.01371442 0.02646791 0.025
v -0.01385285 0.0263617 0.025
v -0.014 0.02626795 0.025
v -0.01673205 0.027 0.025
v -0.01681262 0.02715476 0.025
v -0.01687939 0.02731596 0.025
v -0.0166383 0.02914715 0.025
v -0.01653209 0.02928557 0.025
v -0.01839042 0.03210596 0.025
v -0.01641421 0.02941421 0.025
v -0.01628558 0.02953209 0.025
v -0.0153473 0.02996962 0.025
v -0.01551764 0.02993185 0.025
v -0.01568404 0.02987939 0.025
v 0.016 0.02973205 0.025
v 0.01614715 0.0296383 0.025
v 0.01693185 0.02748236 0.025
v 0.01687939 0.02731596 0.025
v 0.01681262 0.02715476 0.025
v -0.01693185 0.02748236 0.025
v -0.01696962 0.0276527 0.025
v -0.01699239 0.02782569 0.025
v -0.01614715 0.0296383 0.025
v -0.016 0.02973205 0.025
v -0.01584524 0.02981262 0.025
v -0.01431596 0.02987939 0.025
v -0.01415476 0.02981262 0.025
v -0.014 0.02973205 0.025
v 0.01300761 0.02817431 0.025
v 0.01303038 0.0283473 0.025
v 0.01687939 0.02868404 0.025
v 0.01693185 0.02851764 0.025
v -0.01415476 0.02618738 0.025
v -0.01431596 0.02612061 0.025
v -0.01693185 0.02851764 0.025
v -0.01687939 0.02868404 0.025
v -0.01517431 0.02999239 0.025
v -0.015 0.03 0.025
v -0.01482569 0.02999239 0.025
v -0.0146527 0.02996962 0.025
v -0.01448236 0.02993185 0.025
v -0.01385285 0.0296383 0.025
v -0.01371442 0.02953209 0.025
v -0.01358579 0.02941421 0.025
v -0.01346791 0.02928557 0.025
v -0.0133617 0.02914715 0.025
v -0.013 0.028 0.025
v 0.01358579 0.02658579 0.025
v 0.01346791 0.02671443 0.025
v 0.0133617 0.02685285 0.025
v 0.01326795 0.027 0.025
v 0.01318738 0.02715476 0.025
v 0.01696962 0.0276527 0.025
v 0.01673205 0.027 0.025
v 0.0166383 0.02685285 0.025
v 0.01653209 0.02671443 0.025
v -0.01448236 0.02606815 0.025
v -0.0146527 0.02603038 0.025
v -0.01482569 0.02600761 0.025
v 0.01448236 0.02606815 0.025
v 0.0146527 0.02603038 0.025
v 0.01482569 0.02600761 0.025
v 0.014 0.02626795 0.025
v 0.01385285 0.0263617 0.025
v 0.01371442 0.02646791 0.025
v 0.01306815 0.02851764 0.025
v 0.01312061 0.02868404 0.025
v 0.01318738 0.02884524 0.025
v 0.01584524 0.02981262 0.025
v 0.01568404 0.02987939 0.025
v 0.01628558 0.02953209 0.025
v 0.01641421 0.02941421 0.025
v 0.01653209 0.02928557 0.025
v 0.0166383 0.02914715 0.025
v 0.01696962 0.0283473 0.025
v 0.01699239 0.02817431 0.025
v 0.01641421 0.02658579 0.025
v 0.01628558 0.02646791 0.025
v 0.01614715 0.0263617 0.025
v 0.01568404 0.02612061 0.025
v 0.01551764 0.02606815 0.025
v 0.0153473 0.02603038 0.025
v -0.015 0.026 0.025
v -0.01517431 0.02600761 0.025
v -0.0153473 0.02603038 0.025
v -0.01551764 0.02606815 0.025
v -0.01568404 0.02612061 0.025
v -0.01584524 0.02618738 0.025
v -0.016 0.02626795 0.025
v -0.01614715 0.0263617 0.025
v 0.01431596 0.02612061 0.025
v 0.01415476 0.02618738 0.025
v 0.01312061 0.02731596 0.025
v 0.01306815 0.02748236 0.025
v 0.01303038 0.0276527 0.025
v 0.01346791 0.02928557 0.025
v 0.01358579 0.02941421 0.025
v 0.01371442 0.02953209 0.025
v 0.01385285 0.0296383 0.025
v 0.014 0.02973205 0.025
v 0.01415476 0.02981262 0.025
v 0.01673205 0.029 0.025
v 0.01681262 0.02884524 0.025
v 0.016 0.02626795 0.025
v 0.01584524 0.02618738 0.025
v 0.01326795 0.029 0.025
v 0.0133617 0.02914715 0.025
v 0.01431596 0.02987939 0.025
v 0.01448236 0.02993185 0.025
v 0.0146527 0.02996962 0.025
v 0.01517431 0.02600761 0.025
v 0.015 0.026 0.025
v 0.01482569 0.02999239 0.025
v 0.015 0.03 0.025
v 0.01517431 0.02999239 0.025
v 0.0153473 0.02996962 0.025
v 0.01551764 0.02993185 0.025
v -0.01300761 0.02782569 0.025
v -0.01303038 0.0276527 0.025
v -0.01306815 0.02748236 0.025
v 0.01300761 0.02782569 0.025
v 0.013 0.028 0.025
v -0.01300761 0.02817431 0.025
v -0.01303038 0.0283473 0.025
v -0.01482569 -0.02999239 0.025
v -0.015 -0.03 0.025
v -0.0167332 -0.033 0.025
v -0.01318738 -0.02715476 0.025
v -0.01312061 -0.02731596 0.025
v -0.01696962 -0.0283473 0.025
v -0.01699239 -0.02817431 0.025
v -0.02 -0.03112876 0.025
v -0.014 -0.02626795 0.025
v -0.01385285 -0.0263617 0.025
v -0.01693185 -0.02748236 0.025
v -0.01687939 -0.02731596 0.025
v -0.01681262 -0.02715476 0.025
v -0.01673205 -0.027 0.025
v -0.01641421 -0.02658579 0.025
v -0.01628558 -0.02646791 0.025
v -0.01318738 -0.02884524 0.025
v -0.01326795 -0.029 0.025
v -0.0133617 -0.02914715 0.025
v -0.017 -0.028 0.025
v -0.01699239 -0.02782569 0.025
v -0.01696962 -0.0276527 0.025
v -0.0166383 -0.02685285 0.025
v -0.01653209 -0.02671443 0.025
v -0.01415476 -0.02618738 0.025
v -0.01303038 -0.0283473 0.025
v -0.01306815 -0.02851764 0.025
v -0.01312061 -0.02868404 0.025
v -0.01431596 -0.02987939 0.025
v -0.01448236 -0.02993185 0.025
v -0.0146527 -0.02996962 0.025
v -0.01517431 -0.02999239 0.025
v -0.0153473 -0.02996962 0.025
v -0.01551764 -0.02993185 0.025
v -0.01614715 -0.0296383 0.025
v -0.01628558 -0.02953209 0.025
v -0.01839042 -0.03210596 0.025
v -0.01641421 -0.02941421 0.025
v -0.01653209 -0.02928557 0.025
v -0.0166383 -0.02914715 0.025
v -0.01673205 -0.029 0.025
v -0.01681262 -0.02884524 0.025
v -0.01346791 -0.02671443 0.025
v -0.0133617 -0.02685285 0.025
v -0.01326795 -0.027 0.025
v -0.01303038 -0.0276527 0.025
v -0.01346791 -0.02928557 0.025
v -0.01358579 -0.02941421 0.025
v -0.01371442 -0.02953209 0.025
v -0.01385285 -0.0296383 0.025
v -0.014 -0.02973205 0.025
v -0.01415476 -0.02981262 0.025
v -0.01568404 -0.02987939 0.025
v -0.01584524 -0.02981262 0.025
v -0.016 -0.02973205 0.025
v -0.01687939 -0.02868404 0.025
v -0.01693185 -0.02851764 0.025
v -0.01614715 -0.0263617 0.025
v -0.016 -0.02626795 0.025
v -0.01584524 -0.02618738 0.025
v -0.01568404 -0.02612061 0.025
v -0.01551764 -0.02606815 0.025
v -0.0153473 -0.02603038 0.025
v -0.01517431 -0.02600761 0.025
v -0.015 -0.026 0.025
v -0.01482569 -0.02600761 0.025
v -0.0146527 -0.02603038 0.025
v -0.01448236 -0.02606815 0.025
v -0.01431596 -0.02612061 0.025
v -0.01371442 -0.02646791 0.025
v -0.01358579 -0.02658579 0.025
v -0.01300761 -0.02817431 0.025
v -0.01300761 -0.02782569 0.025
v -0.01306815 -0.02748236 0.025
v -0.013 -0.028 0.025
v -0.02 0.01032438 0.01025526
v -0.02 0.009 0.00941154
v -0.02 0.00760713 0.00868646
v -0.02 0.00615636 0.00808553
v -0.02 0.00465874 0.00761334
v -0.02 0.00312567 0.00727346
v -0.02 0.0015688 0.0070685
v -0.02 0 0.007
v -0.02 -0 0.005
v -0.02 -0.0015688 0.0070685
v -0.02 -0.00312567 0.00727346
v -0.02 -0.00465874 0.00761334
v -0.02 -0.00615636 0.00808553
v -0.02 -0.00760713 0.00868646
v -0.02 -0.009 0.00941154
v -0.02 -0.01032438 0.01025526
v -0.02 -0.01157018 0.0112112
v -0.02 -0.01272792 0.01227208
v -0.02 -0.0137888 0.01342982
v -0.02 -0.01474474 0.01467562
v -0.02 -0.01558846 0.016
v -0.02 -0.01631354 0.01739287
v -0.02 -0.01691447 0.01884364
v -0.02 -0.01738667 0.02034126
v -0.02 -0.01772654 0.02187433
v -0.02 -0.0179315 0.0234312
v -0.02 -0.018 0.025
v -0.02 -0.0179315 0.0265688
v -0.02 -0.01992389 0.02674311
v -0.02 -0.01772654 0.02812567
v -0.02 -0.01969616 0.02847296
v -0.02 -0.01738667 0.02965874
v -0.02 -0.01931852 0.03017638
v -0.02 -0.01691447 0.03115636
v -0.02 -0.01879385 0.0318404
v -0.02 -0.01631354 0.03260713
v -0.02 -0.01812616 0.03345237
v -0.02 -0.01558846 0.034
v -0.02 -0.01732051 0.035
v -0.02 -0.01474474 0.03532438
v -0.02 -0.01638304 0.03647153
v -0.02 -0.0137888 0.03657018
v -0.02 -0.01532089 0.03785575
v -0.02 -0.01272792 0.03772792
v -0.02 -0.01414214 0.03914214
v -0.02 -0.01157018 0.0387888
v -0.02 -0.01285575 0.04032089
v -0.02 -0.01032438 0.03974474
v -0.02 -0.01147153 0.04138304
v -0.02 -0.009 0.04058846
v -0.02 -0.01 0.04232051
v -0.02 -0.00760713 0.04131354
v -0.02 -0.00845237 0.04312615
v -0.02 -0.00615636 0.04191447
v -0.02 -0.0068404 0.04379385
v -0.02 -0.00465874 0.04238667
v -0.02 -0.00517638 0.04431852
v -0.02 -0.00312567 0.04272654
v -0.02 -0.00347296 0.04469616
v -0.02 -0.0015688 0.0429315
v -0.02 -0.00174311 0.04492389
v -0.02 0 0.043
v -0.02 -0 0.045
v -0.02 0.0015688 0.0429315
v -0.02 0.00174311 0.04492389
v -0.02 0.00312567 0.04272654
v -0.02 0.00347296 0.04469616
v -0.02 0.00465874 0.04238667
v -0.02 0.00517638 0.04431852
v -0.02 0.00615636 0.04191447
v -0.02 0.0068404 0.04379385
v -0.02 0.00760713 0.04131354
v -0.02 0.00845237 0.04312615
v -0.02 0.009 0.04058846
v -0.02 0.01 0.04232051
v -0.02 0.01032438 0.03974474
v -0.02 0.01147153 0.04138304
v -0.02 0.01157018 0.0387888
v -0.02 0.01285575 0.04032089
v -0.02 0.01272792 0.03772792
v -0.02 0.01414214 0.03914214
v -0.02 0.0137888 0.03657018
v -0.02 0.01532089 0.03785575
v -0.02 0.01474474 0.03532438
v -0.02 0.01638304 0.03647153
v -0.02 0.01558846 0.034
v -0.02 0.01732051 0.035
v -0.02 0.01631354 0.03260713
v -0.02 0.01812616 0.03345237
v -0.02 0.01691447 0.03115636
v -0.02 0.01879385 0.0318404
v -0.02 0.01738667 0.02965874
v -0.02 0.01931852 0.03017638
v -0.02 0.01772654 0.02812567
v -0.02 0.01969616 0.02847296
v -0.02 0.0179315 0.0265688
v -0.02 0.01992389 0.02674311
v -0.02 0.018 0.025
v -0.02 0.0179315 0.0234312
v -0.02 0.01772654 0.02187433
v -0.02 0.01738667 0.02034126
v -0.02 0.01691447 0.01884364
v -0.02 0.01631354 0.01739287
v -0.02 0.01558846 0.016
v -0.02 0.01474474 0.01467562
v -0.02 0.0137888 0.01342982
v -0.02 0.01272792 0.01227208
v -0.02 0.01157018 0.0112112
v 0.08 0.01032438 0.01025526
v 0.08 0.01147153 0.00861696
v 0.08 0.01157018 0.0112112
v 0.08 0.01285575 0.00967911
v 0.08 0.01272792 0.01227208
v 0.08 0.01414214 0.01085786
v 0.08 0.0137888 0.01342982
v 0.08 0.01532089 0.01214425
v 0.08 0.01474474 0.01467562
v 0.08 0.01638304 0.01352847
v 0.08 0.01558846 0.016
v 0.08 0.01732051 0.015
v 0.08 0.01631354 0.01739287
v 0.08 0.01812616 0.01654764
v 0.08 0.01691447 0.01884364
v 0.08 0.01879385 0.0181596
v 0.08 0.01738667 0.02034126
v 0.08 0.01931852 0.01982362
v 0.08 0.01772654 0.02187433
v 0.08 0.01969616 0.02152704
v 0.08 0.0179315 0.0234312
v 0.08 0.01992389 0.02325688
v 0.08 0.018 0.025
v 0.08 0.02 0.025
v 0.08 0.0179315 0.0265688
v 0.08 0.01992389 0.02674311
v 0.08 0.01772654 0.02812567
v 0.08 0.01969616 0.02847296
v 0.08 0.01738667 0.02965874
v 0.08 0.01931852 0.03017638
v 0.08 0.01691447 0.03115636
v 0.08 0.01879385 0.0318404
v 0.08 0.01631354 0.03260713
v 0.08 0.01812616 0.03345237
v 0.08 0.01558846 0.034
v 0.08 0.01732051 0.035
v 0.08 0.01474474 0.03532438
v 0.08 0.01638304 0.03647153
v 0.08 0.0137888 0.03657018
v 0.08 0.01532089 0.03785575
v 0.08 0.01272792 0.03772792
v 0.08 0.01414214 0.03914214
v 0.08 0.01157018 0.0387888
v 0.08 0.01285575 0.04032089
v 0.08 0.01032438 0.03974474
v 0.08 0.01147153 0.04138304
v 0.08 0.009 0.04058846
v 0.08 0.01 0.04232051
v 0.08 0.00760713 0.04131354
v 0.08 0.00845237 0.04312615
v 0.08 0.00615636 0.04191447
v 0.08 0.0068404 0.04379385
v 0.08 0.00465874 0.04238667
v 0.08 0.00517638 0.04431852
v 0.08 0.00312567 0.04272654
v 0.08 0.00347296 0.04469616
v 0.08 0.0015688 0.0429315
v 0.08 0.00174311 0.04492389
v 0.08 0 0.043
v 0.08 -0 0.045
v 0.08 -0.0015688 0.0429315
v 0.08 -0.00174311 0.04492389
v 0.08 -0.00312567 0.04272654
v 0.08 -0.00347296 0.04469616
v 0.08 -0.00465874 0.04238667
v 0.08 -0.00517638 0.04431852
v 0.08 -0.00615636 0.04191447
v 0.08 -0.0068404 0.04379385
v 0.08 -0.00760713 0.04131354
v 0.08 -0.00845237 0.04312615
v 0.08 -0.009 0.04058846
v 0.08 -0.01 0.04232051
v 0.08 -0.01032438 0.03974474
v 0.08 -0.01147153 0.04138304
v 0.08 -0.01157018 0.0387888
v 0.08 -0.01285575 0.04032089
v 0.08 -0.01272792 0.03772792
v 0.08 -0.01414214 0.03914214
v 0.08 -0.0137888 0.03657018
v 0.08 -0.01532089 0.03785575
v 0.08 -0.01474474 0.03532438
v 0.08 -0.01638304 0.03647153
v 0.08 -0.01558846 0.034
v 0.08 -0.01732051 0.035
v 0.08 -0.01631354 0.03260713
v 0.08 -0.01812616 0.03345237
v 0.08 -0.01691447 0.03115636
v 0.08 -0.01879385 0.0318404
v 0.08 -0.01738667 0.02965874
v 0.08 -0.01931852 0.03017638
v 0.08 -0.01772654 0.02812567
v 0.08 -0.01969616 0.02847296
v 0.08 -0.0179315 0.0265688
v 0.08 -0.01992389 0.02674311
v 0.08 -0.018 0.025
v 0.08 -0.02 0.025
v 0.08 -0.0179315 0.0234312
v 0.08 -0.01992389 0.02325688
v 0.08 -0.01772654 0.02187433
v 0.08 -0.01969616 0.02152704
v 0.08 -0.01738667 0.02034126
v 0.08 -0.01931852 0.01982362
v 0.08 -0.01691447 0.01884364
v 0.08 -0.01879385 0.0181596
v 0.08 -0.01631354 0.01739287
v 0.08 -0.01812616 0.01654764
v 0.08 -0.01558846 0.016
v 0.08 -0.01732051 0.015
v 0.08 -0.01474474 0.01467562
v 0.08 -0.01638304 0.01352847
v 0.08 -0.0137888 0.01342982
v 0.08 -0.01532089 0.01214425
v 0.08 -0.01272792 0.01227208
v 0.08 -0.01414214 0.01085786
v 0.08 -0.01157018 0.0112112
v 0.08 -0.01285575 0.00967911
v 0.08 -0.01032438 0.01025526
v 0.08 -0.01147153 0.00861696
v 0.08 -0.009 0.00941154
v 0.08 -0.01 0.00767949
v 0.08 -0.00760713 0.00868646
v 0.08 -0.00845237 0.00687384
v 0.08 -0.00615636 0.00808553
v 0.08 -0.0068404 0.00620615
v 0.08 -0.00465874 0.00761334
v 0.08 -0.00517638 0.00568148
v 0.08 -0.00312567 0.00727346
v 0.08 -0.00347296 0.00530384
v 0.08 -0.0015688 0.0070685
v 0.08 -0.00174311 0.00507611
v 0.08 0 0.007
v 0.08 -0 0.005
v 0.08 0.0015688 0.0070685
v 0.08 0.00174311 0.00507611
v 0.08 0.00312567 0.00727346
v 0.08 0.00347296 0.00530384
v 0.08 0.00465874 0.00761334
v 0.08 0.00517638 0.00568148
v 0.08 0.00615636 0.00808553
v 0.08 0.0068404 0.00620615
v 0.08 0.00760713 0.00868646
v 0.08 0.00845237 0.00687384
v 0.08 0.009 0.00941154
v 0.08 0.01 0.00767949
v 0.013 -0.028 0.034
v 0.013 -0.028 0.026
v 0.01300761 -0.02782569 0.034
v 0.01300761 -0.02782569 0.026
v 0.01303038 -0.0276527 0.034
v 0.01303038 -0.0276527 0.026
v 0.01306815 -0.02748236 0.034
v 0.01306815 -0.02748236 0.026
v 0.01312061 -0.02731596 0.034
v 0.01312061 -0.02731596 0.026
v 0.01318738 -0.02715476 0.034
v 0.01318738 -0.02715476 0.026
v 0.01326795 -0.027 0.034
v 0.01326795 -0.027 0.026
v 0.0133617 -0.02685285 0.034
v 0.0133617 -0.02685285 0.026
v 0.01346791 -0.02671443 0.034
v 0.01346791 -0.02671443 0.026
v 0.01358579 -0.02658579 0.034
v 0.01358579 -0.02658579 0.026
v 0.01371442 -0.02646791 0.034
v 0.01371442 -0.02646791 0.026
v 0.01385285 -0.0263617 0.034
v 0.01385285 -0.0263617 0.026
v 0.014 -0.02626795 0.034
v 0.014 -0.02626795 0.026
v 0.01415476 -0.02618738 0.034
v 0.01415476 -0.02618738 0.026
v 0.01431596 -0.02612061 0.034
v 0.01431596 -0.02612061 0.026
v 0.01448236 -0.02606815 0.034
v 0.01448236 -0.02606815 0.026
v 0.0146527 -0.02603038 0.034
v 0.0146527 -0.02603038 0.026
v 0.01482569 -0.02600761 0.034
v 0.01482569 -0.02600761 0.026
v 0.015 -0.026 0.034
v 0.015 -0.026 0.026
v 0.01517431 -0.02600761 0.034
v 0.01517431 -0.02600761 0.026
v 0.0153473 -0.02603038 0.034
v 0.0153473 -0.02603038 0.026
v 0.01551764 -0.02606815 0.034
v 0.01551764 -0.02606815 0.026
v 0.01568404 -0.02612061 0.034
v 0.01568404 -0.02612061 0.026
v 0.01584524 -0.02618738 0.034
v 0.01584524 -0.02618738 0.026
v 0.016 -0.02626795 0.034
v 0.016 -0.02626795 0.026
v 0.01614715 -0.0263617 0.034
v 0.01614715 -0.0263617 0.026
v 0.01628558 -0.02646791 0.034
v 0.01628558 -0.02646791 0.026
v 0.01641421 -0.02658579 0.034
v 0.01641421 -0.02658579 0.026
v 0.01653209 -0.02671443 0.034
v 0.01653209 -0.02671443 0.026
v 0.0166383 -0.02685285 0.034
v 0.0166383 -0.02685285 0.026
v 0.01673205 -0.027 0.034
v 0.01673205 -0.027 0.026
v 0.01681262 -0.02715476 0.034
v 0.01681262 -0.02715476 0.026
v 0.01687939 -0.02731596 0.034
v 0.01687939 -0.02731596 0.026
v 0.01693185 -0.02748236 0.034
v 0.01693185 -0.02748236 0.026
v 0.01696962 -0.0276527 0.034
v 0.01696962 -0.0276527 0.026
v 0.01699239 -0.02782569 0.034
v 0.01699239 -0.02782569 0.026
v 0.017 -0.028 0.034
v 0.017 -0.028 0.026
v 0.01699239 -0.02817431 0.034
v 0.01699239 -0.02817431 0.026
v 0.01696962 -0.0283473 0.034
v 0.01696962 -0.0283473 0.026
v 0.01693185 -0.02851764 0.034
v 0.01693185 -0.02851764 0.026
v 0.01687939 -0.02868404 0.034
v 0.01687939 -0.02868404 0.026
v 0.01681262 -0.02884524 0.034
v 0.01681262 -0.02884524 0.026
v 0.01673205 -0.029 0.034
v 0.01673205 -0.029 0.026
v 0.0166383 -0.02914715 0.034
v 0.0166383 -0.02914715 0.026
v 0.01653209 -0.02928557 0.034
v 0.01653209 -0.02928557 0.026
v 0.01641421 -0.02941421 0.034
v 0.01641421 -0.02941421 0.026
v 0.01628558 -0.02953209 0.034
v 0.01628558 -0.02953209 0.026
v 0.01614715 -0.0296383 0.034
v 0.01614715 -0.0296383 0.026
v 0.016 -0.02973205 0.034
v 0.016 -0.02973205 0.026
v 0.01584524 -0.02981262 0.034
v 0.01584524 -0.02981262 0.026
v 0.01568404 -0.02987939 0.034
v 0.01568404 -0.02987939 0.026
v 0.01551764 -0.02993185 0.034
v 0.01551764 -0.02993185 0.026
v 0.0153473 -0.02996962 0.034
v 0.0153473 -0.02996962 0.026
v 0.01517431 -0.02999239 0.034
v 0.01517431 -0.02999239 0.026
v 0.015 -0.03 0.034
v 0.015 -0.03 0.026
v 0.01482569 -0.02999239 0.034
v 0.01482569 -0.02999239 0.026
v 0.0146527 -0.02996962 0.034
v 0.0146527 -0.02996962 0.026
v 0.01448236 -0.02993185 0.034
v 0.01448236 -0.02993185 0.026
v 0.01431596 -0.02987939 0.034
v 0.01431596 -0.02987939 0.026
v 0.01415476 -0.02981262 0.034
v 0.01415476 -0.02981262 0.026
v 0.014 -0.02973205 0.034
v 0.014 -0.02973205 0.026
v 0.01385285 -0.0296383 0.034
v 0.01385285 -0.0296383 0.026
v 0.01371442 -0.02953209 0.034
v 0.01371442 -0.02953209 0.026
v 0.01358579 -0.02941421 0.034
v 0.01358579 -0.02941421 0.026
v 0.01346791 -0.02928557 0.034
v 0.01346791 -0.02928557 0.026
v 0.0133617 -0.02914715 0.034
v 0.0133617 -0.02914715 0.026
v 0.01326795 -0.029 0.034
v 0.01326795 -0.029 0.026
v 0.01318738 -0.02884524 0.034
v 0.01318738 -0.02884524 0.026
v 0.01312061 -0.02868404 0.034
v 0.01312061 -0.02868404 0.026
v 0.01306815 -0.02851764 0.034
v 0.01306815 -0.02851764 0.026
v 0.01303038 -0.0283473 0.034
v 0.01303038 -0.0283473 0.026
v 0.01300761 -0.02817431 0.034
v 0.01300761 -0.02817431 0.026
v 0.0167332 -0.033 0.034
v 0.0167332 -0.033 0.026
v 0.01839042 -0.03210596 0.026
v 0.01839042 -0.03210596 0.034
v 0.02 -0.03112876 0.026
v 0.02 -0.03112876 0.034
v 0.02 -0.01997498 0.026
v 0.02 -0.01981281 0.0277299
v 0.02 0.01997498 0.026
v 0.02 0.03112876 0.026
v 0.02 0.01981281 0.0277299
v 0.02 0.03112876 0.034
v 0.02 0.02332381 0.034
v 0.02 -0.01950112 0.02943919
v 0.02 -0.02332381 0.034
v 0.02 0.01843965 0.03274462
v 0.02 0.01904224 0.03111498
v 0.02 0.01950112 0.02943919
v 0.02 0.00086874 0.04498112
v 0.02 -0 0.05
v 0.02 -0.00086874 0.04498112
v 0.02 -0.00214473 0.04990783
v 0.02 -0.00259967 0.04483032
v 0.02 -0.00427365 0.04963201
v 0.02 -0.00431097 0.04452986
v 0.02 -0.00637106 0.04917457
v 0.02 -0.00598974 0.04408201
v 0.02 -0.00842149 0.04853887
v 0.02 -0.00762331 0.04349014
v 0.02 -0.01040983 0.04772962
v 0.02 -0.00919934 0.04275872
v 0.02 -0.01232141 0.04675277
v 0.02 -0.01070594 0.04189328
v 0.02 -0.01414214 0.04561553
v 0.02 -0.01213175 0.04090034
v 0.02 -0.01585859 0.04432628
v 0.02 -0.01346599 0.0397874
v 0.02 -0.01745811 0.04289453
v 0.02 -0.01469861 0.03856285
v 0.02 -0.01892891 0.04133084
v 0.02 -0.01582029 0.03723595
v 0.02 -0.02026013 0.03964674
v 0.02 -0.01682257 0.0358167
v 0.02 -0.02144198 0.03785464
v 0.02 -0.0176979 0.03431582
v 0.02 -0.02246572 0.03596775
v 0.02 -0.01843965 0.03274462
v 0.02 -0.01904224 0.03111498
v 0.02 0.0176979 0.03431582
v 0.02 0.02246572 0.03596775
v 0.02 0.01682257 0.0358167
v 0.02 0.02144198 0.03785464
v 0.02 0.01582029 0.03723595
v 0.02 0.02026013 0.03964674
v 0.02 0.01469861 0.03856285
v 0.02 0.01892891 0.04133084
v 0.02 0.01346599 0.0397874
v 0.02 0.01745811 0.04289453
v 0.02 0.01213175 0.04090034
v 0.02 0.01585859 0.04432628
v 0.02 0.01070594 0.04189328
v 0.02 0.01414214 0.04561553
v 0.02 0.00919934 0.04275872
v 0.02 0.01232141 0.04675277
v 0.02 0.00762331 0.04349014
v 0.02 0.01040983 0.04772962
v 0.02 0.00598974 0.04408201
v 0.02 0.00842149 0.04853887
v 0.02 0.00431097 0.04452986
v 0.02 0.00637106 0.04917457
v 0.02 0.00259967 0.04483032
v 0.02 0.00427365 0.04963201
v 0.02 0.00214473 0.04990783
v 0.01 0.02332381 0.034
v 0.01 0.02246572 0.03596775
v 0.01 0.02144198 0.03785464
v 0.01 0.02026013 0.03964674
v 0.01 0.01892891 0.04133084
v 0.01 0.01745811 0.04289453
v 0.01 0.01585859 0.04432628
v 0.01 0.01414214 0.04561553
v 0.01 0.01232141 0.04675277
v 0.01 0.01040983 0.04772962
v 0.01 0.00842149 0.04853887
v 0.01 0.00637106 0.04917457
v 0.01 0.00427365 0.04963201
v 0.01 0.00214473 0.04990783
v 0.01 -0 0.05
v 0.01 -0.00214473 0.04990783
v 0.01 -0.00427365 0.04963201
v 0.01 -0.00637106 0.04917457
v 0.01 -0.00842149 0.04853887
v 0.01 -0.01040983 0.04772962
v 0.01 -0.01232141 0.04675277
v 0.01 -0.01414214 0.04561553
v 0.01 -0.01585859 0.04432628
v 0.01 -0.01745811 0.04289453
v 0.01 -0.01892891 0.04133084
v 0.01 -0.02026013 0.03964674
v 0.01 -0.02144198 0.03785464
v 0.01 -0.02246572 0.03596775
v 0.01 -0.02332381 0.034
v 0.01 -0.01997498 0.026
v 0.01 -0.033 0.026
v 0.01 -0.01981281 0.0277299
v 0.01 -0.033 0.034
v 0.01 0.01981281 0.0277299
v 0.01 0.01950112 0.02943919
v 0.01 0.033 0.034
v 0.01 0.033 0.026
v 0.01 0.01997498 0.026
v 0.01 -0.01843965 0.03274462
v 0.01 -0.01904224 0.03111498
v 0.01 -0.01950112 0.02943919
v 0.01 -0.0176979 0.03431582
v 0.01 -0.01682257 0.0358167
v 0.01 -0.01582029 0.03723595
v 0.01 -0.01469861 0.03856285
v 0.01 -0.01346599 0.0397874
v 0.01 -0.01213175 0.04090034
v 0.01 -0.01070594 0.04189328
v 0.01 -0.00919934 0.04275872
v 0.01 -0.00762331 0.04349014
v 0.01 -0.00598974 0.04408201
v 0.01 -0.00431097 0.04452986
v 0.01 -0.00259967 0.04483032
v 0.01 -0.00086874 0.04498112
v 0.01 0.00086874 0.04498112
v 0.01 0.00259967 0.04483032
v 0.01 0.00431097 0.04452986
v 0.01 0.00598974 0.04408201
v 0.01 0.00762331 0.04349014
v 0.01 0.00919934 0.04275872
v 0.01 0.01070594 0.04189328
v 0.01 0.01213175 0.04090034
v 0.01 0.01346599 0.0397874
v 0.01 0.01469861 0.03856285
v 0.01 0.01582029 0.03723595
v 0.01 0.01682257 0.0358167
v 0.01 0.0176979 0.03431582
v 0.01 0.01843965 0.03274462
v 0.01 0.01904224 0.03111498
v 0.0167332 0.033 0.026
v 0.0167332 0.033 0.034
v 0.01681262 0.02715476 0.026
v 0.01687939 0.02731596 0.026
v 0.01673205 0.027 0.026
v 0.01431596 0.02987939 0.026
v 0.01415476 0.02981262 0.026
v 0.01303038 0.0276527 0.026
v 0.01306815 0.02748236 0.026
v 0.01312061 0.02731596 0.026
v 0.01568404 0.02987939 0.026
v 0.01551764 0.02993185 0.026
v 0.01306815 0.02851764 0.026
v 0.01303038 0.0283473 0.026
v 0.01628558 0.02646791 0.026
v 0.01641421 0.02658579 0.026
v 0.01628558 0.02953209 0.026
v 0.01614715 0.0296383 0.026
v 0.01839042 0.03210596 0.026
v 0.016 0.02973205 0.026
v 0.01584524 0.02981262 0.026
v 0.01312061 0.02868404 0.026
v 0.01300761 0.02817431 0.026
v 0.013 0.028 0.026
v 0.01300761 0.02782569 0.026
v 0.01318738 0.02715476 0.026
v 0.01326795 0.027 0.026
v 0.0133617 0.02685285 0.026
v 0.01346791 0.02671443 0.026
v 0.01358579 0.02658579 0.026
v 0.01371442 0.02646791 0.026
v 0.0153473 0.02603038 0.026
v 0.01551764 0.02606815 0.026
v 0.01568404 0.02612061 0.026
v 0.01584524 0.02618738 0.026
v 0.016 0.02626795 0.026
v 0.01614715 0.0263617 0.026
v 0.01653209 0.02671443 0.026
v 0.0166383 0.02685285 0.026
v 0.017 0.028 0.026
v 0.01699239 0.02817431 0.026
v 0.01696962 0.0283473 0.026
v 0.01693185 0.02851764 0.026
v 0.01687939 0.02868404 0.026
v 0.01681262 0.02884524 0.026
v 0.01673205 0.029 0.026
v 0.0166383 0.02914715 0.026
v 0.01653209 0.02928557 0.026
v 0.01641421 0.02941421 0.026
v 0.014 0.02973205 0.026
v 0.01385285 0.0296383 0.026
v 0.01371442 0.02953209 0.026
v 0.01358579 0.02941421 0.026
v 0.01346791 0.02928557 0.026
v 0.0133617 0.02914715 0.026
v 0.01326795 0.029 0.026
v 0.01318738 0.02884524 0.026
v 0.0153473 0.02996962 0.026
v 0.01517431 0.02999239 0.026
v 0.015 0.03 0.026
v 0.01482569 0.02999239 0.026
v 0.0146527 0.02996962 0.026
v 0.01448236 0.02993185 0.026
v 0.01693185 0.02748236 0.026
v 0.01696962 0.0276527 0.026
v 0.01699239 0.02782569 0.026
v 0.01385285 0.0263617 0.026
v 0.014 0.02626795 0.026
v 0.01415476 0.02618738 0.026
v 0.01431596 0.02612061 0.026
v 0.01448236 0.02606815 0.026
v 0.0146527 0.02603038 0.026
v 0.01482569 0.02600761 0.026
v 0.015 0.026 0.026
v 0.01517431 0.02600761 0.026
v 0.017 0.028 0.034
v 0.01699239 0.02782569 0.034
v 0.01696962 0.0276527 0.034
v 0.01693185 0.02748236 0.034
v 0.01687939 0.02731596 0.034
v 0.01681262 0.02715476 0.034
v 0.01673205 0.027 0.034
v 0.01839042 0.03210596 0.034
v 0.016 0.02973205 0.034
v 0.01614715 0.0296383 0.034
v 0.0166383 0.02685285 0.034
v 0.01653209 0.02671443 0.034
v 0.01641421 0.02658579 0.034
v 0.01687939 0.02868404 0.034
v 0.01693185 0.02851764 0.034
v 0.01628558 0.02646791 0.034
v 0.01614715 0.0263617 0.034
v 0.016 0.02626795 0.034
v 0.01584524 0.02618738 0.034
v 0.01568404 0.02612061 0.034
v 0.01551764 0.02606815 0.034
v 0.01358579 0.02658579 0.034
v 0.01346791 0.02671443 0.034
v 0.0133617 0.02685285 0.034
v 0.01326795 0.027 0.034
v 0.01318738 0.02715476 0.034
v 0.01628558 0.02953209 0.034
v 0.01641421 0.02941421 0.034
v 0.01653209 0.02928557 0.034
v 0.0166383 0.02914715 0.034
v 0.01696962 0.0283473 0.034
v 0.01699239 0.02817431 0.034
v 0.01303038 0.0283473 0.034
v 0.01306815 0.02851764 0.034
v 0.01312061 0.02868404 0.034
v 0.01318738 0.02884524 0.034
v 0.01584524 0.02981262 0.034
v 0.01568404 0.02987939 0.034
v 0.01673205 0.029 0.034
v 0.01681262 0.02884524 0.034
v 0.014 0.02626795 0.034
v 0.01385285 0.0263617 0.034
v 0.01371442 0.02646791 0.034
v 0.01312061 0.02731596 0.034
v 0.01306815 0.02748236 0.034
v 0.01303038 0.0276527 0.034
v 0.01371442 0.02953209 0.034
v 0.01358579 0.02941421 0.034
v 0.01346791 0.02928557 0.034
v 0.01385285 0.0296383 0.034
v 0.014 0.02973205 0.034
v 0.01415476 0.02981262 0.034
v 0.01448236 0.02606815 0.034
v 0.0146527 0.02603038 0.034
v 0.01482569 0.02600761 0.034
v 0.01326795 0.029 0.034
v 0.0133617 0.02914715 0.034
v 0.0153473 0.02603038 0.034
v 0.01517431 0.02600761 0.034
v 0.015 0.026 0.034
v 0.01431596 0.02612061 0.034
v 0.01415476 0.02618738 0.034
v 0.01300761 0.02782569 0.034
v 0.013 0.028 0.034
v 0.01300761 0.02817431 0.034
v 0.01431596 0.02987939 0.034
v 0.01448236 0.02993185 0.034
v 0.0146527 0.02996962 0.034
v 0.01482569 0.02999239 0.034
v 0.015 0.03 0.034
v 0.01517431 0.02999239 0.034
v 0.0153473 0.02996962 0.034
v 0.01551764 0.02993185 0.034
v -0.02 -0.03112876 0.034
v -0.02 -0.03112876 0.026
v -0.01839042 -0.03210596 0.026
v -0.01839042 -0.03210596 0.034
v -0.0167332 -0.033 0.026
v -0.0167332 -0.033 0.034
v -0.017 0.028 0.034
v -0.017 0.028 0.026
v -0.01699239 0.02817431 0.034
v -0.01699239 0.02817431 0.026
v -0.01696962 0.0283473 0.034
v -0.01696962 0.0283473 0.026
v -0.01693185 0.02851764 0.034
v -0.01693185 0.02851764 0.026
v -0.01687939 0.02868404 0.034
v -0.01687939 0.02868404 0.026
v -0.01681262 0.02884524 0.034
v -0.01681262 0.02884524 0.026
v -0.01673205 0.029 0.034
v -0.01673205 0.029 0.026
v -0.0166383 0.02914715 0.034
v -0.0166383 0.02914715 0.026
v -0.01653209 0.02928557 0.034
v -0.01653209 0.02928557 0.026
v -0.01641421 0.02941421 0.034
v -0.01641421 0.02941421 0.026
v -0.01628558 0.02953209 0.034
v -0.01628558 0.02953209 0.026
v -0.01614715 0.0296383 0.034
v -0.01614715 0.0296383 0.026
v -0.016 0.02973205 0.034
v -0.016 0.02973205 0.026
v -0.01584524 0.02981262 0.034
v -0.01584524 0.02981262 0.026
v -0.01568404 0.02987939 0.034
v -0.01568404 0.02987939 0.026
v -0.01551764 0.02993185 0.034
v -0.01551764 0.02993185 0.026
v -0.0153473 0.02996962 0.034
v -0.0153473 0.02996962 0.026
v -0.01517431 0.02999239 0.034
v -0.01517431 0.02999239 0.026
v -0.015 0.03 0.034
v -0.015 0.03 0.026
v -0.01482569 0.02999239 0.034
v -0.01482569 0.02999239 0.026
v -0.0146527 0.02996962 0.034
v -0.0146527 0.02996962 0.026
v -0.01448236 0.02993185 0.034
v -0.01448236 0.02993185 0.026
v -0.01431596 0.02987939 0.034
v -0.01431596 0.02987939 0.026
v -0.01415476 0.02981262 0.034
v -0.01415476 0.02981262 0.026
v -0.014 0.02973205 0.034
v -0.014 0.02973205 0.026
v -0.01385285 0.0296383 0.034
v -0.01385285 0.0296383 0.026
v -0.01371442 0.02953209 0.034
v -0.01371442 0.02953209 0.026
v -0.01358579 0.02941421 0.034
v -0.01358579 0.02941421 0.026
v -0.01346791 0.02928557 0.034
v -0.01346791 0.02928557 0.026
v -0.0133617 0.02914715 0.034
v -0.0133617 0.02914715 0.026
v -0.01326795 0.029 0.034
v -0.01326795 0.029 0.026
v -0.01318738 0.02884524 0.034
v -0.01318738 0.02884524 0.026
v -0.01312061 0.02868404 0.034
v -0.01312061 0.02868404 0.026
v -0.01306815 0.02851764 0.034
v -0.01306815 0.02851764 0.026
v -0.01303038 0.0283473 0.034
v -0.01303038 0.0283473 0.026
v -0.01300761 0.02817431 0.034
v -0.01300761 0.02817431 0.026
v -0.013 0.028 0.034
v -0.013 0.028 0.026
v -0.01300761 0.02782569 0.034
v -0.01300761 0.02782569 0.026
v -0.01303038 0.0276527 0.034
v -0.01303038 0.0276527 0.026
v -0.01306815 0.02748236 0.034
v -0.01306815 0.02748236 0.026
v -0.01312061 0.02731596 0.034
v -0.01312061 0.02731596 0.026
v -0.01318738 0.02715476 0.034
v -0.01318738 0.02715476 0.026
v -0.01326795 0.027 0.034
v -0.01326795 0.027 0.026
v -0.0133617 0.02685285 0.034
v -0.0133617 0.02685285 0.026
v -0.01346791 0.02671443 0.034
v -0.01346791 0.02671443 0.026
v -0.01358579 0.02658579 0.034
v -0.01358579 0.02658579 0.026
v -0.01371442 0.02646791 0.034
v -0.01371442 0.02646791 0.026
v -0.01385285 0.0263617 0.034
v -0.01385285 0.0263617 0.026
v -0.014 0.02626795 0.034
v -0.014 0.02626795 0.026
v -0.01415476 0.02618738 0.034
v -0.01415476 0.02618738 0.026
v -0.01431596 0.02612061 0.034
v -0.01431596 0.02612061 0.026
v -0.01448236 0.02606815 0.034
v -0.01448236 0.02606815 0.026
v -0.0146527 0.02603038 0.034
v -0.0146527 0.02603038 0.026
v -0.01482569 0.02600761 0.034
v -0.01482569 0.02600761 0.026
v -0.015 0.026 0.034
v -0.015 0.026 0.026
v -0.01517431 0.02600761 0.034
v -0.01517431 0.02600761 0.026
v -0.0153473 0.02603038 0.034
v -0.0153473 0.02603038 0.026
v -0.01551764 0.02606815 0.034
v -0.01551764 0.02606815 0.026
v -0.01568404 0.02612061 0.034
v -0.01568404 0.02612061 0.026
v -0.01584524 0.02618738 0.034
v -0.01584524 0.02618738 0.026
v -0.016 0.02626795 0.034
v -0.016 0.02626795 0.026
v -0.01614715 0.0263617 0.034
v -0.01614715 0.0263617 0.026
v -0.01628558 0.02646791 0.034
v -0.01628558 0.02646791 0.026
v -0.01641421 0.02658579 0.034
v -0.01641421 0.02658579 0.026
v -0.01653209 0.02671443 0.034
v -0.01653209 0.02671443 0.026
v -0.0166383 0.02685285 0.034
v -0.0166383 0.02685285 0.026
v -0.01673205 0.027 0.034
v -0.01673205 0.027 0.026
v -0.01681262 0.02715476 0.034
v -0.01681262 0.02715476 0.026
v -0.01687939 0.02731596 0.034
v -0.01687939 0.02731596 0.026
v -0.01693185 0.02748236 0.034
v -0.01693185 0.02748236 0.026
v -0.01696962 0.0276527 0.034
v -0.01696962 0.0276527 0.026
v -0.01699239 0.02782569 0.034
v -0.01699239 0.02782569 0.026
v -0.01 0.01981281 0.0277299
v -0.01 0.01997498 0.026
v -0.01 0.033 0.026
v -0.01 -0.033 0.026
v -0.01 -0.01997498 0.026
v -0.01 -0.01981281 0.0277299
v -0.01 -0.01950112 0.02943919
v -0.01 -0.02332381 0.034
v -0.01 -0.033 0.034
v -0.01 0.02332381 0.034
v -0.01 0.01843965 0.03274462
v -0.01 0.01904224 0.03111498
v -0.01 0.033 0.034
v -0.01 0.01950112 0.02943919
v -0.01 0.0176979 0.03431582
v -0.01 0.02246572 0.03596775
v -0.01 0.01682257 0.0358167
v -0.01 0.02144198 0.03785464
v -0.01 0.01582029 0.03723595
v -0.01 0.02026013 0.03964674
v -0.01 0.01469861 0.03856285
v -0.01 0.01892891 0.04133084
v -0.01 0.01346599 0.0397874
v -0.01 0.01745811 0.04289453
v -0.01 0.01213175 0.04090034
v -0.01 0.01585859 0.04432628
v -0.01 0.01070594 0.04189328
v -0.01 0.01414214 0.04561553
v -0.01 0.00919934 0.04275872
v -0.01 0.01232141 0.04675277
v -0.01 0.00762331 0.04349014
v -0.01 0.01040983 0.04772962
v -0.01 0.00598974 0.04408201
v -0.01 0.00842149 0.04853887
v -0.01 0.00431097 0.04452986
v -0.01 0.00637106 0.04917457
v -0.01 0.00259967 0.04483032
v -0.01 0.00427365 0.04963201
v -0.01 0.00086874 0.04498112
v -0.01 0.00214473 0.04990783
v -0.01 0 0.05
v -0.01 -0.00086874 0.04498112
v -0.01 -0.00214473 0.04990783
v -0.01 -0.00259967 0.04483032
v -0.01 -0.00427365 0.04963201
v -0.01 -0.00431097 0.04452986
v -0.01 -0.00637106 0.04917457
v -0.01 -0.00598974 0.04408201
v -0.01 -0.00842149 0.04853887
v -0.01 -0.00762331 0.04349014
v -0.01 -0.01040983 0.04772962
v -0.01 -0.00919934 0.04275872
v -0.01 -0.01232141 0.04675277
v -0.01 -0.01070594 0.04189328
v -0.01 -0.01414214 0.04561553
v -0.01 -0.01213175 0.04090034
v -0.01 -0.01585859 0.04432628
v -0.01 -0.01346599 0.0397874
v -0.01 -0.01745811 0.04289453
v -0.01 -0.01469861 0.03856285
v -0.01 -0.01892891 0.04133084
v -0.01 -0.01582029 0.03723595
v -0.01 -0.02026013 0.03964674
v -0.01 -0.01682257 0.0358167
v -0.01 -0.02144198 0.03785464
v -0.01 -0.0176979 0.03431582
v -0.01 -0.02246572 0.03596775
v -0.01 -0.01843965 0.03274462
v -0.01 -0.01904224 0.03111498
v -0.0167332 0.033 0.034
v -0.0167332 0.033 0.026
v -0.01839042 0.03210596 0.026
v -0.01839042 0.03210596 0.034
v -0.02 0.03112876 0.026
v -0.02 0.03112876 0.034
v -0.02 -0.01981281 0.0277299
v -0.02 -0.01997498 0.026
v -0.02 0.01997498 0.026
v -0.02 0.01981281 0.0277299
v -0.02 -0.02332381 0.034
v -0.02 -0.01843965 0.03274462
v -0.02 -0.01904224 0.03111498
v -0.02 0.01950112 0.02943919
v -0.02 0.02332381 0.034
v -0.02 -0.01950112 0.02943919
v -0.02 -0.00086874 0.04498112
v -0.02 0 0.05
v -0.02 0.00086874 0.04498112
v -0.02 0.00214473 0.04990783
v -0.02 0.00259967 0.04483032
v -0.02 0.00427365 0.04963201
v -0.02 0.00431097 0.04452986
v -0.02 0.00637106 0.04917457
v -0.02 0.00598974 0.04408201
v -0.02 0.00842149 0.04853887
v -0.02 0.00762331 0.04349014
v -0.02 0.01040983 0.04772962
v -0.02 0.00919934 0.04275872
v -0.02 0.01232141 0.04675277
v -0.02 0.01070594 0.04189328
v -0.02 0.01414214 0.04561553
v -0.02 0.01213175 0.04090034
v -0.02 0.01585859 0.04432628
v -0.02 0.01346599 0.0397874
v -0.02 0.01745811 0.04289453
v -0.02 0.01469861 0.03856285
v -0.02 0.01892891 0.04133084
v -0.02 0.01582029 0.03723595
v -0.02 0.02026013 0.03964674
v -0.02 0.01682257 0.0358167
v -0.02 0.02144198 0.03785464
v -0.02 0.0176979 0.03431582
v -0.02 0.02246572 0.03596775
v -0.02 0.01843965 0.03274462
v -0.02 0.01904224 0.03111498
v -0.02 -0.0176979 0.03431582
v -0.02 -0.02246572 0.03596775
v -0.02 -0.01682257 0.0358167
v -0.02 -0.02144198 0.03785464
v -0.02 -0.01582029 0.03723595
v -0.02 -0.02026013 0.03964674
v -0.02 -0.01469861 0.03856285
v -0.02 -0.01892891 0.04133084
v -0.02 -0.01346599 0.0397874
v -0.02 -0.01745811 0.04289453
v -0.02 -0.01213175 0.04090034
v -0.02 -0.01585859 0.04432628
v -0.02 -0.01070594 0.04189328
v -0.02 -0.01414214 0.04561553
v -0.02 -0.00919934 0.04275872
v -0.02 -0.01232141 0.04675277
v -0.02 -0.00762331 0.04349014
v -0.02 -0.01040983 0.04772962
v -0.02 -0.00598974 0.04408201
v -0.02 -0.00842149 0.04853887
v -0.02 -0.00431097 0.04452986
v -0.02 -0.00637106 0.04917457
v -0.02 -0.00259967 0.04483032
v -0.02 -0.00427365 0.04963201
v -0.02 -0.00214473 0.04990783
v -0.01517431 -0.02999239 0.026
v -0.015 -0.03 0.026
v -0.01431596 -0.02987939 0.026
v -0.01415476 -0.02981262 0.026
v -0.01415476 -0.02618738 0.026
v -0.01431596 -0.02612061 0.026
v -0.01448236 -0.02606815 0.026
v -0.01517431 -0.02600761 0.026
v -0.0153473 -0.02603038 0.026
v -0.017 -0.028 0.026
v -0.01699239 -0.02817431 0.026
v -0.01696962 -0.0283473 0.026
v -0.01693185 -0.02851764 0.026
v -0.01346791 -0.02928557 0.026
v -0.01358579 -0.02941421 0.026
v -0.01371442 -0.02953209 0.026
v -0.01584524 -0.02618738 0.026
v -0.016 -0.02626795 0.026
v -0.01614715 -0.0263617 0.026
v -0.01628558 -0.02646791 0.026
v -0.01641421 -0.02658579 0.026
v -0.01653209 -0.02671443 0.026
v -0.0166383 -0.02685285 0.026
v -0.01482569 -0.02999239 0.026
v -0.0146527 -0.02996962 0.026
v -0.01448236 -0.02993185 0.026
v -0.014 -0.02973205 0.026
v -0.01385285 -0.0296383 0.026
v -0.01673205 -0.027 0.026
v -0.01681262 -0.02715476 0.026
v -0.01687939 -0.02731596 0.026
v -0.01687939 -0.02868404 0.026
v -0.01681262 -0.02884524 0.026
v -0.01673205 -0.029 0.026
v -0.0133617 -0.02914715 0.026
v -0.01326795 -0.029 0.026
v -0.01318738 -0.02884524 0.026
v -0.01551764 -0.02606815 0.026
v -0.01568404 -0.02612061 0.026
v -0.0146527 -0.02603038 0.026
v -0.01482569 -0.02600761 0.026
v -0.015 -0.026 0.026
v -0.01693185 -0.02748236 0.026
v -0.01696962 -0.0276527 0.026
v -0.01699239 -0.02782569 0.026
v -0.0166383 -0.02914715 0.026
v -0.01653209 -0.02928557 0.026
v -0.01641421 -0.02941421 0.026
v -0.01628558 -0.02953209 0.026
v -0.01568404 -0.02987939 0.026
v -0.01551764 -0.02993185 0.026
v -0.0153473 -0.02996962 0.026
v -0.0133617 -0.02685285 0.026
v -0.01346791 -0.02671443 0.026
v -0.01358579 -0.02658579 0.026
v -0.01371442 -0.02646791 0.026
v -0.01385285 -0.0263617 0.026
v -0.014 -0.02626795 0.026
v -0.01614715 -0.0296383 0.026
v -0.016 -0.02973205 0.026
v -0.01584524 -0.02981262 0.026
v -0.01303038 -0.0276527 0.026
v -0.01306815 -0.02748236 0.026
v -0.01312061 -0.02731596 0.026
v -0.01312061 -0.02868404 0.026
v -0.01306815 -0.02851764 0.026
v -0.01303038 -0.0283473 0.026
v -0.01318738 -0.02715476 0.026
v -0.01326795 -0.027 0.026
v -0.01300761 -0.02817431 0.026
v -0.013 -0.028 0.026
v -0.01300761 -0.02782569 0.026
v -0.017 -0.028 0.034
v -0.01699239 -0.02782569 0.034
v -0.01696962 -0.0276527 0.034
v -0.01693185 -0.02748236 0.034
v -0.01687939 -0.02731596 0.034
v -0.01681262 -0.02715476 0.034
v -0.01673205 -0.027 0.034
v -0.0166383 -0.02685285 0.034
v -0.01653209 -0.02671443 0.034
v -0.01641421 -0.02658579 0.034
v -0.01628558 -0.02646791 0.034
v -0.01614715 -0.0263617 0.034
v -0.016 -0.02626795 0.034
v -0.01584524 -0.02618738 0.034
v -0.01568404 -0.02612061 0.034
v -0.01551764 -0.02606815 0.034
v -0.0153473 -0.02603038 0.034
v -0.01517431 -0.02600761 0.034
v -0.015 -0.026 0.034
v -0.01482569 -0.02600761 0.034
v -0.0146527 -0.02603038 0.034
v -0.01448236 -0.02606815 0.034
v -0.01431596 -0.02612061 0.034
v -0.01415476 -0.02618738 0.034
v -0.014 -0.02626795 0.034
v -0.01385285 -0.0263617 0.034
v -0.01371442 -0.02646791 0.034
v -0.01358579 -0.02658579 0.034
v -0.01346791 -0.02671443 0.034
v -0.0133617 -0.02685285 0.034
v -0.01326795 -0.027 0.034
v -0.01318738 -0.02715476 0.034
v -0.01312061 -0.02731596 0.034
v -0.01306815 -0.02748236 0.034
v -0.01303038 -0.0276527 0.034
v -0.01300761 -0.02782569 0.034
v -0.013 -0.028 0.034
v -0.01300761 -0.02817431 0.034
v -0.01303038 -0.0283473 0.034
v -0.01306815 -0.02851764 0.034
v -0.01312061 -0.02868404 0.034
v -0.01318738 -0.02884524 0.034
v -0.01326795 -0.029 0.034
v -0.0133617 -0.02914715 0.034
v -0.01346791 -0.02928557 0.034
v -0.01358579 -0.02941421 0.034
v -0.01371442 -0.02953209 0.034
v -0.01385285 -0.0296383 0.034
v -0.014 -0.02973205 0.034
v -0.01415476 -0.02981262 0.034
v -0.01431596 -0.02987939 0.034
v -0.01448236 -0.02993185 0.034
v -0.0146527 -0.02996962 0.034
v -0.01482569 -0.02999239 0.034
v -0.015 -0.03 0.034
v -0.01517431 -0.02999239 0.034
v -0.0153473 -0.02996962 0.034
v -0.01551764 -0.02993185 0.034
v -0.01568404 -0.02987939 0.034
v -0.01584524 -0.02981262 0.034
v -0.016 -0.02973205 0.034
v -0.01614715 -0.0296383 0.034
v -0.01628558 -0.02953209 0.034
v -0.01641421 -0.02941421 0.034
v -0.01653209 -0.02928557 0.034
v -0.0166383 -0.02914715 0.034
v -0.01673205 -0.029 0.034
v -0.01681262 -0.02884524 0.034
v -0.01687939 -0.02868404 0.034
v -0.01693185 -0.02851764 0.034
v -0.01696962 -0.0283473 0.034
v -0.01699239 -0.02817431 0.034
vn 0.60877 -0.79335 0.00024
vn 0.5373 -0.84339 0.00024
vn 0.55558 -0.83146 -0
vn 0.5914 -0.80637 0
vn 0.46175 -0.88701 0.00023
vn 0.48104 -0.8767 -0
vn 0.51879 -0.8549 0
vn 0.38268 -0.92388 0.00023
vn 0.40285 -0.91527 -0
vn 0.44235 -0.89684 0
vn 0.3007 -0.95372 0.00023
vn 0.32144 -0.94693 -0
vn 0.36253 -0.93197 0
vn 0.21644 -0.9763 0.00023
vn 0.23771 -0.97134 -0
vn 0.27982 -0.96005 0
vn 0.13052 -0.99145 0.00023
vn 0.15219 -0.98835 -0
vn 0.19511 -0.98078 0
vn 0.04362 -0.99905 0.00023
vn 0.06541 -0.99786 -0
vn 0.10892 -0.99405 0
vn -0.04362 -0.99905 0.00023
vn -0.02187 -0.99976 -0
vn 0.02182 -0.99976 0
vn -0.13052 -0.99145 0.00023
vn -0.10888 -0.99405 -0
vn -0.06547 -0.99785 0
vn -0.21644 -0.9763 0.00023
vn -0.19507 -0.98079 -0
vn -0.15213 -0.98836 0
vn -0.3007 -0.95372 0.00023
vn -0.27994 -0.96002 -0
vn -0.23766 -0.97135 0
vn -0.38268 -0.92388 0.00023
vn -0.36252 -0.93198 -0
vn -0.32155 -0.94689 0
vn -0.46175 -0.88701 0.00023
vn -0.44232 -0.89686 -0
vn -0.40282 -0.91528 0
vn -0.5373 -0.84339 0.00024
vn -0.51882 -0.85488 -0
vn -0.48102 -0.87671 0
vn -0.9763 0.21644 0
vn -0.99145 0.13052 -0
vn -0.99905 0.04362 -0
vn -0.99905 -0.04362 -0
vn -0.99145 -0.13052 -0
vn -0.9763 -0.21644 -0
vn -0.95372 -0.3007 -0
vn -0.92388 -0.38269 -0
vn -0.88701 -0.46175 -0
vn -0.84339 -0.5373 -0
vn -0.79335 -0.60876 -0
vn -0.73728 -0.67559 -0
vn -0.67559 -0.73728 -0
vn -0.62602 -0.77981 -0
vn -0.60877 -0.79335 0.00024
vn -0.59142 -0.80637 -0
vn -0.55562 -0.83144 0
vn -0.95135 0.3081 0.0002
vn -0.96386 0.26639 -0
vn -0.95372 0.3007 0
vn -0.92388 0.38269 -0
vn -0.88701 0.46175 -0
vn -0.84339 0.53729 -0
vn -0.79335 0.60876 -0
vn -0.73728 0.67559 0
vn -0.72255 0.69132 0.00058
vn -0.7519 0.65928 0
vn -0.60877 0.79335 0
vn -0.59145 0.80634 0.00059
vn -0.62596 0.77986 -0
vn -0.67559 0.73728 0
vn -0.65946 0.75174 0.00059
vn -0.69151 0.72237 0
vn -0.46175 0.88701 0
vn -0.44237 0.89683 0.0006
vn -0.48098 0.87673 -0
vn -0.5373 0.84339 0
vn -0.51894 0.85481 0.00059
vn -0.55563 0.83143 0
vn -0.3007 0.95372 0
vn -0.27992 0.96002 0.0006
vn -0.32148 0.94692 -0
vn -0.38269 0.92388 0
vn -0.36251 0.93198 0.0006
vn -0.40275 0.91531 0
vn -0.13053 0.99144 0
vn -0.10884 0.99406 0.00061
vn -0.15208 0.98837 -0
vn -0.21644 0.9763 0
vn -0.19521 0.98076 0.0006
vn -0.23776 0.97132 0
vn 0.04362 0.99905 0.0003
vn 0.02178 0.99976 -0
vn -0.04362 0.99905 0
vn -0.02181 0.99976 0.00061
vn -0.06539 0.99786 0
vn 0.13053 0.99144 0.0003
vn 0.10885 0.99406 -0
vn 0.06537 0.99786 -0
vn 0.21644 0.9763 0.0003
vn 0.19515 0.98077 -0
vn 0.1521 0.98836 -0
vn 0.3007 0.95372 0.0003
vn 0.27985 0.96005 -0
vn 0.23775 0.97133 -0
vn 0.38269 0.92388 0.0003
vn 0.36242 0.93201 -0
vn 0.32146 0.94692 -0
vn 0.46175 0.88701 0.0003
vn 0.44232 0.89686 -0
vn 0.40273 0.91532 -0
vn 0.5373 0.84339 0.0003
vn 0.51884 0.85487 -0
vn 0.48103 0.8767 -0
vn 0.60877 0.79335 0.0003
vn 0.59135 0.80642 -0
vn 0.55563 0.83143 -0
vn 0.67559 0.73728 0.00029
vn 0.65934 0.75184 -0
vn 0.62596 0.77986 -0
vn 0.92388 0.38269 0
vn 0.88701 0.46175 0
vn 0.84339 0.5373 0
vn 0.79335 0.60876 0
vn 0.75186 0.65933 0
vn 0.73728 0.67558 0.00029
vn 0.72239 0.69148 -0
vn 0.69151 0.72237 -0
vn 0.96398 0.26597 0.00092
vn 0.95133 0.30819 -0
vn 0.62602 -0.7798 0
vn 0.67558 -0.73728 -0
vn 0.73728 -0.67558 -0
vn 0.79335 -0.60876 -0
vn 0.84339 -0.5373 -0
vn 0.88701 -0.46175 -0
vn 0.92388 -0.38269 -0
vn 0.95372 -0.3007 -0
vn 0.97629 -0.21645 -0
vn 0.99145 -0.13052 -0
vn 0.99905 -0.04362 -0
vn 0.99905 0.04362 0
vn 0.99145 0.13052 0
vn 0.97629 0.21645 0
vn 0.95372 0.3007 0
vn 0.60876 -0.79335 0.00024
vn 0.5373 -0.84339 0.00024
vn 0.55559 -0.83146 -0
vn 0.5914 -0.80638 0
vn 0.46175 -0.88701 0.00023
vn 0.48104 -0.8767 -0
vn 0.38268 -0.92388 0.00023
vn 0.40284 -0.91527 -0
vn 0.44235 -0.89684 0
vn 0.3007 -0.95372 0.00023
vn 0.36254 -0.93197 0
vn 0.21644 -0.9763 0.00023
vn 0.27982 -0.96005 0
vn 0.13052 -0.99145 0.00023
vn 0.15219 -0.98835 -0
vn 0.19511 -0.98078 0
vn 0.04362 -0.99905 0.00023
vn 0.10892 -0.99405 0
vn -0.04362 -0.99905 0.00023
vn -0.02187 -0.99976 -0
vn 0.02182 -0.99976 0
vn -0.13052 -0.99145 0.00023
vn -0.10888 -0.99405 -0
vn -0.06546 -0.99785 0
vn -0.21644 -0.9763 0.00023
vn -0.15213 -0.98836 0
vn -0.3007 -0.95372 0.00023
vn -0.23766 -0.97135 0
vn -0.38268 -0.92388 0.00023
vn -0.36251 -0.93198 -0
vn -0.32156 -0.94689 0
vn -0.40281 -0.91528 0
vn -0.5373 -0.84339 0.00024
vn -0.51882 -0.85488 -0
vn -0.9763 0.21644 0
vn -0.99144 0.13053 -0
vn -0.99905 0.04362 -0
vn -0.99905 -0.04362 -0
vn -0.99144 -0.13053 -0
vn -0.9763 -0.21644 -0
vn -0.95372 -0.30071 -0
vn -0.92388 -0.38268 -0
vn -0.88701 -0.46175 -0
vn -0.84339 -0.5373 -0
vn -0.79335 -0.60876 -0
vn -0.73728 -0.67559 -0
vn -0.67559 -0.73728 -0
vn -0.62602 -0.77981 -0
vn -0.60876 -0.79335 0.00024
vn -0.59141 -0.80637 -0
vn -0.55563 -0.83143 0
vn -0.95135 0.30811 0.0002
vn -0.95372 0.30071 0
vn -0.92388 0.38268 -0
vn -0.88701 0.46175 -0
vn -0.84339 0.5373 -0
vn -0.79335 0.60876 -0
vn -0.73728 0.67559 0
vn -0.72255 0.69132 0.00058
vn -0.7519 0.65927 0
vn -0.60876 0.79335 0
vn -0.59145 0.80634 0.00059
vn -0.62595 0.77986 -0
vn -0.67559 0.73728 0
vn -0.65946 0.75174 0.00059
vn -0.5373 0.84339 0
vn -0.51894 0.85481 0.00059
vn -0.30071 0.95372 0
vn -0.27992 0.96002 0.0006
vn -0.32148 0.94692 -0
vn -0.38268 0.92388 0
vn -0.36251 0.93198 0.0006
vn -0.40275 0.91531 0
vn -0.13053 0.99144 0
vn -0.10884 0.99406 0.00061
vn -0.15208 0.98837 -0
vn -0.21644 0.9763 0
vn -0.19521 0.98076 0.0006
vn -0.23776 0.97132 0
vn 0.04362 0.99905 0.0003
vn 0.02178 0.99976 -0
vn -0.04362 0.99905 0
vn -0.02181 0.99976 0.00061
vn -0.06539 0.99786 0
vn 0.13053 0.99144 0.0003
vn 0.10885 0.99406 -0
vn 0.06537 0.99786 -0
vn 0.21644 0.9763 0.0003
vn 0.19515 0.98077 -0
vn 0.30071 0.95372 0.0003
vn 0.27985 0.96004 -0
vn 0.23775 0.97133 -0
vn 0.38268 0.92388 0.0003
vn 0.36242 0.93201 -0
vn 0.32146 0.94692 -0
vn 0.46175 0.88701 0.0003
vn 0.44233 0.89685 -0
vn 0.40273 0.91532 -0
vn 0.5373 0.84339 0.0003
vn 0.51884 0.85487 -0
vn 0.48103 0.87671 -0
vn 0.60876 0.79335 0.0003
vn 0.59134 0.80642 -0
vn 0.55564 0.83142 -0
vn 0.67559 0.73728 0.00029
vn 0.65935 0.75184 -0
vn 0.62596 0.77986 -0
vn 0.92388 0.38268 0
vn 0.79335 0.60876 0
vn 0.73728 0.67559 0.00029
vn 0.72238 0.69149 -0
vn 0.69151 0.72237 -0
vn 0.96397 0.26599 0.00092
vn 0.95132 0.30819 -0
vn 0.62602 -0.77981 0
vn 0.67559 -0.73728 -0
vn 0.73728 -0.67559 -0
vn 0.79335 -0.60876 -0
vn 0.92388 -0.38268 -0
vn 0.95372 -0.30071 -0
vn 0.9763 -0.21644 -0
vn 0.99144 -0.13053 -0
vn 0.99144 0.13053 0
vn 0.9763 0.21644 0
vn 0.95372 0.30071 0
vn 0.95135 -0.30811 0.0002
vn 0.84339 -0.5373 -0
vn 0.79335 -0.60876 -0
vn 0.73728 -0.67559 0
vn 0.72252 -0.69135 0.00058
vn 0.75188 -0.65931 0
vn 0.60876 -0.79335 0
vn 0.59141 -0.80637 0.00059
vn 0.62591 -0.7799 -0
vn 0.67559 -0.73728 0
vn 0.65953 -0.75168 0.00058
vn 0.69158 -0.7223 0
vn 0.46175 -0.88701 0
vn 0.44243 -0.8968 0.0006
vn 0.48104 -0.8767 -0
vn 0.5373 -0.84339 0
vn 0.51889 -0.85484 0.00059
vn 0.55558 -0.83146 0
vn 0.30071 -0.95372 0
vn 0.27987 -0.96004 0.0006
vn 0.32141 -0.94694 -0
vn 0.38268 -0.92388 0
vn 0.36258 -0.93195 0.0006
vn 0.40282 -0.91528 0
vn 0.13053 -0.99144 0
vn 0.10895 -0.99405 0.00061
vn 0.15218 -0.98835 -0
vn 0.21644 -0.9763 0
vn 0.19514 -0.98077 0.0006
vn 0.2377 -0.97134 0
vn -0.04362 -0.99905 0.0003
vn -0.02185 -0.99976 -0
vn 0.04362 -0.99905 0
vn 0.02178 -0.99976 0.00061
vn 0.06537 -0.99786 0
vn -0.13053 -0.99144 0.0003
vn -0.10886 -0.99406 -0
vn -0.06544 -0.99786 0
vn -0.21644 -0.9763 0.0003
vn -0.19504 -0.98079 -0
vn -0.15212 -0.98836 0
vn -0.30071 -0.95372 0.0003
vn -0.27992 -0.96002 -0
vn -0.23764 -0.97135 0
vn -0.38268 -0.92388 0.0003
vn -0.36249 -0.93199 -0
vn -0.32152 -0.9469 0
vn -0.46175 -0.88701 0.0003
vn -0.4423 -0.89687 -0
vn -0.4028 -0.91529 0
vn -0.5373 -0.84339 0.0003
vn -0.51875 -0.85493 -0
vn -0.481 -0.87672 0
vn -0.60876 -0.79335 0.0003
vn -0.5914 -0.80638 -0
vn -0.55554 -0.83149 0
vn -0.67559 -0.73728 0.00029
vn -0.6594 -0.75179 -0
vn -0.62601 -0.77981 0
vn -0.84339 -0.5373 -0
vn -0.79335 -0.60876 -0
vn -0.75186 -0.65932 -0
vn -0.73728 -0.67559 0.00029
vn -0.72239 -0.69149 -0
vn -0.69156 -0.72232 0
vn -0.96397 -0.26599 0.00092
vn -0.95133 -0.30819 -0
vn -0.67559 0.73728 0
vn -0.73728 0.67559 -0
vn -0.79335 0.60876 -0
vn -0.84339 0.5373 -0
vn -0.99905 0.04362 -0
vn -0.99905 -0.04362 -0
vn -0.60876 0.79335 0.00024
vn -0.62595 0.77986 -0
vn -0.5373 0.84339 0.00024
vn -0.55564 0.83142 -0
vn -0.59134 0.80642 0
vn -0.46175 0.88701 0.00023
vn -0.4811 0.87667 -0
vn -0.51884 0.85487 0
vn -0.38268 0.92388 0.00023
vn -0.40276 0.91531 -0
vn -0.4424 0.89682 0
vn -0.3007 0.95372 0.00023
vn -0.32149 0.94691 -0
vn -0.36245 0.932 0
vn -0.21644 0.9763 0.00023
vn -0.23779 0.97132 -0
vn -0.27988 0.96003 0
vn -0.13052 0.99145 0.00023
vn -0.15207 0.98837 -0
vn -0.19519 0.98077 0
vn -0.04362 0.99905 0.00023
vn -0.0654 0.99786 -0
vn -0.10882 0.99406 0
vn 0.04362 0.99905 0.00023
vn 0.02179 0.99976 -0
vn -0.0218 0.99976 0
vn 0.13052 0.99145 0.00023
vn 0.1089 0.99405 -0
vn 0.06537 0.99786 -0
vn 0.21644 0.9763 0.00023
vn 0.19516 0.98077 -0
vn 0.15215 0.98836 -0
vn 0.3007 0.95372 0.00023
vn 0.27986 0.96004 -0
vn 0.23777 0.97132 -0
vn 0.38268 0.92388 0.00023
vn 0.36244 0.93201 -0
vn 0.32147 0.94692 -0
vn 0.46175 0.88701 0.00023
vn 0.44242 0.89681 -0
vn 0.40275 0.91531 -0
vn 0.5373 0.84339 0.00024
vn 0.51886 0.85486 -0
vn 0.48111 0.87666 -0
vn 0.96386 -0.26639 0
vn 0.99905 -0.04362 -0
vn 0.99905 0.04362 0
vn 0.84339 0.5373 0
vn 0.79335 0.60876 0
vn 0.73728 0.67559 0
vn 0.67559 0.73728 0
vn 0.62596 0.77986 0
vn 0.60876 0.79335 0.00024
vn 0.59135 0.80641 -0
vn 0.55565 0.83142 -0
vn 0.95135 -0.3081 0.0002
vn 0.79335 -0.60876 -0
vn 0.73728 -0.67559 0
vn 0.72252 -0.69135 0.00058
vn 0.75188 -0.6593 0
vn 0.60877 -0.79335 0
vn 0.59141 -0.80637 0.00059
vn 0.62592 -0.77989 -0
vn 0.67559 -0.73728 0
vn 0.65953 -0.75168 0.00058
vn 0.69157 -0.72231 0
vn 0.44243 -0.8968 0.0006
vn 0.48104 -0.8767 -0
vn 0.5373 -0.84339 0
vn 0.51889 -0.85484 0.00059
vn 0.55558 -0.83146 0
vn 0.3007 -0.95372 0
vn 0.27986 -0.96004 0.0006
vn 0.32141 -0.94694 -0
vn 0.38269 -0.92388 0
vn 0.36259 -0.93195 0.0006
vn 0.40282 -0.91528 0
vn 0.13053 -0.99144 0
vn 0.10895 -0.99405 0.00061
vn 0.15218 -0.98835 -0
vn 0.21644 -0.9763 0
vn 0.19515 -0.98077 0.0006
vn 0.2377 -0.97134 0
vn -0.04362 -0.99905 0.0003
vn -0.02185 -0.99976 -0
vn 0.04362 -0.99905 0
vn 0.02178 -0.99976 0.00061
vn -0.13053 -0.99144 0.0003
vn -0.10886 -0.99406 -0
vn -0.21644 -0.9763 0.0003
vn -0.19504 -0.98079 -0
vn -0.3007 -0.95372 0.0003
vn -0.27992 -0.96002 -0
vn -0.23765 -0.97135 0
vn -0.38269 -0.92388 0.0003
vn -0.32152 -0.9469 0
vn -0.46175 -0.88701 0.0003
vn -0.44229 -0.89687 -0
vn -0.4028 -0.91529 0
vn -0.5373 -0.84339 0.0003
vn -0.51874 -0.85493 -0
vn -0.481 -0.87672 0
vn -0.60877 -0.79335 0.0003
vn -0.67559 -0.73728 0.00029
vn -0.65939 -0.7518 -0
vn -0.62602 -0.77981 0
vn -0.84339 -0.53729 -0
vn -0.79335 -0.60876 -0
vn -0.75186 -0.65932 -0
vn -0.73728 -0.67559 0.00029
vn -0.69157 -0.72231 0
vn -0.96397 -0.26599 0.00092
vn -0.95133 -0.30819 -0
vn -0.67559 0.73728 0
vn -0.73728 0.67559 -0
vn -0.79335 0.60876 -0
vn -0.84339 0.5373 -0
vn -0.99905 0.04362 -0
vn -0.99905 -0.04362 -0
vn -0.60877 0.79335 0.00024
vn -0.62596 0.77986 -0
vn -0.5373 0.84339 0.00024
vn -0.55564 0.83143 -0
vn -0.59134 0.80642 0
vn -0.46175 0.88701 0.00023
vn -0.48111 0.87666 -0
vn -0.51883 0.85487 0
vn -0.38268 0.92388 0.00023
vn -0.40276 0.9153 -0
vn -0.44239 0.89682 0
vn -0.3007 0.95372 0.00023
vn -0.32149 0.94691 -0
vn -0.36244 0.93201 0
vn -0.21644 0.9763 0.00023
vn -0.23779 0.97132 -0
vn -0.27988 0.96004 0
vn -0.13052 0.99145 0.00023
vn -0.15207 0.98837 -0
vn -0.19518 0.98077 0
vn -0.04362 0.99905 0.00023
vn -0.0654 0.99786 -0
vn -0.10882 0.99406 0
vn 0.04362 0.99905 0.00023
vn 0.02179 0.99976 -0
vn -0.0218 0.99976 0
vn 0.13052 0.99145 0.00023
vn 0.1089 0.99405 -0
vn 0.06537 0.99786 -0
vn 0.21644 0.9763 0.00023
vn 0.19517 0.98077 -0
vn 0.3007 0.95372 0.00023
vn 0.27985 0.96004 -0
vn 0.38268 0.92388 0.00023
vn 0.36245 0.93201 -0
vn 0.32148 0.94692 -0
vn 0.46175 0.88701 0.00023
vn 0.44241 0.89681 -0
vn 0.5373 0.84339 0.00024
vn 0.51886 0.85486 -0
vn 0.48112 0.87666 -0
vn 0.96387 -0.26636 0
vn 0.79335 0.60876 0
vn 0.73728 0.67558 0
vn 0.67558 0.73728 0
vn 0.62596 0.77985 0
vn 0.60877 0.79335 0.00024
vn 0.59136 0.80641 -0
vn 0.55564 0.83142 -0
vn 0 -1 0
vn 0 0 1
vn 0.4748 -0.8801 0
vn 0.51896 -0.8548 -0
vn 0.00129 0.48864 0.87248
vn 0.00411 0.48104 0.87669
vn 0.01253 0.45476 0.89053
vn 0.01877 0.46167 0.88685
vn 0.0157 0.46461 0.88538
vn 0.00876 0.47312 0.88095
vn 0.00615 0.44542 0.8953
vn 0.00217 0.43673 0.89959
vn 0.00017 0.42835 0.90361
vn -0.00283 0.50503 0.8631
vn -0 0.5373 0.84339
vn -0 0.49614 0.86824
vn -0.00228 0.51211 0.85892
vn -0.00182 0.51872 0.85494
vn -0.00144 0.5248 0.85123
vn -0.00032 0.55029 0.83498
vn -0.00029 0.55123 0.83435
vn -0.00026 0.55247 0.83353
vn -0.00042 0.54699 0.83714
vn -0.00038 0.54819 0.83635
vn -0.00035 0.54927 0.83564
vn -0.00058 0.54245 0.84009
vn -0.00052 0.54412 0.83901
vn -0.00047 0.54564 0.83802
vn -0.00083 0.53644 0.84394
vn -0.00074 0.5386 0.84256
vn -0.00065 0.5406 0.84128
vn -0.0012 0.52904 0.8486
vn -0.00106 0.53167 0.84695
vn -0.00094 0.53413 0.8454
vn 0.00023 0.55691 0.83058
vn 0.00037 0.55379 0.83266
vn 0.00044 0.5522 0.83371
vn 0.0005 0.55109 0.83445
vn 0.00055 0.55 0.83517
vn 0.00061 0.54884 0.83593
vn 0.00068 0.54763 0.83672
vn 0.00076 0.54622 0.83764
vn 0.00085 0.54472 0.83862
vn 0.00095 0.54304 0.83971
vn 0.00107 0.5412 0.84089
vn 0.00121 0.53922 0.84216
vn 0.00138 0.53708 0.84353
vn 0.00156 0.53479 0.84498
vn 0.00177 0.53235 0.84652
vn -0 0.51082 0.85969
vn -0 0.50369 0.86389
vn -0.00198 0.57058 0.82124
vn -0.00122 0.55059 0.83478
vn -0.0014 0.55295 0.83321
vn -0.00166 0.55636 0.83094
vn -0.00081 0.54464 0.83867
vn -0.00094 0.54662 0.83738
vn -0.00107 0.54856 0.83611
vn -0.00044 0.53822 0.84281
vn -0.00056 0.54046 0.84137
vn -0.00068 0.54261 0.83999
vn -0.00015 0.53077 0.84752
vn -0.00023 0.53337 0.84588
vn -0.00033 0.53585 0.84431
vn -0 0.5175 0.85568
vn -0 0.52366 0.85193
vn -8E-05 0.52803 0.84923
vn 0.002 0.52976 0.84814
vn 0.00241 0.52557 0.85075
vn -0.00324 0.57628 0.81725
vn -0.00222 0.56342 0.82617
vn -0.00043 0.56371 0.82597
vn 0.00034 0.56038 0.82823
vn 0.00081 0.5584 0.82957
vn 0.00118 0.55688 0.83059
vn 0.0015 0.55564 0.83142
vn 0.00183 0.55446 0.83221
vn 0.00217 0.55329 0.83299
vn 0.00254 0.5521 0.83377
vn 0.00298 0.55082 0.83462
vn 0.00348 0.54947 0.83551
vn 0.00406 0.54801 0.83646
vn 0.00475 0.54646 0.83747
vn 0.00554 0.5448 0.83855
vn 0.00648 0.54304 0.83968
vn 0.00756 0.54118 0.84087
vn 0.00882 0.53921 0.84212
vn 0.01028 0.53714 0.84343
vn 0.01287 0.53378 0.84553
vn 0.01733 0.529 0.84844
vn 0.02318 0.52377 0.85154
vn 0.00492 0.53729 0.84338
vn -0.00013 0.42332 0.90598
vn 0 0.42838 0.9036
vn -0 0.43697 0.89948
vn 0 0.48824 0.87271
vn 0.00021 0.4801 0.87722
vn 0.00064 0.47174 0.88174
vn -0.00068 0.48845 0.87259
vn 0.00067 0.46312 0.8863
vn -0.0007 0.48022 0.87715
vn -0.00024 0.47167 0.88178
vn 0 0.44565 0.89521
vn 0 0.45436 0.89082
vn 0 0.46305 0.88633
vn 0.0328 0.40023 0.91583
vn 0.00535 0.38268 0.92387
vn 0 0.41921 0.90789
vn -0 0.42335 0.90597
vn 0.02376 0.39338 0.91907
vn 0.01701 0.38711 0.92187
vn 0.01198 0.38134 0.92436
vn 0.00031 0.35058 0.93653
vn 0.00134 0.35798 0.93373
vn 0.00105 0.35641 0.93433
vn 0.00082 0.35498 0.93487
vn 0.00268 0.36339 0.93163
vn 0.00214 0.36147 0.93238
vn 0.0017 0.35967 0.93308
vn 0.00509 0.36985 0.92908
vn 0.00413 0.36758 0.92998
vn 0.00334 0.36544 0.93083
vn 0.00914 0.37723 0.92607
vn 0.00756 0.37467 0.92713
vn 0.00622 0.3722 0.92813
vn 0.00064 0.35368 0.93537
vn 0.0005 0.35251 0.93581
vn 0.00039 0.35149 0.93619
vn 0.00025 0.3498 0.93682
vn 0.00019 0.34907 0.9371
vn 0.00014 0.3483 0.93738
vn 7E-05 0.34722 0.93778
vn -0.00017 0.34312 0.93929
vn 0 0.34606 0.93821
vn -0 0.35019 0.93668
vn -0 0.3502 0.93667
vn 0 0.35062 0.93652
vn -0 0.35119 0.9363
vn -0 0.35195 0.93602
vn -1E-05 0.35286 0.93568
vn -1E-05 0.35398 0.93525
vn -2E-05 0.35527 0.93476
vn -4E-05 0.35674 0.93421
vn -7E-05 0.35835 0.93359
vn -0.0001 0.36017 0.93289
vn -0.00014 0.36212 0.93213
vn -0.0002 0.36424 0.93131
vn -0.00028 0.36651 0.93041
vn -0.00037 0.36895 0.92945
vn -0.00048 0.37151 0.92843
vn -0.00062 0.37423 0.92733
vn -0.00078 0.37708 0.92618
vn -0.00098 0.38007 0.92496
vn -0.0012 0.38319 0.92367
vn -0.0016 0.38814 0.9216
vn -2E-05 0.34921 0.93704
vn -3E-05 0.34983 0.93681
vn -3E-05 0.35036 0.93661
vn -4E-05 0.35098 0.93638
vn -4E-05 0.35176 0.93609
vn -5E-05 0.35269 0.93574
vn -6E-05 0.35382 0.93531
vn -8E-05 0.35513 0.93482
vn -0.0001 0.3566 0.93426
vn -0.00012 0.35824 0.93363
vn -0.00015 0.36007 0.93293
vn -0.00019 0.36205 0.93216
vn -0.00023 0.36419 0.93132
vn -0.00029 0.3665 0.93042
vn -0.00035 0.36898 0.92944
vn -0.00042 0.37158 0.9284
vn -0.00051 0.37435 0.92729
vn -0.0006 0.37725 0.92611
vn -0.00071 0.38028 0.92487
vn -0.00084 0.38346 0.92356
vn -0.00106 0.38849 0.92145
vn -0.00142 0.39556 0.91844
vn 0 0.40387 0.91482
vn -0 0.41177 0.91129
vn 2E-05 0.42838 0.9036
vn -0 0.42335 0.90597
vn -0 0.41921 0.90789
vn 0.00329 0.33741 0.94135
vn 0.00431 0.32657 0.94516
vn 0.00849 0.2817 0.95947
vn 0.00192 0.35251 0.93581
vn 0.0017 0.35513 0.93482
vn 0.0011 0.36296 0.9318
vn 0.00129 0.36031 0.93283
vn 0.00149 0.35771 0.93383
vn 0.00058 0.3714 0.92847
vn 0.00074 0.36851 0.92962
vn 0.00091 0.36568 0.93074
vn 0.00018 0.38072 0.92469
vn 0.0003 0.37752 0.926
vn 0.00043 0.37443 0.92726
vn 0 0.39632 0.91811
vn 0 0.38918 0.92116
vn 0.0001 0.38401 0.92333
vn 0.00216 0.34978 0.93683
vn 0.00243 0.3467 0.93797
vn 0.00278 0.34294 0.93935
vn -1E-05 0.42838 0.9036
vn -0.00186 0.40306 0.91517
vn -0.00238 0.41095 0.91166
vn -0.00026 0.38268 0.92388
vn -0 0.41921 0.90789
vn 0 0.42335 0.90597
vn -0.0001 0.43696 0.89948
vn -0.00027 0.44564 0.89521
vn -0.00075 0.46175 0.88701
vn -0.00116 0.4544 0.8908
vn -0.00076 0.46312 0.88629
vn -0.00044 0.47171 0.88176
vn -0.00022 0.4801 0.87721
vn -7E-05 0.48826 0.8727
vn 0 -0.49614 0.86824
vn -0.0007 -0.48022 0.87715
vn 0.00021 -0.4801 0.87722
vn -0 -0.48824 0.87271
vn -0.00139 -0.48868 0.87246
vn 0.00131 -0.46318 0.88626
vn 0.00064 -0.47174 0.88174
vn 0.00013 -0.42332 0.90598
vn -0 -0.42838 0.9036
vn 0 -0.43697 0.89948
vn 0 -0.44565 0.89521
vn 0 -0.45436 0.89082
vn 0 -0.46305 0.88633
vn -0.00024 -0.47167 0.88178
vn -0.00186 -0.40306 0.91517
vn -0.00142 -0.39556 0.91844
vn -0.00106 -0.38849 0.92145
vn -6E-05 -0.35382 0.93531
vn -8E-05 -0.35512 0.93482
vn -0.00015 -0.36007 0.93293
vn -0.00012 -0.35824 0.93363
vn -0.0001 -0.3566 0.93426
vn -0.00029 -0.36651 0.93042
vn -0.00023 -0.36419 0.93132
vn -0.00019 -0.36205 0.93216
vn -0.0005 -0.37434 0.92729
vn -0.00042 -0.37158 0.9284
vn -0.00035 -0.36897 0.92944
vn -0.00084 -0.38347 0.92355
vn -0.00071 -0.38029 0.92487
vn -0.0006 -0.37724 0.92611
vn -5E-05 -0.3527 0.93574
vn -4E-05 -0.35176 0.93609
vn -4E-05 -0.35097 0.93638
vn -3E-05 -0.35037 0.93661
vn -3E-05 -0.34987 0.9368
vn -2E-05 -0.34911 0.93708
vn 0 -0.3512 0.9363
vn 0 -0.35194 0.93602
vn 1E-05 -0.35287 0.93567
vn 1E-05 -0.35398 0.93525
vn 2E-05 -0.35527 0.93476
vn 4E-05 -0.35673 0.93421
vn 7E-05 -0.35835 0.93359
vn 0.0001 -0.36017 0.93289
vn 0.00014 -0.36212 0.93213
vn 0.0002 -0.36424 0.9313
vn 0.00028 -0.36652 0.93041
vn 0.00037 -0.36895 0.92945
vn 0.00048 -0.37151 0.92843
vn 0.00062 -0.37423 0.92734
vn 0.00078 -0.37708 0.92618
vn 0.00098 -0.38007 0.92496
vn -0.00017 -0.34322 0.93925
vn 0 -0.35061 0.93652
vn -0 -0.35024 0.93666
vn 0 -0.35024 0.93666
vn 0 -0.34606 0.93821
vn 3E-05 -0.3487 0.93723
vn 7E-05 -0.34718 0.9378
vn 0.00014 -0.34833 0.93737
vn 0.00019 -0.34907 0.9371
vn 0.00025 -0.3498 0.93683
vn 0.00031 -0.35058 0.93653
vn 0.00039 -0.35148 0.93619
vn 0.0005 -0.35251 0.93581
vn 0.00064 -0.35368 0.93537
vn 0.00082 -0.35498 0.93487
vn 0.00105 -0.35641 0.93433
vn 0.00134 -0.35798 0.93373
vn 0.00169 -0.35966 0.93308
vn 0.00214 -0.36148 0.93238
vn 0.00268 -0.3634 0.93163
vn 0.00334 -0.36544 0.93083
vn 0.00413 -0.36758 0.92998
vn 0.00509 -0.36984 0.92908
vn 0.00622 -0.3722 0.92813
vn 0.00756 -0.37466 0.92713
vn 0.00914 -0.37723 0.92607
vn 0.01198 -0.38134 0.92436
vn 0 -0.40387 0.91482
vn -2E-05 -0.42838 0.9036
vn -0 -0.42335 0.90597
vn 0 -0.41921 0.90789
vn 0 -0.41177 0.91129
vn 0 -0.39632 0.91811
vn 0 -0.38918 0.92116
vn -0.00329 -0.33744 0.94134
vn -0.00216 -0.34977 0.93683
vn -0.00243 -0.34671 0.93797
vn -0.00278 -0.34294 0.93935
vn -0.00149 -0.35771 0.93383
vn -0.0017 -0.35511 0.93482
vn -0.00192 -0.35252 0.9358
vn -0.00091 -0.3657 0.93073
vn -0.0011 -0.36296 0.9318
vn -0.00129 -0.36031 0.93283
vn -0.00043 -0.37442 0.92726
vn -0.00058 -0.37141 0.92847
vn -0.00074 -0.36851 0.92963
vn -0.0001 -0.38402 0.92332
vn -0.00018 -0.38072 0.92469
vn -0.0003 -0.37752 0.926
vn 0.0012 -0.38319 0.92367
vn 0.0016 -0.38814 0.9216
vn -0.00851 -0.2815 0.95952
vn -0.00431 -0.32649 0.94519
vn 0.01701 -0.38711 0.92187
vn 0.02376 -0.39338 0.91907
vn 0.00977 -0.38267 0.92384
vn 0.00116 -0.41137 0.91147
vn -0.0001 -0.43696 0.89948
vn -7E-05 -0.48826 0.8727
vn -0.00022 -0.4801 0.87721
vn -0.00044 -0.47171 0.88176
vn -0.00076 -0.46312 0.88629
vn -0.00082 -0.46175 0.88701
vn -0.00053 -0.45438 0.89081
vn -0.00027 -0.44564 0.89521
vn -1E-05 -0.42838 0.9036
vn 0 -0.42335 0.90597
vn -0 -0.38268 0.92388
vn -0.00295 -0.41842 0.90825
vn -0.00238 -0.41095 0.91166
vn 0.03081 -0.51802 0.85481
vn -0 -0.5373 0.84339
vn 0.02318 -0.52377 0.85154
vn 0.01733 -0.529 0.84844
vn 0.01287 -0.53378 0.84553
vn 0.00151 -0.55562 0.83143
vn 0.00118 -0.55689 0.83058
vn 0.00081 -0.55837 0.82959
vn 0.00254 -0.5521 0.83377
vn 0.00217 -0.55329 0.83298
vn 0.00183 -0.55446 0.83221
vn 0.00406 -0.54801 0.83646
vn 0.00348 -0.54947 0.83551
vn 0.00298 -0.55082 0.83462
vn 0.00647 -0.54304 0.83968
vn 0.00554 -0.54481 0.83854
vn 0.00475 -0.54646 0.83747
vn 0.01028 -0.53714 0.84343
vn 0.00882 -0.53921 0.84213
vn 0.00756 -0.54118 0.84087
vn 0.00033 -0.56042 0.82821
vn -0.00043 -0.56371 0.82597
vn -0 -0.5618 0.82727
vn -0 -0.54971 0.83535
vn -0 -0.54934 0.8356
vn -0 -0.54886 0.83592
vn -0 -0.54804 0.83645
vn -1E-05 -0.54714 0.83704
vn -2E-05 -0.54604 0.83776
vn -3E-05 -0.54472 0.83862
vn -6E-05 -0.54327 0.83956
vn -9E-05 -0.54166 0.8406
vn -0.00013 -0.53985 0.84176
vn -0.00019 -0.53789 0.84301
vn -0.00026 -0.53577 0.84437
vn -0.00035 -0.5335 0.8458
vn -0.00046 -0.53107 0.84733
vn -0.0006 -0.5285 0.84893
vn -0.00086 -0.52434 0.85151
vn -0.00017 -0.55558 0.83147
vn -0.00026 -0.55246 0.83354
vn -0.00029 -0.55121 0.83437
vn -0.00032 -0.5503 0.83497
vn -0.00035 -0.54926 0.83565
vn -0.00038 -0.54821 0.83634
vn -0.00042 -0.54701 0.83713
vn -0.00047 -0.54562 0.83803
vn -0.00052 -0.54411 0.83901
vn -0.00058 -0.54245 0.84009
vn -0.00065 -0.5406 0.84128
vn -0.00074 -0.5386 0.84256
vn -0.00083 -0.53644 0.84394
vn -0.00094 -0.53413 0.8454
vn -0.00106 -0.53166 0.84696
vn -0.0012 -0.52903 0.8486
vn -0.00144 -0.5248 0.85123
vn 0 -0.51082 0.85969
vn 0 -0.50369 0.86389
vn 0 -0.5175 0.85568
vn 0 -0.52366 0.85193
vn 0.00166 -0.55629 0.83099
vn 0.00222 -0.5635 0.82612
vn 0.00697 -0.62175 0.78319
vn 0.00107 -0.54857 0.8361
vn 0.00122 -0.55059 0.83478
vn 0.0014 -0.55296 0.83321
vn 0.00068 -0.5426 0.83999
vn 0.00081 -0.54464 0.83867
vn 0.00094 -0.54661 0.83739
vn 0.00033 -0.53586 0.84431
vn 0.00044 -0.53822 0.8428
vn 0.00056 -0.54046 0.84137
vn 8E-05 -0.52803 0.84922
vn 0.00015 -0.53076 0.84752
vn 0.00023 -0.53337 0.84588
vn -0.00182 -0.51872 0.85494
vn -0.00228 -0.51211 0.85892
vn -0.00029 -0.5373 0.84339
vn 0 -0.41921 0.90789
vn -0 -0.42335 0.90597
vn 0.00017 -0.42835 0.90361
vn 0.00217 -0.43673 0.89959
vn 0.00615 -0.44542 0.8953
vn 0.01729 -0.46168 0.88688
vn 0.0256 -0.4551 0.89007
vn 0.0157 -0.46461 0.88538
vn 0.00876 -0.47312 0.88095
vn 0.00411 -0.48104 0.87669
vn 0.00129 -0.48864 0.87248
vn 0 -0.99905 0.04362
vn 0 -0.99144 0.13053
vn 0 -0.9763 0.21644
vn 0 -0.95372 0.30071
vn 0 -0.92388 0.38268
vn 0 -0.88701 0.46175
vn 0 -0.84339 0.5373
vn 0 -0.79335 0.60876
vn 0 -0.73728 0.67559
vn 0 -0.67559 0.73728
vn 0 -0.60876 0.79335
vn 0 -0.56185 0.82724
vn 0.00022 -0.55702 0.8305
vn 0 -0.34601 0.93823
vn -0 -0.32718 0.94496
vn -0.00044 -0.30071 0.95372
vn -0 -0.28565 0.95834
vn 0 -0.21644 0.9763
vn 0 -0.13053 0.99144
vn 0 -0.04362 0.99905
vn 0 0.04362 0.99905
vn 0 0.13053 0.99144
vn 0 0.21644 0.9763
vn 3E-05 0.34881 0.9372
vn -0 0.34601 0.93823
vn -0 0.32718 0.94496
vn -0.00044 0.30071 0.95372
vn 0 0.28565 0.95834
vn -0.00017 0.55557 0.83147
vn -0 0.56185 0.82724
vn 0 0.60876 0.79335
vn 0 0.67559 0.73728
vn 0 0.73728 0.67559
vn 0 0.79335 0.60876
vn 0 0.84339 0.5373
vn 0 0.88701 0.46175
vn 0 0.92388 0.38268
vn 0 0.95372 0.30071
vn 0 0.9763 0.21644
vn 0 0.99144 0.13053
vn 0 0.99905 0.04362
vn 0.52044 0.8539 -0
vn 0.51896 0.8548 0.00012
vn 0.49854 0.86687 0
vn 0.4748 0.8801 -0
vn 0 1 0
vn 0.99145 -0.13052 0
vn 0.9763 -0.21644 0
vn 0.95372 -0.30071 0
vn 0.92388 -0.38268 0
vn 0.79336 -0.60876 0
vn 0.73728 -0.67559 0
vn 0.67559 -0.73728 0
vn 0.60876 -0.79335 0
vn 0.5373 -0.84339 0
vn 0.46175 -0.88701 0
vn 0.38269 -0.92388 0
vn 0.3007 -0.95372 0
vn 0.21645 -0.97629 0
vn 0.13052 -0.99145 0
vn 0.04362 -0.99905 0
vn -0.04362 -0.99905 -0
vn -0.13052 -0.99145 -0
vn -0.21645 -0.97629 -0
vn -0.3007 -0.95372 -0
vn -0.38268 -0.92388 -0
vn -0.46175 -0.88701 -0
vn -0.5373 -0.84339 -0
vn -0.60876 -0.79335 -0
vn -0.67559 -0.73728 -0
vn -0.73728 -0.67559 -0
vn -0.79336 -0.60876 -0
vn -0.84339 -0.5373 -0
vn -0.92388 -0.38269 -0
vn -0.95372 -0.30071 -0
vn -0.9763 -0.21644 -0
vn -0.99144 -0.13053 -0
vn -0.99905 0.04362 0
vn -0.99144 0.13053 0
vn -0.9763 0.21644 0
vn -0.95372 0.30071 0
vn -0.92388 0.38269 0
vn -0.84339 0.5373 0
vn -0.79335 0.60876 0
vn -0.73728 0.67559 0
vn -0.67559 0.73728 0
vn -0.60876 0.79335 0
vn -0.5373 0.84339 0
vn -0.46175 0.88701 0
vn -0.38268 0.92388 0
vn -0.3007 0.95372 0
vn -0.21645 0.97629 0
vn -0.13052 0.99145 0
vn -0.04362 0.99905 0
vn 0.04362 0.99905 0
vn 0.13052 0.99145 0
vn 0.21645 0.97629 0
vn 0.3007 0.95372 0
vn 0.38269 0.92388 0
vn 0.46175 0.88701 0
vn 0.5373 0.84339 0
vn 0.60876 0.79335 0
vn 0.67559 0.73728 0
vn 0.73728 0.67559 0
vn 0.79335 0.60876 0
vn 0.84339 0.5373 0
vn 0.92388 0.38268 0
vn 0.95372 0.30071 0
vn 0.9763 0.21644 0
vn 0.99145 0.13052 0
vn 0.99905 0.04362 0
vn 0 0 -1
vn -0 0 -1
vn -0 -0 -1
vn -0 -0 -1
vn 0 0 -1
vn -0 0 -1
vn 0 -0 -1
vn -0 0 -1
vn 0 -0 -1
vn -0 -0 -1
vn -0 -0 -1
vn 0 -0 -1
vn 0 -0 -1
vn 0 -0 -1
vn 0 -0 -1
vn 0 0 -1
vn 0 0 -1
vn 0 0 -1
vn 0 0 -1
vn 0 0 -1
vn 0 0 -1
vn 0 0 -1
vn -0 0 -1
vn -0 0 -1
vn -0 0 -1
vn -0 0 -1
vn -0 0 -1
vn -0 0 -1
vn -0 -0 -1
vn -0 -0 -1
vn -0 -0 -1
vn -0 -0 -1
vn -0 -0 -1
vn -0 -0 -1
vn -0 -0 -1
vn -0 -0 -1
vn -0 0 -1
vn -0 -0 -1
vn -0 -0 -1
vn 0 -0 -1
vn 0 -0 -1
vn 0 -0 -1
vn 0 -0 -1
vn 0 -0 -1
vn 0 -0 -1
vn -0 0 -1
vn -0 0 -1
vn -0 0 -1
vn -0 -0 -1
vn 0 -0 -1
vn 0 -0 -1
vn 0 -0 -1
vn 0 -0 -1
vn 0 -0 -1
vn 0 0 -1
vn 0 0 -1
vn 0 0 -1
vn -0 -0 -1
vn -0 -0 -1
vn -0 -0 -1
vn -0 -0 -1
vn 0 -0 -1
vn 0 -0 -1
vn -0 0 -1
vn -0 0 -1
vn -0 0 -1
vn -0 -0 -1
vn -0 0 -1
vn -0 -0 -1
vn -0 0 -1
vn -0 0 -1
vn -0 0 -1
vn 0 0 -1
vn 0 0 -1
vn 0 0 -1
vn 0 0 -1
vn 0 0 -1
vn 0 0 -1
vn 0 0 -1
vn 0 0 -1
vn -0 0 -1
vn -0 -0 -1
vn -0 0 -1
vn 0 0 -1
vn -0 0 -1
vn -0 0 -1
vn -0 0 -1
vn -0 0 -1
vn 0 0 -1
vn 0 0 -1
vn 0 0 -1
vn 0 0 -1
vn 0 0 -1
vn 0 0 -1
vn 0 0 -1
vn -0 0 -1
vn -0 0 -1
vn -0 0 -1
vn -0 0 -1
vn -0 0 -1
vn -0 0 -1
vn -0 0 -1
vn -0 0 -1
vn -0 0 -1
vn -0 0 -1
vn -0 0 -1
vn -0 0 -1
vn -0 0 -1
vn -0 -0 -1
vn -0 -0 -1
vn -0 -0 -1
vn -0 0 -1
vn -0 0 -1
vn -0 0 -1
vn 0 0 -1
vn 0 0 -1
vn 0 0 -1
vn 0 0 -1
vn 0 0 -1
vn 0 0 -1
vn 0 0 -1
vn 0 0 -1
vn -0 -0 -1
vn -0 -0 -1
vn -0 -0 -1
vn -0 0 -1
vn -0 0 -1
vn -0 0 -1
vn -0 0 -1
vn 0 0 -1
vn -0 -0 -1
vn -0 0 -1
vn -0 0 -1
vn -0 -0 -1
vn -0 -0 -1
vn -0 -0 -1
vn -0 0 -1
vn -0 0 -1
vn -0 0 -1
vn -0 0 -1
vn -0 0 -1
vn -0 0 -1
vn -0 -0 -1
vn -0 -0 -1
vn -0 -0 -1
vn -0 -0 -1
vn -0 -0 -1
vn -0 -0 -1
vn -0 -0 -1
vn -0 -0 -1
vn -0 0 -1
vn -0 0 -1
vn -0 0 -1
vn -0 -0 -1
vn -0 -0 -1
vn -0 -0 -1
vn -0 -0 -1
vn -0 -0 -1
vn -0 -0 -1
vn 0 0 -1
vn -0 0 -1
vn -0 0 -1
vn -0 0 -1
vn -0 0 -1
vn -0 0 -1
vn -0 0 -1
vn -0 0 -1
vn -0 -0 -1
vn -0 -0 -1
vn -0 -0 -1
vn -0 0 -1
vn -0 0 -1
vn -0 0 -1
vn -0 -0 -1
vn -0 -0 -1
vn -0 -0 -1
vn -0 0 -1
vn -0 0 -1
vn -0 -0 -1
vn 0 -0 -1
vn 0 -0 -1
vn -0 -0 -1
vn -0 -0 -1
vn -0 -0 -1
vn 0 -0 -1
vn 0 -0 -1
vn 0 -0 -1
vn 0 -0 -1
vn 0 -0 -1
vn 0 -0 -1
vn 0 -0 -1
vn 0 -0 -1
vn 0 0 -1
vn 0 0 -1
vn 0 0 -1
vn 0 0 -1
vn 0 0 -1
vn -0 0 -1
vn -0 0 -1
vn -0 0 -1
vn -0 -0 -1
vn -0 -0 -1
vn -0 -0 -1
vn -0 0 -1
vn -0 0 -1
vn -0 0 -1
vn -0 -0 -1
vn 0 -0 -1
vn -0 -0 -1
vn 0 -0 -1
vn 0 -0 -1
vn 0 -0 -1
vn 0 -0 -1
vn 0 -0 -1
vn 0 -0 -1
vn 0 -0 -1
vn 0 -0 -1
vn 0 0 -1
vn 0 0 -1
vn 0 0 -1
vn 0 0 -1
vn 0 0 -1
vn 0 0 -1
vn 0 0 -1
vn 0 0 -1
vn 0 0 -1
vn 0 0 -1
vn 0 0 -1
vn 0 0 -1
vn 0 0 -1
vn 0 0 -1
vn 0 0 -1
vn -0 0 -1
vn -0 0 -1
vn -0 0 -1
vn -0 0 -1
vn 0 -0 -1
vn -0 -0 -1
vn 0 -0 -1
vn -0 -0 -1
vn -0 0 -1
vn -0 -0 -1
vn -0 -0 -1
vn 0 0 -1
vn 0 0 -1
vn -0 0 -1
vn -0 -0 -1
vn -0 -0 -1
vn -0 -0 -1
vn -0 -0 -1
vn -0 -0 -1
vn -0 -0 -1
vn 0 -0 -1
vn 0 -0 -1
vn 0 -0 -1
vn 0 0 -1
vn 0 0 -1
vn 0 0 -1
vn 0 0 -1
vn 0 0 -1
vn 0 0 -1
vn 0 0 -1
vn -0 0 -1
vn -0 0 -1
vn -0 0 -1
vn -0 0 -1
vn -0 0 -1
vn -0 0 -1
vn -0 -0 -1
vn -0 -0 -1
vn -0 -0 -1
vn 0 -0 -1
vn 0 -0 -1
vn 0 -0 -1
vn 0 -0 -1
vn 0 -0 -1
vn 0 -0 -1
vn 0 -0 -1
vn 0 -0 -1
vn 0 -0 -1
vn -0 0 -1
vn 0 -0 -1
vn 0 -0 -1
vn -0 0 -1
vn -0 0 -1
vn -0 0 -1
vn -0 -0 -1
vn -0 -0 -1
vn -0 -0 -1
vn 0 -0 -1
vn 0 -0 -1
vn 0 -0 -1
vn 0 0 -1
vn 0 0 -1
vn 0 0 -1
vn -0 0 -1
vn -0 0 -1
vn -0 0 -1
vn -0 -0 -1
vn -0 -0 -1
vn -0 -0 -1
vn -0 -0 -1
vn -0 -0 -1
vn 0 -0 -1
vn 0 -0 -1
vn -0 -0 -1
vn 0 0 -1
vn 0 0 -1
vn -0 0 -1
vn -0 0 -1
vn -0 0 -1
vn 0 0 -1
vn 0 0 -1
vn 0 0 -1
vn 0 0 -1
vn 0 0 -1
vn 0 0 -1
vn 0 0 -1
vn -0 0 -1
vn 0 0 -1
vn -0 0 -1
vn -0 -0 -1
vn -0 -0 -1
vn -0 -0 -1
vn -1 0 0
vn 1 0 -0
vn 0.99905 -0.04362 0
vn 0.84339 -0.5373 0
vn 0.79335 -0.60876 0
vn -0.79335 -0.60876 -0
vn -0.84339 -0.5373 -0
vn -0.99905 -0.04362 -0
vn -0.84339 0.5373 0
vn -0.79336 0.60876 0
vn 0.79336 0.60876 0
vn 0.99144 -0.13053 0
vn 0.92388 -0.38269 0
vn 0.79335 -0.60876 0
vn 0.38268 -0.92388 0
vn 0.04362 -0.99905 0
vn -0.04362 -0.99905 -0
vn -0.38269 -0.92388 -0
vn -0.5373 -0.84339 -0
vn -0.79335 -0.60876 -0
vn -0.92388 -0.38268 -0
vn -0.99145 -0.13052 -0
vn -0.99145 0.13052 0
vn -0.92388 0.38268 0
vn -0.79336 0.60876 0
vn -0.5373 0.84339 0
vn -0.38269 0.92388 0
vn -0.04362 0.99905 0
vn 0.04362 0.99905 0
vn 0.38268 0.92388 0
vn 0.5373 0.84339 0
vn 0.79336 0.60876 0
vn 0.92388 0.38269 0
vn 0.99144 0.13053 0
vn 0.79336 -0.60876 0
vn -0.79336 -0.60876 -0
vn -0.79335 0.60876 0
vn 0.79335 0.60876 0
vn -0.4748 0.8801 0
vn -0.51896 0.8548 -0
vn -0.51896 -0.8548 -0
vn -0.4748 -0.8801 0
vn -0 -0.04362 -0.99905
vn -0 -0.13053 -0.99144
vn -0 -0.21644 -0.9763
vn -0 -0.30071 -0.95372
vn -0 -0.38268 -0.92388
vn -0 -0.46175 -0.88701
vn -0 -0.5373 -0.84339
vn -0 -0.60876 -0.79335
vn -0 -0.67559 -0.73728
vn -0 -0.73728 -0.67559
vn -0 -0.79335 -0.60876
vn -0 -0.84339 -0.5373
vn -0 -0.88701 -0.46175
vn -0 -0.92388 -0.38268
vn -0 -0.95372 -0.30071
vn -0 -0.9763 -0.21644
vn -0 -0.99144 -0.13053
vn -0 -0.99905 -0.04362
vn 0 -0.99905 0.04362
vn 0 -0.99144 0.13053
vn 0 -0.9763 0.21644
vn 0 -0.95372 0.30071
vn 0 -0.92388 0.38268
vn 0 -0.88701 0.46175
vn 0 -0.84339 0.5373
vn 0 -0.79335 0.60876
vn 0 -0.73728 0.67559
vn 0 -0.67559 0.73728
vn 0 -0.60876 0.79335
vn 0 -0.5373 0.84339
vn 0 -0.46175 0.88701
vn 0 -0.38268 0.92388
vn 0 -0.30071 0.95372
vn 0 -0.21644 0.9763
vn 0 -0.13053 0.99144
vn 0 -0.04362 0.99905
vn -0 -0.04362 0.99905
vn 0 0.04362 0.99905
vn -0 0.04362 0.99905
vn 0 0.13053 0.99144
vn 0 0.21644 0.9763
vn 0 0.30071 0.95372
vn 0 0.38268 0.92388
vn 0 0.46175 0.88701
vn 0 0.5373 0.84339
vn 0 0.60876 0.79335
vn 0 0.67559 0.73728
vn 0 0.73728 0.67559
vn 0 0.79335 0.60876
vn 0 0.84339 0.5373
vn 0 0.88701 0.46175
vn 0 0.92388 0.38268
vn 0 0.95372 0.30071
vn 0 0.9763 0.21644
vn 0 0.99144 0.13053
vn 0 0.99905 0.04362
vn 0 0.99905 -0.04362
vn 0 0.99144 -0.13053
vn 0 0.9763 -0.21644
vn 0 0.95372 -0.30071
vn 0 0.92388 -0.38268
vn 0 0.88701 -0.46175
vn 0 0.84339 -0.5373
vn 0 0.79335 -0.60876
vn 0 0.73728 -0.67559
vn 0 0.67559 -0.73728
vn 0 0.60876 -0.79335
vn 0 0.5373 -0.84339
vn 0 0.46175 -0.88701
vn 0 0.38268 -0.92388
vn 0 0.30071 -0.95372
vn 0 0.21644 -0.9763
vn 0 0.13053 -0.99144
vn 0 0.04362 -0.99905
vn 0 0.04362 0.99905
vn 0 0.13053 0.99144
vn 0 0.21644 0.9763
vn 0 0.3007 0.95372
vn 0 0.38268 0.92388
vn 0 0.46175 0.88701
vn 0 0.5373 0.84339
vn 0 0.60876 0.79335
vn 0 0.67559 0.73728
vn 0 0.79335 0.60876
vn 0 0.84339 0.5373
vn 0 0.88701 0.46175
vn 0 0.92388 0.38268
vn 0 0.9763 0.21644
vn 0 0.99144 0.13053
vn 0 0.99905 0.04362
vn -0 0.99905 -0.04362
vn -0 0.99144 -0.13053
vn -0 0.9763 -0.21644
vn -0 0.95372 -0.30071
vn -0 0.92388 -0.38268
vn -0 0.88701 -0.46175
vn -0 0.84339 -0.5373
vn -0 0.79335 -0.60876
vn -0 0.73728 -0.67559
vn -0 0.67559 -0.73728
vn -0 0.60876 -0.79335
vn -0 0.5373 -0.84339
vn -0 0.46175 -0.88701
vn -0 0.38268 -0.92388
vn -0 0.30071 -0.95372
vn -0 0.21644 -0.9763
vn -0 0.13053 -0.99144
vn -0 0.04362 -0.99905
vn -0 0.04362 -0.99905
vn 0 -0.04362 -0.99905
vn 0 -0.04362 -0.99905
vn -0 -0.13053 -0.99144
vn -0 -0.21644 -0.9763
vn -0 -0.30071 -0.95372
vn -0 -0.38268 -0.92388
vn -0 -0.46175 -0.88701
vn -0 -0.5373 -0.84339
vn -0 -0.60876 -0.79335
vn -0 -0.67559 -0.73728
vn -0 -0.73728 -0.67559
vn -0 -0.79335 -0.60876
vn -0 -0.84339 -0.5373
vn -0 -0.88701 -0.46175
vn -0 -0.92388 -0.38268
vn -0 -0.95372 -0.30071
vn -0 -0.9763 -0.21644
vn -0 -0.99144 -0.13053
vn -0 -0.99905 -0.04362
vn -0 -0.99905 0.04362
vn -0 -0.99144 0.13053
vn -0 -0.9763 0.21644
vn -0 -0.92388 0.38268
vn -0 -0.88701 0.46175
vn -0 -0.84339 0.5373
vn -0 -0.79335 0.60876
vn -0 -0.67559 0.73728
vn -0 -0.60876 0.79335
vn -0 -0.5373 0.84339
vn -0 -0.46175 0.88701
vn -0 -0.38268 0.92388
vn -0 -0.3007 0.95372
vn -0 -0.21644 0.9763
vn -0 -0.13053 0.99144
vn -0 -0.04362 0.99905
vn 0 0.91664 0.39972
vn -0 0.87896 0.47689
vn -0 0.83481 0.55054
vn -0 0.7845 0.62012
vn -0 0.72841 0.68514
vn -0 0.66695 0.7451
vn -0 0.60057 0.79957
vn -0 0.52976 0.84815
vn -0 0.45504 0.89047
vn -0 0.37697 0.92622
vn -0 0.29612 0.95515
vn -0 0.21309 0.97703
vn -0 0.12849 0.99171
vn -0 0.04293 0.99908
vn -0 -0.04293 0.99908
vn -0 -0.12849 0.99171
vn -0 -0.21309 0.97703
vn -0 -0.29612 0.95515
vn -0 -0.37697 0.92622
vn -0 -0.45504 0.89047
vn -0 -0.52976 0.84815
vn -0 -0.60057 0.79957
vn -0 -0.66695 0.7451
vn -0 -0.72841 0.68514
vn -0 -0.7845 0.62012
vn -0 -0.83481 0.55054
vn -0 -0.87896 0.47689
vn -0 -0.91664 0.39972
vn 0.51896 0.8548 0
vn 0 0.99563 -0.09334
vn 0 0.98378 -0.1794
vn 0 0.96449 -0.2641
vn 0 0.93793 -0.34682
vn 0 0.90429 -0.42691
vn 0 0.86383 -0.50379
vn 0 0.81684 -0.57686
vn 0 0.76369 -0.64558
vn 0 0.70478 -0.70943
vn 0 0.64055 -0.76792
vn 0 0.57148 -0.82061
vn 0 0.4981 -0.86712
vn 0 0.42096 -0.90708
vn 0 0.34065 -0.94019
vn 0 0.25776 -0.96621
vn 0 0.17293 -0.98493
vn 0 0.08679 -0.99623
vn -0 -0.08679 -0.99623
vn -0 -0.17293 -0.98493
vn -0 -0.25776 -0.96621
vn -0 -0.34065 -0.94019
vn -0 -0.42096 -0.90708
vn -0 -0.4981 -0.86712
vn -0 -0.57148 -0.82061
vn -0 -0.64055 -0.76792
vn -0 -0.70478 -0.70943
vn -0 -0.76369 -0.64558
vn -0 -0.81684 -0.57686
vn -0 -0.86383 -0.50379
vn -0 -0.90429 -0.42691
vn -0 -0.93793 -0.34682
vn -0 -0.96449 -0.2641
vn -0 -0.98378 -0.1794
vn -0 -0.99563 -0.09334
f 1//1 2//1 3//1
f 4//2 5//2 2//2
f 5//3 6//3 2//3
f 2//4 6//4 3//4
f 7//5 8//5 4//5
f 8//6 9//6 4//6
f 4//7 9//7 5//7
f 10//8 11//8 7//8
f 11//9 12//9 7//9
f 7//10 12//10 8//10
f 13//11 14//11 10//11
f 14//12 15//12 10//12
f 10//13 15//13 11//13
f 16//14 17//14 13//14
f 17//15 18//15 13//15
f 13//16 18//16 14//16
f 19//17 20//17 16//17
f 20//18 21//18 16//18
f 16//19 21//19 17//19
f 22//20 23//20 19//20
f 23//21 24//21 19//21
f 19//22 24//22 20//22
f 25//23 26//23 22//23
f 26//24 27//24 22//24
f 22//25 27//25 23//25
f 28//26 29//26 25//26
f 29//27 30//27 25//27
f 25//28 30//28 26//28
f 31//29 32//29 28//29
f 32//30 33//30 28//30
f 28//31 33//31 29//31
f 34//32 35//32 31//32
f 35//33 36//33 31//33
f 31//34 36//34 32//34
f 37//35 38//35 34//35
f 38//36 39//36 34//36
f 34//37 39//37 35//37
f 40//38 41//38 37//38
f 41//39 42//39 37//39
f 37//40 42//40 38//40
f 43//41 44//41 40//41
f 44//42 45//42 40//42
f 40//43 45//43 41//43
f 46//44 47//44 48//44
f 47//45 49//45 48//45
f 48//45 49//45 50//45
f 49//46 51//46 50//46
f 50//46 51//46 52//46
f 51//47 53//47 52//47
f 52//47 53//47 54//47
f 53//48 55//48 54//48
f 54//48 55//48 56//48
f 55//49 57//49 56//49
f 56//49 57//49 58//49
f 57//50 59//50 58//50
f 58//50 59//50 60//50
f 59//51 61//51 60//51
f 60//51 61//51 62//51
f 61//52 63//52 62//52
f 62//52 63//52 64//52
f 63//53 65//53 64//53
f 64//53 65//53 66//53
f 65//54 67//54 66//54
f 66//54 67//54 68//54
f 67//55 69//55 68//55
f 68//55 69//55 70//55
f 69//56 71//56 70//56
f 70//56 71//56 72//56
f 71//57 73//57 72//57
f 72//58 73//58 43//58
f 73//59 74//59 43//59
f 43//60 74//60 44//60
f 75//61 76//61 46//61
f 76//62 77//62 46//62
f 46//44 77//44 47//44
f 46//63 78//63 75//63
f 78//64 79//64 75//64
f 75//64 79//64 80//64
f 79//65 81//65 80//65
f 80//65 81//65 82//65
f 81//66 83//66 82//66
f 82//66 83//66 84//66
f 83//67 85//67 84//67
f 84//67 85//67 86//67
f 87//68 88//68 85//68
f 88//69 89//69 85//69
f 85//70 89//70 86//70
f 90//71 91//71 92//71
f 92//72 93//72 90//72
f 93//73 94//73 90//73
f 90//74 94//74 87//74
f 94//75 95//75 87//75
f 87//76 95//76 88//76
f 96//77 97//77 98//77
f 98//78 99//78 96//78
f 99//79 100//79 96//79
f 96//80 100//80 91//80
f 100//81 101//81 91//81
f 91//82 101//82 92//82
f 102//83 103//83 104//83
f 104//84 105//84 102//84
f 105//85 106//85 102//85
f 102//86 106//86 97//86
f 106//87 107//87 97//87
f 97//88 107//88 98//88
f 108//89 109//89 110//89
f 110//90 111//90 108//90
f 111//91 112//91 108//91
f 108//92 112//92 103//92
f 112//93 113//93 103//93
f 103//94 113//94 104//94
f 114//95 115//95 116//95
f 115//96 117//96 116//96
f 116//97 117//97 109//97
f 117//98 118//98 109//98
f 109//99 118//99 110//99
f 119//100 120//100 114//100
f 120//101 121//101 114//101
f 114//102 121//102 115//102
f 122//103 123//103 119//103
f 123//104 124//104 119//104
f 119//105 124//105 120//105
f 125//106 126//106 122//106
f 126//107 127//107 122//107
f 122//108 127//108 123//108
f 128//109 129//109 125//109
f 129//110 130//110 125//110
f 125//111 130//111 126//111
f 131//112 132//112 128//112
f 132//113 133//113 128//113
f 128//114 133//114 129//114
f 134//115 135//115 131//115
f 135//116 136//116 131//116
f 131//117 136//117 132//117
f 137//118 138//118 134//118
f 138//119 139//119 134//119
f 134//120 139//120 135//120
f 140//121 141//121 137//121
f 141//122 142//122 137//122
f 137//123 142//123 138//123
f 143//124 144//124 145//124
f 144//125 146//125 145//125
f 145//125 146//125 147//125
f 146//126 148//126 147//126
f 147//126 148//126 149//126
f 148//127 150//127 149//127
f 149//127 150//127 151//127
f 150//128 152//128 151//128
f 151//129 152//129 140//129
f 152//130 153//130 140//130
f 140//131 153//131 141//131
f 154//132 155//132 143//132
f 155//133 156//133 143//133
f 143//124 156//124 144//124
f 3//134 157//134 1//134
f 157//135 158//135 1//135
f 1//135 158//135 159//135
f 158//136 160//136 159//136
f 159//136 160//136 161//136
f 160//137 162//137 161//137
f 161//137 162//137 163//137
f 162//138 164//138 163//138
f 163//138 164//138 165//138
f 164//139 166//139 165//139
f 165//139 166//139 167//139
f 166//140 168//140 167//140
f 167//140 168//140 169//140
f 168//141 170//141 169//141
f 169//141 170//141 171//141
f 170//142 172//142 171//142
f 171//142 172//142 173//142
f 172//143 174//143 173//143
f 173//143 174//143 175//143
f 174//144 176//144 175//144
f 175//144 176//144 177//144
f 176//145 178//145 177//145
f 177//145 178//145 179//145
f 178//146 180//146 179//146
f 179//146 180//146 181//146
f 180//147 154//147 181//147
f 181//147 154//147 182//147
f 154//148 143//148 182//148
f 183//149 184//149 185//149
f 186//150 187//150 184//150
f 187//151 188//151 184//151
f 184//152 188//152 185//152
f 189//153 190//153 186//153
f 190//154 191//154 186//154
f 186//7 191//7 187//7
f 192//155 193//155 189//155
f 193//156 194//156 189//156
f 189//157 194//157 190//157
f 195//158 196//158 192//158
f 196//12 197//12 192//12
f 192//159 197//159 193//159
f 198//160 199//160 195//160
f 199//15 200//15 195//15
f 195//161 200//161 196//161
f 201//162 202//162 198//162
f 202//163 203//163 198//163
f 198//164 203//164 199//164
f 204//165 205//165 201//165
f 205//21 206//21 201//21
f 201//166 206//166 202//166
f 207//167 208//167 204//167
f 208//168 209//168 204//168
f 204//169 209//169 205//169
f 210//170 211//170 207//170
f 211//171 212//171 207//171
f 207//172 212//172 208//172
f 213//173 214//173 210//173
f 214//30 215//30 210//30
f 210//174 215//174 211//174
f 216//175 217//175 213//175
f 217//33 218//33 213//33
f 213//176 218//176 214//176
f 219//177 220//177 216//177
f 220//178 221//178 216//178
f 216//179 221//179 217//179
f 222//38 223//38 219//38
f 223//39 224//39 219//39
f 219//180 224//180 220//180
f 225//181 226//181 222//181
f 226//182 227//182 222//182
f 222//43 227//43 223//43
f 228//183 229//183 230//183
f 229//184 231//184 230//184
f 230//184 231//184 232//184
f 231//185 233//185 232//185
f 232//185 233//185 234//185
f 233//186 235//186 234//186
f 234//186 235//186 236//186
f 235//187 237//187 236//187
f 236//187 237//187 238//187
f 237//188 239//188 238//188
f 238//188 239//188 240//188
f 239//189 241//189 240//189
f 240//189 241//189 242//189
f 241//190 243//190 242//190
f 242//190 243//190 244//190
f 243//191 245//191 244//191
f 244//191 245//191 246//191
f 245//192 247//192 246//192
f 246//192 247//192 248//192
f 247//193 249//193 248//193
f 248//193 249//193 250//193
f 249//194 251//194 250//194
f 250//194 251//194 252//194
f 251//195 253//195 252//195
f 252//195 253//195 254//195
f 253//196 255//196 254//196
f 254//197 255//197 225//197
f 255//198 256//198 225//198
f 225//199 256//199 226//199
f 257//200 258//200 228//200
f 258//62 259//62 228//62
f 228//183 259//183 229//183
f 228//201 260//201 257//201
f 260//202 261//202 257//202
f 257//202 261//202 262//202
f 261//203 263//203 262//203
f 262//203 263//203 264//203
f 263//204 265//204 264//204
f 264//204 265//204 266//204
f 265//205 267//205 266//205
f 266//205 267//205 268//205
f 269//206 270//206 267//206
f 270//207 271//207 267//207
f 267//208 271//208 268//208
f 272//209 273//209 274//209
f 274//210 275//210 272//210
f 275//211 276//211 272//211
f 272//212 276//212 269//212
f 276//213 277//213 269//213
f 269//76 277//76 270//76
f 278//77 279//77 280//77
f 280//78 281//78 278//78
f 281//79 282//79 278//79
f 278//214 282//214 273//214
f 282//215 283//215 273//215
f 273//82 283//82 274//82
f 284//216 285//216 286//216
f 286//217 287//217 284//217
f 287//218 288//218 284//218
f 284//219 288//219 279//219
f 288//220 289//220 279//220
f 279//221 289//221 280//221
f 290//222 291//222 292//222
f 292//223 293//223 290//223
f 293//224 294//224 290//224
f 290//225 294//225 285//225
f 294//226 295//226 285//226
f 285//227 295//227 286//227
f 296//228 297//228 298//228
f 297//229 299//229 298//229
f 298//230 299//230 291//230
f 299//231 300//231 291//231
f 291//232 300//232 292//232
f 301//233 302//233 296//233
f 302//234 303//234 296//234
f 296//235 303//235 297//235
f 304//236 305//236 301//236
f 305//237 306//237 301//237
f 301//105 306//105 302//105
f 307//238 308//238 304//238
f 308//239 309//239 304//239
f 304//240 309//240 305//240
f 310//241 311//241 307//241
f 311//242 312//242 307//242
f 307//243 312//243 308//243
f 313//244 314//244 310//244
f 314//245 315//245 310//245
f 310//246 315//246 311//246
f 316//247 317//247 313//247
f 317//248 318//248 313//248
f 313//249 318//249 314//249
f 319//250 320//250 316//250
f 320//251 321//251 316//251
f 316//252 321//252 317//252
f 322//253 323//253 319//253
f 323//254 324//254 319//254
f 319//255 324//255 320//255
f 325//256 326//256 327//256
f 326//125 328//125 327//125
f 327//125 328//125 329//125
f 328//126 330//126 329//126
f 329//126 330//126 331//126
f 330//257 332//257 331//257
f 331//257 332//257 333//257
f 332//128 334//128 333//128
f 333//258 334//258 322//258
f 334//259 335//259 322//259
f 322//260 335//260 323//260
f 336//261 337//261 325//261
f 337//262 338//262 325//262
f 325//256 338//256 326//256
f 185//263 339//263 183//263
f 339//264 340//264 183//264
f 183//264 340//264 341//264
f 340//265 342//265 341//265
f 341//265 342//265 343//265
f 342//266 344//266 343//266
f 343//266 344//266 345//266
f 344//138 346//138 345//138
f 345//138 346//138 347//138
f 346//139 348//139 347//139
f 347//139 348//139 349//139
f 348//267 350//267 349//267
f 349//267 350//267 351//267
f 350//268 352//268 351//268
f 351//268 352//268 353//268
f 352//269 354//269 353//269
f 353//269 354//269 355//269
f 354//270 356//270 355//270
f 355//270 356//270 357//270
f 356//144 358//144 357//144
f 357//144 358//144 359//144
f 358//145 360//145 359//145
f 359//145 360//145 361//145
f 360//271 362//271 361//271
f 361//271 362//271 363//271
f 362//272 336//272 363//272
f 363//272 336//272 364//272
f 336//273 325//273 364//273
f 365//274 366//274 367//274
f 367//268 368//268 365//268
f 368//267 369//267 365//267
f 365//267 369//267 370//267
f 369//139 371//139 370//139
f 370//139 371//139 372//139
f 371//275 373//275 372//275
f 372//275 373//275 374//275
f 373//276 375//276 374//276
f 374//276 375//276 376//276
f 377//277 378//277 375//277
f 378//278 379//278 375//278
f 375//279 379//279 376//279
f 380//280 381//280 382//280
f 382//281 383//281 380//281
f 383//282 384//282 380//282
f 380//283 384//283 377//283
f 384//284 385//284 377//284
f 377//285 385//285 378//285
f 386//286 387//286 388//286
f 388//287 389//287 386//287
f 389//288 390//288 386//288
f 386//289 390//289 381//289
f 390//290 391//290 381//290
f 381//291 391//291 382//291
f 392//292 393//292 394//292
f 394//293 395//293 392//293
f 395//294 396//294 392//294
f 392//295 396//295 387//295
f 396//296 397//296 387//296
f 387//297 397//297 388//297
f 398//298 399//298 400//298
f 400//299 401//299 398//299
f 401//300 402//300 398//300
f 398//301 402//301 393//301
f 402//302 403//302 393//302
f 393//303 403//303 394//303
f 404//304 405//304 406//304
f 405//305 407//305 406//305
f 406//306 407//306 399//306
f 407//307 408//307 399//307
f 399//308 408//308 400//308
f 409//309 410//309 404//309
f 410//310 411//310 404//310
f 404//311 411//311 405//311
f 412//312 413//312 409//312
f 413//313 414//313 409//313
f 409//314 414//314 410//314
f 415//315 416//315 412//315
f 416//316 417//316 412//316
f 412//317 417//317 413//317
f 418//318 419//318 415//318
f 419//319 420//319 415//319
f 415//320 420//320 416//320
f 421//321 422//321 418//321
f 422//322 423//322 418//322
f 418//323 423//323 419//323
f 424//324 425//324 421//324
f 425//325 426//325 421//325
f 421//326 426//326 422//326
f 427//327 428//327 424//327
f 428//328 429//328 424//328
f 424//329 429//329 425//329
f 430//330 431//330 427//330
f 431//331 432//331 427//331
f 427//332 432//332 428//332
f 433//190 434//190 435//190
f 434//191 436//191 435//191
f 435//191 436//191 437//191
f 436//333 438//333 437//333
f 437//333 438//333 439//333
f 438//334 440//334 439//334
f 439//334 440//334 441//334
f 440//335 442//335 441//335
f 441//336 442//336 430//336
f 442//337 443//337 430//337
f 430//338 443//338 431//338
f 444//339 445//339 433//339
f 445//340 446//340 433//340
f 433//190 446//190 434//190
f 447//341 448//341 449//341
f 448//342 450//342 449//342
f 449//342 450//342 451//342
f 450//343 452//343 451//343
f 451//343 452//343 453//343
f 452//344 454//344 453//344
f 453//344 454//344 455//344
f 454//203 456//203 455//203
f 455//203 456//203 457//203
f 456//202 458//202 457//202
f 457//202 458//202 459//202
f 458//201 460//201 459//201
f 459//201 460//201 461//201
f 460//183 462//183 461//183
f 461//183 462//183 463//183
f 462//184 464//184 463//184
f 463//184 464//184 465//184
f 464//345 466//345 465//345
f 465//345 466//345 467//345
f 466//346 468//346 467//346
f 467//346 468//346 469//346
f 468//187 470//187 469//187
f 469//187 470//187 471//187
f 470//188 444//188 471//188
f 471//188 444//188 472//188
f 444//189 433//189 472//189
f 473//347 474//347 447//347
f 474//348 475//348 447//348
f 447//341 475//341 448//341
f 476//349 477//349 473//349
f 477//350 478//350 473//350
f 473//351 478//351 474//351
f 479//352 480//352 476//352
f 480//353 481//353 476//353
f 476//354 481//354 477//354
f 482//355 483//355 479//355
f 483//356 484//356 479//356
f 479//357 484//357 480//357
f 485//358 486//358 482//358
f 486//359 487//359 482//359
f 482//360 487//360 483//360
f 488//361 489//361 485//361
f 489//362 490//362 485//362
f 485//363 490//363 486//363
f 491//364 492//364 488//364
f 492//365 493//365 488//365
f 488//366 493//366 489//366
f 494//367 495//367 491//367
f 495//368 496//368 491//368
f 491//369 496//369 492//369
f 497//370 498//370 494//370
f 498//371 499//371 494//371
f 494//372 499//372 495//372
f 500//373 501//373 497//373
f 501//374 502//374 497//374
f 497//375 502//375 498//375
f 503//376 504//376 500//376
f 504//377 505//377 500//377
f 500//378 505//378 501//378
f 506//379 507//379 503//379
f 507//380 508//380 503//380
f 503//381 508//381 504//381
f 509//382 510//382 506//382
f 510//383 511//383 506//383
f 506//384 511//384 507//384
f 512//385 513//385 509//385
f 513//386 514//386 509//386
f 509//387 514//387 510//387
f 515//388 516//388 512//388
f 516//389 517//389 512//389
f 512//390 517//390 513//390
f 366//391 518//391 367//391
f 518//269 519//269 367//269
f 367//269 519//269 520//269
f 519//270 521//270 520//270
f 520//270 521//270 522//270
f 521//392 523//392 522//392
f 522//392 523//392 524//392
f 523//393 525//393 524//393
f 524//393 525//393 526//393
f 525//271 527//271 526//271
f 526//271 527//271 528//271
f 527//272 529//272 528//272
f 528//272 529//272 530//272
f 529//273 531//273 530//273
f 530//273 531//273 532//273
f 531//256 533//256 532//256
f 532//256 533//256 534//256
f 533//125 535//125 534//125
f 534//125 535//125 536//125
f 535//394 537//394 536//394
f 536//394 537//394 538//394
f 537//395 539//395 538//395
f 538//395 539//395 540//395
f 539//396 541//396 540//396
f 540//396 541//396 542//396
f 541//397 543//397 542//397
f 542//397 543//397 544//397
f 543//398 545//398 544//398
f 544//399 545//399 515//399
f 545//400 546//400 515//400
f 515//401 546//401 516//401
f 547//402 548//402 549//402
f 549//141 550//141 547//141
f 550//140 551//140 547//140
f 547//140 551//140 552//140
f 551//139 553//139 552//139
f 552//139 553//139 554//139
f 553//275 555//275 554//275
f 554//275 555//275 556//275
f 555//403 557//403 556//403
f 556//403 557//403 558//403
f 559//404 560//404 557//404
f 560//405 561//405 557//405
f 557//406 561//406 558//406
f 562//407 563//407 564//407
f 564//408 565//408 562//408
f 565//409 566//409 562//409
f 562//410 566//410 559//410
f 566//411 567//411 559//411
f 559//412 567//412 560//412
f 568//286 569//286 570//286
f 570//413 571//413 568//413
f 571//414 572//414 568//414
f 568//415 572//415 563//415
f 572//416 573//416 563//416
f 563//417 573//417 564//417
f 574//418 575//418 576//418
f 576//419 577//419 574//419
f 577//420 578//420 574//420
f 574//421 578//421 569//421
f 578//422 579//422 569//422
f 569//423 579//423 570//423
f 580//424 581//424 582//424
f 582//425 583//425 580//425
f 583//426 584//426 580//426
f 580//427 584//427 575//427
f 584//428 585//428 575//428
f 575//429 585//429 576//429
f 586//430 587//430 588//430
f 587//431 589//431 588//431
f 588//432 589//432 581//432
f 589//433 590//433 581//433
f 581//308 590//308 582//308
f 591//434 592//434 586//434
f 592//435 593//435 586//435
f 586//311 593//311 587//311
f 594//436 595//436 591//436
f 595//437 596//437 591//437
f 591//314 596//314 592//314
f 597//438 598//438 594//438
f 598//439 599//439 594//439
f 594//440 599//440 595//440
f 600//441 601//441 597//441
f 601//319 602//319 597//319
f 597//442 602//442 598//442
f 603//443 604//443 600//443
f 604//444 605//444 600//444
f 600//445 605//445 601//445
f 606//446 607//446 603//446
f 607//447 608//447 603//447
f 603//448 608//448 604//448
f 609//449 610//449 606//449
f 610//328 611//328 606//328
f 606//329 611//329 607//329
f 612//450 613//450 609//450
f 613//451 614//451 609//451
f 609//452 614//452 610//452
f 615//51 616//51 617//51
f 616//52 618//52 617//52
f 617//52 618//52 619//52
f 618//453 620//453 619//453
f 619//453 620//453 621//453
f 620//454 622//454 621//454
f 621//454 622//454 623//454
f 622//455 624//455 623//455
f 623//456 624//456 612//456
f 624//337 625//337 612//337
f 612//457 625//457 613//457
f 626//458 627//458 615//458
f 627//459 628//459 615//459
f 615//51 628//51 616//51
f 629//460 630//460 631//460
f 630//461 632//461 631//461
f 631//461 632//461 633//461
f 632//462 634//462 633//462
f 633//462 634//462 635//462
f 634//463 636//463 635//463
f 635//463 636//463 637//463
f 636//65 638//65 637//65
f 637//65 638//65 639//65
f 638//64 640//64 639//64
f 639//64 640//64 641//64
f 640//63 642//63 641//63
f 641//63 642//63 643//63
f 642//44 644//44 643//44
f 643//44 644//44 645//44
f 644//45 646//45 645//45
f 645//45 646//45 647//45
f 646//464 648//464 647//464
f 647//464 648//464 649//464
f 648//465 650//465 649//465
f 649//465 650//465 651//465
f 650//48 652//48 651//48
f 651//48 652//48 653//48
f 652//49 626//49 653//49
f 653//49 626//49 654//49
f 626//50 615//50 654//50
f 655//466 656//466 629//466
f 656//467 657//467 629//467
f 629//460 657//460 630//460
f 658//468 659//468 655//468
f 659//469 660//469 655//469
f 655//470 660//470 656//470
f 661//471 662//471 658//471
f 662//472 663//472 658//472
f 658//473 663//473 659//473
f 664//474 665//474 661//474
f 665//475 666//475 661//475
f 661//476 666//476 662//476
f 667//477 668//477 664//477
f 668//478 669//478 664//478
f 664//479 669//479 665//479
f 670//480 671//480 667//480
f 671//481 672//481 667//481
f 667//482 672//482 668//482
f 673//483 674//483 670//483
f 674//484 675//484 670//484
f 670//485 675//485 671//485
f 676//486 677//486 673//486
f 677//487 678//487 673//487
f 673//488 678//488 674//488
f 679//489 680//489 676//489
f 680//490 681//490 676//490
f 676//491 681//491 677//491
f 682//492 683//492 679//492
f 683//493 684//493 679//493
f 679//494 684//494 680//494
f 685//495 686//495 682//495
f 686//496 687//496 682//496
f 682//378 687//378 683//378
f 688//497 689//497 685//497
f 689//498 690//498 685//498
f 685//381 690//381 686//381
f 691//499 692//499 688//499
f 692//500 693//500 688//500
f 688//501 693//501 689//501
f 694//502 695//502 691//502
f 695//503 696//503 691//503
f 691//387 696//387 692//387
f 697//504 698//504 694//504
f 698//505 699//505 694//505
f 694//506 699//506 695//506
f 548//507 700//507 549//507
f 700//142 701//142 549//142
f 549//142 701//142 702//142
f 701//143 703//143 702//143
f 702//143 703//143 704//143
f 703//392 705//392 704//392
f 704//392 705//392 706//392
f 705//393 707//393 706//393
f 706//393 707//393 708//393
f 707//146 709//146 708//146
f 708//146 709//146 710//146
f 709//147 711//147 710//147
f 710//147 711//147 712//147
f 711//148 713//148 712//148
f 712//148 713//148 714//148
f 713//124 715//124 714//124
f 714//124 715//124 716//124
f 715//125 717//125 716//125
f 716//125 717//125 718//125
f 717//394 719//394 718//394
f 718//394 719//394 720//394
f 719//508 721//508 720//508
f 720//508 721//508 722//508
f 721//509 723//509 722//509
f 722//509 723//509 724//509
f 723//510 725//510 724//510
f 724//510 725//510 726//510
f 725//511 727//511 726//511
f 726//512 727//512 697//512
f 727//513 728//513 697//513
f 697//514 728//514 698//514
f 729//515 730//515 731//515
f 730//515 732//515 731//515
f 729//516 731//516 733//516
f 729//516 733//516 734//516
f 733//516 735//516 734//516
f 734//516 735//516 736//516
f 737//517 738//517 739//517
f 737//517 739//517 740//517
f 739//518 741//518 740//518
f 740//518 741//518 742//518
f 715//519 713//519 743//519
f 713//520 711//520 743//520
f 705//521 744//521 707//521
f 744//522 743//522 707//522
f 707//523 743//523 709//523
f 743//524 711//524 709//524
f 705//525 703//525 744//525
f 703//526 701//526 744//526
f 744//527 701//527 700//527
f 452//528 745//528 454//528
f 745//529 746//529 454//529
f 454//530 746//530 456//530
f 452//531 450//531 745//531
f 450//532 448//532 745//532
f 745//533 448//533 475//533
f 493//534 492//534 745//534
f 492//535 496//535 745//535
f 745//536 496//536 495//536
f 486//537 490//537 745//537
f 490//538 489//538 745//538
f 745//539 489//539 493//539
f 484//540 483//540 745//540
f 483//541 487//541 745//541
f 745//542 487//542 486//542
f 477//543 481//543 745//543
f 481//544 480//544 745//544
f 745//545 480//545 484//545
f 475//546 474//546 745//546
f 474//547 478//547 745//547
f 745//548 478//548 477//548
f 499//549 498//549 747//549
f 498//550 502//550 747//550
f 747//551 502//551 501//551
f 501//552 505//552 747//552
f 505//553 504//553 747//553
f 747//554 504//554 508//554
f 508//555 507//555 747//555
f 507//556 511//556 747//556
f 747//557 511//557 510//557
f 510//558 514//558 747//558
f 514//559 513//559 747//559
f 747//560 513//560 517//560
f 517//561 516//561 747//561
f 516//562 546//562 747//562
f 747//563 546//563 545//563
f 634//564 539//564 537//564
f 634//565 537//565 636//565
f 678//566 677//566 747//566
f 672//567 671//567 541//567
f 671//568 675//568 541//568
f 541//569 675//569 674//569
f 665//570 669//570 541//570
f 669//571 668//571 541//571
f 541//572 668//572 672//572
f 663//573 662//573 541//573
f 662//574 666//574 541//574
f 541//575 666//575 665//575
f 656//576 660//576 541//576
f 660//577 659//577 541//577
f 541//578 659//578 663//578
f 634//564 632//564 539//564
f 632//579 630//579 539//579
f 539//579 630//579 541//579
f 630//580 657//580 541//580
f 541//581 657//581 656//581
f 545//582 543//582 747//582
f 543//583 541//583 747//583
f 747//584 541//584 678//584
f 541//585 674//585 678//585
f 677//586 681//586 747//586
f 681//587 680//587 747//587
f 747//588 680//588 684//588
f 684//589 683//589 747//589
f 683//590 687//590 747//590
f 747//591 687//591 686//591
f 686//592 690//592 747//592
f 690//593 689//593 747//593
f 747//594 689//594 693//594
f 693//595 692//595 747//595
f 692//596 696//596 747//596
f 747//597 696//597 695//597
f 695//598 699//598 747//598
f 699//599 698//599 747//599
f 747//600 698//600 728//600
f 728//601 727//601 747//601
f 727//602 725//602 747//602
f 747//603 725//603 723//603
f 723//604 721//604 747//604
f 721//605 719//605 747//605
f 747//606 719//606 743//606
f 719//565 717//565 743//565
f 743//530 717//530 715//530
f 519//607 627//607 626//607
f 626//608 652//608 519//608
f 652//609 650//609 519//609
f 519//609 650//609 521//609
f 537//565 535//565 636//565
f 535//530 533//530 636//530
f 636//530 533//530 638//530
f 533//610 531//610 638//610
f 531//611 529//611 638//611
f 529//612 527//612 638//612
f 638//613 527//613 640//613
f 527//614 525//614 640//614
f 640//615 525//615 642//615
f 525//616 644//616 642//616
f 521//617 650//617 523//617
f 650//617 648//617 523//617
f 523//618 648//618 525//618
f 648//618 646//618 525//618
f 525//619 646//619 644//619
f 552//620 748//620 547//620
f 748//621 744//621 547//621
f 547//622 744//622 548//622
f 744//623 700//623 548//623
f 552//624 554//624 748//624
f 554//625 556//625 748//625
f 748//626 556//626 558//626
f 585//627 584//627 748//627
f 571//628 570//628 748//628
f 570//629 579//629 748//629
f 748//630 579//630 578//630
f 564//631 573//631 748//631
f 573//632 572//632 748//632
f 748//633 572//633 571//633
f 567//634 566//634 748//634
f 566//635 565//635 748//635
f 748//636 565//636 564//636
f 558//637 561//637 748//637
f 561//638 560//638 748//638
f 748//639 560//639 567//639
f 578//640 577//640 748//640
f 577//641 576//641 748//641
f 748//642 576//642 585//642
f 584//643 583//643 748//643
f 583//644 582//644 748//644
f 748//645 582//645 590//645
f 590//646 589//646 748//646
f 589//647 587//647 748//647
f 748//648 587//648 408//648
f 408//649 587//649 400//649
f 587//650 593//650 400//650
f 400//651 593//651 592//651
f 592//652 596//652 400//652
f 596//653 595//653 400//653
f 400//654 595//654 599//654
f 599//655 598//655 400//655
f 598//656 602//656 400//656
f 400//657 602//657 601//657
f 601//658 605//658 400//658
f 605//659 604//659 400//659
f 400//660 604//660 608//660
f 608//661 607//661 400//661
f 607//662 611//662 400//662
f 400//663 611//663 610//663
f 610//664 614//664 400//664
f 614//665 613//665 400//665
f 400//666 613//666 625//666
f 625//667 624//667 400//667
f 624//668 622//668 400//668
f 400//669 622//669 620//669
f 407//670 405//670 749//670
f 405//671 411//671 749//671
f 411//672 410//672 749//672
f 749//673 410//673 414//673
f 414//674 413//674 749//674
f 413//675 417//675 749//675
f 749//676 417//676 416//676
f 416//677 420//677 749//677
f 420//678 419//678 749//678
f 749//679 419//679 423//679
f 423//680 422//680 749//680
f 422//681 426//681 749//681
f 749//682 426//682 425//682
f 425//683 429//683 749//683
f 429//684 428//684 749//684
f 749//685 428//685 432//685
f 432//686 431//686 749//686
f 431//687 443//687 749//687
f 749//688 443//688 442//688
f 442//689 440//689 749//689
f 440//690 438//690 749//690
f 749//691 438//691 436//691
f 618//692 616//692 370//692
f 616//693 628//693 370//693
f 519//694 518//694 627//694
f 518//695 366//695 627//695
f 627//696 366//696 628//696
f 366//696 365//696 628//696
f 628//693 365//693 370//693
f 403//697 402//697 620//697
f 402//698 401//698 620//698
f 620//699 401//699 400//699
f 397//700 396//700 620//700
f 397//701 620//701 388//701
f 391//702 390//702 620//702
f 390//703 389//703 620//703
f 620//704 389//704 388//704
f 384//705 383//705 620//705
f 383//706 382//706 620//706
f 620//707 382//707 391//707
f 379//708 378//708 620//708
f 378//709 385//709 620//709
f 620//710 385//710 384//710
f 370//692 372//692 618//692
f 372//711 374//711 618//711
f 618//711 374//711 620//711
f 374//712 376//712 620//712
f 620//713 376//713 379//713
f 396//714 395//714 620//714
f 395//715 394//715 620//715
f 620//716 394//716 403//716
f 444//717 470//717 750//717
f 436//718 434//718 749//718
f 434//719 446//719 749//719
f 749//720 446//720 750//720
f 446//721 445//721 750//721
f 750//722 445//722 444//722
f 470//723 468//723 750//723
f 468//724 466//724 750//724
f 750//725 466//725 746//725
f 466//726 464//726 746//726
f 746//727 464//727 462//727
f 462//728 460//728 746//728
f 460//729 458//729 746//729
f 746//730 458//730 456//730
f 346//731 63//731 61//731
f 356//732 59//732 57//732
f 352//733 350//733 61//733
f 350//734 348//734 61//734
f 61//731 348//731 346//731
f 59//735 356//735 61//735
f 356//736 354//736 61//736
f 61//737 354//737 352//737
f 337//738 336//738 47//738
f 336//739 362//739 47//739
f 47//740 362//740 49//740
f 362//740 360//740 49//740
f 49//741 360//741 51//741
f 360//741 358//741 51//741
f 51//742 358//742 53//742
f 358//742 356//742 53//742
f 53//743 356//743 55//743
f 356//744 57//744 55//744
f 262//745 264//745 751//745
f 264//746 266//746 751//746
f 751//747 266//747 268//747
f 287//748 286//748 751//748
f 287//749 751//749 288//749
f 281//750 280//750 751//750
f 280//751 289//751 751//751
f 751//752 289//752 288//752
f 274//753 283//753 751//753
f 283//754 282//754 751//754
f 751//755 282//755 281//755
f 277//756 276//756 751//756
f 276//757 275//757 751//757
f 751//758 275//758 274//758
f 268//759 271//759 751//759
f 271//760 270//760 751//760
f 751//761 270//761 277//761
f 286//762 295//762 751//762
f 295//763 294//763 751//763
f 751//764 294//764 293//764
f 293//765 292//765 751//765
f 292//766 300//766 751//766
f 751//767 300//767 299//767
f 302//768 306//768 110//768
f 306//769 305//769 110//769
f 305//770 309//770 110//770
f 110//771 309//771 308//771
f 308//772 312//772 110//772
f 312//773 311//773 110//773
f 110//774 311//774 315//774
f 315//775 314//775 110//775
f 314//776 318//776 110//776
f 110//777 318//777 317//777
f 317//778 321//778 110//778
f 321//779 320//779 110//779
f 110//780 320//780 324//780
f 324//781 323//781 110//781
f 323//782 335//782 110//782
f 110//783 335//783 334//783
f 118//784 117//784 752//784
f 302//785 110//785 303//785
f 110//786 118//786 303//786
f 303//787 118//787 297//787
f 118//788 752//788 297//788
f 297//789 752//789 299//789
f 117//790 115//790 752//790
f 115//791 121//791 752//791
f 752//792 121//792 120//792
f 120//793 124//793 752//793
f 124//794 123//794 752//794
f 752//795 123//795 127//795
f 127//796 126//796 752//796
f 126//797 130//797 752//797
f 752//798 130//798 129//798
f 129//799 133//799 752//799
f 133//800 132//800 752//800
f 752//801 132//801 136//801
f 136//802 135//802 752//802
f 135//803 139//803 752//803
f 752//804 139//804 138//804
f 138//805 142//805 752//805
f 142//806 141//806 752//806
f 752//807 141//807 153//807
f 153//808 152//808 752//808
f 152//809 150//809 752//809
f 752//810 150//810 148//810
f 82//811 328//811 326//811
f 47//812 77//812 337//812
f 77//813 76//813 337//813
f 337//814 76//814 338//814
f 76//814 75//814 338//814
f 338//815 75//815 326//815
f 75//815 80//815 326//815
f 326//811 80//811 82//811
f 328//816 82//816 330//816
f 82//816 84//816 330//816
f 330//817 84//817 86//817
f 113//818 112//818 330//818
f 106//819 105//819 330//819
f 105//820 104//820 330//820
f 330//821 104//821 113//821
f 99//822 98//822 330//822
f 98//823 107//823 330//823
f 330//824 107//824 106//824
f 92//825 101//825 330//825
f 101//826 100//826 330//826
f 330//827 100//827 99//827
f 95//828 94//828 330//828
f 94//829 93//829 330//829
f 330//830 93//830 92//830
f 86//831 89//831 330//831
f 89//832 88//832 330//832
f 330//833 88//833 95//833
f 334//834 332//834 110//834
f 332//835 330//835 110//835
f 110//836 330//836 111//836
f 330//837 112//837 111//837
f 148//838 146//838 752//838
f 146//839 144//839 752//839
f 752//840 144//840 753//840
f 144//841 156//841 753//841
f 231//842 229//842 754//842
f 243//843 241//843 755//843
f 241//844 239//844 755//844
f 239//845 237//845 755//845
f 237//846 235//846 755//846
f 755//847 235//847 754//847
f 235//848 233//848 754//848
f 754//849 233//849 231//849
f 229//850 259//850 754//850
f 259//851 258//851 754//851
f 754//852 258//852 751//852
f 258//853 257//853 751//853
f 751//854 257//854 262//854
f 162//855 756//855 164//855
f 756//856 757//856 164//856
f 164//731 757//731 166//731
f 162//857 160//857 756//857
f 160//858 158//858 756//858
f 756//859 158//859 157//859
f 21//860 20//860 756//860
f 20//861 24//861 756//861
f 756//862 24//862 23//862
f 14//863 18//863 756//863
f 18//864 17//864 756//864
f 756//865 17//865 21//865
f 12//866 11//866 756//866
f 11//867 15//867 756//867
f 756//868 15//868 14//868
f 5//869 9//869 756//869
f 9//870 8//870 756//870
f 756//871 8//871 12//871
f 157//872 3//872 756//872
f 3//873 6//873 756//873
f 756//874 6//874 5//874
f 23//875 27//875 756//875
f 27//876 26//876 756//876
f 756//877 26//877 205//877
f 26//878 30//878 205//878
f 30//879 29//879 205//879
f 29//880 33//880 205//880
f 205//881 33//881 32//881
f 32//882 36//882 205//882
f 36//883 35//883 205//883
f 205//884 35//884 39//884
f 39//885 38//885 205//885
f 38//886 42//886 205//886
f 205//887 42//887 41//887
f 41//888 45//888 205//888
f 45//889 44//889 205//889
f 205//890 44//890 74//890
f 74//891 73//891 205//891
f 73//892 71//892 205//892
f 205//893 71//893 69//893
f 209//894 208//894 758//894
f 208//895 212//895 758//895
f 212//896 211//896 758//896
f 211//897 215//897 758//897
f 758//898 215//898 214//898
f 214//899 218//899 758//899
f 218//900 217//900 758//900
f 758//901 217//901 221//901
f 221//902 220//902 758//902
f 220//903 224//903 758//903
f 758//904 224//904 223//904
f 223//905 227//905 758//905
f 227//906 226//906 758//906
f 758//907 226//907 256//907
f 256//908 255//908 758//908
f 255//909 253//909 758//909
f 758//910 253//910 251//910
f 342//911 67//911 65//911
f 63//912 346//912 65//912
f 346//912 344//912 65//912
f 65//911 344//911 342//911
f 67//913 342//913 69//913
f 342//913 340//913 69//913
f 69//914 340//914 339//914
f 203//915 202//915 69//915
f 202//916 206//916 69//916
f 69//917 206//917 205//917
f 196//918 200//918 69//918
f 200//919 199//919 69//919
f 69//920 199//920 203//920
f 194//921 193//921 69//921
f 193//922 197//922 69//922
f 69//923 197//923 196//923
f 187//924 191//924 69//924
f 191//925 190//925 69//925
f 69//926 190//926 194//926
f 339//927 185//927 69//927
f 185//928 188//928 69//928
f 69//929 188//929 187//929
f 251//930 249//930 758//930
f 249//931 247//931 758//931
f 758//932 247//932 755//932
f 247//912 245//912 755//912
f 755//731 245//731 243//731
f 156//933 155//933 753//933
f 155//934 154//934 753//934
f 753//935 154//935 180//935
f 180//936 178//936 753//936
f 178//937 176//937 753//937
f 753//938 176//938 757//938
f 176//939 174//939 757//939
f 757//940 174//940 172//940
f 172//941 170//941 757//941
f 170//942 168//942 757//942
f 757//943 168//943 166//943
f 759//944 760//944 761//944
f 760//944 762//944 761//944
f 761//945 762//945 763//945
f 762//945 764//945 763//945
f 763//946 764//946 765//946
f 764//946 766//946 765//946
f 765//947 766//947 767//947
f 766//947 768//947 767//947
f 767//948 768//948 769//948
f 768//948 770//948 769//948
f 769//949 770//949 771//949
f 770//949 772//949 771//949
f 771//950 772//950 773//950
f 772//950 774//950 773//950
f 773//951 774//951 775//951
f 774//951 776//951 775//951
f 775//952 776//952 777//952
f 776//952 778//952 777//952
f 777//953 778//953 779//953
f 778//953 780//953 779//953
f 779//954 780//954 758//954
f 780//954 756//954 758//954
f 758//955 756//955 209//955
f 756//956 205//956 209//956
f 299//957 752//957 751//957
f 752//958 735//958 751//958
f 751//959 735//959 781//959
f 735//960 782//960 781//960
f 781//961 782//961 783//961
f 782//961 784//961 783//961
f 783//962 784//962 785//962
f 784//962 786//962 785//962
f 785//963 786//963 787//963
f 786//963 788//963 787//963
f 787//964 788//964 789//964
f 788//964 790//964 789//964
f 789//965 790//965 791//965
f 790//965 792//965 791//965
f 791//966 792//966 793//966
f 408//967 407//967 748//967
f 407//968 749//968 748//968
f 748//969 749//969 733//969
f 749//970 793//970 733//970
f 733//971 793//971 794//971
f 793//966 792//966 794//966
f 495//972 499//972 745//972
f 499//973 747//973 745//973
f 745//974 747//974 795//974
f 747//974 796//974 795//974
f 795//975 796//975 797//975
f 796//975 798//975 797//975
f 797//976 798//976 799//976
f 798//976 800//976 799//976
f 799//977 800//977 801//977
f 800//977 802//977 801//977
f 801//978 802//978 803//978
f 802//978 804//978 803//978
f 803//979 804//979 805//979
f 804//979 806//979 805//979
f 805//980 806//980 807//980
f 806//980 808//980 807//980
f 807//981 808//981 809//981
f 808//981 810//981 809//981
f 809//982 810//982 811//982
f 810//982 812//982 811//982
f 811//983 812//983 813//983
f 812//983 814//983 813//983
f 813//984 814//984 815//984
f 814//984 816//984 815//984
f 817//985 818//985 819//985
f 818//986 820//986 819//986
f 818//987 821//987 820//987
f 821//988 822//988 820//988
f 820//988 822//988 823//988
f 824//989 825//989 826//989
f 823//989 822//989 827//989
f 823//989 827//989 826//989
f 827//989 828//989 826//989
f 826//989 828//989 824//989
f 829//989 734//989 830//989
f 734//989 736//989 830//989
f 831//144 832//144 833//144
f 832//144 834//144 833//144
f 833//990 834//990 835//990
f 834//990 836//990 835//990
f 835//991 836//991 837//991
f 836//991 838//991 837//991
f 837//992 838//992 839//992
f 838//992 840//992 839//992
f 839//993 840//993 841//993
f 840//993 842//993 841//993
f 841//139 842//139 843//139
f 842//139 844//139 843//139
f 843//138 844//138 845//138
f 844//138 846//138 845//138
f 845//994 846//994 847//994
f 846//994 848//994 847//994
f 847//995 848//995 849//995
f 848//995 850//995 849//995
f 849//996 850//996 851//996
f 850//996 852//996 851//996
f 851//997 852//997 853//997
f 852//997 854//997 853//997
f 853//998 854//998 855//998
f 854//998 856//998 855//998
f 855//999 856//999 857//999
f 856//999 858//999 857//999
f 857//1000 858//1000 859//1000
f 858//1000 860//1000 859//1000
f 859//1001 860//1001 861//1001
f 860//1001 862//1001 861//1001
f 861//1002 862//1002 863//1002
f 862//1002 864//1002 863//1002
f 863//1003 864//1003 865//1003
f 864//1003 866//1003 865//1003
f 865//1004 866//1004 867//1004
f 866//1004 868//1004 867//1004
f 867//1005 868//1005 869//1005
f 868//1005 870//1005 869//1005
f 869//1006 870//1006 871//1006
f 870//1006 872//1006 871//1006
f 871//1007 872//1007 873//1007
f 872//1007 874//1007 873//1007
f 873//1008 874//1008 875//1008
f 874//1008 876//1008 875//1008
f 875//1009 876//1009 877//1009
f 876//1009 878//1009 877//1009
f 877//1010 878//1010 879//1010
f 878//1010 880//1010 879//1010
f 879//1011 880//1011 881//1011
f 880//1011 882//1011 881//1011
f 881//1012 882//1012 883//1012
f 882//1012 884//1012 883//1012
f 883//1013 884//1013 885//1013
f 884//1013 886//1013 885//1013
f 885//1014 886//1014 887//1014
f 886//1014 888//1014 887//1014
f 887//1015 888//1015 889//1015
f 888//1015 890//1015 889//1015
f 889//1016 890//1016 891//1016
f 890//1016 892//1016 891//1016
f 891//52 892//52 893//52
f 892//52 894//52 893//52
f 893//1017 894//1017 895//1017
f 894//1017 896//1017 895//1017
f 895//1018 896//1018 897//1018
f 896//1018 898//1018 897//1018
f 897//1019 898//1019 899//1019
f 898//1019 900//1019 899//1019
f 899//1020 900//1020 901//1020
f 900//1020 902//1020 901//1020
f 901//47 902//47 903//47
f 902//47 904//47 903//47
f 903//1021 904//1021 905//1021
f 904//1021 906//1021 905//1021
f 905//1022 906//1022 907//1022
f 906//1022 908//1022 907//1022
f 907//1023 908//1023 909//1023
f 908//1023 910//1023 909//1023
f 909//1024 910//1024 911//1024
f 910//1024 912//1024 911//1024
f 911//1025 912//1025 913//1025
f 912//1025 914//1025 913//1025
f 913//65 914//65 915//65
f 914//65 916//65 915//65
f 915//1026 916//1026 917//1026
f 916//1026 918//1026 917//1026
f 917//1027 918//1027 919//1027
f 918//1027 920//1027 919//1027
f 919//1028 920//1028 921//1028
f 920//1028 922//1028 921//1028
f 921//1029 922//1029 923//1029
f 922//1029 924//1029 923//1029
f 923//1030 924//1030 925//1030
f 924//1030 926//1030 925//1030
f 925//1031 926//1031 927//1031
f 926//1031 928//1031 927//1031
f 927//1032 928//1032 929//1032
f 928//1032 930//1032 929//1032
f 929//1033 930//1033 931//1033
f 930//1033 932//1033 931//1033
f 931//1034 932//1034 933//1034
f 932//1034 934//1034 933//1034
f 933//1035 934//1035 935//1035
f 934//1035 936//1035 935//1035
f 935//1036 936//1036 937//1036
f 936//1036 938//1036 937//1036
f 937//1037 938//1037 939//1037
f 938//1037 940//1037 939//1037
f 939//1038 940//1038 941//1038
f 940//1038 942//1038 941//1038
f 941//1039 942//1039 943//1039
f 942//1039 944//1039 943//1039
f 943//1040 944//1040 945//1040
f 944//1040 946//1040 945//1040
f 945//1041 946//1041 947//1041
f 946//1041 948//1041 947//1041
f 947//1042 948//1042 949//1042
f 948//1042 950//1042 949//1042
f 949//1043 950//1043 951//1043
f 950//1043 952//1043 951//1043
f 951//1044 952//1044 953//1044
f 952//1044 954//1044 953//1044
f 953//1045 954//1045 955//1045
f 954//1045 956//1045 955//1045
f 955//1046 956//1046 957//1046
f 956//1046 958//1046 957//1046
f 957//1047 958//1047 959//1047
f 958//1047 960//1047 959//1047
f 959//1048 960//1048 961//1048
f 960//1048 962//1048 961//1048
f 961//1049 962//1049 963//1049
f 962//1049 964//1049 963//1049
f 963//125 964//125 965//125
f 964//125 966//125 965//125
f 965//1050 966//1050 967//1050
f 966//1050 968//1050 967//1050
f 967//1051 968//1051 969//1051
f 968//1051 970//1051 969//1051
f 969//1052 970//1052 971//1052
f 970//1052 972//1052 971//1052
f 971//1053 972//1053 973//1053
f 972//1053 974//1053 973//1053
f 973//1054 974//1054 831//1054
f 974//1054 832//1054 831//1054
f 830//1055 975//1055 976//1055
f 741//1055 977//1055 978//1055
f 741//1055 739//1055 977//1055
f 739//1056 738//1056 977//1056
f 977//1057 738//1057 979//1057
f 980//1058 981//1058 821//1058
f 982//1059 983//1059 984//1059
f 985//1060 986//1060 987//1060
f 988//1061 989//1061 827//1061
f 987//1062 990//1062 991//1062
f 821//1063 981//1063 822//1063
f 981//1064 992//1064 822//1064
f 822//1065 992//1065 993//1065
f 994//1066 995//1066 822//1066
f 988//1067 827//1067 996//1067
f 989//1068 997//1068 827//1068
f 997//1069 998//1069 827//1069
f 827//1070 998//1070 999//1070
f 999//1071 1000//1071 984//1071
f 1000//1072 1001//1072 984//1072
f 984//1073 1001//1073 982//1073
f 983//1074 1002//1074 984//1074
f 1002//1075 1003//1075 984//1075
f 984//1076 1003//1076 1004//1076
f 986//1077 1005//1077 987//1077
f 1005//1078 1006//1078 987//1078
f 987//1079 1006//1079 990//1079
f 991//1080 1007//1080 987//1080
f 1007//1081 1008//1081 987//1081
f 987//1082 1008//1082 1009//1082
f 1010//1083 1011//1083 818//1083
f 1011//1084 1012//1084 818//1084
f 818//1085 1012//1085 1013//1085
f 1013//1086 1014//1086 818//1086
f 1014//1087 1015//1087 818//1087
f 818//1088 1015//1088 1016//1088
f 1016//1089 1017//1089 818//1089
f 1017//1090 1018//1090 818//1090
f 818//1091 1018//1091 821//1091
f 1018//1092 1019//1092 821//1092
f 821//1093 1019//1093 980//1093
f 1020//1094 1021//1094 827//1094
f 1021//1095 1022//1095 827//1095
f 827//1096 1022//1096 1023//1096
f 1023//1097 1024//1097 827//1097
f 1024//1098 1025//1098 827//1098
f 827//1099 1025//1099 1026//1099
f 1009//1100 1027//1100 987//1100
f 1027//1101 1028//1101 987//1101
f 987//1102 1028//1102 1029//1102
f 822//1103 995//1103 827//1103
f 995//1104 1030//1104 827//1104
f 827//1105 1030//1105 1020//1105
f 1026//1106 1031//1106 827//1106
f 1031//1107 1032//1107 827//1107
f 827//1108 1032//1108 996//1108
f 1004//1109 1033//1109 984//1109
f 1033//1110 1034//1110 984//1110
f 984//1111 1034//1111 1035//1111
f 993//1112 1036//1112 822//1112
f 1036//1113 1037//1113 822//1113
f 822//1114 1037//1114 1038//1114
f 1038//1115 1039//1115 822//1115
f 1039//1116 1040//1116 822//1116
f 822//1117 1040//1117 994//1117
f 1041//1118 1042//1118 987//1118
f 1029//1119 1043//1119 987//1119
f 1043//1120 1044//1120 987//1120
f 987//1121 1044//1121 818//1121
f 1044//1122 1045//1122 818//1122
f 818//1123 1045//1123 1010//1123
f 1042//1124 1046//1124 987//1124
f 1046//1125 1047//1125 987//1125
f 987//1126 1047//1126 985//1126
f 1035//1127 1048//1127 984//1127
f 1048//1128 1049//1128 984//1128
f 984//1129 1049//1129 1050//1129
f 1051//1130 1052//1130 987//1130
f 1052//1131 1053//1131 987//1131
f 987//1132 1053//1132 1041//1132
f 1054//1133 1055//1133 976//1133
f 1055//1134 1056//1134 976//1134
f 1057//1135 1058//1135 1059//1135
f 1060//1136 1057//1136 1061//1136
f 1057//1137 1062//1137 1061//1137
f 1063//1138 1064//1138 976//1138
f 825//1139 1065//1139 1066//1139
f 1059//1140 1067//1140 1057//1140
f 1067//1141 1068//1141 1057//1141
f 1057//1142 1068//1142 1069//1142
f 1063//1143 976//1143 1060//1143
f 1064//1144 1070//1144 976//1144
f 1070//1145 1071//1145 976//1145
f 976//1146 1071//1146 1054//1146
f 1056//1147 1072//1147 976//1147
f 1072//1148 1073//1148 976//1148
f 976//1149 1073//1149 1074//1149
f 1075//1150 1076//1150 1077//1150
f 1076//1151 1078//1151 1077//1151
f 1066//1152 1079//1152 825//1152
f 1079//1153 1080//1153 825//1153
f 825//1154 1080//1154 1057//1154
f 1080//1155 1081//1155 1057//1155
f 1057//1156 1081//1156 1058//1156
f 1069//1157 1082//1157 1057//1157
f 1082//1158 1083//1158 1057//1158
f 1057//1159 1083//1159 1084//1159
f 1085//1160 1086//1160 1077//1160
f 1086//1161 1087//1161 1077//1161
f 1077//1162 1087//1162 1075//1162
f 1088//1163 1089//1163 824//1163
f 1089//1164 1090//1164 824//1164
f 824//1165 1090//1165 1091//1165
f 1084//1166 1092//1166 1057//1166
f 1092//1167 1093//1167 1057//1167
f 1057//1168 1093//1168 1062//1168
f 1074//1169 1094//1169 976//1169
f 1094//1170 1095//1170 976//1170
f 976//1171 1095//1171 1096//1171
f 1096//1172 1097//1172 976//1172
f 1097//1173 1098//1173 976//1173
f 976//1174 1098//1174 1077//1174
f 1098//1175 1099//1175 1077//1175
f 1077//1176 1099//1176 1085//1176
f 1091//1177 1100//1177 824//1177
f 1100//1178 1101//1178 824//1178
f 824//1179 1101//1179 825//1179
f 1101//1180 1102//1180 825//1180
f 825//1181 1102//1181 1065//1181
f 1060//1182 976//1182 1057//1182
f 976//1183 975//1183 1057//1183
f 1057//1184 975//1184 1103//1184
f 1104//1055 151//1055 140//1055
f 1104//1055 179//1055 181//1055
f 181//1055 182//1055 1104//1055
f 182//1055 143//1055 1104//1055
f 1104//1055 143//1055 145//1055
f 145//1055 147//1055 1104//1055
f 147//1055 149//1055 1104//1055
f 1104//1055 149//1055 151//1055
f 163//1055 829//1055 161//1055
f 829//1055 159//1055 161//1055
f 179//1055 1104//1055 177//1055
f 1104//1055 829//1055 177//1055
f 177//1055 829//1055 175//1055
f 976//1055 4//1055 830//1055
f 4//1055 2//1055 830//1055
f 830//1055 2//1055 829//1055
f 2//1055 1//1055 829//1055
f 829//1055 1//1055 159//1055
f 163//1055 165//1055 829//1055
f 165//1055 167//1055 829//1055
f 829//1055 167//1055 169//1055
f 169//1055 171//1055 829//1055
f 171//1055 173//1055 829//1055
f 829//1055 173//1055 175//1055
f 1105//1055 732//1055 694//1055
f 708//1055 710//1055 730//1055
f 1104//1055 555//1055 553//1055
f 710//1055 712//1055 730//1055
f 712//1055 714//1055 730//1055
f 730//1055 714//1055 716//1055
f 553//1055 551//1055 1104//1055
f 551//1055 550//1055 1104//1055
f 1104//1055 550//1055 549//1055
f 549//1055 702//1055 1104//1055
f 702//1055 704//1055 1104//1055
f 1104//1055 704//1055 730//1055
f 704//1055 706//1055 730//1055
f 730//1055 706//1055 708//1055
f 716//1055 718//1055 730//1055
f 718//1055 720//1055 730//1055
f 730//1055 720//1055 722//1055
f 562//1055 559//1055 1104//1055
f 559//1055 557//1055 1104//1055
f 1104//1055 557//1055 555//1055
f 722//1055 724//1055 730//1055
f 724//1055 726//1055 730//1055
f 730//1055 726//1055 732//1055
f 726//1055 697//1055 732//1055
f 732//1055 697//1055 694//1055
f 1106//1185 1107//1185 1105//1185
f 1108//1186 1109//1186 828//1186
f 1110//1187 1111//1187 1112//1187
f 1113//1188 1114//1188 828//1188
f 1114//1189 1115//1189 828//1189
f 828//1190 1115//1190 1116//1190
f 1117//1191 1118//1191 1112//1191
f 1118//1192 1119//1192 1112//1192
f 1112//1193 1119//1193 1110//1193
f 1111//1194 1120//1194 1112//1194
f 1120//1195 1121//1195 1112//1195
f 1112//1196 1121//1196 1122//1196
f 1123//1197 1124//1197 828//1197
f 1124//1198 1125//1198 828//1198
f 828//1199 1125//1199 1113//1199
f 1116//1200 1126//1200 828//1200
f 1126//1201 1127//1201 828//1201
f 828//1202 1127//1202 824//1202
f 1127//1203 1128//1203 824//1203
f 824//1204 1128//1204 1088//1204
f 1122//1205 1129//1205 1112//1205
f 1129//1206 1130//1206 1112//1206
f 1112//1207 1130//1207 1131//1207
f 1109//1208 1132//1208 828//1208
f 1132//1209 1133//1209 828//1209
f 828//1210 1133//1210 1123//1210
f 1134//1211 1135//1211 1136//1211
f 1135//1212 1137//1212 1136//1212
f 1136//1213 1137//1213 1138//1213
f 1139//1214 1140//1214 1141//1214
f 1140//1215 1142//1215 1141//1215
f 1141//1216 1142//1216 1143//1216
f 1144//1217 1145//1217 1141//1217
f 1145//1218 1146//1218 1141//1218
f 1146//1219 1147//1219 1141//1219
f 1147//1220 1148//1220 1141//1220
f 1141//1221 1148//1221 1149//1221
f 1138//1222 1150//1222 1136//1222
f 1150//1223 1151//1223 1136//1223
f 1136//1224 1151//1224 1152//1224
f 1143//1225 1153//1225 1141//1225
f 1153//1226 1154//1226 1141//1226
f 1141//1227 1154//1227 1144//1227
f 1152//1228 1155//1228 1136//1228
f 1155//1229 1156//1229 1136//1229
f 1136//1230 1156//1230 1157//1230
f 1149//1231 1158//1231 1141//1231
f 1158//1232 1159//1232 1141//1232
f 1141//1233 1159//1233 1134//1233
f 1105//1055 1160//1055 1106//1055
f 1160//1234 1161//1234 1106//1234
f 1106//1235 1161//1235 1162//1235
f 1163//1236 1164//1236 1165//1236
f 1164//1237 1166//1237 1165//1237
f 1165//1238 1166//1238 1167//1238
f 1160//1239 1168//1239 1169//1239
f 1160//1240 1170//1240 1171//1240
f 1169//1241 1172//1241 1160//1241
f 1172//1242 1173//1242 1160//1242
f 1160//1243 1173//1243 1170//1243
f 1171//1244 1174//1244 1160//1244
f 1174//1245 1175//1245 1160//1245
f 1160//1246 1175//1246 1161//1246
f 1162//1247 1176//1247 1106//1247
f 1176//1248 1177//1248 1106//1248
f 1106//1249 1177//1249 1178//1249
f 1179//1250 1180//1250 1106//1250
f 1180//1251 1181//1251 1106//1251
f 1182//1252 1183//1252 1139//1252
f 1183//1253 1184//1253 1139//1253
f 1139//1254 1184//1254 1185//1254
f 1167//1255 1186//1255 1165//1255
f 1186//1256 1187//1256 1165//1256
f 1165//1257 1187//1257 1188//1257
f 1185//1258 1189//1258 1139//1258
f 1189//1259 1190//1259 1139//1259
f 1139//1260 1190//1260 1140//1260
f 1188//1261 1191//1261 1165//1261
f 1191//1262 1192//1262 1165//1262
f 1165//1263 1192//1263 1160//1263
f 1192//1264 1193//1264 1160//1264
f 1160//1265 1193//1265 1194//1265
f 1194//1266 1195//1266 1160//1266
f 1195//1267 1196//1267 1160//1267
f 1160//1268 1196//1268 1197//1268
f 1197//1269 1198//1269 1160//1269
f 1198//1270 1199//1270 1160//1270
f 1160//1271 1199//1271 1168//1271
f 1178//1272 1200//1272 1106//1272
f 1200//1273 1201//1273 1106//1273
f 1106//1274 1201//1274 1179//1274
f 1181//1275 1202//1275 1106//1275
f 1202//1276 1203//1276 1106//1276
f 1106//1277 1203//1277 1204//1277
f 1204//1278 1205//1278 1106//1278
f 1205//1279 1206//1279 1106//1279
f 1106//1280 1206//1280 1207//1280
f 1207//1281 1208//1281 1106//1281
f 1208//1282 1209//1282 1106//1282
f 1106//1283 1209//1283 1139//1283
f 1209//1284 1210//1284 1139//1284
f 1139//1285 1210//1285 1182//1285
f 629//1055 631//1055 1165//1055
f 631//1055 633//1055 1165//1055
f 639//1055 641//1055 1165//1055
f 641//1055 643//1055 1165//1055
f 1165//1055 643//1055 645//1055
f 575//1055 574//1055 1211//1055
f 661//1055 1165//1055 664//1055
f 1165//1055 667//1055 664//1055
f 633//1055 635//1055 1165//1055
f 635//1055 637//1055 1165//1055
f 1165//1055 637//1055 639//1055
f 645//1055 647//1055 1165//1055
f 647//1055 649//1055 1165//1055
f 1165//1055 649//1055 1212//1055
f 649//1055 651//1055 1212//1055
f 1212//1055 651//1055 653//1055
f 653//1055 654//1055 1212//1055
f 654//1055 615//1055 1212//1055
f 1212//1055 615//1055 617//1055
f 617//1055 619//1055 1212//1055
f 619//1055 621//1055 1212//1055
f 1212//1055 621//1055 623//1055
f 574//1055 569//1055 1211//1055
f 569//1055 568//1055 1211//1055
f 1211//1055 568//1055 1104//1055
f 568//1055 563//1055 1104//1055
f 1104//1055 563//1055 562//1055
f 1105//1055 694//1055 1160//1055
f 694//1055 691//1055 1160//1055
f 1160//1055 691//1055 688//1055
f 661//1055 658//1055 1165//1055
f 658//1055 655//1055 1165//1055
f 1165//1055 655//1055 629//1055
f 623//1055 612//1055 1212//1055
f 612//1055 609//1055 1212//1055
f 1212//1055 609//1055 606//1055
f 606//1055 603//1055 1212//1055
f 603//1055 600//1055 1212//1055
f 1212//1055 600//1055 597//1055
f 688//1055 685//1055 1160//1055
f 685//1055 682//1055 1160//1055
f 1160//1055 682//1055 679//1055
f 679//1055 676//1055 1160//1055
f 676//1055 673//1055 1160//1055
f 1160//1055 673//1055 1165//1055
f 673//1055 670//1055 1165//1055
f 1165//1055 670//1055 667//1055
f 597//1055 594//1055 1212//1055
f 594//1055 591//1055 1212//1055
f 1212//1055 591//1055 1211//1055
f 591//1055 586//1055 1211//1055
f 1211//1055 586//1055 588//1055
f 588//1055 581//1055 1211//1055
f 581//1055 580//1055 1211//1055
f 1211//1055 580//1055 575//1055
f 56//1055 58//1055 1077//1055
f 58//1055 60//1055 1077//1055
f 1077//1055 60//1055 62//1055
f 128//1055 125//1055 1211//1055
f 103//1055 102//1055 1212//1055
f 102//1055 97//1055 1212//1055
f 97//1055 96//1055 1212//1055
f 96//1055 91//1055 1212//1055
f 1212//1055 91//1055 90//1055
f 79//1055 1212//1055 81//1055
f 1212//1055 83//1055 81//1055
f 140//1055 137//1055 1104//1055
f 137//1055 134//1055 1104//1055
f 1104//1055 134//1055 1211//1055
f 134//1055 131//1055 1211//1055
f 1211//1055 131//1055 128//1055
f 90//1055 87//1055 1212//1055
f 87//1055 85//1055 1212//1055
f 1212//1055 85//1055 83//1055
f 79//1055 78//1055 1212//1055
f 78//1055 46//1055 1212//1055
f 1212//1055 46//1055 48//1055
f 48//1055 50//1055 1212//1055
f 50//1055 52//1055 1212//1055
f 1212//1055 52//1055 1077//1055
f 52//1055 54//1055 1077//1055
f 1077//1055 54//1055 56//1055
f 125//1055 122//1055 1211//1055
f 122//1055 119//1055 1211//1055
f 1211//1055 119//1055 114//1055
f 62//1055 64//1055 1077//1055
f 64//1055 66//1055 1077//1055
f 1077//1055 66//1055 68//1055
f 68//1055 70//1055 1077//1055
f 70//1055 72//1055 1077//1055
f 1077//1055 72//1055 43//1055
f 43//1055 40//1055 1077//1055
f 40//1055 37//1055 1077//1055
f 1077//1055 37//1055 34//1055
f 22//1055 19//1055 976//1055
f 19//1055 16//1055 976//1055
f 976//1055 16//1055 13//1055
f 13//1055 10//1055 976//1055
f 10//1055 7//1055 976//1055
f 976//1055 7//1055 4//1055
f 34//1055 31//1055 1077//1055
f 31//1055 28//1055 1077//1055
f 1077//1055 28//1055 976//1055
f 28//1055 25//1055 976//1055
f 976//1055 25//1055 22//1055
f 114//1055 116//1055 1211//1055
f 116//1055 109//1055 1211//1055
f 1211//1055 109//1055 1212//1055
f 109//1055 108//1055 1212//1055
f 1212//1055 108//1055 103//1055
f 999//1286 984//1286 827//1286
f 984//1055 1112//1055 827//1055
f 827//1055 1112//1055 828//1055
f 1112//1287 1131//1287 828//1287
f 828//1288 1131//1288 1108//1288
f 329//1055 331//1055 1213//1055
f 331//1055 333//1055 1213//1055
f 363//1055 364//1055 1213//1055
f 278//1055 273//1055 1214//1055
f 238//1055 240//1055 984//1055
f 240//1055 242//1055 984//1055
f 984//1055 242//1055 244//1055
f 364//1055 325//1055 1213//1055
f 325//1055 327//1055 1213//1055
f 1213//1055 327//1055 329//1055
f 184//1055 183//1055 1112//1055
f 183//1055 341//1055 1112//1055
f 1112//1055 347//1055 349//1055
f 355//1055 357//1055 1112//1055
f 357//1055 359//1055 1112//1055
f 1112//1055 359//1055 1213//1055
f 359//1055 361//1055 1213//1055
f 1213//1055 361//1055 363//1055
f 1214//1055 267//1055 265//1055
f 260//1055 228//1055 1214//1055
f 228//1055 230//1055 1214//1055
f 341//1055 343//1055 1112//1055
f 343//1055 345//1055 1112//1055
f 1112//1055 345//1055 347//1055
f 307//1055 304//1055 1213//1055
f 304//1055 301//1055 1213//1055
f 1213//1055 301//1055 296//1055
f 273//1055 272//1055 1214//1055
f 272//1055 269//1055 1214//1055
f 1214//1055 269//1055 267//1055
f 265//1055 263//1055 1214//1055
f 263//1055 261//1055 1214//1055
f 1214//1055 261//1055 260//1055
f 244//1055 246//1055 984//1055
f 246//1055 248//1055 984//1055
f 984//1055 248//1055 250//1055
f 349//1055 351//1055 1112//1055
f 351//1055 353//1055 1112//1055
f 1112//1055 353//1055 355//1055
f 333//1055 322//1055 1213//1055
f 322//1055 319//1055 1213//1055
f 1213//1055 319//1055 316//1055
f 316//1055 313//1055 1213//1055
f 313//1055 310//1055 1213//1055
f 1213//1055 310//1055 307//1055
f 230//1055 232//1055 1214//1055
f 232//1055 234//1055 1214//1055
f 1214//1055 234//1055 984//1055
f 234//1055 236//1055 984//1055
f 984//1055 236//1055 238//1055
f 250//1055 252//1055 984//1055
f 252//1055 254//1055 984//1055
f 984//1055 254//1055 225//1055
f 225//1055 222//1055 984//1055
f 222//1055 219//1055 984//1055
f 984//1055 219//1055 216//1055
f 204//1055 201//1055 1112//1055
f 192//1055 189//1055 1112//1055
f 189//1055 186//1055 1112//1055
f 1112//1055 186//1055 184//1055
f 285//1055 284//1055 1214//1055
f 284//1055 279//1055 1214//1055
f 1214//1055 279//1055 278//1055
f 216//1055 213//1055 984//1055
f 213//1055 210//1055 984//1055
f 984//1055 210//1055 1112//1055
f 210//1055 207//1055 1112//1055
f 1112//1055 207//1055 204//1055
f 201//1055 198//1055 1112//1055
f 198//1055 195//1055 1112//1055
f 1112//1055 195//1055 192//1055
f 296//1055 298//1055 1213//1055
f 298//1055 291//1055 1213//1055
f 1213//1055 291//1055 1214//1055
f 291//1055 290//1055 1214//1055
f 1214//1055 290//1055 285//1055
f 1078//1289 1117//1289 1077//1289
f 1117//1290 1112//1290 1077//1290
f 1077//1055 1112//1055 1212//1055
f 1112//1055 1213//1055 1212//1055
f 1212//1055 1213//1055 1165//1055
f 1213//1055 1136//1055 1165//1055
f 1165//1291 1136//1291 1163//1291
f 1136//1292 1157//1292 1163//1292
f 435//1055 437//1055 1214//1055
f 469//1055 471//1055 1214//1055
f 449//1055 451//1055 1215//1055
f 451//1055 453//1055 1215//1055
f 1215//1055 453//1055 455//1055
f 455//1055 457//1055 1215//1055
f 457//1055 459//1055 1215//1055
f 1215//1055 459//1055 461//1055
f 430//1055 427//1055 1214//1055
f 427//1055 424//1055 1214//1055
f 515//1055 512//1055 1136//1055
f 512//1055 509//1055 1136//1055
f 1136//1055 509//1055 506//1055
f 424//1055 421//1055 1214//1055
f 421//1055 418//1055 1214//1055
f 1214//1055 418//1055 415//1055
f 520//1055 522//1055 1213//1055
f 522//1055 524//1055 1213//1055
f 1213//1055 524//1055 1136//1055
f 524//1055 526//1055 1136//1055
f 1136//1055 526//1055 528//1055
f 528//1055 530//1055 1136//1055
f 530//1055 532//1055 1136//1055
f 1136//1055 532//1055 534//1055
f 540//1055 542//1055 1136//1055
f 542//1055 544//1055 1136//1055
f 1136//1055 544//1055 515//1055
f 485//1055 482//1055 1215//1055
f 482//1055 479//1055 1215//1055
f 1215//1055 479//1055 476//1055
f 476//1055 473//1055 1215//1055
f 473//1055 447//1055 1215//1055
f 1215//1055 447//1055 449//1055
f 471//1055 472//1055 1214//1055
f 472//1055 433//1055 1214//1055
f 1214//1055 433//1055 435//1055
f 437//1055 439//1055 1214//1055
f 439//1055 441//1055 1214//1055
f 1214//1055 441//1055 430//1055
f 534//1055 536//1055 1136//1055
f 536//1055 538//1055 1136//1055
f 1136//1055 538//1055 540//1055
f 506//1055 503//1055 1136//1055
f 503//1055 500//1055 1136//1055
f 1136//1055 500//1055 497//1055
f 461//1055 463//1055 1215//1055
f 463//1055 465//1055 1215//1055
f 1215//1055 465//1055 1214//1055
f 465//1055 467//1055 1214//1055
f 1214//1055 467//1055 469//1055
f 406//1055 399//1055 1213//1055
f 399//1055 398//1055 1213//1055
f 398//1055 393//1055 1213//1055
f 1213//1055 393//1055 392//1055
f 381//1055 380//1055 1213//1055
f 380//1055 377//1055 1213//1055
f 1213//1055 377//1055 375//1055
f 375//1055 373//1055 1213//1055
f 373//1055 371//1055 1213//1055
f 1213//1055 371//1055 369//1055
f 497//1055 494//1055 1136//1055
f 494//1055 491//1055 1136//1055
f 1136//1055 491//1055 1215//1055
f 491//1055 488//1055 1215//1055
f 1215//1055 488//1055 485//1055
f 392//1055 387//1055 1213//1055
f 387//1055 386//1055 1213//1055
f 1213//1055 386//1055 381//1055
f 369//1055 368//1055 1213//1055
f 368//1055 367//1055 1213//1055
f 1213//1055 367//1055 520//1055
f 415//1055 412//1055 1214//1055
f 412//1055 409//1055 1214//1055
f 1214//1055 409//1055 1213//1055
f 409//1055 404//1055 1213//1055
f 1213//1055 404//1055 406//1055
f 818//1293 817//1293 987//1293
f 817//1294 1216//1294 987//1294
f 987//1055 1216//1055 1217//1055
f 1216//1055 1218//1055 1217//1055
f 1217//1055 1218//1055 978//1055
f 1218//1055 1219//1055 978//1055
f 978//1055 1219//1055 741//1055
f 932//1295 930//1295 977//1295
f 882//1296 880//1296 978//1296
f 880//1297 878//1297 978//1297
f 970//1298 979//1298 972//1298
f 979//1299 974//1299 972//1299
f 977//1300 924//1300 922//1300
f 900//1301 898//1301 978//1301
f 898//1302 896//1302 978//1302
f 978//1303 896//1303 894//1303
f 888//1304 886//1304 978//1304
f 886//1305 884//1305 978//1305
f 978//1306 884//1306 882//1306
f 840//1307 838//1307 1215//1307
f 836//1308 834//1308 979//1308
f 834//1309 832//1309 979//1309
f 979//1310 832//1310 974//1310
f 970//1311 968//1311 979//1311
f 968//1312 966//1312 979//1312
f 979//1313 966//1313 964//1313
f 964//1314 962//1314 979//1314
f 962//1315 960//1315 979//1315
f 979//1316 960//1316 958//1316
f 930//1317 928//1317 977//1317
f 928//1318 926//1318 977//1318
f 977//1319 926//1319 924//1319
f 922//1320 920//1320 977//1320
f 920//1321 918//1321 977//1321
f 977//1322 918//1322 916//1322
f 894//1323 892//1323 978//1323
f 892//1324 890//1324 978//1324
f 978//1325 890//1325 888//1325
f 864//1326 862//1326 1215//1326
f 862//1327 860//1327 1215//1327
f 1215//1328 860//1328 858//1328
f 858//1329 856//1329 1215//1329
f 856//1330 854//1330 1215//1330
f 1215//1331 854//1331 852//1331
f 852//1332 850//1332 1215//1332
f 850//1333 848//1333 1215//1333
f 1215//1334 848//1334 846//1334
f 1134//1335 1136//1335 1141//1335
f 1136//1055 1215//1055 1141//1055
f 1141//1055 1215//1055 979//1055
f 1215//1336 838//1336 979//1336
f 979//1337 838//1337 836//1337
f 916//1338 914//1338 977//1338
f 914//1339 912//1339 977//1339
f 977//1340 912//1340 910//1340
f 900//1341 978//1341 902//1341
f 978//1342 977//1342 902//1342
f 902//1343 977//1343 904//1343
f 846//1344 844//1344 1215//1344
f 844//1345 842//1345 1215//1345
f 1215//1346 842//1346 840//1346
f 958//1347 956//1347 979//1347
f 956//1348 954//1348 979//1348
f 979//1349 954//1349 952//1349
f 910//1350 908//1350 977//1350
f 908//1351 906//1351 977//1351
f 977//1352 906//1352 904//1352
f 878//1353 876//1353 978//1353
f 876//1354 874//1354 978//1354
f 978//1355 874//1355 872//1355
f 872//1356 870//1356 978//1356
f 870//1357 868//1357 978//1357
f 978//1358 868//1358 866//1358
f 866//1359 864//1359 978//1359
f 864//1360 1215//1360 978//1360
f 978//1055 1215//1055 1217//1055
f 1215//1055 1214//1055 1217//1055
f 1217//1055 1214//1055 987//1055
f 1214//1055 984//1055 987//1055
f 987//1361 984//1361 1051//1361
f 984//1362 1050//1362 1051//1362
f 938//1363 936//1363 977//1363
f 936//1364 934//1364 977//1364
f 977//1365 934//1365 932//1365
f 952//1366 950//1366 979//1366
f 950//1367 948//1367 979//1367
f 979//1368 948//1368 946//1368
f 946//1369 944//1369 979//1369
f 944//1370 942//1370 979//1370
f 979//1371 942//1371 977//1371
f 942//1372 940//1372 977//1372
f 977//1373 940//1373 938//1373
f 738//1374 1220//1374 979//1374
f 1220//1055 1221//1055 979//1055
f 979//1055 1221//1055 1141//1055
f 1221//1055 1222//1055 1141//1055
f 1141//1055 1222//1055 1139//1055
f 1222//1375 1223//1375 1139//1375
f 1139//1376 1223//1376 1106//1376
f 1223//1377 1224//1377 1106//1377
f 1106//1378 1224//1378 1107//1378
f 1225//516 1226//516 759//516
f 759//516 1227//516 1228//516
f 1226//516 1229//516 759//516
f 1229//516 1230//516 759//516
f 759//516 1230//516 1227//516
f 1231//516 1232//516 1233//516
f 1234//516 1235//516 823//516
f 1235//516 1236//516 823//516
f 823//516 1236//516 1237//516
f 1238//516 1239//516 760//516
f 1239//516 1240//516 760//516
f 760//516 1240//516 1241//516
f 1242//516 1243//516 1233//516
f 1243//516 1244//516 1233//516
f 819//516 1245//516 1246//516
f 1228//516 1247//516 759//516
f 1247//516 1248//516 759//516
f 759//516 1248//516 1249//516
f 1241//516 1250//516 760//516
f 1250//516 1251//516 760//516
f 760//516 1251//516 1252//516
f 1232//516 1253//516 1233//516
f 1253//516 1254//516 1233//516
f 1233//516 1254//516 1255//516
f 1254//516 1256//516 1255//516
f 1255//516 1256//516 1257//516
f 1258//516 826//516 1259//516
f 826//516 1260//516 1259//516
f 820//516 1261//516 1262//516
f 1263//516 1264//516 759//516
f 1264//516 1265//516 759//516
f 1252//516 1266//516 760//516
f 1266//516 1267//516 760//516
f 760//516 1267//516 1233//516
f 1267//516 1268//516 1233//516
f 1233//516 1268//516 1242//516
f 1257//516 1269//516 1255//516
f 1269//516 1270//516 1255//516
f 1255//516 1270//516 826//516
f 1270//516 1271//516 826//516
f 826//516 1271//516 1260//516
f 826//516 1272//516 823//516
f 1272//516 1273//516 823//516
f 823//516 1273//516 1274//516
f 1275//516 1276//516 1237//516
f 1277//516 1278//516 819//516
f 1249//516 1279//516 759//516
f 1279//516 1280//516 759//516
f 759//516 1280//516 760//516
f 1244//516 1281//516 1233//516
f 1281//516 1282//516 1233//516
f 1233//516 1282//516 1231//516
f 1258//516 1283//516 826//516
f 1283//516 1284//516 826//516
f 826//516 1284//516 1285//516
f 1285//516 1286//516 826//516
f 1286//516 1287//516 826//516
f 826//516 1287//516 1272//516
f 1274//516 1288//516 823//516
f 1288//516 1289//516 823//516
f 823//516 1289//516 1290//516
f 1290//516 1291//516 823//516
f 1291//516 1292//516 823//516
f 823//516 1292//516 1234//516
f 1293//516 1294//516 1295//516
f 1295//516 1296//516 1293//516
f 1296//516 1297//516 1293//516
f 1293//516 1297//516 1298//516
f 819//516 1246//516 759//516
f 1246//516 1299//516 759//516
f 759//516 1299//516 1263//516
f 1265//516 1300//516 759//516
f 1300//516 1301//516 759//516
f 759//516 1301//516 1302//516
f 1280//516 1303//516 760//516
f 1303//516 1304//516 760//516
f 760//516 1304//516 1305//516
f 1306//516 1293//516 1307//516
f 1293//516 1308//516 1307//516
f 1309//516 1310//516 1293//516
f 1310//516 1311//516 1293//516
f 1293//516 1311//516 1294//516
f 1276//516 1312//516 1237//516
f 1312//516 1313//516 1237//516
f 1237//516 1313//516 1314//516
f 1261//516 820//516 1315//516
f 820//516 823//516 1315//516
f 1315//516 823//516 1316//516
f 1262//516 1317//516 820//516
f 1317//516 1318//516 820//516
f 820//516 1318//516 819//516
f 1318//516 1319//516 819//516
f 819//516 1319//516 1320//516
f 1278//516 1321//516 819//516
f 1321//516 1322//516 819//516
f 819//516 1322//516 1245//516
f 1302//516 1323//516 759//516
f 1323//516 1324//516 759//516
f 759//516 1324//516 1325//516
f 1326//516 1327//516 759//516
f 1327//516 1328//516 759//516
f 1305//516 1329//516 760//516
f 1329//516 1330//516 760//516
f 760//516 1330//516 1331//516
f 1331//516 1332//516 760//516
f 1332//516 1333//516 760//516
f 760//516 1333//516 1334//516
f 1334//516 1335//516 760//516
f 1335//516 1336//516 760//516
f 760//516 1336//516 1238//516
f 1306//516 1337//516 1293//516
f 1337//516 1338//516 1293//516
f 1293//516 1338//516 1309//516
f 1298//516 1339//516 1293//516
f 1339//516 1340//516 1293//516
f 1293//516 1340//516 1341//516
f 1237//516 1342//516 1343//516
f 1343//516 1344//516 1237//516
f 1344//516 1345//516 1237//516
f 1237//516 1345//516 823//516
f 1345//516 1346//516 823//516
f 823//516 1346//516 1347//516
f 1320//516 1348//516 819//516
f 1348//516 1349//516 819//516
f 819//516 1349//516 1277//516
f 1325//516 1350//516 759//516
f 1350//516 1351//516 759//516
f 759//516 1351//516 1326//516
f 1314//516 1352//516 1237//516
f 1352//516 1353//516 1237//516
f 1237//516 1353//516 1342//516
f 1347//516 1354//516 823//516
f 1354//516 1355//516 823//516
f 823//516 1355//516 1356//516
f 1328//516 1357//516 759//516
f 1357//516 1358//516 759//516
f 759//516 1358//516 1308//516
f 1356//516 1359//516 823//516
f 1359//516 1360//516 823//516
f 823//516 1360//516 1361//516
f 1361//516 1362//516 823//516
f 1362//516 1363//516 823//516
f 823//516 1363//516 1316//516
f 1293//516 1364//516 1308//516
f 1364//516 1365//516 1308//516
f 1308//516 1365//516 759//516
f 1365//516 1366//516 759//516
f 759//516 1366//516 1225//516
f 1341//516 1367//516 1293//516
f 1367//516 1368//516 1293//516
f 1293//516 1368//516 1369//516
f 1368//516 1275//516 1369//516
f 1369//516 1275//516 1370//516
f 1275//516 1237//516 1370//516
f 1371//516 1372//516 1373//516
f 1374//516 1375//516 815//516
f 1376//516 1377//516 1378//516
f 1379//516 1380//516 815//516
f 1381//516 1382//516 816//516
f 1382//516 1383//516 816//516
f 816//516 1383//516 1384//516
f 816//516 1385//516 1386//516
f 881//516 883//516 815//516
f 911//516 913//516 742//516
f 913//516 915//516 742//516
f 931//516 933//516 737//516
f 1387//516 1388//516 737//516
f 1388//516 1389//516 737//516
f 1377//516 1390//516 1378//516
f 1390//516 1391//516 1378//516
f 1378//516 1391//516 816//516
f 1391//516 1392//516 816//516
f 816//516 1392//516 1381//516
f 1384//516 1393//516 816//516
f 1393//516 1394//516 816//516
f 816//516 1394//516 1385//516
f 1379//516 815//516 1395//516
f 1396//516 1397//516 737//516
f 1397//516 1398//516 737//516
f 737//516 1398//516 1387//516
f 1399//516 1400//516 1373//516
f 1400//516 1401//516 1373//516
f 1373//516 1401//516 1371//516
f 1372//516 1402//516 1373//516
f 1402//516 1403//516 1373//516
f 1373//516 1403//516 1404//516
f 1405//516 1406//516 1407//516
f 1406//516 1408//516 1407//516
f 1407//516 1408//516 1378//516
f 1408//516 1409//516 1378//516
f 1409//516 1410//516 1378//516
f 1410//516 1411//516 1378//516
f 1378//516 1411//516 1412//516
f 1413//516 1414//516 815//516
f 1414//516 1415//516 815//516
f 815//516 1415//516 1374//516
f 955//516 957//516 1396//516
f 839//516 841//516 1416//516
f 915//516 917//516 742//516
f 917//516 919//516 742//516
f 742//516 919//516 740//516
f 919//516 921//516 740//516
f 740//516 921//516 923//516
f 933//516 935//516 737//516
f 935//516 937//516 737//516
f 737//516 937//516 939//516
f 1389//516 1417//516 737//516
f 1417//516 1418//516 737//516
f 737//516 1418//516 1419//516
f 1419//516 1420//516 737//516
f 1420//516 1421//516 737//516
f 737//516 1421//516 1373//516
f 1421//516 1422//516 1373//516
f 1373//516 1422//516 1399//516
f 1404//516 1423//516 1373//516
f 1423//516 1424//516 1373//516
f 1373//516 1424//516 1407//516
f 1424//516 1425//516 1407//516
f 1407//516 1425//516 1405//516
f 1412//516 1426//516 1378//516
f 1426//516 1427//516 1378//516
f 1378//516 1427//516 1376//516
f 1386//516 1428//516 816//516
f 1428//516 1429//516 816//516
f 816//516 1429//516 1430//516
f 1430//516 1431//516 816//516
f 1431//516 1432//516 816//516
f 816//516 1432//516 1433//516
f 1433//516 1434//516 816//516
f 1434//516 1435//516 816//516
f 816//516 1435//516 1436//516
f 1436//516 1437//516 816//516
f 1437//516 1438//516 816//516
f 816//516 1438//516 815//516
f 1438//516 1439//516 815//516
f 815//516 1439//516 1395//516
f 1380//516 1440//516 815//516
f 1440//516 1441//516 815//516
f 815//516 1441//516 1413//516
f 955//516 1396//516 953//516
f 957//516 959//516 1396//516
f 959//516 961//516 1396//516
f 1396//516 961//516 963//516
f 875//516 877//516 815//516
f 877//516 879//516 815//516
f 815//516 879//516 881//516
f 883//516 885//516 815//516
f 885//516 887//516 815//516
f 815//516 887//516 889//516
f 903//516 905//516 742//516
f 923//516 925//516 740//516
f 925//516 927//516 740//516
f 740//516 927//516 737//516
f 927//516 929//516 737//516
f 737//516 929//516 931//516
f 963//516 965//516 1396//516
f 965//516 967//516 1396//516
f 1396//516 967//516 969//516
f 889//516 891//516 815//516
f 891//516 893//516 815//516
f 815//516 893//516 895//516
f 895//516 897//516 815//516
f 897//516 899//516 815//516
f 815//516 899//516 742//516
f 899//516 901//516 742//516
f 742//516 901//516 903//516
f 939//516 941//516 737//516
f 941//516 943//516 737//516
f 737//516 943//516 945//516
f 969//516 971//516 1396//516
f 971//516 973//516 1396//516
f 1396//516 973//516 1442//516
f 1443//516 835//516 1416//516
f 835//516 837//516 1416//516
f 1416//516 837//516 839//516
f 1416//516 847//516 849//516
f 849//516 851//516 1416//516
f 851//516 853//516 1416//516
f 1416//516 853//516 855//516
f 905//516 907//516 742//516
f 907//516 909//516 742//516
f 742//516 909//516 911//516
f 945//516 947//516 737//516
f 947//516 949//516 737//516
f 737//516 949//516 1396//516
f 949//516 951//516 1396//516
f 1396//516 951//516 953//516
f 841//516 843//516 1416//516
f 843//516 845//516 1416//516
f 1416//516 845//516 847//516
f 855//516 857//516 1416//516
f 857//516 815//516 1416//516
f 1416//516 815//516 1444//516
f 815//516 1375//516 1444//516
f 857//516 859//516 815//516
f 859//516 861//516 815//516
f 815//516 861//516 863//516
f 863//516 865//516 815//516
f 865//516 867//516 815//516
f 815//516 867//516 869//516
f 869//516 871//516 815//516
f 871//516 873//516 815//516
f 815//516 873//516 875//516
f 1442//516 973//516 1445//516
f 973//516 831//516 1445//516
f 1445//516 831//516 1443//516
f 831//516 833//516 1443//516
f 1443//516 833//516 835//516
f 762//1379 760//1379 1233//1379
f 830//1379 736//1379 975//1379
f 736//1379 1233//1379 975//1379
f 975//1379 1233//1379 1103//1379
f 735//1379 752//1379 736//1379
f 752//1379 753//1379 736//1379
f 736//1379 753//1379 757//1379
f 770//1379 768//1379 1233//1379
f 757//1379 756//1379 736//1379
f 756//1379 780//1379 736//1379
f 736//1379 780//1379 778//1379
f 778//1379 776//1379 736//1379
f 776//1379 774//1379 736//1379
f 736//1379 774//1379 1233//1379
f 774//1379 772//1379 1233//1379
f 1233//1379 772//1379 770//1379
f 768//1379 766//1379 1233//1379
f 766//1379 764//1379 1233//1379
f 1233//1379 764//1379 762//1379
f 782//1380 735//1380 794//1380
f 735//1380 733//1380 794//1380
f 788//1380 794//1380 790//1380
f 794//1380 792//1380 790//1380
f 788//1380 786//1380 794//1380
f 786//1380 784//1380 794//1380
f 794//1380 784//1380 782//1380
f 1368//1381 998//1381 1275//1381
f 998//1381 997//1381 1275//1381
f 1275//990 997//990 1276//990
f 997//990 989//990 1276//990
f 1276//991 989//991 1312//991
f 989//991 988//991 1312//991
f 1312//992 988//992 1313//992
f 988//992 996//992 1313//992
f 1313//993 996//993 1314//993
f 996//993 1032//993 1314//993
f 1314//139 1032//139 1352//139
f 1032//139 1031//139 1352//139
f 1352//1382 1031//1382 1353//1382
f 1031//1382 1026//1382 1353//1382
f 1353//1383 1026//1383 1342//1383
f 1026//1383 1025//1383 1342//1383
f 1342//995 1025//995 1343//995
f 1025//995 1024//995 1343//995
f 1343//996 1024//996 1344//996
f 1024//996 1023//996 1344//996
f 1344//997 1023//997 1345//997
f 1023//997 1022//997 1345//997
f 1345//998 1022//998 1346//998
f 1022//998 1021//998 1346//998
f 1346//999 1021//999 1347//999
f 1021//999 1020//999 1347//999
f 1347//1000 1020//1000 1354//1000
f 1020//1000 1030//1000 1354//1000
f 1354//1001 1030//1001 1355//1001
f 1030//1001 995//1001 1355//1001
f 1355//1002 995//1002 1356//1002
f 995//1002 994//1002 1356//1002
f 1356//1003 994//1003 1359//1003
f 994//1003 1040//1003 1359//1003
f 1359//1004 1040//1004 1360//1004
f 1040//1004 1039//1004 1360//1004
f 1360//1005 1039//1005 1361//1005
f 1039//1005 1038//1005 1361//1005
f 1361//1006 1038//1006 1362//1006
f 1038//1006 1037//1006 1362//1006
f 1362//1007 1037//1007 1363//1007
f 1037//1007 1036//1007 1363//1007
f 1363//1008 1036//1008 1316//1008
f 1036//1008 993//1008 1316//1008
f 1316//1009 993//1009 1315//1009
f 993//1009 992//1009 1315//1009
f 1315//1010 992//1010 1261//1010
f 992//1010 981//1010 1261//1010
f 1261//1011 981//1011 1262//1011
f 981//1011 980//1011 1262//1011
f 1262//1012 980//1012 1317//1012
f 980//1012 1019//1012 1317//1012
f 1317//1013 1019//1013 1318//1013
f 1019//1013 1018//1013 1318//1013
f 1318//1014 1018//1014 1319//1014
f 1018//1014 1017//1014 1319//1014
f 1319//1384 1017//1384 1320//1384
f 1017//1384 1016//1384 1320//1384
f 1320//1385 1016//1385 1348//1385
f 1016//1385 1015//1385 1348//1385
f 1348//52 1015//52 1349//52
f 1015//52 1014//52 1349//52
f 1349//1017 1014//1017 1277//1017
f 1014//1017 1013//1017 1277//1017
f 1277//1018 1013//1018 1278//1018
f 1013//1018 1012//1018 1278//1018
f 1278//1019 1012//1019 1321//1019
f 1012//1019 1011//1019 1321//1019
f 1321//1020 1011//1020 1322//1020
f 1011//1020 1010//1020 1322//1020
f 1322//1386 1010//1386 1245//1386
f 1010//1386 1045//1386 1245//1386
f 1245//464 1045//464 1246//464
f 1045//464 1044//464 1246//464
f 1246//1022 1044//1022 1299//1022
f 1044//1022 1043//1022 1299//1022
f 1299//1023 1043//1023 1263//1023
f 1043//1023 1029//1023 1263//1023
f 1263//1024 1029//1024 1264//1024
f 1029//1024 1028//1024 1264//1024
f 1264//1025 1028//1025 1265//1025
f 1028//1025 1027//1025 1265//1025
f 1265//65 1027//65 1300//65
f 1027//65 1009//65 1300//65
f 1300//1387 1009//1387 1301//1387
f 1009//1387 1008//1387 1301//1387
f 1301//1388 1008//1388 1302//1388
f 1008//1388 1007//1388 1302//1388
f 1302//1028 1007//1028 1323//1028
f 1007//1028 991//1028 1323//1028
f 1323//1029 991//1029 1324//1029
f 991//1029 990//1029 1324//1029
f 1324//1030 990//1030 1325//1030
f 990//1030 1006//1030 1325//1030
f 1325//1031 1006//1031 1350//1031
f 1006//1031 1005//1031 1350//1031
f 1350//1032 1005//1032 1351//1032
f 1005//1032 986//1032 1351//1032
f 1351//1033 986//1033 1326//1033
f 986//1033 985//1033 1326//1033
f 1326//1034 985//1034 1327//1034
f 985//1034 1047//1034 1327//1034
f 1327//1035 1047//1035 1328//1035
f 1047//1035 1046//1035 1328//1035
f 1328//1036 1046//1036 1357//1036
f 1046//1036 1042//1036 1357//1036
f 1357//1037 1042//1037 1358//1037
f 1042//1037 1041//1037 1358//1037
f 1358//1038 1041//1038 1308//1038
f 1041//1038 1053//1038 1308//1038
f 1308//1039 1053//1039 1307//1039
f 1053//1039 1052//1039 1307//1039
f 1307//1040 1052//1040 1306//1040
f 1052//1040 1051//1040 1306//1040
f 1306//1041 1051//1041 1337//1041
f 1051//1041 1050//1041 1337//1041
f 1337//1042 1050//1042 1338//1042
f 1050//1042 1049//1042 1338//1042
f 1338//1043 1049//1043 1309//1043
f 1049//1043 1048//1043 1309//1043
f 1309//1044 1048//1044 1310//1044
f 1048//1044 1035//1044 1310//1044
f 1310//1045 1035//1045 1311//1045
f 1035//1045 1034//1045 1311//1045
f 1311//1046 1034//1046 1294//1046
f 1034//1046 1033//1046 1294//1046
f 1294//1047 1033//1047 1295//1047
f 1033//1047 1004//1047 1295//1047
f 1295//1389 1004//1389 1296//1389
f 1004//1389 1003//1389 1296//1389
f 1296//394 1003//394 1297//394
f 1003//394 1002//394 1297//394
f 1297//125 1002//125 1298//125
f 1002//125 983//125 1298//125
f 1298//1050 983//1050 1339//1050
f 983//1050 982//1050 1339//1050
f 1339//1051 982//1051 1340//1051
f 982//1051 1001//1051 1340//1051
f 1340//1052 1001//1052 1341//1052
f 1001//1052 1000//1052 1341//1052
f 1341//1053 1000//1053 1367//1053
f 1000//1053 999//1053 1367//1053
f 1367//393 999//393 1368//393
f 999//393 998//393 1368//393
f 1373//515 1223//515 1222//515
f 738//515 737//515 1220//515
f 737//515 1373//515 1220//515
f 1220//515 1373//515 1221//515
f 1373//515 1222//515 1221//515
f 819//1380 759//1380 761//1380
f 817//1380 769//1380 771//1380
f 817//1380 777//1380 1216//1380
f 777//1380 779//1380 1216//1380
f 803//1380 741//1380 801//1380
f 741//1380 799//1380 801//1380
f 761//1380 763//1380 819//1380
f 763//1380 765//1380 819//1380
f 819//1380 765//1380 817//1380
f 765//1380 767//1380 817//1380
f 817//1380 767//1380 769//1380
f 771//1380 773//1380 817//1380
f 773//1380 775//1380 817//1380
f 817//1380 775//1380 777//1380
f 779//1380 758//1380 1216//1380
f 758//1380 755//1380 1216//1380
f 1216//1380 755//1380 754//1380
f 815//1380 742//1380 813//1380
f 742//1380 811//1380 813//1380
f 1218//1380 785//1380 787//1380
f 746//1380 1219//1380 750//1380
f 1219//1380 749//1380 750//1380
f 803//1380 805//1380 741//1380
f 805//1380 807//1380 741//1380
f 741//1380 807//1380 742//1380
f 807//1380 809//1380 742//1380
f 742//1380 809//1380 811//1380
f 754//1380 751//1380 1216//1380
f 751//1380 781//1380 1216//1380
f 1216//1380 781//1380 1218//1380
f 781//1380 783//1380 1218//1380
f 1218//1380 783//1380 785//1380
f 787//1380 789//1380 1218//1380
f 789//1380 791//1380 1218//1380
f 1218//1380 791//1380 1219//1380
f 791//1380 793//1380 1219//1380
f 1219//1380 793//1380 749//1380
f 746//1380 745//1380 1219//1380
f 745//1380 795//1380 1219//1380
f 1219//1380 795//1380 741//1380
f 795//1380 797//1380 741//1380
f 741//1380 797//1380 799//1380
f 747//1379 743//1379 731//1379
f 731//1379 732//1379 1378//1379
f 732//1379 1105//1379 1378//1379
f 1378//1379 1105//1379 1107//1379
f 1378//1379 816//1379 814//1379
f 743//1379 744//1379 731//1379
f 744//1379 748//1379 731//1379
f 731//1379 748//1379 733//1379
f 814//1379 812//1379 1378//1379
f 812//1379 810//1379 1378//1379
f 1378//1379 810//1379 808//1379
f 808//1379 806//1379 1378//1379
f 806//1379 804//1379 1378//1379
f 1378//1379 804//1379 731//1379
f 804//1379 802//1379 731//1379
f 731//1379 802//1379 800//1379
f 800//1379 798//1379 731//1379
f 798//1379 796//1379 731//1379
f 731//1379 796//1379 747//1379
f 1242//1381 1061//1381 1243//1381
f 1061//1381 1062//1381 1243//1381
f 1243//1390 1062//1390 1244//1390
f 1062//1390 1093//1390 1244//1390
f 1244//991 1093//991 1281//991
f 1093//991 1092//991 1281//991
f 1281//992 1092//992 1282//992
f 1092//992 1084//992 1282//992
f 1282//1391 1084//1391 1231//1391
f 1084//1391 1083//1391 1231//1391
f 1231//139 1083//139 1232//139
f 1083//139 1082//139 1232//139
f 1232//1382 1082//1382 1253//1382
f 1082//1382 1069//1382 1253//1382
f 1253//1392 1069//1392 1254//1392
f 1069//1392 1068//1392 1254//1392
f 1254//995 1068//995 1256//995
f 1068//995 1067//995 1256//995
f 1256//996 1067//996 1257//996
f 1067//996 1059//996 1257//996
f 1257//997 1059//997 1269//997
f 1059//997 1058//997 1269//997
f 1269//289 1058//289 1270//289
f 1058//289 1081//289 1270//289
f 1270//999 1081//999 1271//999
f 1081//999 1080//999 1271//999
f 1271//1393 1080//1393 1260//1393
f 1080//1393 1079//1393 1260//1393
f 1260//1001 1079//1001 1259//1001
f 1079//1001 1066//1001 1259//1001
f 1259//1002 1066//1002 1258//1002
f 1066//1002 1065//1002 1258//1002
f 1258//1003 1065//1003 1283//1003
f 1065//1003 1102//1003 1283//1003
f 1283//1394 1102//1394 1284//1394
f 1102//1394 1101//1394 1284//1394
f 1284//1395 1101//1395 1285//1395
f 1101//1395 1100//1395 1285//1395
f 1285//1006 1100//1006 1286//1006
f 1100//1006 1091//1006 1286//1006
f 1286//1007 1091//1007 1287//1007
f 1091//1007 1090//1007 1287//1007
f 1287//1008 1090//1008 1272//1008
f 1090//1008 1089//1008 1272//1008
f 1272//1396 1089//1396 1273//1396
f 1089//1396 1088//1396 1273//1396
f 1273//1010 1088//1010 1274//1010
f 1088//1010 1128//1010 1274//1010
f 1274//1397 1128//1397 1288//1397
f 1128//1397 1127//1397 1288//1397
f 1288//1012 1127//1012 1289//1012
f 1127//1012 1126//1012 1289//1012
f 1289//1013 1126//1013 1290//1013
f 1126//1013 1116//1013 1290//1013
f 1290//1014 1116//1014 1291//1014
f 1116//1014 1115//1014 1291//1014
f 1291//1398 1115//1398 1292//1398
f 1115//1398 1114//1398 1292//1398
f 1292//1385 1114//1385 1234//1385
f 1114//1385 1113//1385 1234//1385
f 1234//52 1113//52 1235//52
f 1113//52 1125//52 1235//52
f 1235//1399 1125//1399 1236//1399
f 1125//1399 1124//1399 1236//1399
f 1236//1018 1124//1018 1237//1018
f 1124//1018 1123//1018 1237//1018
f 1237//1019 1123//1019 1370//1019
f 1123//1019 1133//1019 1370//1019
f 1370//1400 1133//1400 1369//1400
f 1133//1400 1132//1400 1369//1400
f 1369//1386 1132//1386 1293//1386
f 1132//1386 1109//1386 1293//1386
f 1293//464 1109//464 1364//464
f 1109//464 1108//464 1364//464
f 1364//1401 1108//1401 1365//1401
f 1108//1401 1131//1401 1365//1401
f 1365//1023 1131//1023 1366//1023
f 1131//1023 1130//1023 1366//1023
f 1366//1024 1130//1024 1225//1024
f 1130//1024 1129//1024 1225//1024
f 1225//1402 1129//1402 1226//1402
f 1129//1402 1122//1402 1226//1402
f 1226//65 1122//65 1229//65
f 1122//65 1121//65 1229//65
f 1229//1387 1121//1387 1230//1387
f 1121//1387 1120//1387 1230//1387
f 1230//1403 1120//1403 1227//1403
f 1120//1403 1111//1403 1227//1403
f 1227//1028 1111//1028 1228//1028
f 1111//1028 1110//1028 1228//1028
f 1228//1029 1110//1029 1247//1029
f 1110//1029 1119//1029 1247//1029
f 1247//1030 1119//1030 1248//1030
f 1119//1030 1118//1030 1248//1030
f 1248//1404 1118//1404 1249//1404
f 1118//1404 1117//1404 1249//1404
f 1249//1032 1117//1032 1279//1032
f 1117//1032 1078//1032 1279//1032
f 1279//1405 1078//1405 1280//1405
f 1078//1405 1076//1405 1280//1405
f 1280//1034 1076//1034 1303//1034
f 1076//1034 1075//1034 1303//1034
f 1303//1035 1075//1035 1304//1035
f 1075//1035 1087//1035 1304//1035
f 1304//1036 1087//1036 1305//1036
f 1087//1036 1086//1036 1305//1036
f 1305//1406 1086//1406 1329//1406
f 1086//1406 1085//1406 1329//1406
f 1329//1407 1085//1407 1330//1407
f 1085//1407 1099//1407 1330//1407
f 1330//1039 1099//1039 1331//1039
f 1099//1039 1098//1039 1331//1039
f 1331//1040 1098//1040 1332//1040
f 1098//1040 1097//1040 1332//1040
f 1332//1041 1097//1041 1333//1041
f 1097//1041 1096//1041 1333//1041
f 1333//1408 1096//1408 1334//1408
f 1096//1408 1095//1408 1334//1408
f 1334//1043 1095//1043 1335//1043
f 1095//1043 1094//1043 1335//1043
f 1335//1409 1094//1409 1336//1409
f 1094//1409 1074//1409 1336//1409
f 1336//1045 1074//1045 1238//1045
f 1074//1045 1073//1045 1238//1045
f 1238//1046 1073//1046 1239//1046
f 1073//1046 1072//1046 1239//1046
f 1239//1047 1072//1047 1240//1047
f 1072//1047 1056//1047 1240//1047
f 1240//1410 1056//1410 1241//1410
f 1056//1410 1055//1410 1241//1410
f 1241//394 1055//394 1250//394
f 1055//394 1054//394 1250//394
f 1250//125 1054//125 1251//125
f 1054//125 1071//125 1251//125
f 1251//1411 1071//1411 1252//1411
f 1071//1411 1070//1411 1252//1411
f 1252//1051 1070//1051 1266//1051
f 1070//1051 1064//1051 1266//1051
f 1266//1052 1064//1052 1267//1052
f 1064//1052 1063//1052 1267//1052
f 1267//1412 1063//1412 1268//1412
f 1063//1412 1060//1412 1268//1412
f 1268//393 1060//393 1242//393
f 1060//393 1061//393 1242//393
f 730//1379 729//1379 1104//1379
f 729//1379 734//1379 1104//1379
f 1104//1379 734//1379 829//1379
f 1390//144 1162//144 1391//144
f 1162//144 1161//144 1391//144
f 1391//1390 1161//1390 1392//1390
f 1161//1390 1175//1390 1392//1390
f 1392//991 1175//991 1381//991
f 1175//991 1174//991 1381//991
f 1381//992 1174//992 1382//992
f 1174//992 1171//992 1382//992
f 1382//1391 1171//1391 1383//1391
f 1171//1391 1170//1391 1383//1391
f 1383//139 1170//139 1384//139
f 1170//139 1173//139 1384//139
f 1384//138 1173//138 1393//138
f 1173//138 1172//138 1393//138
f 1393//1413 1172//1413 1394//1413
f 1172//1413 1169//1413 1394//1413
f 1394//995 1169//995 1385//995
f 1169//995 1168//995 1385//995
f 1385//996 1168//996 1386//996
f 1168//996 1199//996 1386//996
f 1386//997 1199//997 1428//997
f 1199//997 1198//997 1428//997
f 1428//289 1198//289 1429//289
f 1198//289 1197//289 1429//289
f 1429//999 1197//999 1430//999
f 1197//999 1196//999 1430//999
f 1430//1393 1196//1393 1431//1393
f 1196//1393 1195//1393 1431//1393
f 1431//1001 1195//1001 1432//1001
f 1195//1001 1194//1001 1432//1001
f 1432//1002 1194//1002 1433//1002
f 1194//1002 1193//1002 1433//1002
f 1433//1003 1193//1003 1434//1003
f 1193//1003 1192//1003 1434//1003
f 1434//1394 1192//1394 1435//1394
f 1192//1394 1191//1394 1435//1394
f 1435//1395 1191//1395 1436//1395
f 1191//1395 1188//1395 1436//1395
f 1436//1006 1188//1006 1437//1006
f 1188//1006 1187//1006 1437//1006
f 1437//1007 1187//1007 1438//1007
f 1187//1007 1186//1007 1438//1007
f 1438//1008 1186//1008 1439//1008
f 1186//1008 1167//1008 1439//1008
f 1439//1396 1167//1396 1395//1396
f 1167//1396 1166//1396 1395//1396
f 1395//1010 1166//1010 1379//1010
f 1166//1010 1164//1010 1379//1010
f 1379//1397 1164//1397 1380//1397
f 1164//1397 1163//1397 1380//1397
f 1380//1012 1163//1012 1440//1012
f 1163//1012 1157//1012 1440//1012
f 1440//1013 1157//1013 1441//1013
f 1157//1013 1156//1013 1441//1013
f 1441//1014 1156//1014 1413//1014
f 1156//1014 1155//1014 1413//1014
f 1413//1414 1155//1414 1414//1414
f 1155//1414 1152//1414 1414//1414
f 1414//1016 1152//1016 1415//1016
f 1152//1016 1151//1016 1415//1016
f 1415//52 1151//52 1374//52
f 1151//52 1150//52 1374//52
f 1374//1399 1150//1399 1375//1399
f 1150//1399 1138//1399 1375//1399
f 1375//1018 1138//1018 1444//1018
f 1138//1018 1137//1018 1444//1018
f 1444//1019 1137//1019 1416//1019
f 1137//1019 1135//1019 1416//1019
f 1416//1400 1135//1400 1443//1400
f 1135//1400 1134//1400 1443//1400
f 1443//47 1134//47 1445//47
f 1134//47 1159//47 1445//47
f 1445//1021 1159//1021 1442//1021
f 1159//1021 1158//1021 1442//1021
f 1442//1401 1158//1401 1396//1401
f 1158//1401 1149//1401 1396//1401
f 1396//1023 1149//1023 1397//1023
f 1149//1023 1148//1023 1397//1023
f 1397//1024 1148//1024 1398//1024
f 1148//1024 1147//1024 1398//1024
f 1398//1402 1147//1402 1387//1402
f 1147//1402 1146//1402 1387//1402
f 1387//65 1146//65 1388//65
f 1146//65 1145//65 1388//65
f 1388//1026 1145//1026 1389//1026
f 1145//1026 1144//1026 1389//1026
f 1389//1415 1144//1415 1417//1415
f 1144//1415 1154//1415 1417//1415
f 1417//1028 1154//1028 1418//1028
f 1154//1028 1153//1028 1418//1028
f 1418//1029 1153//1029 1419//1029
f 1153//1029 1143//1029 1419//1029
f 1419//1030 1143//1030 1420//1030
f 1143//1030 1142//1030 1420//1030
f 1420//1404 1142//1404 1421//1404
f 1142//1404 1140//1404 1421//1404
f 1421//1032 1140//1032 1422//1032
f 1140//1032 1190//1032 1422//1032
f 1422//1405 1190//1405 1399//1405
f 1190//1405 1189//1405 1399//1405
f 1399//1034 1189//1034 1400//1034
f 1189//1034 1185//1034 1400//1034
f 1400//1035 1185//1035 1401//1035
f 1185//1035 1184//1035 1401//1035
f 1401//1036 1184//1036 1371//1036
f 1184//1036 1183//1036 1371//1036
f 1371//1406 1183//1406 1372//1406
f 1183//1406 1182//1406 1372//1406
f 1372//1407 1182//1407 1402//1407
f 1182//1407 1210//1407 1402//1407
f 1402//1039 1210//1039 1403//1039
f 1210//1039 1209//1039 1403//1039
f 1403//1040 1209//1040 1404//1040
f 1209//1040 1208//1040 1404//1040
f 1404//1041 1208//1041 1423//1041
f 1208//1041 1207//1041 1423//1041
f 1423//1408 1207//1408 1424//1408
f 1207//1408 1206//1408 1424//1408
f 1424//1043 1206//1043 1425//1043
f 1206//1043 1205//1043 1425//1043
f 1425//1409 1205//1409 1405//1409
f 1205//1409 1204//1409 1405//1409
f 1405//1045 1204//1045 1406//1045
f 1204//1045 1203//1045 1406//1045
f 1406//1046 1203//1046 1408//1046
f 1203//1046 1202//1046 1408//1046
f 1408//1047 1202//1047 1409//1047
f 1202//1047 1181//1047 1409//1047
f 1409//1416 1181//1416 1410//1416
f 1181//1416 1180//1416 1410//1416
f 1410//1049 1180//1049 1411//1049
f 1180//1049 1179//1049 1411//1049
f 1411//125 1179//125 1412//125
f 1179//125 1201//125 1412//125
f 1412//1411 1201//1411 1426//1411
f 1201//1411 1200//1411 1426//1411
f 1426//1051 1200//1051 1427//1051
f 1200//1051 1178//1051 1427//1051
f 1427//1052 1178//1052 1376//1052
f 1178//1052 1177//1052 1376//1052
f 1376//1412 1177//1412 1377//1412
f 1177//1412 1176//1412 1377//1412
f 1377//1054 1176//1054 1390//1054
f 1176//1054 1162//1054 1390//1054
f 826//1417 825//1417 1057//1417
f 826//1417 1057//1417 1255//1417
f 1057//1418 1103//1418 1255//1418
f 1255//1418 1103//1418 1233//1418
f 1378//1419 1107//1419 1224//1419
f 1378//1419 1224//1419 1407//1419
f 1224//1420 1223//1420 1407//1420
f 1407//1420 1223//1420 1373//1420
f 1446//1379 756//1379 1447//1379
f 756//1379 757//1379 1447//1379
f 1447//1379 757//1379 1448//1379
f 757//1379 753//1379 1448//1379
f 1448//1379 753//1379 1449//1379
f 753//1379 752//1379 1449//1379
f 1449//1379 752//1379 1450//1379
f 752//1379 782//1379 1450//1379
f 1450//1379 782//1379 1451//1379
f 782//1379 784//1379 1451//1379
f 1451//1379 784//1379 1452//1379
f 784//1379 786//1379 1452//1379
f 1452//1379 786//1379 1453//1379
f 786//1379 1454//1379 1453//1379
f 1453//1379 1454//1379 1455//1379
f 1454//1379 790//1379 1455//1379
f 1455//1379 790//1379 1456//1379
f 790//1379 792//1379 1456//1379
f 1456//1379 792//1379 1457//1379
f 792//1379 794//1379 1457//1379
f 1457//1379 794//1379 1458//1379
f 794//1379 748//1379 1458//1379
f 1458//1379 748//1379 1459//1379
f 748//1379 744//1379 1459//1379
f 1459//1379 744//1379 1460//1379
f 744//1379 743//1379 1460//1379
f 1460//1379 743//1379 1461//1379
f 743//1379 747//1379 1461//1379
f 1461//1379 747//1379 1462//1379
f 747//1379 796//1379 1462//1379
f 1462//1379 796//1379 1463//1379
f 796//1379 798//1379 1463//1379
f 1463//1379 798//1379 1464//1379
f 798//1379 800//1379 1464//1379
f 1464//1379 800//1379 1465//1379
f 800//1379 802//1379 1465//1379
f 1465//1379 802//1379 1466//1379
f 802//1379 804//1379 1466//1379
f 1466//1379 804//1379 1467//1379
f 804//1379 806//1379 1467//1379
f 1467//1379 806//1379 1468//1379
f 806//1379 808//1379 1468//1379
f 1468//1379 808//1379 1469//1379
f 808//1379 810//1379 1469//1379
f 1469//1379 810//1379 1470//1379
f 810//1379 812//1379 1470//1379
f 1470//1379 812//1379 1471//1379
f 812//1379 814//1379 1471//1379
f 1471//1379 814//1379 1472//1379
f 814//1379 816//1379 1472//1379
f 1472//1379 816//1379 1473//1379
f 816//1379 1474//1379 1473//1379
f 1473//1379 1474//1379 1475//1379
f 1474//1379 1476//1379 1475//1379
f 1475//1379 1476//1379 1477//1379
f 1476//1379 1478//1379 1477//1379
f 1477//1379 1478//1379 1479//1379
f 1478//1379 1480//1379 1479//1379
f 1479//1379 1480//1379 1481//1379
f 1480//1379 1482//1379 1481//1379
f 1481//1379 1482//1379 1483//1379
f 1482//1379 1484//1379 1483//1379
f 1483//1379 1484//1379 1485//1379
f 1484//1379 1486//1379 1485//1379
f 1485//1379 1486//1379 1487//1379
f 1486//1379 1488//1379 1487//1379
f 1487//1379 1488//1379 1489//1379
f 1488//1379 1490//1379 1489//1379
f 1489//1379 1490//1379 1491//1379
f 1490//1379 1492//1379 1491//1379
f 1491//1379 1492//1379 1493//1379
f 1492//1379 1494//1379 1493//1379
f 1493//1379 1494//1379 1495//1379
f 1494//1379 1496//1379 1495//1379
f 1495//1379 1496//1379 1497//1379
f 1496//1379 1498//1379 1497//1379
f 1497//1379 1498//1379 1499//1379
f 1498//1379 1500//1379 1499//1379
f 1499//1379 1500//1379 1501//1379
f 1500//1379 1502//1379 1501//1379
f 1501//1379 1502//1379 1503//1379
f 1502//1379 1504//1379 1503//1379
f 1503//1379 1504//1379 1505//1379
f 1504//1379 1506//1379 1505//1379
f 1505//1379 1506//1379 1507//1379
f 1506//1379 1508//1379 1507//1379
f 1507//1379 1508//1379 1509//1379
f 1508//1379 1510//1379 1509//1379
f 1509//1379 1510//1379 1511//1379
f 1510//1379 1512//1379 1511//1379
f 1511//1379 1512//1379 1513//1379
f 1512//1379 1514//1379 1513//1379
f 1513//1379 1514//1379 1515//1379
f 1514//1379 1516//1379 1515//1379
f 1515//1379 1516//1379 1517//1379
f 1516//1379 1518//1379 1517//1379
f 1517//1379 1518//1379 1519//1379
f 1518//1379 1520//1379 1519//1379
f 1519//1379 1520//1379 1521//1379
f 1520//1379 1522//1379 1521//1379
f 1521//1379 1522//1379 1523//1379
f 1522//1379 1524//1379 1523//1379
f 1523//1379 1524//1379 1525//1379
f 1524//1379 1526//1379 1525//1379
f 1525//1379 1526//1379 1527//1379
f 1526//1379 1528//1379 1527//1379
f 1527//1379 1528//1379 1529//1379
f 1528//1379 1530//1379 1529//1379
f 1529//1379 1530//1379 1531//1379
f 1530//1379 1532//1379 1531//1379
f 1531//1379 1532//1379 1533//1379
f 1532//1379 1534//1379 1533//1379
f 1533//1379 1534//1379 1535//1379
f 1534//1379 1536//1379 1535//1379
f 1535//1379 1536//1379 1537//1379
f 1536//1379 1538//1379 1537//1379
f 1537//1379 1538//1379 1539//1379
f 1538//1379 1540//1379 1539//1379
f 1539//1379 1540//1379 1541//1379
f 1540//1379 1542//1379 1541//1379
f 1541//1379 1542//1379 1543//1379
f 1542//1379 760//1379 1543//1379
f 1543//1379 760//1379 1544//1379
f 760//1379 762//1379 1544//1379
f 1544//1379 762//1379 1545//1379
f 762//1379 764//1379 1545//1379
f 1545//1379 764//1379 1546//1379
f 764//1379 766//1379 1546//1379
f 1546//1379 766//1379 1547//1379
f 766//1379 768//1379 1547//1379
f 1547//1379 768//1379 1548//1379
f 768//1379 770//1379 1548//1379
f 1548//1379 770//1379 1549//1379
f 770//1379 772//1379 1549//1379
f 1549//1379 772//1379 1550//1379
f 772//1379 774//1379 1550//1379
f 1550//1379 774//1379 1551//1379
f 774//1379 776//1379 1551//1379
f 1551//1379 776//1379 1552//1379
f 776//1379 778//1379 1552//1379
f 1552//1379 778//1379 1553//1379
f 778//1379 780//1379 1553//1379
f 1553//1379 780//1379 1446//1379
f 780//1379 756//1379 1446//1379
f 1554//1380 1555//1380 1556//1380
f 1555//1380 1557//1380 1556//1380
f 1556//1380 1557//1380 1558//1380
f 1557//1380 1559//1380 1558//1380
f 1558//1380 1559//1380 1560//1380
f 1559//1380 1561//1380 1560//1380
f 1560//1380 1561//1380 1562//1380
f 1561//1380 1563//1380 1562//1380
f 1562//1380 1563//1380 1564//1380
f 1563//1380 1565//1380 1564//1380
f 1564//1380 1565//1380 1566//1380
f 1565//1380 1567//1380 1566//1380
f 1566//1380 1567//1380 1568//1380
f 1567//1380 1569//1380 1568//1380
f 1568//1380 1569//1380 1570//1380
f 1569//1380 1571//1380 1570//1380
f 1570//1380 1571//1380 1572//1380
f 1571//1380 1573//1380 1572//1380
f 1572//1380 1573//1380 1574//1380
f 1573//1380 1575//1380 1574//1380
f 1574//1380 1575//1380 1576//1380
f 1575//1380 1577//1380 1576//1380
f 1576//1380 1577//1380 1578//1380
f 1577//1380 1579//1380 1578//1380
f 1578//1380 1579//1380 1580//1380
f 1579//1380 1581//1380 1580//1380
f 1580//1380 1581//1380 1582//1380
f 1581//1380 1583//1380 1582//1380
f 1582//1380 1583//1380 1584//1380
f 1583//1380 1585//1380 1584//1380
f 1584//1380 1585//1380 1586//1380
f 1585//1380 1587//1380 1586//1380
f 1586//1380 1587//1380 1588//1380
f 1587//1380 1589//1380 1588//1380
f 1588//1380 1589//1380 1590//1380
f 1589//1380 1591//1380 1590//1380
f 1590//1380 1591//1380 1592//1380
f 1591//1380 1593//1380 1592//1380
f 1592//1380 1593//1380 1594//1380
f 1593//1380 1595//1380 1594//1380
f 1594//1380 1595//1380 1596//1380
f 1595//1380 1597//1380 1596//1380
f 1596//1380 1597//1380 1598//1380
f 1597//1380 1599//1380 1598//1380
f 1598//1380 1599//1380 1600//1380
f 1599//1380 1601//1380 1600//1380
f 1600//1380 1601//1380 1602//1380
f 1601//1380 1603//1380 1602//1380
f 1602//1380 1603//1380 1604//1380
f 1603//1380 1605//1380 1604//1380
f 1604//1380 1605//1380 1606//1380
f 1605//1380 1607//1380 1606//1380
f 1606//1380 1607//1380 1608//1380
f 1607//1380 1609//1380 1608//1380
f 1608//1380 1609//1380 1610//1380
f 1609//1380 1611//1380 1610//1380
f 1610//1380 1611//1380 1612//1380
f 1611//1380 1613//1380 1612//1380
f 1612//1380 1613//1380 1614//1380
f 1613//1380 1615//1380 1614//1380
f 1614//1380 1615//1380 1616//1380
f 1615//1380 1617//1380 1616//1380
f 1616//1380 1617//1380 1618//1380
f 1617//1380 1619//1380 1618//1380
f 1618//1380 1619//1380 1620//1380
f 1619//1380 1621//1380 1620//1380
f 1620//1380 1621//1380 1622//1380
f 1621//1380 1623//1380 1622//1380
f 1622//1380 1623//1380 1624//1380
f 1623//1380 1625//1380 1624//1380
f 1624//1380 1625//1380 1626//1380
f 1625//1380 1627//1380 1626//1380
f 1626//1380 1627//1380 1628//1380
f 1627//1380 1629//1380 1628//1380
f 1628//1380 1629//1380 1630//1380
f 1629//1380 1631//1380 1630//1380
f 1630//1380 1631//1380 1632//1380
f 1631//1380 1633//1380 1632//1380
f 1632//1380 1633//1380 1634//1380
f 1633//1380 1635//1380 1634//1380
f 1634//1380 1635//1380 1636//1380
f 1635//1380 1637//1380 1636//1380
f 1636//1380 1637//1380 1638//1380
f 1637//1380 1639//1380 1638//1380
f 1638//1380 1639//1380 1640//1380
f 1639//1380 1641//1380 1640//1380
f 1640//1380 1641//1380 1642//1380
f 1641//1380 1643//1380 1642//1380
f 1642//1380 1643//1380 1644//1380
f 1643//1380 1645//1380 1644//1380
f 1644//1380 1645//1380 1646//1380
f 1645//1380 1647//1380 1646//1380
f 1646//1380 1647//1380 1648//1380
f 1647//1380 1649//1380 1648//1380
f 1648//1380 1649//1380 1650//1380
f 1649//1380 1651//1380 1650//1380
f 1650//1380 1651//1380 1652//1380
f 1651//1380 1653//1380 1652//1380
f 1652//1380 1653//1380 1654//1380
f 1653//1380 1655//1380 1654//1380
f 1654//1380 1655//1380 1656//1380
f 1655//1380 1657//1380 1656//1380
f 1656//1380 1657//1380 1658//1380
f 1657//1380 1659//1380 1658//1380
f 1658//1380 1659//1380 1660//1380
f 1659//1380 1661//1380 1660//1380
f 1660//1380 1661//1380 1662//1380
f 1661//1380 1663//1380 1662//1380
f 1662//1380 1663//1380 1664//1380
f 1663//1380 1665//1380 1664//1380
f 1664//1380 1665//1380 1666//1380
f 1665//1380 1667//1380 1666//1380
f 1666//1380 1667//1380 1668//1380
f 1667//1380 1669//1380 1668//1380
f 1668//1380 1669//1380 1670//1380
f 1669//1380 1671//1380 1670//1380
f 1670//1380 1671//1380 1672//1380
f 1671//1380 1673//1380 1672//1380
f 1672//1380 1673//1380 1674//1380
f 1673//1380 1675//1380 1674//1380
f 1674//1380 1675//1380 1676//1380
f 1675//1380 1677//1380 1676//1380
f 1676//1380 1677//1380 1678//1380
f 1677//1380 1679//1380 1678//1380
f 1678//1380 1679//1380 1680//1380
f 1679//1380 1681//1380 1680//1380
f 1680//1380 1681//1380 1682//1380
f 1681//1380 1683//1380 1682//1380
f 1682//1380 1683//1380 1684//1380
f 1683//1380 1685//1380 1684//1380
f 1684//1380 1685//1380 1686//1380
f 1685//1380 1687//1380 1686//1380
f 1686//1380 1687//1380 1688//1380
f 1687//1380 1689//1380 1688//1380
f 1688//1380 1689//1380 1690//1380
f 1689//1380 1691//1380 1690//1380
f 1690//1380 1691//1380 1692//1380
f 1691//1380 1693//1380 1692//1380
f 1692//1380 1693//1380 1694//1380
f 1693//1380 1695//1380 1694//1380
f 1694//1380 1695//1380 1696//1380
f 1695//1380 1697//1380 1696//1380
f 1696//1380 1697//1380 1554//1380
f 1697//1380 1555//1380 1554//1380
f 1612//1421 1507//1421 1610//1421
f 1507//1421 1509//1421 1610//1421
f 1610//1422 1509//1422 1608//1422
f 1509//1422 1511//1422 1608//1422
f 1608//1423 1511//1423 1606//1423
f 1511//1423 1513//1423 1606//1423
f 1606//1424 1513//1424 1604//1424
f 1513//1424 1515//1424 1604//1424
f 1604//1425 1515//1425 1602//1425
f 1515//1425 1517//1425 1602//1425
f 1602//1426 1517//1426 1600//1426
f 1517//1426 1519//1426 1600//1426
f 1600//1427 1519//1427 1598//1427
f 1519//1427 1521//1427 1598//1427
f 1598//1428 1521//1428 1596//1428
f 1521//1428 1523//1428 1596//1428
f 1596//1429 1523//1429 1594//1429
f 1523//1429 1525//1429 1594//1429
f 1594//1430 1525//1430 1592//1430
f 1525//1430 1527//1430 1592//1430
f 1592//1431 1527//1431 1590//1431
f 1527//1431 1529//1431 1590//1431
f 1590//1432 1529//1432 1588//1432
f 1529//1432 1531//1432 1588//1432
f 1588//1433 1531//1433 1586//1433
f 1531//1433 1533//1433 1586//1433
f 1586//1434 1533//1434 1584//1434
f 1533//1434 1535//1434 1584//1434
f 1584//1435 1535//1435 1582//1435
f 1535//1435 1537//1435 1582//1435
f 1582//1436 1537//1436 1580//1436
f 1537//1436 1539//1436 1580//1436
f 1580//1437 1539//1437 1578//1437
f 1539//1437 1541//1437 1578//1437
f 1578//1438 1541//1438 1576//1438
f 1541//1438 1543//1438 1576//1438
f 1576//1439 1543//1439 1574//1439
f 1543//1439 1544//1439 1574//1439
f 1574//1440 1544//1440 1572//1440
f 1544//1440 1545//1440 1572//1440
f 1572//1441 1545//1441 1570//1441
f 1545//1441 1546//1441 1570//1441
f 1570//1442 1546//1442 1568//1442
f 1546//1442 1547//1442 1568//1442
f 1568//1443 1547//1443 1566//1443
f 1547//1443 1548//1443 1566//1443
f 1566//1444 1548//1444 1564//1444
f 1548//1444 1549//1444 1564//1444
f 1564//1445 1549//1445 1562//1445
f 1549//1445 1550//1445 1562//1445
f 1562//1446 1550//1446 1560//1446
f 1550//1446 1551//1446 1560//1446
f 1560//1447 1551//1447 1558//1447
f 1551//1447 1552//1447 1558//1447
f 1558//1448 1552//1448 1556//1448
f 1552//1448 1553//1448 1556//1448
f 1556//1449 1553//1449 1554//1449
f 1553//1449 1446//1449 1554//1449
f 1554//1450 1446//1450 1696//1450
f 1446//1450 1447//1450 1696//1450
f 1696//1451 1447//1451 1694//1451
f 1447//1451 1448//1451 1694//1451
f 1694//1452 1448//1452 1692//1452
f 1448//1452 1449//1452 1692//1452
f 1692//1453 1449//1453 1690//1453
f 1449//1453 1450//1453 1690//1453
f 1690//1454 1450//1454 1688//1454
f 1450//1454 1451//1454 1688//1454
f 1688//1455 1451//1455 1686//1455
f 1451//1455 1452//1455 1686//1455
f 1686//1456 1452//1456 1684//1456
f 1452//1457 1453//1457 1684//1457
f 1684//1458 1453//1458 1682//1458
f 1453//1459 1455//1459 1682//1459
f 1682//1460 1455//1460 1680//1460
f 1455//1460 1456//1460 1680//1460
f 1680//1461 1456//1461 1678//1461
f 1456//1461 1457//1461 1678//1461
f 1678//1462 1457//1462 1676//1462
f 1457//1462 1458//1462 1676//1462
f 1676//1463 1458//1463 1674//1463
f 1458//1463 1459//1463 1674//1463
f 1674//1464 1459//1464 1672//1464
f 1459//1464 1460//1464 1672//1464
f 1672//1465 1460//1465 1670//1465
f 1460//1465 1461//1465 1670//1465
f 1670//1466 1461//1466 1668//1466
f 1461//1466 1462//1466 1668//1466
f 1668//1467 1462//1467 1666//1467
f 1462//1467 1463//1467 1666//1467
f 1666//1468 1463//1468 1664//1468
f 1463//1468 1464//1468 1664//1468
f 1664//1469 1464//1469 1662//1469
f 1464//1469 1465//1469 1662//1469
f 1662//1470 1465//1470 1660//1470
f 1465//1470 1466//1470 1660//1470
f 1660//1471 1466//1471 1658//1471
f 1466//1471 1467//1471 1658//1471
f 1658//1472 1467//1472 1656//1472
f 1467//1472 1468//1472 1656//1472
f 1656//1473 1468//1473 1654//1473
f 1468//1473 1469//1473 1654//1473
f 1654//1474 1469//1474 1652//1474
f 1469//1474 1470//1474 1652//1474
f 1652//1475 1470//1475 1650//1475
f 1470//1475 1471//1475 1650//1475
f 1650//1476 1471//1476 1648//1476
f 1471//1476 1472//1476 1648//1476
f 1648//1477 1472//1477 1646//1477
f 1472//1477 1473//1477 1646//1477
f 1646//1478 1473//1478 1644//1478
f 1473//1478 1475//1478 1644//1478
f 1644//1479 1475//1479 1642//1479
f 1475//1479 1477//1479 1642//1479
f 1642//1480 1477//1480 1640//1480
f 1477//1480 1479//1480 1640//1480
f 1640//1481 1479//1481 1638//1481
f 1479//1481 1481//1481 1638//1481
f 1638//1482 1481//1482 1636//1482
f 1481//1482 1483//1482 1636//1482
f 1636//1483 1483//1483 1634//1483
f 1483//1483 1485//1483 1634//1483
f 1634//1484 1485//1484 1632//1484
f 1485//1484 1487//1484 1632//1484
f 1632//1485 1487//1485 1630//1485
f 1487//1485 1489//1485 1630//1485
f 1630//1486 1489//1486 1628//1486
f 1489//1486 1491//1486 1628//1486
f 1628//1487 1491//1487 1626//1487
f 1491//1487 1493//1487 1626//1487
f 1626//1488 1493//1488 1624//1488
f 1493//1488 1495//1488 1624//1488
f 1624//1489 1495//1489 1622//1489
f 1495//1489 1497//1489 1622//1489
f 1622//1490 1497//1490 1620//1490
f 1497//1490 1499//1490 1620//1490
f 1620//1491 1499//1491 1618//1491
f 1499//1491 1501//1491 1618//1491
f 1618//1492 1501//1492 1616//1492
f 1501//1492 1503//1492 1616//1492
f 1616//1493 1503//1493 1614//1493
f 1503//1493 1505//1493 1614//1493
f 1614//1494 1505//1494 1612//1494
f 1505//1494 1507//1494 1612//1494
f 1508//1495 1611//1495 1510//1495
f 1611//1496 1609//1496 1510//1496
f 1510//1496 1609//1496 1512//1496
f 1609//1497 1607//1497 1512//1497
f 1512//1497 1607//1497 1514//1497
f 1607//1498 1605//1498 1514//1498
f 1514//1498 1605//1498 1516//1498
f 1605//1499 1603//1499 1516//1499
f 1516//1499 1603//1499 1518//1499
f 1603//1500 1601//1500 1518//1500
f 1518//1500 1601//1500 1520//1500
f 1601//1501 1599//1501 1520//1501
f 1520//1501 1599//1501 1522//1501
f 1599//1502 1597//1502 1522//1502
f 1522//1502 1597//1502 1524//1502
f 1597//1503 1595//1503 1524//1503
f 1524//1503 1595//1503 1526//1503
f 1595//976 1593//976 1526//976
f 1526//976 1593//976 1528//976
f 1593//1504 1591//1504 1528//1504
f 1528//1504 1591//1504 1530//1504
f 1591//1505 1589//1505 1530//1505
f 1530//1505 1589//1505 1532//1505
f 1589//1506 1587//1506 1532//1506
f 1532//1506 1587//1506 1534//1506
f 1587//1507 1585//1507 1534//1507
f 1534//1507 1585//1507 1536//1507
f 1585//981 1583//981 1536//981
f 1536//981 1583//981 1538//981
f 1583//1508 1581//1508 1538//1508
f 1538//1508 1581//1508 1540//1508
f 1581//1509 1579//1509 1540//1509
f 1540//1509 1579//1509 1542//1509
f 1579//1510 1577//1510 1542//1510
f 1542//1510 1577//1510 760//1510
f 1577//1511 1575//1511 760//1511
f 760//1511 1575//1511 762//1511
f 1575//1512 1573//1512 762//1512
f 762//1512 1573//1512 764//1512
f 1573//1513 1571//1513 764//1513
f 764//1513 1571//1513 766//1513
f 1571//1514 1569//1514 766//1514
f 766//1514 1569//1514 768//1514
f 1569//1515 1567//1515 768//1515
f 768//1515 1567//1515 770//1515
f 1567//1516 1565//1516 770//1516
f 770//1516 1565//1516 772//1516
f 1565//1517 1563//1517 772//1517
f 772//1517 1563//1517 774//1517
f 1563//1518 1561//1518 774//1518
f 774//1518 1561//1518 776//1518
f 1561//1519 1559//1519 776//1519
f 776//1519 1559//1519 778//1519
f 1559//1520 1557//1520 778//1520
f 778//1520 1557//1520 780//1520
f 1557//1521 1555//1521 780//1521
f 780//1521 1555//1521 756//1521
f 1555//1522 1697//1522 756//1522
f 756//1522 1697//1522 757//1522
f 1697//1523 1695//1523 757//1523
f 757//1523 1695//1523 753//1523
f 1695//1524 1693//1524 753//1524
f 753//1524 1693//1524 752//1524
f 1693//1525 1691//1525 752//1525
f 752//1525 1691//1525 782//1525
f 1691//1526 1689//1526 782//1526
f 782//1526 1689//1526 784//1526
f 1689//1527 1687//1527 784//1527
f 784//1527 1687//1527 786//1527
f 1687//1528 1685//1528 786//1528
f 786//1529 1685//1529 1454//1529
f 1685//1530 1683//1530 1454//1530
f 1454//1531 1683//1531 790//1531
f 1683//1532 1681//1532 790//1532
f 790//1532 1681//1532 792//1532
f 1681//1533 1679//1533 792//1533
f 792//1533 1679//1533 794//1533
f 1679//1534 1677//1534 794//1534
f 794//1534 1677//1534 748//1534
f 1677//1535 1675//1535 748//1535
f 748//1535 1675//1535 744//1535
f 1675//1536 1673//1536 744//1536
f 744//1536 1673//1536 743//1536
f 1673//1537 1671//1537 743//1537
f 743//1537 1671//1537 747//1537
f 1671//1538 1669//1538 747//1538
f 747//1538 1669//1538 796//1538
f 1669//1539 1667//1539 796//1539
f 796//1539 1667//1539 798//1539
f 1667//1540 1665//1540 798//1540
f 798//1540 1665//1540 800//1540
f 1665//1541 1663//1541 800//1541
f 800//1541 1663//1541 802//1541
f 1663//1542 1661//1542 802//1542
f 802//1542 1661//1542 804//1542
f 1661//1543 1659//1543 804//1543
f 804//1543 1659//1543 806//1543
f 1659//1544 1657//1544 806//1544
f 806//1544 1657//1544 808//1544
f 1657//1545 1655//1545 808//1545
f 808//1545 1655//1545 810//1545
f 1655//1546 1653//1546 810//1546
f 810//1546 1653//1546 812//1546
f 1653//1547 1651//1547 812//1547
f 812//1547 1651//1547 814//1547
f 1651//1548 1649//1548 814//1548
f 814//1548 1649//1548 816//1548
f 1649//1549 1647//1549 816//1549
f 816//1549 1647//1549 1474//1549
f 1647//1550 1645//1550 1474//1550
f 1474//1550 1645//1550 1476//1550
f 1645//1551 1643//1551 1476//1551
f 1476//1551 1643//1551 1478//1551
f 1643//947 1641//947 1478//947
f 1478//947 1641//947 1480//947
f 1641//1552 1639//1552 1480//1552
f 1480//1552 1639//1552 1482//1552
f 1639//1553 1637//1553 1482//1553
f 1482//1553 1637//1553 1484//1553
f 1637//1554 1635//1554 1484//1554
f 1484//1554 1635//1554 1486//1554
f 1635//1555 1633//1555 1486//1555
f 1486//1555 1633//1555 1488//1555
f 1633//952 1631//952 1488//952
f 1488//952 1631//952 1490//952
f 1631//1556 1629//1556 1490//1556
f 1490//1556 1629//1556 1492//1556
f 1629//1557 1627//1557 1492//1557
f 1492//1557 1627//1557 1494//1557
f 1627//1558 1625//1558 1494//1558
f 1494//1558 1625//1558 1496//1558
f 1625//1559 1623//1559 1496//1559
f 1496//1559 1623//1559 1498//1559
f 1623//1560 1621//1560 1498//1560
f 1498//1560 1621//1560 1500//1560
f 1621//1561 1619//1561 1500//1561
f 1500//1561 1619//1561 1502//1561
f 1619//1562 1617//1562 1502//1562
f 1502//1562 1617//1562 1504//1562
f 1617//1563 1615//1563 1504//1563
f 1504//1563 1615//1563 1506//1563
f 1615//1564 1613//1564 1506//1564
f 1506//1564 1613//1564 1508//1564
f 1613//1495 1611//1495 1508//1495
f 1698//144 1699//144 1700//144
f 1699//144 1701//144 1700//144
f 1700//990 1701//990 1702//990
f 1701//990 1703//990 1702//990
f 1702//991 1703//991 1704//991
f 1703//991 1705//991 1704//991
f 1704//992 1705//992 1706//992
f 1705//992 1707//992 1706//992
f 1706//993 1707//993 1708//993
f 1707//993 1709//993 1708//993
f 1708//139 1709//139 1710//139
f 1709//139 1711//139 1710//139
f 1710//138 1711//138 1712//138
f 1711//138 1713//138 1712//138
f 1712//994 1713//994 1714//994
f 1713//994 1715//994 1714//994
f 1714//995 1715//995 1716//995
f 1715//995 1717//995 1716//995
f 1716//996 1717//996 1718//996
f 1717//996 1719//996 1718//996
f 1718//997 1719//997 1720//997
f 1719//997 1721//997 1720//997
f 1720//998 1721//998 1722//998
f 1721//998 1723//998 1722//998
f 1722//999 1723//999 1724//999
f 1723//999 1725//999 1724//999
f 1724//1000 1725//1000 1726//1000
f 1725//1000 1727//1000 1726//1000
f 1726//1001 1727//1001 1728//1001
f 1727//1001 1729//1001 1728//1001
f 1728//1002 1729//1002 1730//1002
f 1729//1002 1731//1002 1730//1002
f 1730//1003 1731//1003 1732//1003
f 1731//1003 1733//1003 1732//1003
f 1732//1004 1733//1004 1734//1004
f 1733//1004 1735//1004 1734//1004
f 1734//1005 1735//1005 1736//1005
f 1735//1005 1737//1005 1736//1005
f 1736//1006 1737//1006 1738//1006
f 1737//1006 1739//1006 1738//1006
f 1738//1007 1739//1007 1740//1007
f 1739//1007 1741//1007 1740//1007
f 1740//1008 1741//1008 1742//1008
f 1741//1008 1743//1008 1742//1008
f 1742//1009 1743//1009 1744//1009
f 1743//1009 1745//1009 1744//1009
f 1744//1010 1745//1010 1746//1010
f 1745//1010 1747//1010 1746//1010
f 1746//1011 1747//1011 1748//1011
f 1747//1011 1749//1011 1748//1011
f 1748//1012 1749//1012 1750//1012
f 1749//1012 1751//1012 1750//1012
f 1750//1013 1751//1013 1752//1013
f 1751//1013 1753//1013 1752//1013
f 1752//1014 1753//1014 1754//1014
f 1753//1014 1755//1014 1754//1014
f 1754//1015 1755//1015 1756//1015
f 1755//1015 1757//1015 1756//1015
f 1756//1016 1757//1016 1758//1016
f 1757//1016 1759//1016 1758//1016
f 1758//52 1759//52 1760//52
f 1759//52 1761//52 1760//52
f 1760//1017 1761//1017 1762//1017
f 1761//1017 1763//1017 1762//1017
f 1762//1018 1763//1018 1764//1018
f 1763//1018 1765//1018 1764//1018
f 1764//1019 1765//1019 1766//1019
f 1765//1019 1767//1019 1766//1019
f 1766//1020 1767//1020 1768//1020
f 1767//1020 1769//1020 1768//1020
f 1768//47 1769//47 1770//47
f 1769//47 1771//47 1770//47
f 1770//1021 1771//1021 1772//1021
f 1771//1021 1773//1021 1772//1021
f 1772//1022 1773//1022 1774//1022
f 1773//1022 1775//1022 1774//1022
f 1774//1023 1775//1023 1776//1023
f 1775//1023 1777//1023 1776//1023
f 1776//1024 1777//1024 1778//1024
f 1777//1024 1779//1024 1778//1024
f 1778//1025 1779//1025 1780//1025
f 1779//1025 1781//1025 1780//1025
f 1780//65 1781//65 1782//65
f 1781//65 1783//65 1782//65
f 1782//1026 1783//1026 1784//1026
f 1783//1026 1785//1026 1784//1026
f 1784//1027 1785//1027 1786//1027
f 1785//1027 1787//1027 1786//1027
f 1786//1028 1787//1028 1788//1028
f 1787//1028 1789//1028 1788//1028
f 1788//1029 1789//1029 1790//1029
f 1789//1029 1791//1029 1790//1029
f 1790//1030 1791//1030 1792//1030
f 1791//1030 1793//1030 1792//1030
f 1792//1031 1793//1031 1794//1031
f 1793//1031 1795//1031 1794//1031
f 1794//1032 1795//1032 1796//1032
f 1795//1032 1797//1032 1796//1032
f 1796//1033 1797//1033 1798//1033
f 1797//1033 1799//1033 1798//1033
f 1798//1034 1799//1034 1800//1034
f 1799//1034 1801//1034 1800//1034
f 1800//1035 1801//1035 1802//1035
f 1801//1035 1803//1035 1802//1035
f 1802//1036 1803//1036 1804//1036
f 1803//1036 1805//1036 1804//1036
f 1804//1037 1805//1037 1806//1037
f 1805//1037 1807//1037 1806//1037
f 1806//1038 1807//1038 1808//1038
f 1807//1038 1809//1038 1808//1038
f 1808//1039 1809//1039 1810//1039
f 1809//1039 1811//1039 1810//1039
f 1810//1040 1811//1040 1812//1040
f 1811//1040 1813//1040 1812//1040
f 1812//1041 1813//1041 1814//1041
f 1813//1041 1815//1041 1814//1041
f 1814//1042 1815//1042 1816//1042
f 1815//1042 1817//1042 1816//1042
f 1816//1043 1817//1043 1818//1043
f 1817//1043 1819//1043 1818//1043
f 1818//1044 1819//1044 1820//1044
f 1819//1044 1821//1044 1820//1044
f 1820//1045 1821//1045 1822//1045
f 1821//1045 1823//1045 1822//1045
f 1822//1046 1823//1046 1824//1046
f 1823//1046 1825//1046 1824//1046
f 1824//1047 1825//1047 1826//1047
f 1825//1047 1827//1047 1826//1047
f 1826//1048 1827//1048 1828//1048
f 1827//1048 1829//1048 1828//1048
f 1828//1049 1829//1049 1830//1049
f 1829//1049 1831//1049 1830//1049
f 1830//125 1831//125 1832//125
f 1831//125 1833//125 1832//125
f 1832//1050 1833//1050 1834//1050
f 1833//1050 1835//1050 1834//1050
f 1834//1051 1835//1051 1836//1051
f 1835//1051 1837//1051 1836//1051
f 1836//1052 1837//1052 1838//1052
f 1837//1052 1839//1052 1838//1052
f 1838//1053 1839//1053 1840//1053
f 1839//1053 1841//1053 1840//1053
f 1840//1054 1841//1054 1698//1054
f 1841//1054 1699//1054 1698//1054
f 1842//517 1843//517 1844//517
f 1842//517 1844//517 1845//517
f 1844//518 1846//518 1845//518
f 1845//518 1846//518 1847//518
f 1846//1380 1848//1380 1849//1380
f 1850//1380 1851//1380 1852//1380
f 1851//1380 1853//1380 1852//1380
f 1852//1380 1853//1380 1854//1380
f 1855//1380 1856//1380 1849//1380
f 1856//1380 1847//1380 1849//1380
f 1849//1380 1847//1380 1846//1380
f 1857//1380 1858//1380 1854//1380
f 1858//1380 1859//1380 1854//1380
f 1854//1380 1859//1380 1852//1380
f 1860//1380 1861//1380 1862//1380
f 1861//1380 1863//1380 1862//1380
f 1862//1380 1863//1380 1864//1380
f 1863//1380 1865//1380 1864//1380
f 1864//1380 1865//1380 1866//1380
f 1865//1380 1867//1380 1866//1380
f 1866//1380 1867//1380 1868//1380
f 1867//1380 1869//1380 1868//1380
f 1868//1380 1869//1380 1870//1380
f 1869//1380 1871//1380 1870//1380
f 1870//1380 1871//1380 1872//1380
f 1871//1380 1873//1380 1872//1380
f 1872//1380 1873//1380 1874//1380
f 1873//1380 1875//1380 1874//1380
f 1874//1380 1875//1380 1876//1380
f 1875//1380 1877//1380 1876//1380
f 1876//1380 1877//1380 1878//1380
f 1877//1380 1879//1380 1878//1380
f 1878//1380 1879//1380 1880//1380
f 1879//1380 1881//1380 1880//1380
f 1880//1380 1881//1380 1882//1380
f 1881//1380 1883//1380 1882//1380
f 1882//1380 1883//1380 1884//1380
f 1883//1380 1885//1380 1884//1380
f 1884//1380 1885//1380 1886//1380
f 1885//1380 1887//1380 1886//1380
f 1886//1380 1887//1380 1888//1380
f 1887//1380 1856//1380 1888//1380
f 1888//1380 1856//1380 1889//1380
f 1856//1380 1855//1380 1889//1380
f 1857//1380 1854//1380 1890//1380
f 1854//1380 1891//1380 1890//1380
f 1890//1380 1891//1380 1892//1380
f 1891//1380 1893//1380 1892//1380
f 1892//1380 1893//1380 1894//1380
f 1893//1380 1895//1380 1894//1380
f 1894//1380 1895//1380 1896//1380
f 1895//1380 1897//1380 1896//1380
f 1896//1380 1897//1380 1898//1380
f 1897//1380 1899//1380 1898//1380
f 1898//1380 1899//1380 1900//1380
f 1899//1380 1901//1380 1900//1380
f 1900//1380 1901//1380 1902//1380
f 1901//1380 1903//1380 1902//1380
f 1902//1380 1903//1380 1904//1380
f 1903//1380 1905//1380 1904//1380
f 1904//1380 1905//1380 1906//1380
f 1905//1380 1907//1380 1906//1380
f 1906//1380 1907//1380 1908//1380
f 1907//1380 1909//1380 1908//1380
f 1908//1380 1909//1380 1910//1380
f 1909//1380 1911//1380 1910//1380
f 1910//1380 1911//1380 1912//1380
f 1911//1380 1913//1380 1912//1380
f 1912//1380 1913//1380 1860//1380
f 1913//1380 1914//1380 1860//1380
f 1860//1380 1914//1380 1861//1380
f 1854//1565 1915//1565 1916//1565
f 1854//1565 1916//1565 1891//1565
f 1916//1566 1917//1566 1891//1566
f 1891//1566 1917//1566 1893//1566
f 1917//1567 1918//1567 1893//1567
f 1893//1567 1918//1567 1895//1567
f 1918//1568 1919//1568 1895//1568
f 1895//1568 1919//1568 1897//1568
f 1919//1569 1920//1569 1897//1569
f 1897//1569 1920//1569 1899//1569
f 1920//1570 1921//1570 1899//1570
f 1899//1570 1921//1570 1901//1570
f 1921//1571 1922//1571 1901//1571
f 1901//1571 1922//1571 1903//1571
f 1922//1572 1923//1572 1903//1572
f 1903//1572 1923//1572 1905//1572
f 1923//1573 1924//1573 1905//1573
f 1905//1573 1924//1573 1907//1573
f 1924//1574 1925//1574 1907//1574
f 1907//1574 1925//1574 1909//1574
f 1925//1575 1926//1575 1909//1575
f 1909//1575 1926//1575 1911//1575
f 1926//1576 1927//1576 1911//1576
f 1911//1576 1927//1576 1913//1576
f 1927//1577 1928//1577 1913//1577
f 1913//1577 1928//1577 1914//1577
f 1928//1578 1929//1578 1914//1578
f 1914//1578 1929//1578 1861//1578
f 1929//1579 1930//1579 1861//1579
f 1861//1579 1930//1579 1863//1579
f 1930//1580 1931//1580 1863//1580
f 1863//1580 1931//1580 1865//1580
f 1931//1581 1932//1581 1865//1581
f 1865//1581 1932//1581 1867//1581
f 1932//1582 1933//1582 1867//1582
f 1867//1582 1933//1582 1869//1582
f 1933//1583 1934//1583 1869//1583
f 1869//1583 1934//1583 1871//1583
f 1934//1584 1935//1584 1871//1584
f 1871//1584 1935//1584 1873//1584
f 1935//1585 1936//1585 1873//1585
f 1873//1585 1936//1585 1875//1585
f 1936//1586 1937//1586 1875//1586
f 1875//1586 1937//1586 1877//1586
f 1937//1587 1938//1587 1877//1587
f 1877//1587 1938//1587 1879//1587
f 1938//1588 1939//1588 1879//1588
f 1879//1588 1939//1588 1881//1588
f 1939//1589 1940//1589 1881//1589
f 1881//1589 1940//1589 1883//1589
f 1940//1590 1941//1590 1883//1590
f 1883//1590 1941//1590 1885//1590
f 1941//1591 1942//1591 1885//1591
f 1885//1591 1942//1591 1887//1591
f 1942//1592 1943//1592 1887//1592
f 1887//1592 1943//1592 1856//1592
f 1944//1379 1945//1379 1946//1379
f 1945//1379 1947//1379 1946//1379
f 1946//1379 1947//1379 1943//1379
f 1915//1379 1948//1379 1949//1379
f 1915//1379 1950//1379 1948//1379
f 1950//1379 1951//1379 1948//1379
f 1948//1379 1951//1379 1952//1379
f 1953//1379 1954//1379 1943//1379
f 1954//1379 1955//1379 1943//1379
f 1943//1379 1955//1379 1946//1379
f 1953//1379 1943//1379 1956//1379
f 1943//1379 1942//1379 1956//1379
f 1956//1379 1942//1379 1957//1379
f 1942//1379 1941//1379 1957//1379
f 1957//1379 1941//1379 1958//1379
f 1941//1379 1940//1379 1958//1379
f 1958//1379 1940//1379 1959//1379
f 1940//1379 1939//1379 1959//1379
f 1959//1379 1939//1379 1960//1379
f 1939//1379 1938//1379 1960//1379
f 1960//1379 1938//1379 1961//1379
f 1938//1379 1937//1379 1961//1379
f 1961//1379 1937//1379 1962//1379
f 1937//1379 1936//1379 1962//1379
f 1962//1379 1936//1379 1963//1379
f 1936//1379 1935//1379 1963//1379
f 1963//1379 1935//1379 1964//1379
f 1935//1379 1934//1379 1964//1379
f 1964//1379 1934//1379 1965//1379
f 1934//1379 1933//1379 1965//1379
f 1965//1379 1933//1379 1966//1379
f 1933//1379 1932//1379 1966//1379
f 1966//1379 1932//1379 1967//1379
f 1932//1379 1931//1379 1967//1379
f 1967//1379 1931//1379 1968//1379
f 1931//1379 1930//1379 1968//1379
f 1930//1379 1929//1379 1968//1379
f 1968//1379 1929//1379 1969//1379
f 1929//1379 1928//1379 1969//1379
f 1969//1379 1928//1379 1970//1379
f 1928//1379 1927//1379 1970//1379
f 1970//1379 1927//1379 1971//1379
f 1927//1379 1926//1379 1971//1379
f 1971//1379 1926//1379 1972//1379
f 1926//1379 1925//1379 1972//1379
f 1972//1379 1925//1379 1973//1379
f 1925//1379 1924//1379 1973//1379
f 1973//1379 1924//1379 1974//1379
f 1924//1379 1923//1379 1974//1379
f 1974//1379 1923//1379 1975//1379
f 1923//1379 1922//1379 1975//1379
f 1975//1379 1922//1379 1976//1379
f 1922//1379 1921//1379 1976//1379
f 1976//1379 1921//1379 1977//1379
f 1921//1379 1920//1379 1977//1379
f 1977//1379 1920//1379 1978//1379
f 1920//1379 1919//1379 1978//1379
f 1978//1379 1919//1379 1979//1379
f 1919//1379 1918//1379 1979//1379
f 1979//1379 1918//1379 1980//1379
f 1918//1379 1917//1379 1980//1379
f 1980//1379 1917//1379 1981//1379
f 1917//1379 1916//1379 1981//1379
f 1981//1379 1916//1379 1982//1379
f 1916//1379 1915//1379 1982//1379
f 1982//1379 1915//1379 1983//1379
f 1915//1379 1949//1379 1983//1379
f 1984//989 1951//989 1985//989
f 1951//989 1950//989 1985//989
f 1986//1055 1987//1055 1850//1055
f 1986//1055 1850//1055 1988//1055
f 1989//1055 1990//1055 1951//1055
f 1991//1055 1992//1055 1952//1055
f 1992//1055 1993//1055 1952//1055
f 1994//1055 1995//1055 1984//1055
f 1996//1055 1997//1055 1951//1055
f 1850//1055 1998//1055 1999//1055
f 2000//1055 2001//1055 2002//1055
f 2001//1055 2003//1055 2002//1055
f 2002//1055 2003//1055 1984//1055
f 2003//1055 2004//1055 1984//1055
f 1984//1055 2004//1055 1994//1055
f 1996//1055 1951//1055 2005//1055
f 1997//1055 2006//1055 1951//1055
f 2006//1055 2007//1055 1951//1055
f 1951//1055 2007//1055 1952//1055
f 2007//1055 2008//1055 1952//1055
f 1952//1055 2008//1055 1991//1055
f 1993//1055 2009//1055 1952//1055
f 2009//1055 2010//1055 1952//1055
f 1952//1055 2010//1055 2011//1055
f 2011//1055 2012//1055 1952//1055
f 2012//1055 2013//1055 1952//1055
f 1952//1055 2013//1055 2014//1055
f 2015//1055 2016//1055 1850//1055
f 2016//1055 2017//1055 1850//1055
f 1850//1055 2017//1055 2018//1055
f 2018//1055 2019//1055 1850//1055
f 2019//1055 2020//1055 1850//1055
f 1850//1055 2020//1055 1998//1055
f 1999//1055 2021//1055 1850//1055
f 2021//1055 2022//1055 1850//1055
f 1850//1055 2022//1055 1988//1055
f 2023//1055 2024//1055 1851//1055
f 2024//1055 2025//1055 1851//1055
f 1851//1055 2025//1055 2026//1055
f 2026//1055 2027//1055 1851//1055
f 2027//1055 2028//1055 1851//1055
f 1851//1055 2028//1055 2029//1055
f 2029//1055 2030//1055 1851//1055
f 2030//1055 2031//1055 1851//1055
f 1851//1055 2031//1055 2002//1055
f 2031//1055 2032//1055 2002//1055
f 2002//1055 2032//1055 2000//1055
f 1990//1055 2033//1055 1951//1055
f 2033//1055 2034//1055 1951//1055
f 1951//1055 2034//1055 2035//1055
f 2035//1055 2036//1055 1951//1055
f 2036//1055 2037//1055 1951//1055
f 1951//1055 2037//1055 2038//1055
f 2038//1055 2039//1055 1951//1055
f 2039//1055 2040//1055 1951//1055
f 1951//1055 2040//1055 2005//1055
f 1995//1055 2041//1055 1984//1055
f 2041//1055 2042//1055 1984//1055
f 1984//1055 2042//1055 2043//1055
f 2043//1055 2044//1055 1984//1055
f 2044//1055 2045//1055 1984//1055
f 1984//1055 2045//1055 1951//1055
f 2045//1055 2046//1055 1951//1055
f 1951//1055 2046//1055 1989//1055
f 1987//1055 2047//1055 1850//1055
f 2047//1055 2048//1055 1850//1055
f 1850//1055 2048//1055 1851//1055
f 2048//1055 2049//1055 1851//1055
f 1851//1055 2049//1055 2023//1055
f 2014//1055 2050//1055 1952//1055
f 2050//1055 2051//1055 1952//1055
f 1952//1055 2051//1055 2052//1055
f 2052//1055 2053//1055 1952//1055
f 2053//1055 2054//1055 1952//1055
f 1952//1055 2054//1055 2055//1055
f 2055//1055 2056//1055 1952//1055
f 2056//1055 2057//1055 1952//1055
f 1952//1055 2057//1055 1850//1055
f 2057//1055 2058//1055 1850//1055
f 1850//1055 2058//1055 2015//1055
f 1799//1055 1797//1055 1843//1055
f 1846//1055 1785//1055 1783//1055
f 1749//1055 1747//1055 1848//1055
f 1747//1055 1745//1055 1848//1055
f 1841//1055 1839//1055 1945//1055
f 1839//1055 1837//1055 1945//1055
f 1945//1055 1837//1055 1835//1055
f 1771//1055 1769//1055 1846//1055
f 1761//1055 1848//1055 1763//1055
f 1848//1055 1765//1055 1763//1055
f 1755//1055 1753//1055 1848//1055
f 1753//1055 1751//1055 1848//1055
f 1848//1055 1751//1055 1749//1055
f 1707//1055 1705//1055 1944//1055
f 1835//1055 1833//1055 1945//1055
f 1833//1055 1831//1055 1945//1055
f 1945//1055 1831//1055 1829//1055
f 1829//1055 1827//1055 1945//1055
f 1827//1055 1825//1055 1945//1055
f 1945//1055 1825//1055 1823//1055
f 1761//1055 1759//1055 1848//1055
f 1759//1055 1757//1055 1848//1055
f 1848//1055 1757//1055 1755//1055
f 1731//1055 1729//1055 1944//1055
f 1729//1055 1727//1055 1944//1055
f 1944//1055 1727//1055 1725//1055
f 1725//1055 1723//1055 1944//1055
f 1723//1055 1721//1055 1944//1055
f 1944//1055 1721//1055 1719//1055
f 1719//1055 1717//1055 1944//1055
f 1717//1055 1715//1055 1944//1055
f 1944//1055 1715//1055 1713//1055
f 1705//1055 1703//1055 1944//1055
f 1703//1055 1701//1055 1944//1055
f 1944//1055 1701//1055 1945//1055
f 1701//1055 1699//1055 1945//1055
f 1945//1055 1699//1055 1841//1055
f 1843//1055 1797//1055 1844//1055
f 1797//1055 1795//1055 1844//1055
f 1844//1055 1795//1055 1793//1055
f 1793//1055 1791//1055 1844//1055
f 1791//1055 1789//1055 1844//1055
f 1844//1055 1789//1055 1846//1055
f 1789//1055 1787//1055 1846//1055
f 1846//1055 1787//1055 1785//1055
f 1783//1055 1781//1055 1846//1055
f 1781//1055 1779//1055 1846//1055
f 1846//1055 1779//1055 1777//1055
f 1846//1055 1769//1055 1848//1055
f 1769//1055 1767//1055 1848//1055
f 1848//1055 1767//1055 1765//1055
f 1713//1055 1711//1055 1944//1055
f 1711//1055 1709//1055 1944//1055
f 1944//1055 1709//1055 1707//1055
f 1777//1055 1775//1055 1846//1055
f 1775//1055 1773//1055 1846//1055
f 1846//1055 1773//1055 1771//1055
f 1745//1055 1743//1055 1848//1055
f 1743//1055 1741//1055 1848//1055
f 1848//1055 1741//1055 1739//1055
f 1739//1055 1737//1055 1848//1055
f 1737//1055 1735//1055 1848//1055
f 1848//1055 1735//1055 1944//1055
f 1735//1055 1733//1055 1944//1055
f 1944//1055 1733//1055 1731//1055
f 1823//1055 1821//1055 1945//1055
f 1821//1055 1819//1055 1945//1055
f 1945//1055 1819//1055 1817//1055
f 1805//1055 1843//1055 1807//1055
f 1843//1055 1809//1055 1807//1055
f 1805//1055 1803//1055 1843//1055
f 1803//1055 1801//1055 1843//1055
f 1843//1055 1801//1055 1799//1055
f 1817//1055 1815//1055 1945//1055
f 1815//1055 1813//1055 1945//1055
f 1945//1055 1813//1055 1843//1055
f 1813//1055 1811//1055 1843//1055
f 1843//1055 1811//1055 1809//1055
f 1854//516 1853//516 2059//516
f 2059//516 2060//516 1854//516
f 2060//516 2061//516 1854//516
f 1854//516 2061//516 2062//516
f 2062//516 2063//516 1854//516
f 2063//516 2064//516 1854//516
f 1854//516 2064//516 2065//516
f 2066//516 2067//516 2068//516
f 2065//516 2069//516 1854//516
f 2069//516 2070//516 1854//516
f 1854//516 2070//516 2071//516
f 2072//516 2073//516 1853//516
f 2071//516 2074//516 1854//516
f 2074//516 2075//516 1854//516
f 1854//516 2075//516 2076//516
f 2076//516 2077//516 1854//516
f 2077//516 2078//516 1854//516
f 1854//516 2078//516 2079//516
f 1915//516 2080//516 2081//516
f 2081//516 2082//516 1915//516
f 2082//516 2083//516 1915//516
f 1915//516 2083//516 2084//516
f 2068//516 2085//516 2066//516
f 2085//516 2086//516 2066//516
f 2066//516 2086//516 1853//516
f 2086//516 2087//516 1853//516
f 1853//516 2087//516 2088//516
f 2073//516 2089//516 1853//516
f 2089//516 2090//516 1853//516
f 1853//516 2090//516 2059//516
f 2091//516 2092//516 1950//516
f 2092//516 2093//516 1950//516
f 1950//516 2093//516 2094//516
f 2067//516 2066//516 2095//516
f 2066//516 1985//516 2095//516
f 2095//516 1985//516 2096//516
f 2088//516 2097//516 1853//516
f 2097//516 2098//516 1853//516
f 1853//516 2098//516 2072//516
f 2099//516 2100//516 1915//516
f 2100//516 2101//516 1915//516
f 1915//516 2101//516 2080//516
f 2084//516 2102//516 1915//516
f 2102//516 2103//516 1915//516
f 1915//516 2103//516 2104//516
f 2105//516 1950//516 2106//516
f 1950//516 2107//516 2106//516
f 2105//516 2108//516 1950//516
f 2108//516 2109//516 1950//516
f 1950//516 2109//516 2110//516
f 2111//516 1915//516 2112//516
f 1915//516 2113//516 2112//516
f 2094//516 2114//516 1950//516
f 2114//516 2115//516 1950//516
f 1950//516 2115//516 2107//516
f 2079//516 2116//516 1854//516
f 2116//516 2117//516 1854//516
f 1854//516 2117//516 1915//516
f 2117//516 2118//516 1915//516
f 1915//516 2118//516 2113//516
f 2111//516 2119//516 1915//516
f 2119//516 2120//516 1915//516
f 1915//516 2120//516 2099//516
f 2104//516 2121//516 1915//516
f 2121//516 2122//516 1915//516
f 1915//516 2122//516 1950//516
f 2122//516 2123//516 1950//516
f 1950//516 2123//516 2091//516
f 2110//516 2124//516 1950//516
f 2124//516 2125//516 1950//516
f 1950//516 2125//516 1985//516
f 2125//516 2126//516 1985//516
f 2126//516 2127//516 1985//516
f 2127//516 2128//516 1985//516
f 1985//516 2128//516 2129//516
f 2129//516 2130//516 1985//516
f 2130//516 2131//516 1985//516
f 1985//516 2131//516 2096//516
f 2122//1381 2007//1381 2123//1381
f 2007//1381 2006//1381 2123//1381
f 2123//990 2006//990 2091//990
f 2006//990 1997//990 2091//990
f 2091//991 1997//991 2092//991
f 1997//991 1996//991 2092//991
f 2092//992 1996//992 2093//992
f 1996//992 2005//992 2093//992
f 2093//993 2005//993 2094//993
f 2005//993 2040//993 2094//993
f 2094//139 2040//139 2114//139
f 2040//139 2039//139 2114//139
f 2114//1382 2039//1382 2115//1382
f 2039//1382 2038//1382 2115//1382
f 2115//1383 2038//1383 2107//1383
f 2038//1383 2037//1383 2107//1383
f 2107//995 2037//995 2106//995
f 2037//995 2036//995 2106//995
f 2106//996 2036//996 2105//996
f 2036//996 2035//996 2105//996
f 2105//997 2035//997 2108//997
f 2035//997 2034//997 2108//997
f 2108//998 2034//998 2109//998
f 2034//998 2033//998 2109//998
f 2109//999 2033//999 2110//999
f 2033//999 1990//999 2110//999
f 2110//1000 1990//1000 2124//1000
f 1990//1000 1989//1000 2124//1000
f 2124//1001 1989//1001 2125//1001
f 1989//1001 2046//1001 2125//1001
f 2125//1002 2046//1002 2126//1002
f 2046//1002 2045//1002 2126//1002
f 2126//1003 2045//1003 2127//1003
f 2045//1003 2044//1003 2127//1003
f 2127//1004 2044//1004 2128//1004
f 2044//1004 2043//1004 2128//1004
f 2128//1005 2043//1005 2129//1005
f 2043//1005 2042//1005 2129//1005
f 2129//1006 2042//1006 2130//1006
f 2042//1006 2041//1006 2130//1006
f 2130//1007 2041//1007 2131//1007
f 2041//1007 1995//1007 2131//1007
f 2131//1008 1995//1008 2096//1008
f 1995//1008 1994//1008 2096//1008
f 2096//1009 1994//1009 2095//1009
f 1994//1009 2004//1009 2095//1009
f 2095//1010 2004//1010 2067//1010
f 2004//1010 2003//1010 2067//1010
f 2067//1011 2003//1011 2068//1011
f 2003//1011 2001//1011 2068//1011
f 2068//1012 2001//1012 2085//1012
f 2001//1012 2000//1012 2085//1012
f 2085//1013 2000//1013 2086//1013
f 2000//1013 2032//1013 2086//1013
f 2086//1014 2032//1014 2087//1014
f 2032//1014 2031//1014 2087//1014
f 2087//1384 2031//1384 2088//1384
f 2031//1384 2030//1384 2088//1384
f 2088//1385 2030//1385 2097//1385
f 2030//1385 2029//1385 2097//1385
f 2097//52 2029//52 2098//52
f 2029//52 2028//52 2098//52
f 2098//1017 2028//1017 2072//1017
f 2028//1017 2027//1017 2072//1017
f 2072//1018 2027//1018 2073//1018
f 2027//1018 2026//1018 2073//1018
f 2073//1019 2026//1019 2089//1019
f 2026//1019 2025//1019 2089//1019
f 2089//1020 2025//1020 2090//1020
f 2025//1020 2024//1020 2090//1020
f 2090//1386 2024//1386 2059//1386
f 2024//1386 2023//1386 2059//1386
f 2059//464 2023//464 2060//464
f 2023//464 2049//464 2060//464
f 2060//1022 2049//1022 2061//1022
f 2049//1022 2048//1022 2061//1022
f 2061//1023 2048//1023 2062//1023
f 2048//1023 2047//1023 2062//1023
f 2062//1024 2047//1024 2063//1024
f 2047//1024 1987//1024 2063//1024
f 2063//1025 1987//1025 2064//1025
f 1987//1025 1986//1025 2064//1025
f 2064//65 1986//65 2065//65
f 1986//65 1988//65 2065//65
f 2065//1387 1988//1387 2069//1387
f 1988//1387 2022//1387 2069//1387
f 2069//1388 2022//1388 2070//1388
f 2022//1388 2021//1388 2070//1388
f 2070//1028 2021//1028 2071//1028
f 2021//1028 1999//1028 2071//1028
f 2071//1029 1999//1029 2074//1029
f 1999//1029 1998//1029 2074//1029
f 2074//1030 1998//1030 2075//1030
f 1998//1030 2020//1030 2075//1030
f 2075//1031 2020//1031 2076//1031
f 2020//1031 2019//1031 2076//1031
f 2076//1032 2019//1032 2077//1032
f 2019//1032 2018//1032 2077//1032
f 2077//1033 2018//1033 2078//1033
f 2018//1033 2017//1033 2078//1033
f 2078//1034 2017//1034 2079//1034
f 2017//1034 2016//1034 2079//1034
f 2079//1035 2016//1035 2116//1035
f 2016//1035 2015//1035 2116//1035
f 2116//1036 2015//1036 2117//1036
f 2015//1036 2058//1036 2117//1036
f 2117//1037 2058//1037 2118//1037
f 2058//1037 2057//1037 2118//1037
f 2118//1038 2057//1038 2113//1038
f 2057//1038 2056//1038 2113//1038
f 2113//1039 2056//1039 2112//1039
f 2056//1039 2055//1039 2112//1039
f 2112//1040 2055//1040 2111//1040
f 2055//1040 2054//1040 2111//1040
f 2111//1041 2054//1041 2119//1041
f 2054//1041 2053//1041 2119//1041
f 2119//1042 2053//1042 2120//1042
f 2053//1042 2052//1042 2120//1042
f 2120//1043 2052//1043 2099//1043
f 2052//1043 2051//1043 2099//1043
f 2099//1044 2051//1044 2100//1044
f 2051//1044 2050//1044 2100//1044
f 2100//1045 2050//1045 2101//1045
f 2050//1045 2014//1045 2101//1045
f 2101//1046 2014//1046 2080//1046
f 2014//1046 2013//1046 2080//1046
f 2080//1047 2013//1047 2081//1047
f 2013//1047 2012//1047 2081//1047
f 2081//1389 2012//1389 2082//1389
f 2012//1389 2011//1389 2082//1389
f 2082//394 2011//394 2083//394
f 2011//394 2010//394 2083//394
f 2083//125 2010//125 2084//125
f 2010//125 2009//125 2084//125
f 2084//1050 2009//1050 2102//1050
f 2009//1050 1993//1050 2102//1050
f 2102//1051 1993//1051 2103//1051
f 1993//1051 1992//1051 2103//1051
f 2103//1052 1992//1052 2104//1052
f 1992//1052 1991//1052 2104//1052
f 2104//1053 1991//1053 2121//1053
f 1991//1053 2008//1053 2121//1053
f 2121//393 2008//393 2122//393
f 2008//393 2007//393 2122//393
f 1772//516 1774//516 1847//516
f 1774//516 1776//516 1847//516
f 1847//516 1776//516 1778//516
f 1748//516 1750//516 1856//516
f 1778//516 1780//516 1847//516
f 1780//516 1782//516 1847//516
f 1847//516 1782//516 1845//516
f 1782//516 1784//516 1845//516
f 1845//516 1784//516 1842//516
f 1784//516 1786//516 1842//516
f 1842//516 1786//516 1788//516
f 1762//516 1764//516 1856//516
f 1700//516 1702//516 1943//516
f 1788//516 1790//516 1842//516
f 1790//516 1792//516 1842//516
f 1842//516 1792//516 1794//516
f 1794//516 1796//516 1842//516
f 1796//516 1798//516 1842//516
f 1842//516 1798//516 1800//516
f 1826//516 1828//516 1947//516
f 1828//516 1830//516 1947//516
f 1742//516 1744//516 1856//516
f 1744//516 1746//516 1856//516
f 1856//516 1746//516 1748//516
f 1750//516 1752//516 1856//516
f 1752//516 1754//516 1856//516
f 1856//516 1754//516 1756//516
f 1764//516 1766//516 1856//516
f 1766//516 1768//516 1856//516
f 1856//516 1768//516 1847//516
f 1768//516 1770//516 1847//516
f 1847//516 1770//516 1772//516
f 1820//516 1822//516 1947//516
f 1822//516 1824//516 1947//516
f 1947//516 1824//516 1826//516
f 1830//516 1832//516 1947//516
f 1832//516 1834//516 1947//516
f 1947//516 1834//516 1836//516
f 1702//516 1704//516 1943//516
f 1704//516 1706//516 1943//516
f 1943//516 1706//516 1708//516
f 1756//516 1758//516 1856//516
f 1758//516 1760//516 1856//516
f 1856//516 1760//516 1762//516
f 1943//516 1714//516 1716//516
f 1716//516 1718//516 1943//516
f 1718//516 1720//516 1943//516
f 1943//516 1720//516 1722//516
f 1800//516 1802//516 1842//516
f 1802//516 1804//516 1842//516
f 1842//516 1804//516 1806//516
f 1814//516 1816//516 1947//516
f 1816//516 1818//516 1947//516
f 1947//516 1818//516 1820//516
f 1836//516 1838//516 1947//516
f 1838//516 1840//516 1947//516
f 1947//516 1840//516 1943//516
f 1840//516 1698//516 1943//516
f 1943//516 1698//516 1700//516
f 1708//516 1710//516 1943//516
f 1710//516 1712//516 1943//516
f 1943//516 1712//516 1714//516
f 1722//516 1724//516 1943//516
f 1724//516 1726//516 1943//516
f 1943//516 1726//516 1728//516
f 1806//516 1808//516 1842//516
f 1808//516 1810//516 1842//516
f 1842//516 1810//516 1947//516
f 1810//516 1812//516 1947//516
f 1947//516 1812//516 1814//516
f 1736//516 1738//516 1856//516
f 1738//516 1740//516 1856//516
f 1856//516 1740//516 1742//516
f 1728//516 1730//516 1943//516
f 1730//516 1732//516 1943//516
f 1943//516 1732//516 1856//516
f 1732//516 1734//516 1856//516
f 1856//516 1734//516 1736//516
f 1853//1593 1851//1593 2002//1593
f 1853//1593 2002//1593 2066//1593
f 2002//988 1984//988 2066//988
f 2066//988 1984//988 1985//988
f 1848//1594 1944//1594 1849//1594
f 1944//1594 1946//1594 1849//1594
f 1849//1595 1946//1595 1855//1595
f 1946//1595 1955//1595 1855//1595
f 1855//1596 1955//1596 1889//1596
f 1955//1596 1954//1596 1889//1596
f 1889//1597 1954//1597 1888//1597
f 1954//1597 1953//1597 1888//1597
f 1888//1598 1953//1598 1886//1598
f 1953//1598 1956//1598 1886//1598
f 1886//1599 1956//1599 1884//1599
f 1956//1599 1957//1599 1884//1599
f 1884//1600 1957//1600 1882//1600
f 1957//1600 1958//1600 1882//1600
f 1882//1601 1958//1601 1880//1601
f 1958//1601 1959//1601 1880//1601
f 1880//1602 1959//1602 1878//1602
f 1959//1602 1960//1602 1878//1602
f 1878//1603 1960//1603 1876//1603
f 1960//1603 1961//1603 1876//1603
f 1876//1604 1961//1604 1874//1604
f 1961//1604 1962//1604 1874//1604
f 1874//1605 1962//1605 1872//1605
f 1962//1605 1963//1605 1872//1605
f 1872//1606 1963//1606 1870//1606
f 1963//1606 1964//1606 1870//1606
f 1870//1607 1964//1607 1868//1607
f 1964//1607 1965//1607 1868//1607
f 1868//1608 1965//1608 1866//1608
f 1965//1608 1966//1608 1866//1608
f 1866//1609 1966//1609 1864//1609
f 1966//1609 1967//1609 1864//1609
f 1864//1610 1967//1610 1862//1610
f 1967//1610 1968//1610 1862//1610
f 1862//1055 1968//1055 1860//1055
f 1968//1055 1969//1055 1860//1055
f 1860//1611 1969//1611 1912//1611
f 1969//1611 1970//1611 1912//1611
f 1912//1612 1970//1612 1910//1612
f 1970//1612 1971//1612 1910//1612
f 1910//1613 1971//1613 1908//1613
f 1971//1613 1972//1613 1908//1613
f 1908//1614 1972//1614 1906//1614
f 1972//1614 1973//1614 1906//1614
f 1906//1615 1973//1615 1904//1615
f 1973//1615 1974//1615 1904//1615
f 1904//1616 1974//1616 1902//1616
f 1974//1616 1975//1616 1902//1616
f 1902//1617 1975//1617 1900//1617
f 1975//1617 1976//1617 1900//1617
f 1900//1618 1976//1618 1898//1618
f 1976//1618 1977//1618 1898//1618
f 1898//1619 1977//1619 1896//1619
f 1977//1619 1978//1619 1896//1619
f 1896//1620 1978//1620 1894//1620
f 1978//1620 1979//1620 1894//1620
f 1894//1621 1979//1621 1892//1621
f 1979//1621 1980//1621 1892//1621
f 1892//1622 1980//1622 1890//1622
f 1980//1622 1981//1622 1890//1622
f 1890//1623 1981//1623 1857//1623
f 1981//1623 1982//1623 1857//1623
f 1857//1624 1982//1624 1858//1624
f 1982//1624 1983//1624 1858//1624
f 1858//1625 1983//1625 1859//1625
f 1983//1625 1949//1625 1859//1625
f 1859//1626 1949//1626 1852//1626
f 1949//1626 1948//1626 1852//1626
f 1852//1627 1948//1627 1850//1627
f 1948//1627 1952//1627 1850//1627
f 1947//515 1945//515 1842//515
f 1945//515 1843//515 1842//515
f 2132//1419 2133//1419 2134//1419
f 2132//1419 2134//1419 2135//1419
f 2134//1420 2136//1420 2135//1420
f 2135//1420 2136//1420 2137//1420
f 2138//1381 2139//1381 2140//1381
f 2139//1381 2141//1381 2140//1381
f 2140//1390 2141//1390 2142//1390
f 2141//1390 2143//1390 2142//1390
f 2142//991 2143//991 2144//991
f 2143//991 2145//991 2144//991
f 2144//992 2145//992 2146//992
f 2145//992 2147//992 2146//992
f 2146//1391 2147//1391 2148//1391
f 2147//1391 2149//1391 2148//1391
f 2148//139 2149//139 2150//139
f 2149//139 2151//139 2150//139
f 2150//1382 2151//1382 2152//1382
f 2151//1382 2153//1382 2152//1382
f 2152//1392 2153//1392 2154//1392
f 2153//1392 2155//1392 2154//1392
f 2154//995 2155//995 2156//995
f 2155//995 2157//995 2156//995
f 2156//996 2157//996 2158//996
f 2157//996 2159//996 2158//996
f 2158//997 2159//997 2160//997
f 2159//997 2161//997 2160//997
f 2160//289 2161//289 2162//289
f 2161//289 2163//289 2162//289
f 2162//999 2163//999 2164//999
f 2163//999 2165//999 2164//999
f 2164//1393 2165//1393 2166//1393
f 2165//1393 2167//1393 2166//1393
f 2166//1001 2167//1001 2168//1001
f 2167//1001 2169//1001 2168//1001
f 2168//1002 2169//1002 2170//1002
f 2169//1002 2171//1002 2170//1002
f 2170//1003 2171//1003 2172//1003
f 2171//1003 2173//1003 2172//1003
f 2172//1394 2173//1394 2174//1394
f 2173//1394 2175//1394 2174//1394
f 2174//1395 2175//1395 2176//1395
f 2175//1395 2177//1395 2176//1395
f 2176//1006 2177//1006 2178//1006
f 2177//1006 2179//1006 2178//1006
f 2178//1007 2179//1007 2180//1007
f 2179//1007 2181//1007 2180//1007
f 2180//1008 2181//1008 2182//1008
f 2181//1008 2183//1008 2182//1008
f 2182//1396 2183//1396 2184//1396
f 2183//1396 2185//1396 2184//1396
f 2184//1010 2185//1010 2186//1010
f 2185//1010 2187//1010 2186//1010
f 2186//1397 2187//1397 2188//1397
f 2187//1397 2189//1397 2188//1397
f 2188//1012 2189//1012 2190//1012
f 2189//1012 2191//1012 2190//1012
f 2190//1013 2191//1013 2192//1013
f 2191//1013 2193//1013 2192//1013
f 2192//1014 2193//1014 2194//1014
f 2193//1014 2195//1014 2194//1014
f 2194//1398 2195//1398 2196//1398
f 2195//1398 2197//1398 2196//1398
f 2196//1385 2197//1385 2198//1385
f 2197//1385 2199//1385 2198//1385
f 2198//52 2199//52 2200//52
f 2199//52 2201//52 2200//52
f 2200//1399 2201//1399 2202//1399
f 2201//1399 2203//1399 2202//1399
f 2202//1018 2203//1018 2204//1018
f 2203//1018 2205//1018 2204//1018
f 2204//1019 2205//1019 2206//1019
f 2205//1019 2207//1019 2206//1019
f 2206//1400 2207//1400 2208//1400
f 2207//1400 2209//1400 2208//1400
f 2208//1386 2209//1386 2210//1386
f 2209//1386 2211//1386 2210//1386
f 2210//464 2211//464 2212//464
f 2211//464 2213//464 2212//464
f 2212//1401 2213//1401 2214//1401
f 2213//1401 2215//1401 2214//1401
f 2214//1023 2215//1023 2216//1023
f 2215//1023 2217//1023 2216//1023
f 2216//1024 2217//1024 2218//1024
f 2217//1024 2219//1024 2218//1024
f 2218//1402 2219//1402 2220//1402
f 2219//1402 2221//1402 2220//1402
f 2220//65 2221//65 2222//65
f 2221//65 2223//65 2222//65
f 2222//1387 2223//1387 2224//1387
f 2223//1387 2225//1387 2224//1387
f 2224//1403 2225//1403 2226//1403
f 2225//1403 2227//1403 2226//1403
f 2226//1028 2227//1028 2228//1028
f 2227//1028 2229//1028 2228//1028
f 2228//1029 2229//1029 2230//1029
f 2229//1029 2231//1029 2230//1029
f 2230//1030 2231//1030 2232//1030
f 2231//1030 2233//1030 2232//1030
f 2232//1404 2233//1404 2234//1404
f 2233//1404 2235//1404 2234//1404
f 2234//1032 2235//1032 2236//1032
f 2235//1032 2237//1032 2236//1032
f 2236//1405 2237//1405 2238//1405
f 2237//1405 2239//1405 2238//1405
f 2238//1034 2239//1034 2240//1034
f 2239//1034 2241//1034 2240//1034
f 2240//1035 2241//1035 2242//1035
f 2241//1035 2243//1035 2242//1035
f 2242//1036 2243//1036 2244//1036
f 2243//1036 2245//1036 2244//1036
f 2244//1406 2245//1406 2246//1406
f 2245//1406 2247//1406 2246//1406
f 2246//1407 2247//1407 2248//1407
f 2247//1407 2249//1407 2248//1407
f 2248//1039 2249//1039 2250//1039
f 2249//1039 2251//1039 2250//1039
f 2250//1040 2251//1040 2252//1040
f 2251//1040 2253//1040 2252//1040
f 2252//1041 2253//1041 2254//1041
f 2253//1041 2255//1041 2254//1041
f 2254//1408 2255//1408 2256//1408
f 2255//1408 2257//1408 2256//1408
f 2256//1043 2257//1043 2258//1043
f 2257//1043 2259//1043 2258//1043
f 2258//1409 2259//1409 2260//1409
f 2259//1409 2261//1409 2260//1409
f 2260//1045 2261//1045 2262//1045
f 2261//1045 2263//1045 2262//1045
f 2262//1046 2263//1046 2264//1046
f 2263//1046 2265//1046 2264//1046
f 2264//1047 2265//1047 2266//1047
f 2265//1047 2267//1047 2266//1047
f 2266//1410 2267//1410 2268//1410
f 2267//1410 2269//1410 2268//1410
f 2268//394 2269//394 2270//394
f 2269//394 2271//394 2270//394
f 2270//125 2271//125 2272//125
f 2271//125 2273//125 2272//125
f 2272//1411 2273//1411 2274//1411
f 2273//1411 2275//1411 2274//1411
f 2274//1051 2275//1051 2276//1051
f 2275//1051 2277//1051 2276//1051
f 2276//1052 2277//1052 2278//1052
f 2277//1052 2279//1052 2278//1052
f 2278//1412 2279//1412 2280//1412
f 2279//1412 2281//1412 2280//1412
f 2280//393 2281//393 2138//393
f 2281//393 2139//393 2138//393
f 2282//1380 2283//1380 2284//1380
f 2285//1380 2286//1380 2287//1380
f 2288//1380 2289//1380 2287//1380
f 2289//1380 2290//1380 2287//1380
f 2287//1380 2290//1380 2285//1380
f 2291//1380 2292//1380 2293//1380
f 2284//1380 2294//1380 2282//1380
f 2294//1380 2291//1380 2282//1380
f 2282//1380 2291//1380 2295//1380
f 2291//1380 2293//1380 2295//1380
f 2292//1380 2291//1380 2296//1380
f 2291//1380 2297//1380 2296//1380
f 2296//1380 2297//1380 2298//1380
f 2297//1380 2299//1380 2298//1380
f 2298//1380 2299//1380 2300//1380
f 2299//1380 2301//1380 2300//1380
f 2300//1380 2301//1380 2302//1380
f 2301//1380 2303//1380 2302//1380
f 2302//1380 2303//1380 2304//1380
f 2303//1380 2305//1380 2304//1380
f 2304//1380 2305//1380 2306//1380
f 2305//1380 2307//1380 2306//1380
f 2306//1380 2307//1380 2308//1380
f 2307//1380 2309//1380 2308//1380
f 2308//1380 2309//1380 2310//1380
f 2309//1380 2311//1380 2310//1380
f 2310//1380 2311//1380 2312//1380
f 2311//1380 2313//1380 2312//1380
f 2312//1380 2313//1380 2314//1380
f 2313//1380 2315//1380 2314//1380
f 2314//1380 2315//1380 2316//1380
f 2315//1380 2317//1380 2316//1380
f 2316//1380 2317//1380 2318//1380
f 2317//1380 2319//1380 2318//1380
f 2318//1380 2319//1380 2320//1380
f 2319//1380 2321//1380 2320//1380
f 2321//1380 2322//1380 2320//1380
f 2320//1380 2322//1380 2323//1380
f 2322//1380 2324//1380 2323//1380
f 2323//1380 2324//1380 2325//1380
f 2324//1380 2326//1380 2325//1380
f 2325//1380 2326//1380 2327//1380
f 2326//1380 2328//1380 2327//1380
f 2327//1380 2328//1380 2329//1380
f 2328//1380 2330//1380 2329//1380
f 2329//1380 2330//1380 2331//1380
f 2330//1380 2332//1380 2331//1380
f 2331//1380 2332//1380 2333//1380
f 2332//1380 2334//1380 2333//1380
f 2333//1380 2334//1380 2335//1380
f 2334//1380 2336//1380 2335//1380
f 2335//1380 2336//1380 2337//1380
f 2336//1380 2338//1380 2337//1380
f 2337//1380 2338//1380 2339//1380
f 2338//1380 2340//1380 2339//1380
f 2339//1380 2340//1380 2341//1380
f 2340//1380 2342//1380 2341//1380
f 2341//1380 2342//1380 2343//1380
f 2342//1380 2344//1380 2343//1380
f 2343//1380 2344//1380 2345//1380
f 2344//1380 2346//1380 2345//1380
f 2345//1380 2346//1380 2347//1380
f 2346//1380 2348//1380 2347//1380
f 2347//1380 2348//1380 2349//1380
f 2348//1380 2289//1380 2349//1380
f 2349//1380 2289//1380 2350//1380
f 2289//1380 2288//1380 2350//1380
f 2351//1417 2352//1417 2353//1417
f 2351//1417 2353//1417 2354//1417
f 2353//1418 2355//1418 2354//1418
f 2354//1418 2355//1418 2356//1418
f 2357//1379 2358//1379 2133//1379
f 2355//1379 2359//1379 2360//1379
f 2361//1379 2362//1379 2363//1379
f 2364//1379 2365//1379 2360//1379
f 2365//1379 2356//1379 2360//1379
f 2360//1379 2356//1379 2355//1379
f 2133//1379 2132//1379 2357//1379
f 2132//1379 2361//1379 2357//1379
f 2357//1379 2361//1379 2366//1379
f 2361//1379 2363//1379 2366//1379
f 2367//1379 2368//1379 2369//1379
f 2368//1379 2370//1379 2369//1379
f 2369//1379 2370//1379 2371//1379
f 2370//1379 2372//1379 2371//1379
f 2371//1379 2372//1379 2373//1379
f 2372//1379 2374//1379 2373//1379
f 2373//1379 2374//1379 2375//1379
f 2374//1379 2376//1379 2375//1379
f 2375//1379 2376//1379 2377//1379
f 2376//1379 2378//1379 2377//1379
f 2377//1379 2378//1379 2379//1379
f 2378//1379 2380//1379 2379//1379
f 2379//1379 2380//1379 2381//1379
f 2380//1379 2382//1379 2381//1379
f 2381//1379 2382//1379 2383//1379
f 2382//1379 2384//1379 2383//1379
f 2383//1379 2384//1379 2385//1379
f 2384//1379 2386//1379 2385//1379
f 2385//1379 2386//1379 2387//1379
f 2386//1379 2388//1379 2387//1379
f 2387//1379 2388//1379 2389//1379
f 2388//1379 2390//1379 2389//1379
f 2389//1379 2390//1379 2391//1379
f 2390//1379 2392//1379 2391//1379
f 2391//1379 2392//1379 2393//1379
f 2392//1379 2394//1379 2393//1379
f 2393//1379 2394//1379 2395//1379
f 2394//1379 2365//1379 2395//1379
f 2395//1379 2365//1379 2396//1379
f 2365//1379 2364//1379 2396//1379
f 2362//1379 2361//1379 2397//1379
f 2361//1379 2398//1379 2397//1379
f 2397//1379 2398//1379 2399//1379
f 2398//1379 2400//1379 2399//1379
f 2399//1379 2400//1379 2401//1379
f 2400//1379 2402//1379 2401//1379
f 2401//1379 2402//1379 2403//1379
f 2402//1379 2404//1379 2403//1379
f 2403//1379 2404//1379 2405//1379
f 2404//1379 2406//1379 2405//1379
f 2405//1379 2406//1379 2407//1379
f 2406//1379 2408//1379 2407//1379
f 2407//1379 2408//1379 2409//1379
f 2408//1379 2410//1379 2409//1379
f 2409//1379 2410//1379 2411//1379
f 2410//1379 2412//1379 2411//1379
f 2411//1379 2412//1379 2413//1379
f 2412//1379 2414//1379 2413//1379
f 2413//1379 2414//1379 2415//1379
f 2414//1379 2416//1379 2415//1379
f 2415//1379 2416//1379 2417//1379
f 2416//1379 2418//1379 2417//1379
f 2417//1379 2418//1379 2419//1379
f 2418//1379 2420//1379 2419//1379
f 2419//1379 2420//1379 2367//1379
f 2420//1379 2421//1379 2367//1379
f 2367//1379 2421//1379 2368//1379
f 2361//1592 2289//1592 2348//1592
f 2361//1592 2348//1592 2398//1592
f 2348//1591 2346//1591 2398//1591
f 2398//1591 2346//1591 2400//1591
f 2346//1590 2344//1590 2400//1590
f 2400//1590 2344//1590 2402//1590
f 2344//1589 2342//1589 2402//1589
f 2402//1589 2342//1589 2404//1589
f 2342//1588 2340//1588 2404//1588
f 2404//1588 2340//1588 2406//1588
f 2340//1587 2338//1587 2406//1587
f 2406//1587 2338//1587 2408//1587
f 2338//1586 2336//1586 2408//1586
f 2408//1586 2336//1586 2410//1586
f 2336//1585 2334//1585 2410//1585
f 2410//1585 2334//1585 2412//1585
f 2334//1584 2332//1584 2412//1584
f 2412//1584 2332//1584 2414//1584
f 2332//1583 2330//1583 2414//1583
f 2414//1583 2330//1583 2416//1583
f 2330//1582 2328//1582 2416//1582
f 2416//1582 2328//1582 2418//1582
f 2328//1581 2326//1581 2418//1581
f 2418//1581 2326//1581 2420//1581
f 2326//1580 2324//1580 2420//1580
f 2420//1580 2324//1580 2421//1580
f 2324//1579 2322//1579 2421//1579
f 2421//1579 2322//1579 2368//1579
f 2322//1578 2321//1578 2368//1578
f 2368//1578 2321//1578 2370//1578
f 2321//1577 2319//1577 2370//1577
f 2370//1577 2319//1577 2372//1577
f 2319//1576 2317//1576 2372//1576
f 2372//1576 2317//1576 2374//1576
f 2317//1575 2315//1575 2374//1575
f 2374//1575 2315//1575 2376//1575
f 2315//1574 2313//1574 2376//1574
f 2376//1574 2313//1574 2378//1574
f 2313//1573 2311//1573 2378//1573
f 2378//1573 2311//1573 2380//1573
f 2311//1572 2309//1572 2380//1572
f 2380//1572 2309//1572 2382//1572
f 2309//1571 2307//1571 2382//1571
f 2382//1571 2307//1571 2384//1571
f 2307//1570 2305//1570 2384//1570
f 2384//1570 2305//1570 2386//1570
f 2305//1569 2303//1569 2386//1569
f 2386//1569 2303//1569 2388//1569
f 2303//1568 2301//1568 2388//1568
f 2388//1568 2301//1568 2390//1568
f 2301//1567 2299//1567 2390//1567
f 2390//1567 2299//1567 2392//1567
f 2299//1566 2297//1566 2392//1566
f 2392//1566 2297//1566 2394//1566
f 2297//1565 2291//1565 2394//1565
f 2394//1565 2291//1565 2365//1565
f 2294//989 2284//989 2351//989
f 2284//989 2352//989 2351//989
f 2352//1055 2171//1055 2169//1055
f 2275//1055 2273//1055 2359//1055
f 2153//1055 2151//1055 2355//1055
f 2145//1055 2143//1055 2355//1055
f 2143//1055 2141//1055 2355//1055
f 2275//1055 2359//1055 2277//1055
f 2151//1055 2149//1055 2355//1055
f 2149//1055 2147//1055 2355//1055
f 2355//1055 2147//1055 2145//1055
f 2141//1055 2139//1055 2355//1055
f 2139//1055 2281//1055 2355//1055
f 2355//1055 2281//1055 2359//1055
f 2281//1055 2279//1055 2359//1055
f 2359//1055 2279//1055 2277//1055
f 2161//1055 2159//1055 2353//1055
f 2159//1055 2157//1055 2353//1055
f 2353//1055 2157//1055 2355//1055
f 2157//1055 2155//1055 2355//1055
f 2355//1055 2155//1055 2153//1055
f 2169//1055 2167//1055 2352//1055
f 2167//1055 2165//1055 2352//1055
f 2352//1055 2165//1055 2353//1055
f 2165//1055 2163//1055 2353//1055
f 2353//1055 2163//1055 2161//1055
f 2283//1055 2243//1055 2241//1055
f 2267//1055 2265//1055 2359//1055
f 2265//1055 2263//1055 2359//1055
f 2241//1055 2239//1055 2283//1055
f 2239//1055 2237//1055 2283//1055
f 2283//1055 2237//1055 2235//1055
f 2235//1055 2233//1055 2283//1055
f 2233//1055 2231//1055 2283//1055
f 2283//1055 2231//1055 2229//1055
f 2284//1055 2209//1055 2207//1055
f 2191//1055 2284//1055 2193//1055
f 2284//1055 2195//1055 2193//1055
f 2191//1055 2189//1055 2284//1055
f 2189//1055 2187//1055 2284//1055
f 2284//1055 2187//1055 2185//1055
f 2273//1055 2271//1055 2359//1055
f 2271//1055 2269//1055 2359//1055
f 2359//1055 2269//1055 2267//1055
f 2257//1055 2255//1055 2359//1055
f 2255//1055 2253//1055 2359//1055
f 2359//1055 2253//1055 2251//1055
f 2251//1055 2249//1055 2359//1055
f 2249//1055 2247//1055 2359//1055
f 2359//1055 2247//1055 2283//1055
f 2247//1055 2245//1055 2283//1055
f 2283//1055 2245//1055 2243//1055
f 2229//1055 2227//1055 2283//1055
f 2227//1055 2225//1055 2283//1055
f 2283//1055 2225//1055 2223//1055
f 2207//1055 2205//1055 2284//1055
f 2205//1055 2203//1055 2284//1055
f 2284//1055 2203//1055 2201//1055
f 2201//1055 2199//1055 2284//1055
f 2199//1055 2197//1055 2284//1055
f 2284//1055 2197//1055 2195//1055
f 2263//1055 2261//1055 2359//1055
f 2261//1055 2259//1055 2359//1055
f 2359//1055 2259//1055 2257//1055
f 2223//1055 2221//1055 2283//1055
f 2221//1055 2219//1055 2283//1055
f 2283//1055 2219//1055 2217//1055
f 2177//1055 2175//1055 2352//1055
f 2175//1055 2173//1055 2352//1055
f 2352//1055 2173//1055 2171//1055
f 2217//1055 2215//1055 2283//1055
f 2215//1055 2213//1055 2283//1055
f 2283//1055 2213//1055 2284//1055
f 2213//1055 2211//1055 2284//1055
f 2284//1055 2211//1055 2209//1055
f 2185//1055 2183//1055 2284//1055
f 2183//1055 2181//1055 2284//1055
f 2284//1055 2181//1055 2352//1055
f 2181//1055 2179//1055 2352//1055
f 2352//1055 2179//1055 2177//1055
f 2422//1055 2423//1055 2136//1055
f 2424//1055 2425//1055 2285//1055
f 2426//1055 2427//1055 2286//1055
f 2427//1055 2428//1055 2286//1055
f 2429//1055 2430//1055 2358//1055
f 2431//1055 2432//1055 2133//1055
f 2432//1055 2433//1055 2133//1055
f 2133//1055 2433//1055 2434//1055
f 2435//1055 2285//1055 2436//1055
f 2285//1055 2437//1055 2436//1055
f 2438//1055 2439//1055 2358//1055
f 2439//1055 2440//1055 2358//1055
f 2358//1055 2440//1055 2441//1055
f 2441//1055 2442//1055 2358//1055
f 2442//1055 2443//1055 2358//1055
f 2358//1055 2443//1055 2444//1055
f 2423//1055 2445//1055 2136//1055
f 2445//1055 2446//1055 2136//1055
f 2136//1055 2446//1055 2285//1055
f 2446//1055 2447//1055 2285//1055
f 2285//1055 2447//1055 2424//1055
f 2425//1055 2448//1055 2285//1055
f 2448//1055 2449//1055 2285//1055
f 2285//1055 2449//1055 2437//1055
f 2444//1055 2450//1055 2358//1055
f 2450//1055 2451//1055 2358//1055
f 2358//1055 2451//1055 2452//1055
f 2434//1055 2453//1055 2133//1055
f 2453//1055 2454//1055 2133//1055
f 2133//1055 2454//1055 2455//1055
f 2435//1055 2456//1055 2285//1055
f 2456//1055 2457//1055 2285//1055
f 2285//1055 2457//1055 2458//1055
f 2430//1055 2459//1055 2358//1055
f 2459//1055 2460//1055 2358//1055
f 2358//1055 2460//1055 2438//1055
f 2428//1055 2461//1055 2286//1055
f 2461//1055 2462//1055 2286//1055
f 2286//1055 2462//1055 2358//1055
f 2462//1055 2463//1055 2358//1055
f 2358//1055 2463//1055 2429//1055
f 2452//1055 2464//1055 2358//1055
f 2464//1055 2465//1055 2358//1055
f 2358//1055 2465//1055 2133//1055
f 2465//1055 2466//1055 2133//1055
f 2133//1055 2466//1055 2431//1055
f 2455//1055 2467//1055 2133//1055
f 2467//1055 2468//1055 2133//1055
f 2133//1055 2468//1055 2134//1055
f 2468//1055 2469//1055 2134//1055
f 2134//1055 2469//1055 2470//1055
f 2471//1055 2472//1055 2136//1055
f 2472//1055 2473//1055 2136//1055
f 2136//1055 2473//1055 2422//1055
f 2474//1055 2475//1055 2286//1055
f 2475//1055 2476//1055 2286//1055
f 2286//1055 2476//1055 2477//1055
f 2477//1055 2478//1055 2286//1055
f 2478//1055 2479//1055 2286//1055
f 2286//1055 2479//1055 2426//1055
f 2470//1055 2480//1055 2134//1055
f 2480//1055 2481//1055 2134//1055
f 2134//1055 2481//1055 2136//1055
f 2481//1055 2482//1055 2136//1055
f 2136//1055 2482//1055 2471//1055
f 2483//1055 2484//1055 2286//1055
f 2484//1055 2485//1055 2286//1055
f 2458//1055 2486//1055 2285//1055
f 2486//1055 2487//1055 2285//1055
f 2285//1055 2487//1055 2488//1055
f 2485//1055 2489//1055 2286//1055
f 2489//1055 2490//1055 2286//1055
f 2286//1055 2490//1055 2474//1055
f 2488//1055 2491//1055 2285//1055
f 2491//1055 2492//1055 2285//1055
f 2285//1055 2492//1055 2286//1055
f 2492//1055 2493//1055 2286//1055
f 2286//1055 2493//1055 2483//1055
f 2140//516 2142//516 2356//516
f 2142//516 2144//516 2356//516
f 2351//516 2166//516 2168//516
f 2144//516 2146//516 2356//516
f 2146//516 2148//516 2356//516
f 2356//516 2148//516 2150//516
f 2210//516 2291//516 2208//516
f 2291//516 2294//516 2208//516
f 2208//516 2294//516 2206//516
f 2228//516 2230//516 2291//516
f 2230//516 2232//516 2291//516
f 2291//516 2232//516 2234//516
f 2365//516 2274//516 2276//516
f 2150//516 2152//516 2356//516
f 2152//516 2154//516 2356//516
f 2356//516 2154//516 2354//516
f 2154//516 2156//516 2354//516
f 2354//516 2156//516 2158//516
f 2210//516 2212//516 2291//516
f 2212//516 2214//516 2291//516
f 2291//516 2214//516 2216//516
f 2234//516 2236//516 2291//516
f 2236//516 2238//516 2291//516
f 2291//516 2238//516 2240//516
f 2276//516 2278//516 2365//516
f 2278//516 2280//516 2365//516
f 2365//516 2280//516 2356//516
f 2280//516 2138//516 2356//516
f 2356//516 2138//516 2140//516
f 2158//516 2160//516 2354//516
f 2160//516 2162//516 2354//516
f 2354//516 2162//516 2351//516
f 2162//516 2164//516 2351//516
f 2351//516 2164//516 2166//516
f 2216//516 2218//516 2291//516
f 2218//516 2220//516 2291//516
f 2291//516 2220//516 2222//516
f 2222//516 2224//516 2291//516
f 2224//516 2226//516 2291//516
f 2291//516 2226//516 2228//516
f 2182//516 2184//516 2294//516
f 2184//516 2186//516 2294//516
f 2294//516 2186//516 2188//516
f 2188//516 2190//516 2294//516
f 2190//516 2192//516 2294//516
f 2294//516 2192//516 2194//516
f 2365//516 2248//516 2250//516
f 2250//516 2252//516 2365//516
f 2252//516 2254//516 2365//516
f 2365//516 2254//516 2256//516
f 2194//516 2196//516 2294//516
f 2196//516 2198//516 2294//516
f 2294//516 2198//516 2200//516
f 2200//516 2202//516 2294//516
f 2202//516 2204//516 2294//516
f 2294//516 2204//516 2206//516
f 2240//516 2242//516 2291//516
f 2242//516 2244//516 2291//516
f 2291//516 2244//516 2365//516
f 2244//516 2246//516 2365//516
f 2365//516 2246//516 2248//516
f 2256//516 2258//516 2365//516
f 2258//516 2260//516 2365//516
f 2365//516 2260//516 2262//516
f 2262//516 2264//516 2365//516
f 2264//516 2266//516 2365//516
f 2365//516 2266//516 2268//516
f 2168//516 2170//516 2351//516
f 2170//516 2172//516 2351//516
f 2351//516 2172//516 2174//516
f 2268//516 2270//516 2365//516
f 2270//516 2272//516 2365//516
f 2365//516 2272//516 2274//516
f 2174//516 2176//516 2351//516
f 2176//516 2178//516 2351//516
f 2351//516 2178//516 2294//516
f 2178//516 2180//516 2294//516
f 2294//516 2180//516 2182//516
f 2359//1627 2283//1627 2360//1627
f 2283//1627 2282//1627 2360//1627
f 2360//1626 2282//1626 2364//1626
f 2282//1626 2295//1626 2364//1626
f 2364//1625 2295//1625 2396//1625
f 2295//1625 2293//1625 2396//1625
f 2396//1624 2293//1624 2395//1624
f 2293//1624 2292//1624 2395//1624
f 2395//1623 2292//1623 2393//1623
f 2292//1623 2296//1623 2393//1623
f 2393//1622 2296//1622 2391//1622
f 2296//1622 2298//1622 2391//1622
f 2391//1621 2298//1621 2389//1621
f 2298//1621 2300//1621 2389//1621
f 2389//1620 2300//1620 2387//1620
f 2300//1620 2302//1620 2387//1620
f 2387//1619 2302//1619 2385//1619
f 2302//1619 2304//1619 2385//1619
f 2385//1618 2304//1618 2383//1618
f 2304//1618 2306//1618 2383//1618
f 2383//1617 2306//1617 2381//1617
f 2306//1617 2308//1617 2381//1617
f 2381//1616 2308//1616 2379//1616
f 2308//1616 2310//1616 2379//1616
f 2379//1615 2310//1615 2377//1615
f 2310//1615 2312//1615 2377//1615
f 2377//1614 2312//1614 2375//1614
f 2312//1614 2314//1614 2375//1614
f 2375//1613 2314//1613 2373//1613
f 2314//1613 2316//1613 2373//1613
f 2373//1612 2316//1612 2371//1612
f 2316//1612 2318//1612 2371//1612
f 2371//1611 2318//1611 2369//1611
f 2318//1611 2320//1611 2369//1611
f 2369//1055 2320//1055 2367//1055
f 2320//1055 2323//1055 2367//1055
f 2367//1610 2323//1610 2419//1610
f 2323//1610 2325//1610 2419//1610
f 2419//1609 2325//1609 2417//1609
f 2325//1609 2327//1609 2417//1609
f 2417//1608 2327//1608 2415//1608
f 2327//1608 2329//1608 2415//1608
f 2415//1607 2329//1607 2413//1607
f 2329//1607 2331//1607 2413//1607
f 2413//1606 2331//1606 2411//1606
f 2331//1606 2333//1606 2411//1606
f 2411//1605 2333//1605 2409//1605
f 2333//1605 2335//1605 2409//1605
f 2409//1604 2335//1604 2407//1604
f 2335//1604 2337//1604 2407//1604
f 2407//1603 2337//1603 2405//1603
f 2337//1603 2339//1603 2405//1603
f 2405//1602 2339//1602 2403//1602
f 2339//1602 2341//1602 2403//1602
f 2403//1601 2341//1601 2401//1601
f 2341//1601 2343//1601 2401//1601
f 2401//1600 2343//1600 2399//1600
f 2343//1600 2345//1600 2399//1600
f 2399//1599 2345//1599 2397//1599
f 2345//1599 2347//1599 2397//1599
f 2397//1598 2347//1598 2362//1598
f 2347//1598 2349//1598 2362//1598
f 2362//1597 2349//1597 2363//1597
f 2349//1597 2350//1597 2363//1597
f 2363//1596 2350//1596 2366//1596
f 2350//1596 2288//1596 2366//1596
f 2366//1595 2288//1595 2357//1595
f 2288//1595 2287//1595 2357//1595
f 2357//1594 2287//1594 2358//1594
f 2287//1594 2286//1594 2358//1594
f 2494//144 2431//144 2495//144
f 2431//144 2466//144 2495//144
f 2495//1390 2466//1390 2496//1390
f 2466//1390 2465//1390 2496//1390
f 2496//991 2465//991 2497//991
f 2465//991 2464//991 2497//991
f 2497//992 2464//992 2498//992
f 2464//992 2452//992 2498//992
f 2498//1391 2452//1391 2499//1391
f 2452//1391 2451//1391 2499//1391
f 2499//139 2451//139 2500//139
f 2451//139 2450//139 2500//139
f 2500//138 2450//138 2501//138
f 2450//138 2444//138 2501//138
f 2501//1413 2444//1413 2502//1413
f 2444//1413 2443//1413 2502//1413
f 2502//995 2443//995 2503//995
f 2443//995 2442//995 2503//995
f 2503//996 2442//996 2504//996
f 2442//996 2441//996 2504//996
f 2504//997 2441//997 2505//997
f 2441//997 2440//997 2505//997
f 2505//289 2440//289 2506//289
f 2440//289 2439//289 2506//289
f 2506//999 2439//999 2507//999
f 2439//999 2438//999 2507//999
f 2507//1393 2438//1393 2508//1393
f 2438//1393 2460//1393 2508//1393
f 2508//1001 2460//1001 2509//1001
f 2460//1001 2459//1001 2509//1001
f 2509//1002 2459//1002 2510//1002
f 2459//1002 2430//1002 2510//1002
f 2510//1003 2430//1003 2511//1003
f 2430//1003 2429//1003 2511//1003
f 2511//1394 2429//1394 2512//1394
f 2429//1394 2463//1394 2512//1394
f 2512//1395 2463//1395 2513//1395
f 2463//1395 2462//1395 2513//1395
f 2513//1006 2462//1006 2514//1006
f 2462//1006 2461//1006 2514//1006
f 2514//1007 2461//1007 2515//1007
f 2461//1007 2428//1007 2515//1007
f 2515//1008 2428//1008 2516//1008
f 2428//1008 2427//1008 2516//1008
f 2516//1396 2427//1396 2517//1396
f 2427//1396 2426//1396 2517//1396
f 2517//1010 2426//1010 2518//1010
f 2426//1010 2479//1010 2518//1010
f 2518//1397 2479//1397 2519//1397
f 2479//1397 2478//1397 2519//1397
f 2519//1012 2478//1012 2520//1012
f 2478//1012 2477//1012 2520//1012
f 2520//1013 2477//1013 2521//1013
f 2477//1013 2476//1013 2521//1013
f 2521//1014 2476//1014 2522//1014
f 2476//1014 2475//1014 2522//1014
f 2522//1414 2475//1414 2523//1414
f 2475//1414 2474//1414 2523//1414
f 2523//1016 2474//1016 2524//1016
f 2474//1016 2490//1016 2524//1016
f 2524//52 2490//52 2525//52
f 2490//52 2489//52 2525//52
f 2525//1399 2489//1399 2526//1399
f 2489//1399 2485//1399 2526//1399
f 2526//1018 2485//1018 2527//1018
f 2485//1018 2484//1018 2527//1018
f 2527//1019 2484//1019 2528//1019
f 2484//1019 2483//1019 2528//1019
f 2528//1400 2483//1400 2529//1400
f 2483//1400 2493//1400 2529//1400
f 2529//47 2493//47 2530//47
f 2493//47 2492//47 2530//47
f 2530//1021 2492//1021 2531//1021
f 2492//1021 2491//1021 2531//1021
f 2531//1401 2491//1401 2532//1401
f 2491//1401 2488//1401 2532//1401
f 2532//1023 2488//1023 2533//1023
f 2488//1023 2487//1023 2533//1023
f 2533//1024 2487//1024 2534//1024
f 2487//1024 2486//1024 2534//1024
f 2534//1402 2486//1402 2535//1402
f 2486//1402 2458//1402 2535//1402
f 2535//65 2458//65 2536//65
f 2458//65 2457//65 2536//65
f 2536//1026 2457//1026 2537//1026
f 2457//1026 2456//1026 2537//1026
f 2537//1415 2456//1415 2538//1415
f 2456//1415 2435//1415 2538//1415
f 2538//1028 2435//1028 2539//1028
f 2435//1028 2436//1028 2539//1028
f 2539//1029 2436//1029 2540//1029
f 2436//1029 2437//1029 2540//1029
f 2540//1030 2437//1030 2541//1030
f 2437//1030 2449//1030 2541//1030
f 2541//1404 2449//1404 2542//1404
f 2449//1404 2448//1404 2542//1404
f 2542//1032 2448//1032 2543//1032
f 2448//1032 2425//1032 2543//1032
f 2543//1405 2425//1405 2544//1405
f 2425//1405 2424//1405 2544//1405
f 2544//1034 2424//1034 2545//1034
f 2424//1034 2447//1034 2545//1034
f 2545//1035 2447//1035 2546//1035
f 2447//1035 2446//1035 2546//1035
f 2546//1036 2446//1036 2547//1036
f 2446//1036 2445//1036 2547//1036
f 2547//1406 2445//1406 2548//1406
f 2445//1406 2423//1406 2548//1406
f 2548//1407 2423//1407 2549//1407
f 2423//1407 2422//1407 2549//1407
f 2549//1039 2422//1039 2550//1039
f 2422//1039 2473//1039 2550//1039
f 2550//1040 2473//1040 2551//1040
f 2473//1040 2472//1040 2551//1040
f 2551//1041 2472//1041 2552//1041
f 2472//1041 2471//1041 2552//1041
f 2552//1408 2471//1408 2553//1408
f 2471//1408 2482//1408 2553//1408
f 2553//1043 2482//1043 2554//1043
f 2482//1043 2481//1043 2554//1043
f 2554//1409 2481//1409 2555//1409
f 2481//1409 2480//1409 2555//1409
f 2555//1045 2480//1045 2556//1045
f 2480//1045 2470//1045 2556//1045
f 2556//1046 2470//1046 2557//1046
f 2470//1046 2469//1046 2557//1046
f 2557//1047 2469//1047 2558//1047
f 2469//1047 2468//1047 2558//1047
f 2558//1416 2468//1416 2559//1416
f 2468//1416 2467//1416 2559//1416
f 2559//1049 2467//1049 2560//1049
f 2467//1049 2455//1049 2560//1049
f 2560//125 2455//125 2561//125
f 2455//125 2454//125 2561//125
f 2561//1411 2454//1411 2562//1411
f 2454//1411 2453//1411 2562//1411
f 2562//1051 2453//1051 2563//1051
f 2453//1051 2434//1051 2563//1051
f 2563//1052 2434//1052 2564//1052
f 2434//1052 2433//1052 2564//1052
f 2564//1412 2433//1412 2565//1412
f 2433//1412 2432//1412 2565//1412
f 2565//1054 2432//1054 2494//1054
f 2432//1054 2431//1054 2494//1054
f 2517//516 2518//516 2289//516
f 2547//516 2548//516 2137//516
f 2540//516 2290//516 2539//516
f 2290//516 2538//516 2539//516
f 2518//516 2519//516 2289//516
f 2519//516 2520//516 2289//516
f 2289//516 2520//516 2521//516
f 2532//516 2533//516 2290//516
f 2533//516 2534//516 2290//516
f 2290//516 2534//516 2535//516
f 2535//516 2536//516 2290//516
f 2536//516 2537//516 2290//516
f 2290//516 2537//516 2538//516
f 2513//516 2514//516 2289//516
f 2521//516 2522//516 2289//516
f 2522//516 2523//516 2289//516
f 2289//516 2523//516 2524//516
f 2289//516 2527//516 2528//516
f 2528//516 2529//516 2289//516
f 2529//516 2530//516 2289//516
f 2289//516 2530//516 2290//516
f 2530//516 2531//516 2290//516
f 2290//516 2531//516 2532//516
f 2540//516 2541//516 2290//516
f 2541//516 2542//516 2290//516
f 2290//516 2542//516 2543//516
f 2543//516 2544//516 2290//516
f 2544//516 2545//516 2290//516
f 2290//516 2545//516 2137//516
f 2545//516 2546//516 2137//516
f 2137//516 2546//516 2547//516
f 2559//516 2560//516 2132//516
f 2560//516 2561//516 2132//516
f 2561//516 2562//516 2132//516
f 2562//516 2563//516 2132//516
f 2132//516 2563//516 2564//516
f 2361//516 2502//516 2503//516
f 2503//516 2504//516 2361//516
f 2504//516 2505//516 2361//516
f 2361//516 2505//516 2506//516
f 2514//516 2515//516 2289//516
f 2515//516 2516//516 2289//516
f 2289//516 2516//516 2517//516
f 2524//516 2525//516 2289//516
f 2525//516 2526//516 2289//516
f 2289//516 2526//516 2527//516
f 2506//516 2507//516 2361//516
f 2507//516 2508//516 2361//516
f 2361//516 2508//516 2509//516
f 2548//516 2549//516 2137//516
f 2549//516 2550//516 2137//516
f 2137//516 2550//516 2551//516
f 2555//516 2556//516 2135//516
f 2556//516 2557//516 2135//516
f 2135//516 2557//516 2132//516
f 2557//516 2558//516 2132//516
f 2132//516 2558//516 2559//516
f 2496//516 2497//516 2361//516
f 2497//516 2498//516 2361//516
f 2361//516 2498//516 2499//516
f 2499//516 2500//516 2361//516
f 2500//516 2501//516 2361//516
f 2361//516 2501//516 2502//516
f 2551//516 2552//516 2137//516
f 2552//516 2553//516 2137//516
f 2137//516 2553//516 2135//516
f 2553//516 2554//516 2135//516
f 2135//516 2554//516 2555//516
f 2509//516 2510//516 2361//516
f 2510//516 2511//516 2361//516
f 2361//516 2511//516 2289//516
f 2511//516 2512//516 2289//516
f 2289//516 2512//516 2513//516
f 2564//516 2565//516 2132//516
f 2565//516 2494//516 2132//516
f 2132//516 2494//516 2361//516
f 2494//516 2495//516 2361//516
f 2361//516 2495//516 2496//516
f 2136//515 2285//515 2137//515
f 2285//515 2290//515 2137//515
# Vertices: 2565, normals: 1627, texture coordinates: 0, faces: 5238

