# File generated by ImageToStl.com - Free Image and 3D model conversion tools

o obj1
v -0.0101961 0.38100001 0.02792241
v -0.01382211 0.38100001 0.02530106
v -0.02939518 0.38100001 0.017
v -0.0171194 0.38100001 0.02149344
v -0.01939518 0.38100001 0.017
v 0.01939518 0.38100001 0.017
v 0.0171194 0.38100001 0.02149344
v 0.02939518 0.38100001 0.017
v 0.01382211 0.38100001 0.02530106
v 0.0101961 0.38100001 0.02792241
v 0.0101961 0.391 0.02792241
v 0.01382211 0.391 0.02530106
v 0.02939518 0.391 0.017
v 0.0171194 0.391 0.02149344
v 0.01939518 0.391 0.017
v 0.02544518 0.38418135 0.017
v 0.02588011 0.38451508 0.017
v 0.02621384 0.38495001 0.017
v 0.0249387 0.38802844 0.017
v 0.02544518 0.38781866 0.017
v 0.02588011 0.38748494 0.017
v 0.02621384 0.38705 0.017
v 0.02642363 0.38654351 0.017
v 0.02649518 0.38600001 0.017
v 0.02642363 0.38545647 0.017
v 0.02385166 0.38802844 0.017
v 0.02439518 0.3881 0.017
v 0.0249387 0.38397157 0.017
v 0.02439518 0.38390002 0.017
v 0.02385166 0.38397157 0.017
v 0.02334518 0.38418135 0.017
v 0.02291026 0.38451508 0.017
v 0.02257653 0.38495001 0.017
v 0.02257653 0.38705 0.017
v 0.02291026 0.38748494 0.017
v 0.02334518 0.38781866 0.017
v 0.02236674 0.38545647 0.017
v 0.02229518 0.38600001 0.017
v 0.02236674 0.38654351 0.017
v 0.0101961 0.39500001 0.02792241
v 0.00970004 0.39500001 0.02819567
v -0.0101961 0.391 0.02792241
v -0.00970004 0.39500001 0.02819567
v -0.0101961 0.39500001 0.02792241
v -0.01382211 0.391 0.02530106
v -0.0171194 0.391 0.02149344
v -0.01939518 0.391 0.017
v 0.00970004 0.377 0.02819567
v 0.0101961 0.377 0.02792241
v 0.00499917 0.39500001 0.03000453
v 0.00499917 0.377 0.03000453
v -0 0.39500001 0.03061973
v -0 0.377 0.03061973
v -0.00499917 0.39500001 0.03000453
v -0.00499917 0.377 0.03000453
v -0.00970004 0.377 0.02819567
v -0.0101961 0.377 0.02792241
v -0.02939518 0.377 0.017
v 0.02939518 0.377 0.017
v -0.02939518 0.391 0.017
v 0.02939518 0.39500001 0.017
v -0.02939518 0.39500001 0.017
v 0.02649518 0.38600001 0.001
v 0.02642363 0.38654351 0.001
v 0.02621384 0.38705 0.001
v 0.02588011 0.38748494 0.001
v 0.02544518 0.38781866 0.001
v 0.0249387 0.38802844 0.001
v 0.02439518 0.3881 0.001
v 0.02385166 0.38802844 0.001
v 0.02334518 0.38781866 0.001
v 0.02291026 0.38748494 0.001
v 0.02257653 0.38705 0.001
v 0.02236674 0.38654351 0.001
v 0.02229518 0.38600001 0.001
v 0.02236674 0.38545647 0.001
v 0.02257653 0.38495001 0.001
v 0.02291026 0.38451508 0.001
v 0.02334518 0.38418135 0.001
v 0.02385166 0.38397157 0.001
v 0.02439518 0.38390002 0.001
v 0.0249387 0.38397157 0.001
v 0.02544518 0.38418135 0.001
v 0.02588011 0.38451508 0.001
v 0.02621384 0.38495001 0.001
v 0.02642363 0.38545647 0.001
v -0.02229518 0.38600001 0.001
v -0.02229518 0.38600001 0.017
v -0.02236674 0.38654351 0.001
v -0.02236674 0.38654351 0.017
v -0.02257653 0.38705 0.001
v -0.02257653 0.38705 0.017
v -0.02291026 0.38748494 0.001
v -0.02291026 0.38748494 0.017
v -0.02334518 0.38781866 0.001
v -0.02334518 0.38781866 0.017
v -0.02385166 0.38802844 0.001
v -0.02385166 0.38802844 0.017
v -0.02439518 0.3881 0.001
v -0.02439518 0.3881 0.017
v -0.0249387 0.38802844 0.001
v -0.0249387 0.38802844 0.017
v -0.02544518 0.38781866 0.001
v -0.02544518 0.38781866 0.017
v -0.02588011 0.38748494 0.001
v -0.02588011 0.38748494 0.017
v -0.02621384 0.38705 0.001
v -0.02621384 0.38705 0.017
v -0.02642363 0.38654351 0.001
v -0.02642363 0.38654351 0.017
v -0.02649518 0.38600001 0.001
v -0.02649518 0.38600001 0.017
v -0.02642363 0.38545647 0.001
v -0.02642363 0.38545647 0.017
v -0.02621384 0.38495001 0.001
v -0.02621384 0.38495001 0.017
v -0.02588011 0.38451508 0.001
v -0.02588011 0.38451508 0.017
v -0.02544518 0.38418135 0.001
v -0.02544518 0.38418135 0.017
v -0.0249387 0.38397157 0.001
v -0.0249387 0.38397157 0.017
v -0.02439518 0.38390002 0.001
v -0.02439518 0.38390002 0.017
v -0.02385166 0.38397157 0.001
v -0.02385166 0.38397157 0.017
v -0.02334518 0.38418135 0.001
v -0.02334518 0.38418135 0.017
v -0.02291026 0.38451508 0.001
v -0.02291026 0.38451508 0.017
v -0.02257653 0.38495001 0.001
v -0.02257653 0.38495001 0.017
v -0.02236674 0.38545647 0.001
v -0.02236674 0.38545647 0.017
v -0.02022529 0.377 0.001
v -0.02022529 0.39500001 0.001
v -0.02939518 0.39500001 0.001
v -0.02939518 0.377 0.001
v 0.02939518 0.39500001 0.001
v 0.02022529 0.39500001 0.001
v 0.01932772 0.39500001 0.00604168
v -0 0.39500001 0.02025
v -0.00507986 0.39500001 0.01960249
v -0.01396088 0.39500001 0.01466821
v -0.00983485 0.39500001 0.01770136
v 0.0171941 0.39500001 0.01069699
v 0.01396088 0.39500001 0.01466821
v 0.00983485 0.39500001 0.01770136
v 0.00507986 0.39500001 0.01960249
v -0.01932772 0.39500001 0.00604168
v -0.0171941 0.39500001 0.01069699
v 0.02022529 0.377 0.001
v 0.02939518 0.377 0.001
v 0.01932772 0.377 0.00604168
v 0.0171941 0.377 0.01069699
v 0.01396088 0.377 0.01466821
v -0 0.377 0.02025
v 0.00507986 0.377 0.01960249
v 0.00983485 0.377 0.01770136
v -0.01932772 0.377 0.00604168
v -0.00507986 0.377 0.01960249
v -0.00983485 0.377 0.01770136
v -0.01396088 0.377 0.01466821
v -0.0171941 0.377 0.01069699
v -0.01520115 0.44802323 -0.0245
v -0.01520115 0.44802323 -0.0285
v -0.02249974 0.45215401 -0.0245
v -0.02249974 0.45215401 -0.0285
v -0.02873071 0.45776716 -0.0245
v -0.02873071 0.45776716 -0.0285
v -0.03359842 0.46459636 -0.0245
v -0.03359842 0.46459636 -0.0285
v -0.03687189 0.47231755 -0.0245
v -0.03687189 0.47231755 -0.0285
v 0.03687189 0.47231755 -0.0245
v 0.03687189 0.47231755 -0.0285
v 0.03359842 0.46459636 -0.0245
v 0.03359842 0.46459636 -0.0285
v 0.02873071 0.45776716 -0.0245
v 0.02873071 0.45776716 -0.0285
v 0.02249974 0.45215401 -0.0245
v 0.02249974 0.45215401 -0.0285
v 0.01520115 0.44802323 -0.0245
v 0.01520115 0.44802323 -0.0285
v 0.01107763 0.52026707 -0.0245
v 0.01107763 0.52026707 -0.0285
v 0.01974889 0.51644409 -0.0245
v 0.01974889 0.51644409 -0.0285
v 0.02722361 0.51061881 -0.0245
v 0.02722361 0.51061881 -0.0285
v 0.03042835 0.50698256 -0.0245
v 0.03042835 0.50698256 -0.0285
v 0.03304892 0.50314409 -0.0245
v 0.03304892 0.50314409 -0.0285
v 0.03687189 0.4944728 -0.0245
v 0.03687189 0.4944728 -0.0285
v 0.02873134 0.4920271 -0.0245
v 0.02873134 0.4920271 -0.0285
v 0.02575241 0.49878392 -0.0285
v 0.02575241 0.49878392 -0.0245
v 0.0212132 0.50460839 -0.0285
v 0.0212132 0.50460839 -0.0245
v 0.01538874 0.50914758 -0.0285
v 0.01538874 0.50914758 -0.0245
v 0.00863192 0.51212651 -0.0285
v 0.00863192 0.51212651 -0.0245
v -0.03687189 0.4944728 -0.0245
v -0.03687189 0.4944728 -0.0285
v -0.03304892 0.50314409 -0.0245
v -0.03304892 0.50314409 -0.0285
v -0.02722361 0.51061881 -0.0245
v -0.02722361 0.51061881 -0.0285
v -0.01974889 0.51644409 -0.0245
v -0.01974889 0.51644409 -0.0285
v -0.01107763 0.52026707 -0.0245
v -0.01107763 0.52026707 -0.0285
v -0.00863192 0.51212651 -0.0245
v -0.00863192 0.51212651 -0.0285
v -0.01538874 0.50914758 -0.0285
v -0.01538874 0.50914758 -0.0245
v -0.0212132 0.50460839 -0.0285
v -0.0212132 0.50460839 -0.0245
v -0.02575241 0.49878392 -0.0285
v -0.02575241 0.49878392 -0.0245
v -0.02873134 0.4920271 -0.0285
v -0.02873134 0.4920271 -0.0245
v -0.01439518 0.42539519 -0.0245
v -0.01439518 0.42539519 -0.0285
v -0.01113655 0.42539519 -0.0245
v -0.01013655 0.42539519 -0.0285
v -0.00838655 0.42539519 -0.0245
v 0.01439518 0.42539519 -0.0285
v 0.01439518 0.42539519 -0.0245
v 0.00838655 0.42539519 -0.0285
v 0.01113655 0.42539519 -0.0245
v 0.003 0.42539519 -0.0285
v 0.00380239 0.42539519 -0.0245
v -0.003 0.42539519 -0.0285
v -0.00380239 0.42539519 -0.0245
v -0.00480239 0.42539519 -0.0285
v -0.00838655 0.42539519 -0.0285
v -0.01939518 0.38039517 -0.0245
v -0.01939518 0.38039517 -0.0285
v -0.01939518 0.40349999 -0.0245
v -0.01939518 0.40349999 -0.0285
v -0.01939518 0.4203952 -0.0245
v -0.01939518 0.4203952 -0.0285
v -0.0435 0.37539518 -0.013
v -0.0475 0.37539518 -0.013
v -0.0435 0.37539518 -0.023
v -0.0475 0.37539518 -0.023
v -0.04344889 0.37539518 -0.02338823
v -0.04731259 0.37539518 -0.0244235
v -0.04329904 0.37539518 -0.02375
v -0.04676314 0.37539518 -0.02575
v -0.04306066 0.37539518 -0.02406066
v -0.04588909 0.37539518 -0.02688909
v -0.04275 0.37539518 -0.02429904
v -0.04475 0.37539518 -0.02776314
v -0.04238823 0.37539518 -0.02444889
v -0.0434235 0.37539518 -0.02831259
v -0.042 0.37539518 -0.0245
v -0.042 0.37539518 -0.0285
v -0.02439518 0.37539518 -0.0245
v -0.02439518 0.37539518 -0.0285
v -0.0101484 0.52415067 -0.0285
v -0.0108704 0.52396405 -0.0285
v -0.0108704 0.52396405 -0.0245
v 0.042 0.48339519 -0.0245
v 0.042 0.48339519 -0.0285
v 0.04182362 0.48724025 -0.0245
v 0.04189002 0.4864327 -0.0285
v 0.04171919 0.48824385 -0.0285
v 0.04096335 0.49266905 -0.0285
v 0.04072751 0.49365532 -0.0245
v 0.04056888 0.49426559 -0.0285
v 0.04056888 0.49426559 -0.0245
v 0.03637307 0.50439519 -0.0285
v 0.03637307 0.50439519 -0.0245
v 0.03320482 0.50911367 -0.0245
v 0.03241796 0.5100987 -0.0285
v 0.02969849 0.51309365 -0.0245
v 0.02969849 0.51309365 -0.0285
v 0.021 0.51976824 -0.0285
v 0.01832673 0.52118582 -0.0285
v 0.0108704 0.52396405 -0.0285
v 0.01115068 0.52388793 -0.0245
v 0.01832673 0.52118582 -0.0245
v 0.01975936 0.52045685 -0.0245
v 0.021 0.51976824 -0.0245
v 0.00303752 0.52528518 -0.0285
v 0 0.52539521 -0.0245
v 0.0108704 0.52396405 -0.0245
v 0 0.52539521 -0.0285
v -0.00303752 0.52528518 -0.0285
v -0.00384507 0.52521878 -0.0245
v -0.00484865 0.52511436 -0.0285
v -0.00841966 0.52454257 -0.0285
v -0.01975936 0.52045685 -0.0245
v -0.01832673 0.52118582 -0.0245
v -0.021 0.51976824 -0.0285
v -0.01115068 0.52388793 -0.0245
v -0.021 0.51976824 -0.0245
v -0.02969849 0.51309365 -0.0285
v -0.02969849 0.51309365 -0.0245
v -0.03637307 0.50439519 -0.0285
v -0.03637307 0.50439519 -0.0245
v -0.04056888 0.49426559 -0.0285
v -0.04056888 0.49426559 -0.0245
v -0.042 0.48339519 -0.0285
v -0.042 0.48339519 -0.0245
v -0.04189002 0.4864327 -0.0285
v -0.04182362 0.48724025 -0.0245
v -0.04171919 0.48824385 -0.0285
v -0.04096335 0.49266905 -0.0285
v 0.0475 0.37539518 -0.013
v 0.0435 0.37539518 -0.013
v 0.0475 0.37539518 -0.023
v 0.0435 0.37539518 -0.023
v 0.04731259 0.37539518 -0.0244235
v 0.04344889 0.37539518 -0.02338823
v 0.04676314 0.37539518 -0.02575
v 0.04329904 0.37539518 -0.02375
v 0.04588909 0.37539518 -0.02688909
v 0.04306066 0.37539518 -0.02406066
v 0.04475 0.37539518 -0.02776314
v 0.04275 0.37539518 -0.02429904
v 0.0434235 0.37539518 -0.02831259
v 0.04238823 0.37539518 -0.02444889
v 0.042 0.37539518 -0.0285
v 0.042 0.37539518 -0.0245
v 0.03752581 0.37539518 -0.0285
v 0.03752581 0.37539518 -0.0245
v 0.03019759 0.37539518 -0.0285
v 0.03019759 0.37539518 -0.0245
v 0.02439518 0.37539518 -0.0285
v 0.02439518 0.37539518 -0.0245
v 0.015 0.48139518 -0.0245
v 0.015 0.48139518 -0.0265
v 0.01448236 0.48146334 -0.0245
v 0.01448236 0.48146334 -0.0265
v 0.014 0.48166314 -0.0245
v 0.014 0.48166314 -0.0265
v 0.01358579 0.48198098 -0.0245
v 0.01358579 0.48198098 -0.0265
v 0.01326795 0.4823952 -0.0245
v 0.01326795 0.4823952 -0.0265
v 0.01306815 0.48287755 -0.0245
v 0.01306815 0.48287755 -0.0265
v 0.013 0.48339519 -0.0245
v 0.013 0.48339519 -0.0265
v 0.01306815 0.48391283 -0.0245
v 0.01306815 0.48391283 -0.0265
v 0.01326795 0.48439518 -0.0245
v 0.01326795 0.48439518 -0.0265
v 0.01358579 0.4848094 -0.0245
v 0.01358579 0.4848094 -0.0265
v 0.014 0.48512724 -0.0245
v 0.014 0.48512724 -0.0265
v 0.01448236 0.48532704 -0.0245
v 0.01448236 0.48532704 -0.0265
v 0.015 0.48539519 -0.0245
v 0.015 0.48539519 -0.0265
v 0.01551764 0.48532704 -0.0245
v 0.01551764 0.48532704 -0.0265
v 0.016 0.48512724 -0.0245
v 0.016 0.48512724 -0.0265
v 0.01641421 0.4848094 -0.0245
v 0.01641421 0.4848094 -0.0265
v 0.01673205 0.48439518 -0.0245
v 0.01673205 0.48439518 -0.0265
v 0.01693185 0.48391283 -0.0245
v 0.01693185 0.48391283 -0.0265
v 0.017 0.48339519 -0.0245
v 0.017 0.48339519 -0.0265
v 0.01693185 0.48287755 -0.0245
v 0.01693185 0.48287755 -0.0265
v 0.01673205 0.4823952 -0.0245
v 0.01673205 0.4823952 -0.0265
v 0.01641421 0.48198098 -0.0245
v 0.01641421 0.48198098 -0.0265
v 0.016 0.48166314 -0.0245
v 0.016 0.48166314 -0.0265
v 0.01551764 0.48146334 -0.0245
v 0.01551764 0.48146334 -0.0265
v 0 0.4963952 -0.0245
v 0 0.4963952 -0.0265
v -0.00051764 0.49646333 -0.0245
v -0.00051764 0.49646333 -0.0265
v -0.001 0.49666312 -0.0245
v -0.001 0.49666312 -0.0265
v -0.00141421 0.49698097 -0.0245
v -0.00141421 0.49698097 -0.0265
v -0.00173205 0.49739519 -0.0245
v -0.00173205 0.49739519 -0.0265
v -0.00193185 0.49787754 -0.0245
v -0.00193185 0.49787754 -0.0265
v -0.002 0.49839517 -0.0245
v -0.002 0.49839517 -0.0265
v -0.00193185 0.49891281 -0.0245
v -0.00193185 0.49891281 -0.0265
v -0.00173205 0.49939519 -0.0245
v -0.00173205 0.49939519 -0.0265
v -0.00141421 0.49980941 -0.0245
v -0.00141421 0.49980941 -0.0265
v -0.001 0.50012726 -0.0245
v -0.001 0.50012726 -0.0265
v -0.00051764 0.50032705 -0.0245
v -0.00051764 0.50032705 -0.0265
v 0 0.50039518 -0.0245
v 0 0.50039518 -0.0265
v 0.00051764 0.50032705 -0.0245
v 0.00051764 0.50032705 -0.0265
v 0.001 0.50012726 -0.0245
v 0.001 0.50012726 -0.0265
v 0.00141421 0.49980941 -0.0245
v 0.00141421 0.49980941 -0.0265
v 0.00173205 0.49939519 -0.0245
v 0.00173205 0.49939519 -0.0265
v 0.00193185 0.49891281 -0.0245
v 0.00193185 0.49891281 -0.0265
v 0.002 0.49839517 -0.0245
v 0.002 0.49839517 -0.0265
v 0.00193185 0.49787754 -0.0245
v 0.00193185 0.49787754 -0.0265
v 0.00173205 0.49739519 -0.0245
v 0.00173205 0.49739519 -0.0265
v 0.00141421 0.49698097 -0.0245
v 0.00141421 0.49698097 -0.0265
v 0.001 0.49666312 -0.0245
v 0.001 0.49666312 -0.0265
v 0.00051764 0.49646333 -0.0245
v 0.00051764 0.49646333 -0.0265
v -0.015 0.48139518 -0.0245
v -0.015 0.48139518 -0.0265
v -0.01551764 0.48146334 -0.0245
v -0.01551764 0.48146334 -0.0265
v -0.016 0.48166314 -0.0245
v -0.016 0.48166314 -0.0265
v -0.01641421 0.48198098 -0.0245
v -0.01641421 0.48198098 -0.0265
v -0.01673205 0.4823952 -0.0245
v -0.01673205 0.4823952 -0.0265
v -0.01693185 0.48287755 -0.0245
v -0.01693185 0.48287755 -0.0265
v -0.017 0.48339519 -0.0245
v -0.017 0.48339519 -0.0265
v -0.01693185 0.48391283 -0.0245
v -0.01693185 0.48391283 -0.0265
v -0.01673205 0.48439518 -0.0245
v -0.01673205 0.48439518 -0.0265
v -0.01641421 0.4848094 -0.0245
v -0.01641421 0.4848094 -0.0265
v -0.016 0.48512724 -0.0245
v -0.016 0.48512724 -0.0265
v -0.01551764 0.48532704 -0.0245
v -0.01551764 0.48532704 -0.0265
v -0.015 0.48539519 -0.0245
v -0.015 0.48539519 -0.0265
v -0.01448236 0.48532704 -0.0245
v -0.01448236 0.48532704 -0.0265
v -0.014 0.48512724 -0.0245
v -0.014 0.48512724 -0.0265
v -0.01358579 0.4848094 -0.0245
v -0.01358579 0.4848094 -0.0265
v -0.01326795 0.48439518 -0.0245
v -0.01326795 0.48439518 -0.0265
v -0.01306815 0.48391283 -0.0245
v -0.01306815 0.48391283 -0.0265
v -0.013 0.48339519 -0.0245
v -0.013 0.48339519 -0.0265
v -0.01306815 0.48287755 -0.0245
v -0.01306815 0.48287755 -0.0265
v -0.01326795 0.4823952 -0.0245
v -0.01326795 0.4823952 -0.0265
v -0.01358579 0.48198098 -0.0245
v -0.01358579 0.48198098 -0.0265
v -0.014 0.48166314 -0.0245
v -0.014 0.48166314 -0.0265
v -0.01448236 0.48146334 -0.0245
v -0.01448236 0.48146334 -0.0265
v 0 0.4663952 -0.0245
v 0 0.4663952 -0.0265
v -0.00051764 0.46646333 -0.0245
v -0.00051764 0.46646333 -0.0265
v -0.001 0.46666315 -0.0245
v -0.001 0.46666315 -0.0265
v -0.00141421 0.46698096 -0.0245
v -0.00141421 0.46698096 -0.0265
v -0.00173205 0.46739519 -0.0245
v -0.00173205 0.46739519 -0.0265
v -0.00193185 0.46787754 -0.0245
v -0.00193185 0.46787754 -0.0265
v -0.002 0.46839517 -0.0245
v -0.002 0.46839517 -0.0265
v -0.00193185 0.46891284 -0.0245
v -0.00193185 0.46891284 -0.0265
v -0.00173205 0.46939519 -0.0245
v -0.00173205 0.46939519 -0.0265
v -0.00141421 0.46980941 -0.0245
v -0.00141421 0.46980941 -0.0265
v -0.001 0.47012722 -0.0245
v -0.001 0.47012722 -0.0265
v -0.00051764 0.47032705 -0.0245
v -0.00051764 0.47032705 -0.0265
v 0 0.47039518 -0.0245
v 0 0.47039518 -0.0265
v 0.00051764 0.47032705 -0.0245
v 0.00051764 0.47032705 -0.0265
v 0.001 0.47012722 -0.0245
v 0.001 0.47012722 -0.0265
v 0.00141421 0.46980941 -0.0245
v 0.00141421 0.46980941 -0.0265
v 0.00173205 0.46939519 -0.0245
v 0.00173205 0.46939519 -0.0265
v 0.00193185 0.46891284 -0.0245
v 0.00193185 0.46891284 -0.0265
v 0.002 0.46839517 -0.0245
v 0.002 0.46839517 -0.0265
v 0.00193185 0.46787754 -0.0245
v 0.00193185 0.46787754 -0.0265
v 0.00173205 0.46739519 -0.0245
v 0.00173205 0.46739519 -0.0265
v 0.00141421 0.46698096 -0.0245
v 0.00141421 0.46698096 -0.0265
v 0.001 0.46666315 -0.0245
v 0.001 0.46666315 -0.0265
v 0.00051764 0.46646333 -0.0245
v 0.00051764 0.46646333 -0.0265
v -0.02439518 0.384 -0.0245
v -0.02439518 0.384 -0.0285
v -0.02491282 0.38406816 -0.0245
v -0.02491282 0.38406816 -0.0285
v -0.02539518 0.38426796 -0.0245
v -0.02539518 0.38426796 -0.0285
v -0.0258094 0.3845858 -0.0245
v -0.0258094 0.3845858 -0.0285
v -0.02612723 0.38499999 -0.0245
v -0.02612723 0.38499999 -0.0285
v -0.02632704 0.38548237 -0.0245
v -0.02632704 0.38548237 -0.0285
v -0.02639518 0.38600001 -0.0245
v -0.02639518 0.38600001 -0.0285
v -0.02632704 0.38651764 -0.0245
v -0.02632704 0.38651764 -0.0285
v -0.02612723 0.38699999 -0.0245
v -0.02612723 0.38699999 -0.0285
v -0.0258094 0.38741422 -0.0245
v -0.0258094 0.38741422 -0.0285
v -0.02539518 0.38773206 -0.0245
v -0.02539518 0.38773206 -0.0285
v -0.02491282 0.38793185 -0.0245
v -0.02491282 0.38793185 -0.0285
v -0.02439518 0.38800001 -0.0245
v -0.02439518 0.38800001 -0.0285
v -0.02387755 0.38793185 -0.0245
v -0.02387755 0.38793185 -0.0285
v -0.02339518 0.38773206 -0.0245
v -0.02339518 0.38773206 -0.0285
v -0.02298097 0.38741422 -0.0245
v -0.02298097 0.38741422 -0.0285
v -0.02266313 0.38699999 -0.0245
v -0.02266313 0.38699999 -0.0285
v -0.02246333 0.38651764 -0.0245
v -0.02246333 0.38651764 -0.0285
v -0.02239518 0.38600001 -0.0245
v -0.02239518 0.38600001 -0.0285
v -0.02246333 0.38548237 -0.0245
v -0.02246333 0.38548237 -0.0285
v -0.02266313 0.38499999 -0.0245
v -0.02266313 0.38499999 -0.0285
v -0.02298097 0.3845858 -0.0245
v -0.02298097 0.3845858 -0.0285
v -0.02339518 0.38426796 -0.0245
v -0.02339518 0.38426796 -0.0285
v -0.02387755 0.38406816 -0.0245
v -0.02387755 0.38406816 -0.0285
v 0.02439518 0.419 -0.0245
v 0.02439518 0.419 -0.0285
v 0.02387755 0.41906816 -0.0245
v 0.02387755 0.41906816 -0.0285
v 0.02339518 0.41926795 -0.0245
v 0.02339518 0.41926795 -0.0285
v 0.02298097 0.41958579 -0.0245
v 0.02298097 0.41958579 -0.0285
v 0.02266313 0.42000002 -0.0245
v 0.02266313 0.42000002 -0.0285
v 0.02246333 0.42048237 -0.0245
v 0.02246333 0.42048237 -0.0285
v 0.02239518 0.421 -0.0245
v 0.02239518 0.421 -0.0285
v 0.02246333 0.42151764 -0.0245
v 0.02246333 0.42151764 -0.0285
v 0.02266313 0.42199999 -0.0245
v 0.02266313 0.42199999 -0.0285
v 0.02298097 0.42241421 -0.0245
v 0.02298097 0.42241421 -0.0285
v 0.02339518 0.42273206 -0.0245
v 0.02339518 0.42273206 -0.0285
v 0.02387755 0.42293185 -0.0245
v 0.02387755 0.42293185 -0.0285
v 0.02439518 0.42300001 -0.0245
v 0.02439518 0.42300001 -0.0285
v 0.02491282 0.42293185 -0.0245
v 0.02491282 0.42293185 -0.0285
v 0.02539518 0.42273206 -0.0245
v 0.02539518 0.42273206 -0.0285
v 0.0258094 0.42241421 -0.0245
v 0.0258094 0.42241421 -0.0285
v 0.02612723 0.42199999 -0.0245
v 0.02612723 0.42199999 -0.0285
v 0.02632704 0.42151764 -0.0245
v 0.02632704 0.42151764 -0.0285
v 0.02639518 0.421 -0.0245
v 0.02639518 0.421 -0.0285
v 0.02632704 0.42048237 -0.0245
v 0.02632704 0.42048237 -0.0285
v 0.02612723 0.42000002 -0.0245
v 0.02612723 0.42000002 -0.0285
v 0.0258094 0.41958579 -0.0245
v 0.0258094 0.41958579 -0.0285
v 0.02539518 0.41926795 -0.0245
v 0.02539518 0.41926795 -0.0285
v 0.02491282 0.41906816 -0.0245
v 0.02491282 0.41906816 -0.0285
v -0.02439518 0.419 -0.0245
v -0.02439518 0.419 -0.0285
v -0.02491282 0.41906816 -0.0245
v -0.02491282 0.41906816 -0.0285
v -0.02539518 0.41926795 -0.0245
v -0.02539518 0.41926795 -0.0285
v -0.0258094 0.41958579 -0.0245
v -0.0258094 0.41958579 -0.0285
v -0.02612723 0.42000002 -0.0245
v -0.02612723 0.42000002 -0.0285
v -0.02632704 0.42048237 -0.0245
v -0.02632704 0.42048237 -0.0285
v -0.02639518 0.421 -0.0245
v -0.02639518 0.421 -0.0285
v -0.02632704 0.42151764 -0.0245
v -0.02632704 0.42151764 -0.0285
v -0.02612723 0.42199999 -0.0245
v -0.02612723 0.42199999 -0.0285
v -0.0258094 0.42241421 -0.0245
v -0.0258094 0.42241421 -0.0285
v -0.02539518 0.42273206 -0.0245
v -0.02539518 0.42273206 -0.0285
v -0.02491282 0.42293185 -0.0245
v -0.02491282 0.42293185 -0.0285
v -0.02439518 0.42300001 -0.0245
v -0.02439518 0.42300001 -0.0285
v -0.02387755 0.42293185 -0.0245
v -0.02387755 0.42293185 -0.0285
v -0.02339518 0.42273206 -0.0245
v -0.02339518 0.42273206 -0.0285
v -0.02298097 0.42241421 -0.0245
v -0.02298097 0.42241421 -0.0285
v -0.02266313 0.42199999 -0.0245
v -0.02266313 0.42199999 -0.0285
v -0.02246333 0.42151764 -0.0245
v -0.02246333 0.42151764 -0.0285
v -0.02239518 0.421 -0.0245
v -0.02239518 0.421 -0.0285
v -0.02246333 0.42048237 -0.0245
v -0.02246333 0.42048237 -0.0285
v -0.02266313 0.42000002 -0.0245
v -0.02266313 0.42000002 -0.0285
v -0.02298097 0.41958579 -0.0245
v -0.02298097 0.41958579 -0.0285
v -0.02339518 0.41926795 -0.0245
v -0.02339518 0.41926795 -0.0285
v -0.02387755 0.41906816 -0.0245
v -0.02387755 0.41906816 -0.0285
v 0.02439518 0.384 -0.0245
v 0.02439518 0.384 -0.0285
v 0.02387755 0.38406816 -0.0245
v 0.02387755 0.38406816 -0.0285
v 0.02339518 0.38426796 -0.0245
v 0.02339518 0.38426796 -0.0285
v 0.02298097 0.3845858 -0.0245
v 0.02298097 0.3845858 -0.0285
v 0.02266313 0.38499999 -0.0245
v 0.02266313 0.38499999 -0.0285
v 0.02246333 0.38548237 -0.0245
v 0.02246333 0.38548237 -0.0285
v 0.02239518 0.38600001 -0.0245
v 0.02239518 0.38600001 -0.0285
v 0.02246333 0.38651764 -0.0245
v 0.02246333 0.38651764 -0.0285
v 0.02266313 0.38699999 -0.0245
v 0.02266313 0.38699999 -0.0285
v 0.02298097 0.38741422 -0.0245
v 0.02298097 0.38741422 -0.0285
v 0.02339518 0.38773206 -0.0245
v 0.02339518 0.38773206 -0.0285
v 0.02387755 0.38793185 -0.0245
v 0.02387755 0.38793185 -0.0285
v 0.02439518 0.38800001 -0.0245
v 0.02439518 0.38800001 -0.0285
v 0.02491282 0.38793185 -0.0245
v 0.02491282 0.38793185 -0.0285
v 0.02539518 0.38773206 -0.0245
v 0.02539518 0.38773206 -0.0285
v 0.0258094 0.38741422 -0.0245
v 0.0258094 0.38741422 -0.0285
v 0.02612723 0.38699999 -0.0245
v 0.02612723 0.38699999 -0.0285
v 0.02632704 0.38651764 -0.0245
v 0.02632704 0.38651764 -0.0285
v 0.02639518 0.38600001 -0.0245
v 0.02639518 0.38600001 -0.0285
v 0.02632704 0.38548237 -0.0245
v 0.02632704 0.38548237 -0.0285
v 0.02612723 0.38499999 -0.0245
v 0.02612723 0.38499999 -0.0285
v 0.0258094 0.3845858 -0.0245
v 0.0258094 0.3845858 -0.0285
v 0.02539518 0.38426796 -0.0245
v 0.02539518 0.38426796 -0.0285
v 0.02491282 0.38406816 -0.0245
v 0.02491282 0.38406816 -0.0285
v 0 0.4758952 -0.0245
v 0 0.4758952 -0.0285
v -0.00194114 0.47615075 -0.0245
v -0.00194114 0.47615075 -0.0285
v -0.00375 0.47690001 -0.0245
v -0.00375 0.47690001 -0.0285
v -0.0053033 0.4780919 -0.0245
v -0.0053033 0.4780919 -0.0285
v -0.00649519 0.47964519 -0.0245
v -0.00649519 0.47964519 -0.0285
v -0.00724444 0.48145404 -0.0245
v -0.00724444 0.48145404 -0.0285
v -0.0075 0.48339519 -0.0245
v -0.0075 0.48339519 -0.0285
v -0.00724444 0.48533633 -0.0245
v -0.00724444 0.48533633 -0.0285
v -0.00649519 0.48714519 -0.0245
v -0.00649519 0.48714519 -0.0285
v -0.0053033 0.48869848 -0.0245
v -0.0053033 0.48869848 -0.0285
v -0.00375 0.48989037 -0.0245
v -0.00375 0.48989037 -0.0285
v -0.00194114 0.49063963 -0.0245
v -0.00194114 0.49063963 -0.0285
v -0 0.49089518 -0.0245
v -0 0.49089518 -0.0285
v 0.00194114 0.49063963 -0.0245
v 0.00194114 0.49063963 -0.0285
v 0.00375 0.48989037 -0.0245
v 0.00375 0.48989037 -0.0285
v 0.0053033 0.48869848 -0.0245
v 0.0053033 0.48869848 -0.0285
v 0.00649519 0.48714519 -0.0245
v 0.00649519 0.48714519 -0.0285
v 0.00724444 0.48533633 -0.0245
v 0.00724444 0.48533633 -0.0285
v 0.0075 0.48339519 -0.0245
v 0.0075 0.48339519 -0.0285
v 0.00724444 0.48145404 -0.0245
v 0.00724444 0.48145404 -0.0285
v 0.00649519 0.47964519 -0.0245
v 0.00649519 0.47964519 -0.0285
v 0.0053033 0.4780919 -0.0245
v 0.0053033 0.4780919 -0.0285
v 0.00375 0.47690001 -0.0245
v 0.00375 0.47690001 -0.0285
v 0.00194114 0.47615075 -0.0245
v 0.00194114 0.47615075 -0.0285
v -0 0.4453952 -0.0245
v 0 0.4453952 -0.0285
v -0.00051764 0.44546333 -0.0245
v -0.00051764 0.44546333 -0.0285
v -0.001 0.44566312 -0.0245
v -0.001 0.44566312 -0.0285
v -0.00141421 0.44598097 -0.0245
v -0.00141421 0.44598097 -0.0285
v -0.00173205 0.44639519 -0.0245
v -0.00173205 0.44639519 -0.0285
v -0.00193185 0.44687754 -0.0245
v -0.00193185 0.44687754 -0.0285
v -0.002 0.44739518 -0.0245
v -0.002 0.44739518 -0.0285
v -0.00193185 0.44791281 -0.0245
v -0.00193185 0.44791281 -0.0285
v -0.00173205 0.44839519 -0.0245
v -0.00173205 0.44839519 -0.0285
v -0.00141421 0.44880942 -0.0245
v -0.00141421 0.44880942 -0.0285
v -0.001 0.44912723 -0.0245
v -0.001 0.44912723 -0.0285
v -0.00051764 0.44932705 -0.0245
v -0.00051764 0.44932705 -0.0285
v -0 0.44939518 -0.0245
v 0 0.44939518 -0.0285
v 0.00051764 0.44932705 -0.0245
v 0.00051764 0.44932705 -0.0285
v 0.001 0.44912723 -0.0245
v 0.001 0.44912723 -0.0285
v 0.00141421 0.44880942 -0.0245
v 0.00141421 0.44880942 -0.0285
v 0.00173205 0.44839519 -0.0245
v 0.00173205 0.44839519 -0.0285
v 0.00193185 0.44791281 -0.0245
v 0.00193185 0.44791281 -0.0285
v 0.002 0.44739518 -0.0245
v 0.002 0.44739518 -0.0285
v 0.00193185 0.44687754 -0.0245
v 0.00193185 0.44687754 -0.0285
v 0.00173205 0.44639519 -0.0245
v 0.00173205 0.44639519 -0.0285
v 0.00141421 0.44598097 -0.0245
v 0.00141421 0.44598097 -0.0285
v 0.001 0.44566312 -0.0245
v 0.001 0.44566312 -0.0285
v 0.00051764 0.44546333 -0.0245
v 0.00051764 0.44546333 -0.0285
v -0.036 0.48139518 -0.0245
v -0.036 0.48139518 -0.0285
v -0.03651764 0.48146334 -0.0245
v -0.03651764 0.48146334 -0.0285
v -0.037 0.48166314 -0.0245
v -0.037 0.48166314 -0.0285
v -0.03741421 0.48198098 -0.0245
v -0.03741421 0.48198098 -0.0285
v -0.03773205 0.4823952 -0.0245
v -0.03773205 0.4823952 -0.0285
v -0.03793185 0.48287755 -0.0245
v -0.03793185 0.48287755 -0.0285
v -0.038 0.48339519 -0.0245
v -0.038 0.48339519 -0.0285
v -0.03793185 0.48391283 -0.0245
v -0.03793185 0.48391283 -0.0285
v -0.03773205 0.48439518 -0.0245
v -0.03773205 0.48439518 -0.0285
v -0.03741421 0.4848094 -0.0245
v -0.03741421 0.4848094 -0.0285
v -0.037 0.48512724 -0.0245
v -0.037 0.48512724 -0.0285
v -0.03651764 0.48532704 -0.0245
v -0.03651764 0.48532704 -0.0285
v -0.036 0.48539519 -0.0245
v -0.036 0.48539519 -0.0285
v -0.03548236 0.48532704 -0.0245
v -0.03548236 0.48532704 -0.0285
v -0.035 0.48512724 -0.0245
v -0.035 0.48512724 -0.0285
v -0.03458579 0.4848094 -0.0245
v -0.03458579 0.4848094 -0.0285
v -0.03426795 0.48439518 -0.0245
v -0.03426795 0.48439518 -0.0285
v -0.03406815 0.48391283 -0.0245
v -0.03406815 0.48391283 -0.0285
v -0.034 0.48339519 -0.0245
v -0.034 0.48339519 -0.0285
v -0.03406815 0.48287755 -0.0245
v -0.03406815 0.48287755 -0.0285
v -0.03426795 0.4823952 -0.0245
v -0.03426795 0.4823952 -0.0285
v -0.03458579 0.48198098 -0.0245
v -0.03458579 0.48198098 -0.0285
v -0.035 0.48166314 -0.0245
v -0.035 0.48166314 -0.0285
v -0.03548236 0.48146334 -0.0245
v -0.03548236 0.48146334 -0.0285
v 0.036 0.48139518 -0.0245
v 0.036 0.48139518 -0.0285
v 0.03548236 0.48146334 -0.0245
v 0.03548236 0.48146334 -0.0285
v 0.035 0.48166314 -0.0245
v 0.035 0.48166314 -0.0285
v 0.03458579 0.48198098 -0.0245
v 0.03458579 0.48198098 -0.0285
v 0.03426795 0.4823952 -0.0245
v 0.03426795 0.4823952 -0.0285
v 0.03406815 0.48287755 -0.0245
v 0.03406815 0.48287755 -0.0285
v 0.034 0.48339519 -0.0245
v 0.034 0.48339519 -0.0285
v 0.03406815 0.48391283 -0.0245
v 0.03406815 0.48391283 -0.0285
v 0.03426795 0.48439518 -0.0245
v 0.03426795 0.48439518 -0.0285
v 0.03458579 0.4848094 -0.0245
v 0.03458579 0.4848094 -0.0285
v 0.035 0.48512724 -0.0245
v 0.035 0.48512724 -0.0285
v 0.03548236 0.48532704 -0.0245
v 0.03548236 0.48532704 -0.0285
v 0.036 0.48539519 -0.0245
v 0.036 0.48539519 -0.0285
v 0.03651764 0.48532704 -0.0245
v 0.03651764 0.48532704 -0.0285
v 0.037 0.48512724 -0.0245
v 0.037 0.48512724 -0.0285
v 0.03741421 0.4848094 -0.0245
v 0.03741421 0.4848094 -0.0285
v 0.03773205 0.48439518 -0.0245
v 0.03773205 0.48439518 -0.0285
v 0.03793185 0.48391283 -0.0245
v 0.03793185 0.48391283 -0.0285
v 0.038 0.48339519 -0.0245
v 0.038 0.48339519 -0.0285
v 0.03793185 0.48287755 -0.0245
v 0.03793185 0.48287755 -0.0285
v 0.03773205 0.4823952 -0.0245
v 0.03773205 0.4823952 -0.0285
v 0.03741421 0.48198098 -0.0245
v 0.03741421 0.48198098 -0.0285
v 0.037 0.48166314 -0.0245
v 0.037 0.48166314 -0.0285
v 0.03651764 0.48146334 -0.0245
v 0.03651764 0.48146334 -0.0285
v -0 0.5173952 -0.0245
v 0 0.5173952 -0.0285
v -0.00051764 0.51746333 -0.0245
v -0.00051764 0.51746333 -0.0285
v -0.001 0.51766312 -0.0245
v -0.001 0.51766312 -0.0285
v -0.00141421 0.51798099 -0.0245
v -0.00141421 0.51798099 -0.0285
v -0.00173205 0.51839519 -0.0245
v -0.00173205 0.51839519 -0.0285
v -0.00193185 0.51887757 -0.0245
v -0.00193185 0.51887757 -0.0285
v -0.002 0.51939517 -0.0245
v -0.002 0.51939517 -0.0285
v -0.00193185 0.51991284 -0.0245
v -0.00193185 0.51991284 -0.0285
v -0.00173205 0.52039516 -0.0245
v -0.00173205 0.52039516 -0.0285
v -0.00141421 0.52080941 -0.0245
v -0.00141421 0.52080941 -0.0285
v -0.001 0.52112722 -0.0245
v -0.001 0.52112722 -0.0285
v -0.00051764 0.52132702 -0.0245
v -0.00051764 0.52132702 -0.0285
v -0 0.52139521 -0.0245
v 0 0.52139521 -0.0285
v 0.00051764 0.52132702 -0.0245
v 0.00051764 0.52132702 -0.0285
v 0.001 0.52112722 -0.0245
v 0.001 0.52112722 -0.0285
v 0.00141421 0.52080941 -0.0245
v 0.00141421 0.52080941 -0.0285
v 0.00173205 0.52039516 -0.0245
v 0.00173205 0.52039516 -0.0285
v 0.00193185 0.51991284 -0.0245
v 0.00193185 0.51991284 -0.0285
v 0.002 0.51939517 -0.0245
v 0.002 0.51939517 -0.0285
v 0.00193185 0.51887757 -0.0245
v 0.00193185 0.51887757 -0.0285
v 0.00173205 0.51839519 -0.0245
v 0.00173205 0.51839519 -0.0285
v 0.00141421 0.51798099 -0.0245
v 0.00141421 0.51798099 -0.0285
v 0.001 0.51766312 -0.0245
v 0.001 0.51766312 -0.0285
v 0.00051764 0.51746333 -0.0245
v 0.00051764 0.51746333 -0.0285
v 0.01939518 0.4203952 -0.0245
v 0.01939518 0.4203952 -0.0285
v 0.01939518 0.40349999 -0.0245
v 0.01939518 0.40349999 -0.0285
v 0.01939518 0.38039517 -0.0245
v 0.01939518 0.38039517 -0.0285
v 0.01184505 0.45583263 -0.0245
v 0.01184505 0.45583263 -0.0285
v 0.01753226 0.4590514 -0.0285
v 0.01753226 0.4590514 -0.0245
v 0.02238757 0.46342528 -0.0285
v 0.02238757 0.46342528 -0.0245
v 0.02618059 0.46874675 -0.0285
v 0.02618059 0.46874675 -0.0245
v 0.02873134 0.47476327 -0.0285
v 0.02873134 0.47476327 -0.0245
v -0.02873134 0.47476327 -0.0245
v -0.02873134 0.47476327 -0.0285
v -0.02618059 0.46874675 -0.0285
v -0.02618059 0.46874675 -0.0245
v -0.02238757 0.46342528 -0.0285
v -0.02238757 0.46342528 -0.0245
v -0.01753226 0.4590514 -0.0285
v -0.01753226 0.4590514 -0.0245
v -0.01184505 0.45583263 -0.0285
v -0.01184505 0.45583263 -0.0245
v 0.02069759 0.4341976 -0.0285
v -0.00838655 0.47414517 -0.0285
v -0.01013655 0.47414517 -0.0285
v -0.01013655 0.47859281 -0.0285
v 0.03019759 0.4568952 -0.0285
v 0.02918653 0.47577506 -0.0285
v 0.02069759 0.47414517 -0.0285
v 0.03019759 0.50989521 -0.0285
v -0.02918653 0.49101532 -0.0285
v -0.02069759 0.49264517 -0.0285
v 0.03752581 0.47859281 -0.0285
v -0.00838655 0.47859281 -0.0285
v -0.002 0.50185931 -0.0285
v -0.00282843 0.50122362 -0.0285
v -0.003 0.50989521 -0.0285
v 0.002 0.49493107 -0.0285
v 0.00282843 0.49556676 -0.0285
v 0.003 0.49264517 -0.0285
v 0.0034641 0.47039518 -0.0285
v 0.00282843 0.47122362 -0.0285
v 0.003 0.47414517 -0.0285
v -0.003 0.4568952 -0.0285
v -0.002 0.4649311 -0.0285
v -0.00103528 0.46453148 -0.0285
v 0.003 0.4568952 -0.0285
v 0 0.4643952 -0.0285
v 0.00103528 0.46453148 -0.0285
v -0.004 0.46839517 -0.0285
v -0.0038637 0.4673599 -0.0285
v -0.00480239 0.4568952 -0.0285
v -0.0034641 0.4663952 -0.0285
v -0.00282843 0.46556675 -0.0285
v -0.003 0.47414517 -0.0285
v -0.00282843 0.47122362 -0.0285
v -0.00480239 0.47414517 -0.0285
v -0.0034641 0.47039518 -0.0285
v -0.0038637 0.46943048 -0.0285
v 0 0.47239518 -0.0285
v -0.00103528 0.4722589 -0.0285
v -0.002 0.47185928 -0.0285
v 0.002 0.47185928 -0.0285
v 0.00103528 0.4722589 -0.0285
v 0.002 0.4649311 -0.0285
v 0.00282843 0.46556675 -0.0285
v 0.00838655 0.4568952 -0.0285
v 0.0034641 0.4663952 -0.0285
v 0.0038637 0.4673599 -0.0285
v 0.00838655 0.47414517 -0.0285
v 0.004 0.46839517 -0.0285
v 0.0038637 0.46943048 -0.0285
v -0.01217157 0.48056677 -0.0285
v -0.0115359 0.48139518 -0.0285
v -0.015 0.47939518 -0.0285
v -0.01396472 0.4795315 -0.0285
v -0.013 0.47993109 -0.0285
v -0.017 0.48685929 -0.0285
v -0.01782843 0.48622361 -0.0285
v -0.02069759 0.48639518 -0.0285
v -0.0184641 0.48539519 -0.0285
v -0.02069759 0.47859281 -0.0285
v -0.0184641 0.48139518 -0.0285
v -0.01782843 0.48056677 -0.0285
v -0.0188637 0.48443046 -0.0285
v -0.019 0.48339519 -0.0285
v -0.0188637 0.48235992 -0.0285
v -0.017 0.47993109 -0.0285
v -0.01603528 0.4795315 -0.0285
v -0.0111363 0.48235992 -0.0285
v -0.011 0.48339519 -0.0285
v -0.01013655 0.48639518 -0.0285
v -0.0111363 0.48443046 -0.0285
v -0.0115359 0.48539519 -0.0285
v -0.01217157 0.48622361 -0.0285
v -0.01013655 0.48819757 -0.0285
v -0.013 0.48685929 -0.0285
v -0.01603528 0.48725888 -0.0285
v -0.02069759 0.48819757 -0.0285
v -0.015 0.4873952 -0.0285
v -0.01396472 0.48725888 -0.0285
v 0.00103528 0.49453148 -0.0285
v -0.00282843 0.49556676 -0.0285
v -0.002 0.49493107 -0.0285
v -0.003 0.49264517 -0.0285
v -0.00103528 0.49453148 -0.0285
v 0 0.4943952 -0.0285
v -0.0034641 0.50039518 -0.0285
v -0.0038637 0.49943048 -0.0285
v -0.00480239 0.50989521 -0.0285
v -0.004 0.49839517 -0.0285
v -0.0034641 0.4963952 -0.0285
v -0.00480239 0.49264517 -0.0285
v -0.0038637 0.4973599 -0.0285
v 0.003 0.50989521 -0.0285
v 0.00282843 0.50122362 -0.0285
v 0.002 0.50185931 -0.0285
v 0.00103528 0.5022589 -0.0285
v 0 0.50239521 -0.0285
v -0.00103528 0.5022589 -0.0285
v 0.0034641 0.50039518 -0.0285
v 0.00838655 0.50989521 -0.0285
v 0.0038637 0.49943048 -0.0285
v 0.0034641 0.4963952 -0.0285
v 0.00838655 0.49264517 -0.0285
v 0.0038637 0.4973599 -0.0285
v 0.004 0.49839517 -0.0285
v 0.0115359 0.48539519 -0.0285
v 0.0111363 0.48443046 -0.0285
v 0.00838655 0.48639518 -0.0285
v 0.011 0.48339519 -0.0285
v 0.0111363 0.48235992 -0.0285
v 0.00838655 0.47859281 -0.0285
v 0.0115359 0.48139518 -0.0285
v 0.01217157 0.48056677 -0.0285
v 0.013 0.47993109 -0.0285
v 0.0184641 0.48139518 -0.0285
v 0.02069759 0.47859281 -0.0285
v 0.01782843 0.48056677 -0.0285
v 0.017 0.47993109 -0.0285
v 0.01396472 0.4795315 -0.0285
v 0.015 0.47939518 -0.0285
v 0.01603528 0.4795315 -0.0285
v 0.0188637 0.48235992 -0.0285
v 0.019 0.48339519 -0.0285
v 0.02069759 0.48639518 -0.0285
v 0.0188637 0.48443046 -0.0285
v 0.0184641 0.48539519 -0.0285
v 0.01782843 0.48622361 -0.0285
v 0.017 0.48685929 -0.0285
v 0.02069759 0.48819757 -0.0285
v 0.00838655 0.48819757 -0.0285
v 0.013 0.48685929 -0.0285
v 0.01217157 0.48622361 -0.0285
v 0.01603528 0.48725888 -0.0285
v 0.015 0.4873952 -0.0285
v 0.01396472 0.48725888 -0.0285
v -0.00838655 0.48639518 -0.0285
v -0.00838655 0.49264517 -0.0285
v -0.00838655 0.48819757 -0.0285
v -0.00838655 0.50989521 -0.0285
v 0.03019759 0.47859281 -0.0285
v 0.03752581 0.48639518 -0.0285
v 0.03019759 0.48639518 -0.0285
v 0.042 0.47859281 -0.0285
v -0.003 0.52092099 -0.0285
v 0.003 0.52092099 -0.0285
v 0.03752581 0.49264517 -0.0285
v 0.03752581 0.48819757 -0.0285
v 0.0370497 0.49337769 -0.0285
v 0.00838655 0.52092099 -0.0285
v -0.00480239 0.52092099 -0.0285
v -0.00838655 0.52092099 -0.0285
v -0.01013655 0.52092099 -0.0285
v -0.00998249 0.52044487 -0.0285
v -0.03589578 0.49033642 -0.0285
v -0.03503627 0.48963487 -0.0285
v -0.03078819 0.48950714 -0.0285
v -0.02988808 0.49015579 -0.0285
v -0.0370497 0.49337769 -0.0285
v -0.036938 0.49227384 -0.0285
v -0.03654442 0.49123654 -0.0285
v -0.03402447 0.4891797 -0.0285
v -0.03292934 0.48900187 -0.0285
v -0.0318255 0.48911357 -0.0285
v -0.042 0.47859281 -0.0285
v -0.02006506 0.37789518 -0.0285
v -0.02069759 0.40349999 -0.0285
v -0.02310109 0.37556556 -0.0285
v -0.02189518 0.37606508 -0.0285
v -0.02085965 0.37685966 -0.0285
v -0.042 0.40349999 -0.0285
v -0.01956555 0.3791011 -0.0285
v -0.01568928 0.42522481 -0.0285
v -0.02069759 0.4341976 -0.0285
v -0.01013655 0.4341976 -0.0285
v -0.01689518 0.42472532 -0.0285
v -0.01793072 0.42393073 -0.0285
v -0.01872531 0.42289519 -0.0285
v -0.01922481 0.42168927 -0.0285
v -0.00838655 0.4341976 -0.0285
v -0.00480239 0.4341976 -0.0285
v -0.003 0.4341976 -0.0285
v 0.003 0.4341976 -0.0285
v 0.00838655 0.4341976 -0.0285
v 0.01922481 0.42168927 -0.0285
v 0.01689518 0.42472532 -0.0285
v 0.01568928 0.42522481 -0.0285
v 0.02069759 0.40349999 -0.0285
v 0.01872531 0.42289519 -0.0285
v 0.01793072 0.42393073 -0.0285
v 0.02006506 0.37789518 -0.0285
v 0.03019759 0.40349999 -0.0285
v 0.01956555 0.3791011 -0.0285
v 0.02085965 0.37685966 -0.0285
v 0.02310109 0.37556556 -0.0285
v 0.02189518 0.37606508 -0.0285
v -0.00762012 0.51258171 -0.0285
v -0.00676061 0.51328325 -0.0285
v -0.00611196 0.5141834 -0.0285
v -0.00623969 0.51843143 -0.0285
v -0.00694124 0.51929098 -0.0285
v -0.00784134 0.5199396 -0.0285
v -0.00887866 0.52033317 -0.0285
v -0.00571838 0.5152207 -0.0285
v -0.00560669 0.51632452 -0.0285
v -0.0057845 0.51741964 -0.0285
v 0.03019759 0.48819757 -0.0285
v 0.02988808 0.49015579 -0.0285
v 0.03078819 0.48950714 -0.0285
v 0.03503627 0.48963487 -0.0285
v 0.03589578 0.49033642 -0.0285
v 0.03654442 0.49123654 -0.0285
v 0.036938 0.49227384 -0.0285
v 0.0318255 0.48911357 -0.0285
v 0.03292934 0.48900187 -0.0285
v 0.03402447 0.4891797 -0.0285
v 0.02918653 0.49101532 -0.0285
v 0.02069759 0.49264517 -0.0285
v 0.00998249 0.52044487 -0.0285
v 0.00887866 0.52033317 -0.0285
v 0.00611196 0.5141834 -0.0285
v 0.00676061 0.51328325 -0.0285
v 0.00762012 0.51258171 -0.0285
v 0.00784134 0.5199396 -0.0285
v 0.00694124 0.51929098 -0.0285
v 0.00623969 0.51843143 -0.0285
v 0.0057845 0.51741964 -0.0285
v 0.00560669 0.51632452 -0.0285
v 0.00571838 0.5152207 -0.0285
v 0.01194862 0.44798034 -0.0285
v 0.01302399 0.44770736 -0.0285
v 0.00931714 0.45131767 -0.0285
v 0.00961841 0.45024988 -0.0285
v 0.01413336 0.44772199 -0.0285
v 0.01089162 0.45526525 -0.0285
v 0.01011752 0.45447049 -0.0285
v 0.0095755 0.45350242 -0.0285
v 0.00930251 0.45242706 -0.0285
v 0.01018577 0.44929644 -0.0285
v 0.01098056 0.44852236 -0.0285
v 0.02988808 0.47663456 -0.0285
v 0.03292934 0.47778851 -0.0285
v 0.0318255 0.47767681 -0.0285
v 0.03078819 0.47728321 -0.0285
v 0.03402447 0.47761068 -0.0285
v 0.03752581 0.47414517 -0.0285
v 0.036938 0.47451654 -0.0285
v 0.03654442 0.47555384 -0.0285
v 0.03589578 0.47645396 -0.0285
v 0.03503627 0.47715551 -0.0285
v 0.03752581 0.4568952 -0.0285
v 0.0370497 0.47341269 -0.0285
v 0.03019759 0.4341976 -0.0285
v -0.042 0.47414517 -0.0285
v -0.0370497 0.47341269 -0.0285
v -0.042 0.4568952 -0.0285
v -0.02988808 0.47663456 -0.0285
v -0.03078819 0.47728321 -0.0285
v -0.0318255 0.47767681 -0.0285
v -0.03292934 0.47778851 -0.0285
v -0.03402447 0.47761068 -0.0285
v -0.03503627 0.47715551 -0.0285
v -0.03589578 0.47645396 -0.0285
v -0.03654442 0.47555384 -0.0285
v -0.036938 0.47451654 -0.0285
v -0.02069759 0.47414517 -0.0285
v -0.02918653 0.47577506 -0.0285
v -0.01018577 0.44929644 -0.0285
v -0.00961841 0.45024988 -0.0285
v -0.00931714 0.45131767 -0.0285
v -0.00930251 0.45242706 -0.0285
v -0.00838655 0.4568952 -0.0285
v -0.0095755 0.45350242 -0.0285
v -0.01013655 0.4568952 -0.0285
v -0.01011752 0.45447049 -0.0285
v -0.01089162 0.45526525 -0.0285
v -0.01302399 0.44770736 -0.0285
v -0.01194862 0.44798034 -0.0285
v -0.01098056 0.44852236 -0.0285
v -0.01413336 0.44772199 -0.0285
v -0.042 0.4341976 -0.0285
v -0.01013655 0.49264517 -0.0285
v -0.01013655 0.50989521 -0.0285
v 0.03752581 0.4341976 -0.0285
v 0.03752581 0.40349999 -0.0285
v 0.042 0.47414517 -0.0285
v 0.042 0.4568952 -0.0285
v 0.042 0.4341976 -0.0285
v 0.042 0.40349999 -0.0285
v -0.00838655 0.47314519 -0.0245
v -0.00838655 0.4795928 -0.0245
v -0.01113655 0.4795928 -0.0245
v 0.00380239 0.47314519 -0.0245
v 0.01113655 0.49364519 -0.0245
v 0.01113655 0.50889516 -0.0245
v 0.00380239 0.50889516 -0.0245
v 0.03019759 0.4341976 -0.0245
v 0.042 0.40349999 -0.0245
v 0.042 0.4341976 -0.0245
v 0.03752581 0.4341976 -0.0245
v -0.02918653 0.47577506 -0.0245
v -0.01969759 0.47314519 -0.0245
v 0.01969759 0.4341976 -0.0245
v 0.01113655 0.45789519 -0.0245
v 0.03019759 0.50889516 -0.0245
v -0.01969759 0.49364519 -0.0245
v 0.01956555 0.3791011 -0.0245
v 0.01969759 0.40349999 -0.0245
v 0.00380239 0.4341976 -0.0245
v -0.00380239 0.4341976 -0.0245
v 0.03752581 0.48719758 -0.0245
v -0.00838655 0.48719758 -0.0245
v 0.01113655 0.4795928 -0.0245
v -0.00380239 0.47314519 -0.0245
v 0.01113655 0.47314519 -0.0245
v 0.01113655 0.48719758 -0.0245
v -0.00380239 0.49364519 -0.0245
v 0.00380239 0.49364519 -0.0245
v -0.00838655 0.49364519 -0.0245
v 0.03752581 0.4795928 -0.0245
v 0.03019759 0.4795928 -0.0245
v 0.03019759 0.48719758 -0.0245
v 0.042 0.4795928 -0.0245
v 0.00380239 0.52092099 -0.0245
v -0.00380239 0.50889516 -0.0245
v -0.00380239 0.52092099 -0.0245
v 0.01568928 0.42522481 -0.0245
v 0.01113655 0.4341976 -0.0245
v 0.01689518 0.42472532 -0.0245
v 0.01793072 0.42393073 -0.0245
v 0.01872531 0.42289519 -0.0245
v -0.01113655 0.4341976 -0.0245
v -0.00838655 0.4341976 -0.0245
v -0.01922481 0.42168927 -0.0245
v -0.01969759 0.4341976 -0.0245
v -0.01969759 0.40349999 -0.0245
v -0.01689518 0.42472532 -0.0245
v -0.01568928 0.42522481 -0.0245
v -0.01872531 0.42289519 -0.0245
v -0.01793072 0.42393073 -0.0245
v -0.01956555 0.3791011 -0.0245
v -0.042 0.40349999 -0.0245
v -0.02006506 0.37789518 -0.0245
v -0.02085965 0.37685966 -0.0245
v -0.02189518 0.37606508 -0.0245
v -0.02310109 0.37556556 -0.0245
v -0.01969759 0.48719758 -0.0245
v -0.01969759 0.4795928 -0.0245
v -0.042 0.4795928 -0.0245
v -0.02988808 0.49015579 -0.0245
v -0.03078819 0.48950714 -0.0245
v -0.03503627 0.48963487 -0.0245
v -0.03589578 0.49033642 -0.0245
v -0.0318255 0.48911357 -0.0245
v -0.03292934 0.48900187 -0.0245
v -0.03402447 0.4891797 -0.0245
v -0.03654442 0.49123654 -0.0245
v -0.036938 0.49227384 -0.0245
v -0.0370497 0.49337769 -0.0245
v -0.01113655 0.52092099 -0.0245
v -0.00838655 0.52092099 -0.0245
v 0.01113655 0.52092099 -0.0245
v 0.03752581 0.49364519 -0.0245
v 0.02006506 0.37789518 -0.0245
v 0.02085965 0.37685966 -0.0245
v 0.03019759 0.40349999 -0.0245
v 0.02310109 0.37556556 -0.0245
v 0.02189518 0.37606508 -0.0245
v 0.01922481 0.42168927 -0.0245
v -0.00571838 0.5152207 -0.0245
v -0.00611196 0.5141834 -0.0245
v -0.00560669 0.51632452 -0.0245
v -0.0057845 0.51741964 -0.0245
v -0.00784134 0.5199396 -0.0245
v -0.00694124 0.51929098 -0.0245
v -0.00623969 0.51843143 -0.0245
v -0.00887866 0.52033317 -0.0245
v -0.00998249 0.52044487 -0.0245
v -0.02918653 0.49101532 -0.0245
v 0.0370497 0.49337769 -0.0245
v 0.036938 0.49227384 -0.0245
v 0.03654442 0.49123654 -0.0245
v 0.03589578 0.49033642 -0.0245
v 0.03503627 0.48963487 -0.0245
v 0.03402447 0.4891797 -0.0245
v 0.03292934 0.48900187 -0.0245
v 0.0318255 0.48911357 -0.0245
v 0.00623969 0.51843143 -0.0245
v 0.00694124 0.51929098 -0.0245
v 0.00611196 0.5141834 -0.0245
v 0.00676061 0.51328325 -0.0245
v 0.00762012 0.51258171 -0.0245
v 0.00784134 0.5199396 -0.0245
v 0.00887866 0.52033317 -0.0245
v 0.00998249 0.52044487 -0.0245
v 0.00571838 0.5152207 -0.0245
v 0.00560669 0.51632452 -0.0245
v 0.0057845 0.51741964 -0.0245
v 0.03078819 0.48950714 -0.0245
v 0.02988808 0.49015579 -0.0245
v 0.01969759 0.48719758 -0.0245
v 0.02918653 0.49101532 -0.0245
v 0.01969759 0.49364519 -0.0245
v 0.01969759 0.47314519 -0.0245
v 0.01194862 0.44798034 -0.0245
v 0.01098056 0.44852236 -0.0245
v 0.01018577 0.44929644 -0.0245
v 0.00961841 0.45024988 -0.0245
v 0.00380239 0.45789519 -0.0245
v 0.00931714 0.45131767 -0.0245
v 0.00930251 0.45242706 -0.0245
v 0.0095755 0.45350242 -0.0245
v 0.01011752 0.45447049 -0.0245
v 0.01089162 0.45526525 -0.0245
v 0.01413336 0.44772199 -0.0245
v 0.01302399 0.44770736 -0.0245
v 0.01969759 0.4795928 -0.0245
v 0.02918653 0.47577506 -0.0245
v 0.02988808 0.47663456 -0.0245
v 0.03078819 0.47728321 -0.0245
v 0.03752581 0.47314519 -0.0245
v 0.036938 0.47451654 -0.0245
v 0.0318255 0.47767681 -0.0245
v 0.03292934 0.47778851 -0.0245
v 0.03402447 0.47761068 -0.0245
v 0.03503627 0.47715551 -0.0245
v 0.03589578 0.47645396 -0.0245
v 0.03654442 0.47555384 -0.0245
v -0.03078819 0.47728321 -0.0245
v -0.02988808 0.47663456 -0.0245
v -0.042 0.47314519 -0.0245
v -0.0370497 0.47341269 -0.0245
v -0.036938 0.47451654 -0.0245
v -0.03589578 0.47645396 -0.0245
v -0.03503627 0.47715551 -0.0245
v -0.03402447 0.47761068 -0.0245
v -0.03292934 0.47778851 -0.0245
v -0.0318255 0.47767681 -0.0245
v -0.03654442 0.47555384 -0.0245
v -0.042 0.45789519 -0.0245
v -0.01194862 0.44798034 -0.0245
v -0.01302399 0.44770736 -0.0245
v -0.01413336 0.44772199 -0.0245
v -0.042 0.4341976 -0.0245
v -0.01011752 0.45447049 -0.0245
v -0.0095755 0.45350242 -0.0245
v -0.00838655 0.45789519 -0.0245
v -0.00930251 0.45242706 -0.0245
v -0.00931714 0.45131767 -0.0245
v -0.00961841 0.45024988 -0.0245
v -0.01018577 0.44929644 -0.0245
v -0.01098056 0.44852236 -0.0245
v 0.042 0.47314519 -0.0245
v 0.042 0.45789519 -0.0245
v 0.03752581 0.45789519 -0.0245
v 0.03752581 0.40349999 -0.0245
v 0.03019759 0.45789519 -0.0245
v 0.0370497 0.47341269 -0.0245
v -0.00380239 0.45789519 -0.0245
v -0.01113655 0.47314519 -0.0245
v -0.01113655 0.45789519 -0.0245
v -0.01089162 0.45526525 -0.0245
v -0.01113655 0.49364519 -0.0245
v -0.01113655 0.48719758 -0.0245
v -0.00838655 0.50889516 -0.0245
v -0.01113655 0.50889516 -0.0245
v -0.00676061 0.51328325 -0.0245
v -0.00762012 0.51258171 -0.0245
v -0.04238823 0.48339519 -0.02444889
v -0.0434235 0.48339519 -0.02831259
v -0.04275 0.48339519 -0.02429904
v -0.04475 0.48339519 -0.02776314
v -0.04306066 0.48339519 -0.02406066
v -0.04588909 0.48339519 -0.02688909
v -0.04329904 0.48339519 -0.02375
v -0.04676314 0.48339519 -0.02575
v -0.04344889 0.48339519 -0.02338823
v -0.04731259 0.48339519 -0.0244235
v -0.0435 0.48339519 -0.023
v -0.0475 0.48339519 -0.023
v -0.0435 0.48339519 -0.013
v -0.0475 0.48339519 -0.013
v -0.0435 0.37559962 -0.01144709
v -0.0475 0.37559962 -0.01144709
v -0.0435 0.37619904 -0.01
v -0.0475 0.37619904 -0.01
v -0.0435 0.37715253 -0.00875736
v -0.0475 0.37715253 -0.00875736
v -0.0435 0.3783952 -0.00780385
v -0.0475 0.3783952 -0.00780385
v -0.0435 0.37984228 -0.00720445
v -0.0475 0.37984228 -0.00720445
v -0.0435 0.38139519 -0.007
v -0.0475 0.38139519 -0.007
v -0.0435 0.47739518 -0.007
v -0.0475 0.47739518 -0.007
v -0.0475 0.38600001 -0.0145
v -0.0435 0.38600001 -0.0145
v -0.0475 0.38638824 -0.01444889
v -0.0435 0.38638824 -0.01444889
v -0.0475 0.38675001 -0.01429904
v -0.0435 0.38675001 -0.01429904
v -0.0475 0.38706067 -0.01406066
v -0.0435 0.38706067 -0.01406066
v -0.0475 0.38729903 -0.01375
v -0.0435 0.38729903 -0.01375
v -0.0475 0.38744891 -0.01338823
v -0.0435 0.38744891 -0.01338823
v -0.0475 0.38750002 -0.013
v -0.0435 0.38750002 -0.013
v -0.0475 0.38744891 -0.01261177
v -0.0435 0.38744891 -0.01261177
v -0.0475 0.38729903 -0.01225
v -0.0435 0.38729903 -0.01225
v -0.0475 0.38706067 -0.01193934
v -0.0435 0.38706067 -0.01193934
v -0.0475 0.38675001 -0.01170096
v -0.0435 0.38675001 -0.01170096
v -0.0475 0.38638824 -0.01155111
v -0.0435 0.38638824 -0.01155111
v -0.0475 0.38600001 -0.0115
v -0.0435 0.38600001 -0.0115
v -0.0475 0.38561177 -0.01155111
v -0.0435 0.38561177 -0.01155111
v -0.0475 0.38525 -0.01170096
v -0.0435 0.38525 -0.01170096
v -0.0475 0.38493934 -0.01193934
v -0.0435 0.38493934 -0.01193934
v -0.0475 0.38470095 -0.01225
v -0.0435 0.38470095 -0.01225
v -0.0475 0.38455111 -0.01261177
v -0.0435 0.38455111 -0.01261177
v -0.0475 0.3845 -0.013
v -0.0435 0.3845 -0.013
v -0.0475 0.38455111 -0.01338823
v -0.0435 0.38455111 -0.01338823
v -0.0475 0.38470095 -0.01375
v -0.0435 0.38470095 -0.01375
v -0.0475 0.38493934 -0.01406066
v -0.0435 0.38493934 -0.01406066
v -0.0475 0.38525 -0.01429904
v -0.0435 0.38525 -0.01429904
v -0.0475 0.38561177 -0.01444889
v -0.0435 0.38561177 -0.01444889
v -0.0475 0.41100001 -0.0145
v -0.0435 0.41100001 -0.0145
v -0.0475 0.41138822 -0.01444889
v -0.0435 0.41138822 -0.01444889
v -0.0475 0.41175002 -0.01429904
v -0.0435 0.41175002 -0.01429904
v -0.0475 0.41206068 -0.01406066
v -0.0435 0.41206068 -0.01406066
v -0.0475 0.41229904 -0.01375
v -0.0435 0.41229904 -0.01375
v -0.0475 0.41244888 -0.01338823
v -0.0435 0.41244888 -0.01338823
v -0.0475 0.41249999 -0.013
v -0.0435 0.41249999 -0.013
v -0.0475 0.41244888 -0.01261177
v -0.0435 0.41244888 -0.01261177
v -0.0475 0.41229904 -0.01225
v -0.0435 0.41229904 -0.01225
v -0.0475 0.41206068 -0.01193934
v -0.0435 0.41206068 -0.01193934
v -0.0475 0.41175002 -0.01170096
v -0.0435 0.41175002 -0.01170096
v -0.0475 0.41138822 -0.01155111
v -0.0435 0.41138822 -0.01155111
v -0.0475 0.41100001 -0.0115
v -0.0435 0.41100001 -0.0115
v -0.0475 0.41061178 -0.01155111
v -0.0435 0.41061178 -0.01155111
v -0.0475 0.41025001 -0.01170096
v -0.0435 0.41025001 -0.01170096
v -0.0475 0.40993935 -0.01193934
v -0.0435 0.40993935 -0.01193934
v -0.0475 0.40970096 -0.01225
v -0.0435 0.40970096 -0.01225
v -0.0475 0.40955111 -0.01261177
v -0.0435 0.40955111 -0.01261177
v -0.0475 0.4095 -0.013
v -0.0435 0.4095 -0.013
v -0.0475 0.40955111 -0.01338823
v -0.0435 0.40955111 -0.01338823
v -0.0475 0.40970096 -0.01375
v -0.0435 0.40970096 -0.01375
v -0.0475 0.40993935 -0.01406066
v -0.0435 0.40993935 -0.01406066
v -0.0475 0.41025001 -0.01429904
v -0.0435 0.41025001 -0.01429904
v -0.0475 0.41061178 -0.01444889
v -0.0435 0.41061178 -0.01444889
v -0.0475 0.47739518 -0.015
v -0.0435 0.47739518 -0.015
v -0.0475 0.47791281 -0.01493185
v -0.0435 0.47791281 -0.01493185
v -0.0475 0.47839519 -0.01473205
v -0.0435 0.47839519 -0.01473205
v -0.0475 0.47880942 -0.01441421
v -0.0435 0.47880942 -0.01441421
v -0.0475 0.47912723 -0.014
v -0.0435 0.47912723 -0.014
v -0.0475 0.47932705 -0.01351764
v -0.0435 0.47932705 -0.01351764
v -0.0475 0.47939518 -0.013
v -0.0435 0.47939518 -0.013
v -0.0475 0.47932705 -0.01248236
v -0.0435 0.47932705 -0.01248236
v -0.0475 0.47912723 -0.012
v -0.0435 0.47912723 -0.012
v -0.0475 0.47880942 -0.01158579
v -0.0435 0.47880942 -0.01158579
v -0.0475 0.47839519 -0.01126795
v -0.0435 0.47839519 -0.01126795
v -0.0475 0.47791281 -0.01106815
v -0.0435 0.47791281 -0.01106815
v -0.0475 0.47739518 -0.011
v -0.0435 0.47739518 -0.011
v -0.0475 0.47687754 -0.01106815
v -0.0435 0.47687754 -0.01106815
v -0.0475 0.47639519 -0.01126795
v -0.0435 0.47639519 -0.01126795
v -0.0475 0.47598097 -0.01158579
v -0.0435 0.47598097 -0.01158579
v -0.0475 0.47566313 -0.012
v -0.0435 0.47566313 -0.012
v -0.0475 0.47546333 -0.01248236
v -0.0435 0.47546333 -0.01248236
v -0.0475 0.4753952 -0.013
v -0.0435 0.4753952 -0.013
v -0.0475 0.47546333 -0.01351764
v -0.0435 0.47546333 -0.01351764
v -0.0475 0.47566313 -0.014
v -0.0435 0.47566313 -0.014
v -0.0475 0.47598097 -0.01441421
v -0.0435 0.47598097 -0.01441421
v -0.0475 0.47639519 -0.01473205
v -0.0435 0.47639519 -0.01473205
v -0.0475 0.47687754 -0.01493185
v -0.0435 0.47687754 -0.01493185
v -0.0475 0.4523952 -0.015
v -0.0435 0.4523952 -0.015
v -0.0475 0.45291284 -0.01493185
v -0.0435 0.45291284 -0.01493185
v -0.0475 0.45339519 -0.01473205
v -0.0435 0.45339519 -0.01473205
v -0.0475 0.45380941 -0.01441421
v -0.0435 0.45380941 -0.01441421
v -0.0475 0.45412725 -0.014
v -0.0435 0.45412725 -0.014
v -0.0475 0.45432705 -0.01351764
v -0.0435 0.45432705 -0.01351764
v -0.0475 0.45439517 -0.013
v -0.0435 0.45439517 -0.013
v -0.0475 0.45432705 -0.01248236
v -0.0435 0.45432705 -0.01248236
v -0.0475 0.45412725 -0.012
v -0.0435 0.45412725 -0.012
v -0.0475 0.45380941 -0.01158579
v -0.0435 0.45380941 -0.01158579
v -0.0475 0.45339519 -0.01126795
v -0.0435 0.45339519 -0.01126795
v -0.0475 0.45291284 -0.01106815
v -0.0435 0.45291284 -0.01106815
v -0.0475 0.4523952 -0.011
v -0.0435 0.4523952 -0.011
v -0.0475 0.45187756 -0.01106815
v -0.0435 0.45187756 -0.01106815
v -0.0475 0.45139518 -0.01126795
v -0.0435 0.45139518 -0.01126795
v -0.0475 0.45098096 -0.01158579
v -0.0435 0.45098096 -0.01158579
v -0.0475 0.45066315 -0.012
v -0.0435 0.45066315 -0.012
v -0.0475 0.45046332 -0.01248236
v -0.0435 0.45046332 -0.01248236
v -0.0475 0.4503952 -0.013
v -0.0435 0.4503952 -0.013
v -0.0475 0.45046332 -0.01351764
v -0.0435 0.45046332 -0.01351764
v -0.0475 0.45066315 -0.014
v -0.0435 0.45066315 -0.014
v -0.0475 0.45098096 -0.01441421
v -0.0435 0.45098096 -0.01441421
v -0.0475 0.45139518 -0.01473205
v -0.0435 0.45139518 -0.01473205
v -0.0475 0.45187756 -0.01493185
v -0.0435 0.45187756 -0.01493185
v -0.0435 0.47894812 -0.00720445
v -0.0475 0.47894812 -0.00720445
v -0.0435 0.4803952 -0.00780385
v -0.0475 0.4803952 -0.00780385
v -0.0435 0.48163784 -0.00875736
v -0.0475 0.48163784 -0.00875736
v -0.0435 0.48259133 -0.01
v -0.0475 0.48259133 -0.01
v -0.0435 0.48319075 -0.01144709
v -0.0475 0.48319075 -0.01144709
v 0.04238823 0.48339519 -0.02444889
v 0.04275 0.48339519 -0.02429904
v 0.04306066 0.48339519 -0.02406066
v 0.04329904 0.48339519 -0.02375
v 0.04344889 0.48339519 -0.02338823
v 0.0435 0.48339519 -0.023
v 0.0475 0.48339519 -0.023
v 0.04731259 0.48339519 -0.0244235
v 0.04676314 0.48339519 -0.02575
v 0.04588909 0.48339519 -0.02688909
v 0.04475 0.48339519 -0.02776314
v 0.0434235 0.48339519 -0.02831259
v 0.0435 0.38744891 -0.01261177
v 0.0435 0.38729903 -0.01225
v 0.0435 0.47739518 -0.007
v 0.0435 0.38706067 -0.01406066
v 0.0435 0.41100001 -0.0115
v 0.0435 0.38675001 -0.01429904
v 0.0435 0.38638824 -0.01444889
v 0.0435 0.41206068 -0.01406066
v 0.0435 0.41229904 -0.01375
v 0.0435 0.40993935 -0.01406066
v 0.0435 0.41025001 -0.01429904
v 0.0435 0.41175002 -0.01170096
v 0.0435 0.41206068 -0.01193934
v 0.0435 0.41229904 -0.01225
v 0.0435 0.38706067 -0.01193934
v 0.0435 0.38675001 -0.01170096
v 0.0435 0.38139519 -0.007
v 0.0435 0.38638824 -0.01155111
v 0.0435 0.38600001 -0.0115
v 0.0435 0.38729903 -0.01375
v 0.0435 0.38744891 -0.01338823
v 0.0435 0.38750002 -0.013
v 0.0435 0.38600001 -0.0145
v 0.0435 0.41061178 -0.01155111
v 0.0435 0.41025001 -0.01170096
v 0.0435 0.40993935 -0.01193934
v 0.0435 0.40970096 -0.01225
v 0.0435 0.40955111 -0.01261177
v 0.0435 0.45291284 -0.01106815
v 0.0435 0.4523952 -0.011
v 0.0435 0.38561177 -0.01155111
v 0.0435 0.38525 -0.01170096
v 0.0435 0.37984228 -0.00720445
v 0.0435 0.38493934 -0.01193934
v 0.0435 0.3783952 -0.00780385
v 0.0435 0.38470095 -0.01225
v 0.0435 0.37715253 -0.00875736
v 0.0435 0.37619904 -0.01
v 0.0435 0.38455111 -0.01261177
v 0.0435 0.37559962 -0.01144709
v 0.0435 0.3845 -0.013
v 0.0435 0.38455111 -0.01338823
v 0.0435 0.38470095 -0.01375
v 0.0435 0.38493934 -0.01406066
v 0.0435 0.41175002 -0.01429904
v 0.0435 0.45291284 -0.01493185
v 0.0435 0.45339519 -0.01473205
v 0.0435 0.41138822 -0.01155111
v 0.0435 0.41061178 -0.01444889
v 0.0435 0.41100001 -0.0145
v 0.0435 0.41138822 -0.01444889
v 0.0435 0.45187756 -0.01106815
v 0.0435 0.45139518 -0.01126795
v 0.0435 0.45098096 -0.01158579
v 0.0435 0.45066315 -0.012
v 0.0435 0.45046332 -0.01248236
v 0.0435 0.45098096 -0.01441421
v 0.0435 0.45066315 -0.014
v 0.0435 0.41244888 -0.01338823
v 0.0435 0.45046332 -0.01351764
v 0.0435 0.38525 -0.01429904
v 0.0435 0.38561177 -0.01444889
v 0.0435 0.45139518 -0.01473205
v 0.0435 0.45187756 -0.01493185
v 0.0435 0.4523952 -0.015
v 0.0435 0.47639519 -0.01473205
v 0.0435 0.47687754 -0.01493185
v 0.0435 0.4095 -0.013
v 0.0435 0.40955111 -0.01338823
v 0.0435 0.40970096 -0.01375
v 0.0435 0.45412725 -0.012
v 0.0435 0.45380941 -0.01158579
v 0.0435 0.45339519 -0.01126795
v 0.0435 0.4503952 -0.013
v 0.0435 0.41249999 -0.013
v 0.0435 0.41244888 -0.01261177
v 0.0435 0.47598097 -0.01441421
v 0.0435 0.45412725 -0.014
v 0.0435 0.45380941 -0.01441421
v 0.0435 0.47739518 -0.015
v 0.0435 0.47791281 -0.01493185
v 0.0435 0.47839519 -0.01473205
v 0.0435 0.47739518 -0.011
v 0.0435 0.47791281 -0.01106815
v 0.0435 0.47894812 -0.00720445
v 0.0435 0.47839519 -0.01126795
v 0.0435 0.4803952 -0.00780385
v 0.0435 0.47880942 -0.01158579
v 0.0435 0.48163784 -0.00875736
v 0.0435 0.47912723 -0.012
v 0.0435 0.48259133 -0.01
v 0.0435 0.47932705 -0.01248236
v 0.0435 0.48319075 -0.01144709
v 0.0435 0.47939518 -0.013
v 0.0435 0.48339519 -0.013
v 0.0435 0.47687754 -0.01106815
v 0.0435 0.47639519 -0.01126795
v 0.0435 0.47880942 -0.01441421
v 0.0435 0.47912723 -0.014
v 0.0435 0.47932705 -0.01351764
v 0.0435 0.47598097 -0.01158579
v 0.0435 0.47566313 -0.012
v 0.0435 0.45432705 -0.01248236
v 0.0435 0.47546333 -0.01248236
v 0.0435 0.45439517 -0.013
v 0.0435 0.4753952 -0.013
v 0.0435 0.45432705 -0.01351764
v 0.0435 0.47546333 -0.01351764
v 0.0435 0.47566313 -0.014
v 0.0475 0.38675001 -0.01170096
v 0.0475 0.38706067 -0.01193934
v 0.0475 0.41100001 -0.0145
v 0.0475 0.41061178 -0.01444889
v 0.0475 0.41025001 -0.01429904
v 0.0475 0.38600001 -0.0115
v 0.0475 0.38561177 -0.01444889
v 0.0475 0.38525 -0.01429904
v 0.0475 0.38638824 -0.01155111
v 0.0475 0.38493934 -0.01406066
v 0.0475 0.38470095 -0.01375
v 0.0475 0.45187756 -0.01493185
v 0.0475 0.45139518 -0.01473205
v 0.0475 0.41229904 -0.01375
v 0.0475 0.45098096 -0.01441421
v 0.0475 0.38744891 -0.01338823
v 0.0475 0.38729903 -0.01375
v 0.0475 0.38706067 -0.01406066
v 0.0475 0.38675001 -0.01429904
v 0.0475 0.38638824 -0.01444889
v 0.0475 0.38600001 -0.0145
v 0.0475 0.47839519 -0.01473205
v 0.0475 0.47791281 -0.01493185
v 0.0475 0.45339519 -0.01473205
v 0.0475 0.45380941 -0.01441421
v 0.0475 0.45412725 -0.014
v 0.0475 0.45291284 -0.01493185
v 0.0475 0.4523952 -0.015
v 0.0475 0.38729903 -0.01225
v 0.0475 0.38744891 -0.01261177
v 0.0475 0.38750002 -0.013
v 0.0475 0.47880942 -0.01441421
v 0.0475 0.41206068 -0.01406066
v 0.0475 0.41175002 -0.01429904
v 0.0475 0.38455111 -0.01338823
v 0.0475 0.3845 -0.013
v 0.0475 0.37559962 -0.01144709
v 0.0475 0.38455111 -0.01261177
v 0.0475 0.38139519 -0.007
v 0.0475 0.37984228 -0.00720445
v 0.0475 0.38493934 -0.01193934
v 0.0475 0.3783952 -0.00780385
v 0.0475 0.38470095 -0.01225
v 0.0475 0.37715253 -0.00875736
v 0.0475 0.37619904 -0.01
v 0.0475 0.40993935 -0.01406066
v 0.0475 0.40970096 -0.01375
v 0.0475 0.40955111 -0.01338823
v 0.0475 0.40993935 -0.01193934
v 0.0475 0.41025001 -0.01170096
v 0.0475 0.41138822 -0.01444889
v 0.0475 0.41061178 -0.01155111
v 0.0475 0.41100001 -0.0115
v 0.0475 0.47739518 -0.007
v 0.0475 0.41138822 -0.01155111
v 0.0475 0.41175002 -0.01170096
v 0.0475 0.45066315 -0.014
v 0.0475 0.45046332 -0.01351764
v 0.0475 0.41244888 -0.01338823
v 0.0475 0.45139518 -0.01126795
v 0.0475 0.45187756 -0.01106815
v 0.0475 0.41229904 -0.01225
v 0.0475 0.4523952 -0.011
v 0.0475 0.45291284 -0.01106815
v 0.0475 0.38525 -0.01170096
v 0.0475 0.38561177 -0.01155111
v 0.0475 0.45098096 -0.01158579
v 0.0475 0.41206068 -0.01193934
v 0.0475 0.47739518 -0.015
v 0.0475 0.47687754 -0.01493185
v 0.0475 0.47639519 -0.01473205
v 0.0475 0.4095 -0.013
v 0.0475 0.40955111 -0.01261177
v 0.0475 0.40970096 -0.01225
v 0.0475 0.45339519 -0.01126795
v 0.0475 0.45380941 -0.01158579
v 0.0475 0.45412725 -0.012
v 0.0475 0.48339519 -0.013
v 0.0475 0.47932705 -0.01351764
v 0.0475 0.47912723 -0.014
v 0.0475 0.41249999 -0.013
v 0.0475 0.4503952 -0.013
v 0.0475 0.41244888 -0.01261177
v 0.0475 0.45046332 -0.01248236
v 0.0475 0.45066315 -0.012
v 0.0475 0.47598097 -0.01441421
v 0.0475 0.47566313 -0.014
v 0.0475 0.45432705 -0.01351764
v 0.0475 0.47546333 -0.01351764
v 0.0475 0.45439517 -0.013
v 0.0475 0.4753952 -0.013
v 0.0475 0.45432705 -0.01248236
v 0.0475 0.47546333 -0.01248236
v 0.0475 0.47639519 -0.01126795
v 0.0475 0.47598097 -0.01158579
v 0.0475 0.47566313 -0.012
v 0.0475 0.47687754 -0.01106815
v 0.0475 0.47739518 -0.011
v 0.0475 0.47894812 -0.00720445
v 0.0475 0.47791281 -0.01106815
v 0.0475 0.4803952 -0.00780385
v 0.0475 0.47839519 -0.01126795
v 0.0475 0.48163784 -0.00875736
v 0.0475 0.47880942 -0.01158579
v 0.0475 0.48259133 -0.01
v 0.0475 0.47912723 -0.012
v 0.0475 0.48319075 -0.01144709
v 0.0475 0.47932705 -0.01248236
v 0.0475 0.47939518 -0.013
v 0.00422129 0.47913131 -0.0395
v 0.00422129 0.47913131 -0.0385
v 0.00518103 0.48036915 -0.0395
v 0.00518103 0.48036915 -0.0385
v 0.00578769 0.48181319 -0.0395
v 0.00578769 0.48181319 -0.0385
v 0.00599992 0.48336506 -0.0395
v 0.00599992 0.48336506 -0.0385
v 0.00580328 0.48491898 -0.0395
v 0.00580328 0.48491898 -0.0385
v 0.00521115 0.48636907 -0.0395
v 0.00521115 0.48636907 -0.0385
v 0.00426389 0.48761648 -0.0395
v 0.00426389 0.48761648 -0.0385
v 0.00302605 0.4885762 -0.0395
v 0.00302605 0.4885762 -0.0385
v 0.00158199 0.48918286 -0.0395
v 0.00158199 0.48918286 -0.0385
v 3.012E-05 0.48939511 -0.0395
v 3.012E-05 0.48939511 -0.0385
v -0.0015238 0.48919848 -0.0395
v -0.0015238 0.48919848 -0.0385
v -0.00297387 0.48860633 -0.0395
v -0.00297387 0.48860633 -0.0385
v -0.00422129 0.48765907 -0.0395
v -0.00422129 0.48765907 -0.0385
v -0.00518103 0.48642123 -0.0395
v -0.00518103 0.48642123 -0.0385
v -0.00578769 0.48497719 -0.0395
v -0.00578769 0.48497719 -0.0385
v -0.00599992 0.48342532 -0.0395
v -0.00599992 0.48342532 -0.0385
v -0.00580328 0.4818714 -0.0395
v -0.00580328 0.4818714 -0.0385
v -0.00521115 0.4804213 -0.0395
v -0.00521115 0.4804213 -0.0385
v -0.00426389 0.4791739 -0.0395
v -0.00426389 0.4791739 -0.0385
v -0.00302605 0.47821417 -0.0395
v -0.00302605 0.47821417 -0.0385
v -0.00158199 0.47760749 -0.0395
v -0.00158199 0.47760749 -0.0385
v -3.012E-05 0.47739527 -0.0395
v -3.012E-05 0.47739527 -0.0385
v 0.0015238 0.4775919 -0.0395
v 0.0015238 0.4775919 -0.0385
v 0.00297387 0.47818404 -0.0395
v 0.00297387 0.47818404 -0.0385
v 0.01196031 0.47131416 -0.0385
v 0.01467957 0.47482139 -0.0395
v 0.01467957 0.47482139 -0.0385
v 0.01639844 0.47891289 -0.0395
v 0.01639844 0.47891289 -0.0385
v 0.01699978 0.48330984 -0.0395
v 0.01699978 0.48330984 -0.0385
v 0.01644262 0.48771262 -0.0395
v 0.01644262 0.48771262 -0.0385
v 0.01476492 0.49182117 -0.0395
v 0.01476492 0.49182117 -0.0385
v 0.01208101 0.49535549 -0.0395
v 0.01208101 0.49535549 -0.0385
v 0.00857381 0.49807477 -0.0395
v 0.00857381 0.49807477 -0.0385
v 0.00448231 0.49979362 -0.0395
v 0.00448231 0.49979362 -0.0385
v 8.535E-05 0.500395 -0.0395
v 8.535E-05 0.500395 -0.0385
v -0.00431743 0.49983782 -0.0395
v -0.00431743 0.49983782 -0.0385
v -0.00842598 0.49816009 -0.0395
v -0.00842598 0.49816009 -0.0385
v -0.01196031 0.49547622 -0.0395
v -0.01196031 0.49547622 -0.0385
v -0.01467957 0.49196899 -0.0395
v -0.01467957 0.49196899 -0.0385
v -0.01639844 0.48787749 -0.0395
v -0.01639844 0.48787749 -0.0385
v -0.01699978 0.48348054 -0.0395
v -0.01699978 0.48348054 -0.0385
v -0.01644262 0.47907776 -0.0395
v -0.01644262 0.47907776 -0.0385
v -0.01476492 0.47496921 -0.0395
v -0.01476492 0.47496921 -0.0385
v -0.01208101 0.47143486 -0.0395
v -0.01208101 0.47143486 -0.0385
v -0.00857381 0.46871561 -0.0395
v -0.00857381 0.46871561 -0.0385
v -0.00448231 0.46699676 -0.0395
v -0.00448231 0.46699676 -0.0385
v -8.535E-05 0.46639541 -0.0395
v -8.535E-05 0.46639541 -0.0385
v 0.00431743 0.46695256 -0.0395
v 0.00431743 0.46695256 -0.0385
v 0.00842598 0.46863025 -0.0395
v 0.00842598 0.46863025 -0.0385
v 0.01196031 0.47131416 -0.0395
v 0.00278434 0.48164877 -0.05029904
v 0.00300511 0.48186734 -0.05006066
v 0.0014976 0.4803749 -0.05006066
v 0.00132819 0.48020718 -0.04975
v 0.00317451 0.48203504 -0.04975
v 0.003281 0.48214048 -0.04938823
v 0.00118538 0.48006579 -0.049
v 0.00331732 0.48217642 -0.049
v 0.00118538 0.48006579 -0.036
v 0.00331732 0.48217642 -0.036
v 0.0012217 0.48010176 -0.03561177
v 0.00132819 0.48020718 -0.03525
v 0.0012217 0.48010176 -0.04938823
v 0.00197546 0.48084798 -0.05044889
v 0.00225135 0.48112112 -0.0505
v 0.00252725 0.48139426 -0.05044889
v 0.0014976 0.4803749 -0.03493934
v 0.003281 0.48214048 -0.03561177
v 0.00317451 0.48203504 -0.03525
v 0.00300511 0.48186734 -0.03493934
v 0.00278434 0.48164877 -0.03470096
v 0.00252725 0.48139426 -0.03455111
v 0.00225135 0.48112112 -0.0345
v 0.00197546 0.48084798 -0.03455111
v 0.00171837 0.48059344 -0.03470096
v 0.00171837 0.48059344 -0.05029904
v 0.00268392 0.47917658 -0.05006066
v 0.00247378 0.47905004 -0.04975
v 0.00247823 0.47905257 -0.0545
v 0.00252171 0.48771271 -0.0305
v 0.00166457 0.48810998 -0.0305
v 0.00131833 0.48821825 -0.0245
v 0.00252171 0.48771271 -0.0245
v 0.00355324 0.48691294 -0.0245
v 0.00355324 0.48691294 -0.0305
v 0.00434262 0.48587343 -0.0245
v 0.00434262 0.48587343 -0.0305
v 0.00483607 0.48466501 -0.0545
v 0.00473126 0.48501232 -0.0545
v 0.00473126 0.48501232 -0.0305
v 0.00436486 0.48095635 -0.03542647
v 0.00482307 0.48207685 -0.0245
v 0.0043201 0.48087791 -0.03525
v 0.00431752 0.48087347 -0.0245
v 0.00419143 0.48066905 -0.03493934
v 0.00439646 0.48101377 -0.03561177
v 0.00441535 0.48104897 -0.03580357
v 0.00442168 0.48106092 -0.036
v 0.00442168 0.48106092 -0.049
v 0.00441535 0.48104897 -0.0491964
v 0.00482307 0.48207685 -0.0545
v 0.00439646 0.48101377 -0.04938823
v 0.00431752 0.48087347 -0.0497585
v 0.00431752 0.48087347 -0.0545
v 0.0043201 0.48087791 -0.04975001
v 0.00436455 0.48095578 -0.04957498
v 0.00378301 0.48012581 -0.03455111
v 0.00390232 0.48026919 -0.03461412
v 0.00401093 0.4804098 -0.03470096
v 0.00268392 0.47917658 -0.03493934
v 0.00294495 0.4793545 -0.03470096
v 0.00247823 0.47905257 -0.0245
v 0.00308616 0.47946128 -0.03461438
v 0.00323123 0.47957954 -0.03455111
v 0.00337635 0.47970733 -0.03451275
v 0.00351774 0.47984195 -0.0245
v 0.00351774 0.47984195 -0.0345
v 0.00365464 0.47998291 -0.03451292
v 0.00126983 0.47855914 -0.0545
v 0.00239491 0.47900605 -0.04957353
v 0.00233716 0.47897503 -0.04938823
v 0.00230176 0.47895652 -0.04919643
v 0.00228974 0.47895029 -0.049
v 0.00228974 0.47895029 -0.036
v 0.00230176 0.47895649 -0.0358036
v 0.00126983 0.47855914 -0.0245
v 0.00233716 0.47897503 -0.03561177
v 0.00239545 0.47900635 -0.03542502
v 0.00247379 0.47905004 -0.03524999
v 0.00247823 0.47905257 -0.0352415
v 0.00323123 0.47957954 -0.05044889
v 0.00308666 0.47946167 -0.05038587
v 0.00294495 0.4793545 -0.05029904
v 0.00419143 0.48066905 -0.05006066
v 0.00401093 0.4804098 -0.05029904
v 0.00390272 0.48026967 -0.05038561
v 0.00378301 0.48012581 -0.05044889
v 0.00365377 0.47998199 -0.05048725
v 0.00351774 0.47984195 -0.0545
v 0.00351774 0.47984195 -0.0505
v 0.0033754 0.47970647 -0.05048708
v -2.51E-05 0.47839525 -0.0245
v -2.51E-05 0.47839525 -0.0545
v -0.00131833 0.47857213 -0.0245
v -0.00131833 0.47857213 -0.0545
v -0.00252171 0.47907767 -0.0245
v -0.00252171 0.47907767 -0.0545
v -0.00355324 0.47987744 -0.0245
v -0.00355324 0.47987744 -0.0545
v -0.00434262 0.48091695 -0.0245
v -0.00434262 0.48091695 -0.0545
v -0.00483607 0.48212534 -0.0245
v -0.00483607 0.48212534 -0.0545
v -0.00499994 0.48342028 -0.0245
v -0.00499994 0.48342028 -0.0545
v -0.00482307 0.48471352 -0.0245
v -0.00482307 0.48471352 -0.0545
v -0.00431752 0.48591688 -0.0245
v -0.00431752 0.48591688 -0.0545
v -0.00351774 0.48694843 -0.0245
v -0.00351774 0.48694843 -0.0545
v -0.00247823 0.4877378 -0.0245
v -0.00247823 0.4877378 -0.0545
v -0.00126983 0.48823124 -0.0245
v -0.00126983 0.48823124 -0.0545
v 2.51E-05 0.48839512 -0.0245
v 2.51E-05 0.48839512 -0.0545
v 0.00131833 0.48821825 -0.0545
v 0.00166457 0.48810998 -0.0545
v 0.00483607 0.48466501 -0.0245
v 0.00499994 0.4833701 -0.0245
v 0.00499994 0.4833701 -0.0545
v 0.01357852 0.48191279 -0.0245
v 0.01357852 0.48191279 -0.0185
v 0.01399113 0.48159286 -0.0245
v 0.01399113 0.48159286 -0.0185
v 0.01447248 0.48139066 -0.0245
v 0.01447248 0.48139066 -0.0185
v 0.01498977 0.4813199 -0.0245
v 0.01498977 0.4813199 -0.0185
v 0.01550774 0.48138544 -0.0245
v 0.01550774 0.48138544 -0.0185
v 0.0159911 0.48158282 -0.0245
v 0.0159911 0.48158282 -0.0185
v 0.01640691 0.48189858 -0.0245
v 0.01640691 0.48189858 -0.0185
v 0.01672682 0.48231119 -0.0245
v 0.01672682 0.48231119 -0.0185
v 0.01692904 0.48279256 -0.0245
v 0.01692904 0.48279256 -0.0185
v 0.01699978 0.48330984 -0.0245
v 0.01699978 0.48330984 -0.0185
v 0.01693424 0.4838278 -0.0245
v 0.01693424 0.4838278 -0.0185
v 0.01673686 0.48431116 -0.0245
v 0.01673686 0.48431116 -0.0185
v 0.01642111 0.48472697 -0.0245
v 0.01642111 0.48472697 -0.0185
v 0.01600849 0.48504689 -0.0245
v 0.01600849 0.48504689 -0.0185
v 0.01552714 0.4852491 -0.0245
v 0.01552714 0.4852491 -0.0185
v 0.01500985 0.48531985 -0.0245
v 0.01500985 0.48531985 -0.0185
v 0.01449188 0.48525432 -0.0245
v 0.01449188 0.48525432 -0.0185
v 0.01400852 0.48505694 -0.0245
v 0.01400852 0.48505694 -0.0185
v 0.01359272 0.48474118 -0.0245
v 0.01359272 0.48474118 -0.0185
v 0.0132728 0.48432857 -0.0245
v 0.0132728 0.48432857 -0.0185
v 0.01307058 0.4838472 -0.0245
v 0.01307058 0.4838472 -0.0185
v 0.01299984 0.48332992 -0.0245
v 0.01299984 0.48332992 -0.0185
v 0.01306538 0.48281196 -0.0245
v 0.01306538 0.48281196 -0.0185
v 0.01326276 0.48232859 -0.0245
v 0.01326276 0.48232859 -0.0185
v 0.01499981 0.48331988 -0.0185
v -0.00129664 0.50681621 -0.0245
v -0.00088084 0.50713193 -0.0245
v -0.00088084 0.50713193 -0.0185
v -0.00064563 0.50724649 -0.0245
v -0.00039748 0.50732934 -0.0185
v -0.00039748 0.50732934 -0.0245
v 0.00012049 0.50739491 -0.0185
v 0.00012049 0.50739491 -0.0245
v 0.00063778 0.50732416 -0.0185
v 0.00063778 0.50732416 -0.0245
v 0.00111914 0.50712192 -0.0185
v 0.00111914 0.50712192 -0.0245
v 0.00153175 0.50680202 -0.0185
v 0.00153175 0.50680202 -0.0245
v 0.0018475 0.50638622 -0.0185
v 0.0018475 0.50638622 -0.0245
v 0.00204488 0.50590283 -0.0185
v 0.00204488 0.50590283 -0.0245
v 0.00211043 0.50538486 -0.0185
v 0.00211043 0.50538486 -0.0245
v 0.00203968 0.50486755 -0.0185
v 0.00203968 0.50486755 -0.0245
v 0.00183746 0.50438625 -0.0185
v 0.00183746 0.50438625 -0.0245
v 0.00151755 0.5039736 -0.0185
v 0.00151755 0.5039736 -0.0245
v 0.00110174 0.50365788 -0.0185
v 0.00110174 0.50365788 -0.0245
v 0.00061838 0.50346047 -0.0185
v 0.00061838 0.50346047 -0.0245
v 0.00010041 0.50339496 -0.0185
v 0.00010041 0.50339496 -0.0245
v -0.00041688 0.50346565 -0.0185
v -0.00041688 0.50346565 -0.0245
v -0.00089823 0.50366789 -0.0185
v -0.00089823 0.50366789 -0.0245
v -0.00131084 0.50398779 -0.0185
v -0.00131084 0.50398779 -0.0245
v -0.0016266 0.50440359 -0.0185
v -0.0016266 0.50440359 -0.0245
v -0.00182397 0.50488698 -0.0185
v -0.00182397 0.50488698 -0.0245
v -0.00188952 0.50540495 -0.0185
v -0.00188952 0.50540495 -0.0245
v -0.00181878 0.50592226 -0.0185
v -0.00181878 0.50592226 -0.0245
v -0.00161656 0.50640357 -0.0185
v -0.00161656 0.50640357 -0.0245
v -0.00129664 0.50681621 -0.0185
v 0.00011045 0.50539494 -0.0185
v -0.02342102 0.48209855 -0.0245
v -0.02373677 0.48251435 -0.0245
v -0.02373677 0.48251435 -0.0185
v -0.0238513 0.48274955 -0.0245
v -0.02393415 0.48299772 -0.0185
v -0.02393415 0.48299772 -0.0245
v -0.0239997 0.48351568 -0.0185
v -0.0239997 0.48351568 -0.0245
v -0.02392895 0.48403296 -0.0185
v -0.02392895 0.48403296 -0.0245
v -0.02372673 0.48451433 -0.0185
v -0.02372673 0.48451433 -0.0245
v -0.02340682 0.48492694 -0.0185
v -0.02340682 0.48492694 -0.0245
v -0.02299101 0.48524269 -0.0185
v -0.02299101 0.48524269 -0.0245
v -0.02250765 0.48544008 -0.0185
v -0.02250765 0.48544008 -0.0245
v -0.02198968 0.48550561 -0.0185
v -0.02198968 0.48550561 -0.0245
v -0.02147239 0.48543486 -0.0185
v -0.02147239 0.48543486 -0.0245
v -0.02099104 0.48523265 -0.0185
v -0.02099104 0.48523265 -0.0245
v -0.02057843 0.48491272 -0.0185
v -0.02057843 0.48491272 -0.0245
v -0.02026267 0.48449692 -0.0185
v -0.02026267 0.48449692 -0.0245
v -0.0200653 0.48401359 -0.0185
v -0.0200653 0.48401359 -0.0245
v -0.01999975 0.48349559 -0.0185
v -0.01999975 0.48349559 -0.0245
v -0.0200705 0.48297831 -0.0185
v -0.0200705 0.48297831 -0.0245
v -0.02027272 0.48249695 -0.0185
v -0.02027272 0.48249695 -0.0245
v -0.02059263 0.48208433 -0.0185
v -0.02059263 0.48208433 -0.0245
v -0.02100843 0.48176858 -0.0185
v -0.02100843 0.48176858 -0.0245
v -0.02149179 0.48157123 -0.0185
v -0.02149179 0.48157123 -0.0245
v -0.02200976 0.48150566 -0.0185
v -0.02200976 0.48150566 -0.0245
v -0.02252705 0.48157641 -0.0185
v -0.02252705 0.48157641 -0.0245
v -0.02300841 0.48177862 -0.0185
v -0.02300841 0.48177862 -0.0245
v -0.02342102 0.48209855 -0.0185
v -0.02199972 0.48350564 -0.0185
v 0.00129664 0.45997417 -0.0245
v 0.00088084 0.45965841 -0.0245
v 0.00088084 0.45965841 -0.0185
v 0.00064563 0.45954388 -0.0245
v 0.00039748 0.45946103 -0.0185
v 0.00039748 0.45946103 -0.0245
v -0.00012049 0.4593955 -0.0185
v -0.00012049 0.4593955 -0.0245
v -0.00063778 0.45946625 -0.0185
v -0.00063778 0.45946625 -0.0245
v -0.00111914 0.45966846 -0.0185
v -0.00111914 0.45966846 -0.0245
v -0.00153175 0.45998836 -0.0185
v -0.00153175 0.45998836 -0.0245
v -0.0018475 0.46040419 -0.0185
v -0.0018475 0.46040419 -0.0245
v -0.00204488 0.46088752 -0.0185
v -0.00204488 0.46088752 -0.0245
v -0.00211043 0.46140552 -0.0185
v -0.00211043 0.46140552 -0.0245
v -0.00203968 0.46192279 -0.0185
v -0.00203968 0.46192279 -0.0245
v -0.00183746 0.46240416 -0.0185
v -0.00183746 0.46240416 -0.0245
v -0.00151755 0.46281677 -0.0185
v -0.00151755 0.46281677 -0.0245
v -0.00110174 0.4631325 -0.0185
v -0.00110174 0.4631325 -0.0245
v -0.00061838 0.46332988 -0.0185
v -0.00061838 0.46332988 -0.0245
v -0.00010041 0.46339545 -0.0185
v -0.00010041 0.46339545 -0.0245
v 0.00041688 0.4633247 -0.0185
v 0.00041688 0.4633247 -0.0245
v 0.00089823 0.46312249 -0.0185
v 0.00089823 0.46312249 -0.0245
v 0.00131084 0.46280256 -0.0185
v 0.00131084 0.46280256 -0.0245
v 0.0016266 0.46238676 -0.0185
v 0.0016266 0.46238676 -0.0245
v 0.00182397 0.46190339 -0.0185
v 0.00182397 0.46190339 -0.0245
v 0.00188952 0.46138543 -0.0185
v 0.00188952 0.46138543 -0.0245
v 0.00181878 0.46086812 -0.0185
v 0.00181878 0.46086812 -0.0245
v 0.00161656 0.46038678 -0.0185
v 0.00161656 0.46038678 -0.0245
v 0.00129664 0.45997417 -0.0185
v -0.00011045 0.46139547 -0.0185
v 0.02342102 0.48469183 -0.0245
v 0.02373677 0.48427603 -0.0245
v 0.02373677 0.48427603 -0.0185
v 0.0238513 0.48404083 -0.0245
v 0.02393415 0.48379266 -0.0185
v 0.02393415 0.48379266 -0.0245
v 0.0239997 0.4832747 -0.0185
v 0.0239997 0.4832747 -0.0245
v 0.02392895 0.48275742 -0.0185
v 0.02392895 0.48275742 -0.0245
v 0.02372673 0.48227605 -0.0185
v 0.02372673 0.48227605 -0.0245
v 0.02340682 0.48186344 -0.0185
v 0.02340682 0.48186344 -0.0245
v 0.02299101 0.48154768 -0.0185
v 0.02299101 0.48154768 -0.0245
v 0.02250765 0.4813503 -0.0185
v 0.02250765 0.4813503 -0.0245
v 0.02198968 0.48128477 -0.0185
v 0.02198968 0.48128477 -0.0245
v 0.02147239 0.48135552 -0.0185
v 0.02147239 0.48135552 -0.0245
v 0.02099104 0.48155773 -0.0185
v 0.02099104 0.48155773 -0.0245
v 0.02057843 0.48187765 -0.0185
v 0.02057843 0.48187765 -0.0245
v 0.02026267 0.48229346 -0.0185
v 0.02026267 0.48229346 -0.0245
v 0.0200653 0.48277679 -0.0185
v 0.0200653 0.48277679 -0.0245
v 0.01999975 0.48329479 -0.0185
v 0.01999975 0.48329479 -0.0245
v 0.0200705 0.48381206 -0.0185
v 0.0200705 0.48381206 -0.0245
v 0.02027272 0.48429343 -0.0185
v 0.02027272 0.48429343 -0.0245
v 0.02059263 0.48470604 -0.0185
v 0.02059263 0.48470604 -0.0245
v 0.02100843 0.4850218 -0.0185
v 0.02100843 0.4850218 -0.0245
v 0.02149179 0.48521915 -0.0185
v 0.02149179 0.48521915 -0.0245
v 0.02200976 0.48528472 -0.0185
v 0.02200976 0.48528472 -0.0245
v 0.02252705 0.48521397 -0.0185
v 0.02252705 0.48521397 -0.0245
v 0.02300841 0.48501176 -0.0185
v 0.02300841 0.48501176 -0.0245
v 0.02342102 0.48469183 -0.0185
v 0.02199972 0.48328474 -0.0185
v -0.00060264 0.46646616 -0.0185
v -0.00108399 0.46666837 -0.0185
v -7.531E-05 0.46839538 -0.0185
v -0.0014966 0.4669883 -0.0185
v -0.00181236 0.4674041 -0.0185
v 0.00091598 0.46665832 -0.0185
v 0.00043262 0.46646094 -0.0185
v -8.535E-05 0.46639541 -0.0185
v 0.00185392 0.46786806 -0.0185
v 0.0016517 0.46738669 -0.0185
v 0.00133179 0.46697408 -0.0185
v 0.00166174 0.46938667 -0.0185
v 0.00185912 0.4689033 -0.0185
v 0.00192467 0.46838534 -0.0185
v 0.00045202 0.47032461 -0.0185
v 0.00093337 0.4701224 -0.0185
v 0.00134599 0.46980247 -0.0185
v -0.0010666 0.47013244 -0.0185
v -0.00058324 0.47032979 -0.0185
v -6.527E-05 0.47039536 -0.0185
v -0.00200454 0.4689227 -0.0185
v -0.00180232 0.46940407 -0.0185
v -0.0014824 0.46981668 -0.0185
v -0.00200973 0.46788743 -0.0185
v -0.00207528 0.46840543 -0.0185
v -0.0014966 0.4669883 -0.0245
v -0.00108399 0.46666837 -0.0245
v -0.00060264 0.46646616 -0.0245
v -8.535E-05 0.46639541 -0.0245
v 0.00043262 0.46646094 -0.0245
v 0.00091598 0.46665832 -0.0245
v 0.00133179 0.46697408 -0.0245
v 0.0016517 0.46738669 -0.0245
v 0.00185392 0.46786806 -0.0245
v 0.00192467 0.46838534 -0.0245
v 0.00185912 0.4689033 -0.0245
v 0.00166174 0.46938667 -0.0245
v 0.00134599 0.46980247 -0.0245
v 0.00093337 0.4701224 -0.0245
v 0.00045202 0.47032461 -0.0245
v -6.527E-05 0.47039536 -0.0245
v -0.00058324 0.47032979 -0.0245
v -0.0010666 0.47013244 -0.0245
v -0.0014824 0.46981668 -0.0245
v -0.00180232 0.46940407 -0.0245
v -0.00200454 0.4689227 -0.0245
v -0.00207528 0.46840543 -0.0245
v -0.00200973 0.46788743 -0.0245
v -0.00181236 0.4674041 -0.0245
v -0.01552714 0.48154128 -0.0185
v -0.01600849 0.48174348 -0.0185
v -0.01499981 0.4834705 -0.0185
v -0.01642111 0.48206341 -0.0185
v -0.01673686 0.48247921 -0.0185
v -0.01400852 0.48173344 -0.0185
v -0.01449188 0.48153606 -0.0185
v -0.01500985 0.48147053 -0.0185
v -0.01307058 0.48294318 -0.0185
v -0.0132728 0.48246181 -0.0185
v -0.01359272 0.4820492 -0.0185
v -0.01326276 0.48446178 -0.0185
v -0.01306538 0.48397842 -0.0185
v -0.01299984 0.48346046 -0.0185
v -0.01447248 0.48539972 -0.0185
v -0.01399113 0.48519751 -0.0185
v -0.01357852 0.48487759 -0.0185
v -0.0159911 0.48520756 -0.0185
v -0.01550774 0.48540491 -0.0185
v -0.01498977 0.48547047 -0.0185
v -0.01692904 0.48399782 -0.0185
v -0.01672682 0.48447919 -0.0185
v -0.01640691 0.4848918 -0.0185
v -0.01693424 0.48296255 -0.0185
v -0.01699978 0.48348054 -0.0185
v -0.01642111 0.48206341 -0.0245
v -0.01600849 0.48174348 -0.0245
v -0.01552714 0.48154128 -0.0245
v -0.01500985 0.48147053 -0.0245
v -0.01449188 0.48153606 -0.0245
v -0.01400852 0.48173344 -0.0245
v -0.01359272 0.4820492 -0.0245
v -0.0132728 0.48246181 -0.0245
v -0.01307058 0.48294318 -0.0245
v -0.01299984 0.48346046 -0.0245
v -0.01306538 0.48397842 -0.0245
v -0.01326276 0.48446178 -0.0245
v -0.01357852 0.48487759 -0.0245
v -0.01399113 0.48519751 -0.0245
v -0.01447248 0.48539972 -0.0245
v -0.01498977 0.48547047 -0.0245
v -0.01550774 0.48540491 -0.0245
v -0.0159911 0.48520756 -0.0245
v -0.01640691 0.4848918 -0.0245
v -0.01672682 0.48447919 -0.0245
v -0.01692904 0.48399782 -0.0245
v -0.01699978 0.48348054 -0.0245
v -0.01693424 0.48296255 -0.0245
v -0.01673686 0.48247921 -0.0245
v -0.00045202 0.49646577 -0.0185
v -0.00093337 0.49666798 -0.0185
v 7.531E-05 0.498395 -0.0185
v -0.00134599 0.49698791 -0.0185
v -0.00166174 0.49740371 -0.0185
v 0.0010666 0.49665794 -0.0185
v 0.00058324 0.49646059 -0.0185
v 6.527E-05 0.49639502 -0.0185
v 0.00200454 0.49786767 -0.0185
v 0.00180232 0.49738631 -0.0185
v 0.0014824 0.49697369 -0.0185
v 0.00181236 0.49938628 -0.0185
v 0.00200973 0.49890292 -0.0185
v 0.00207528 0.49838495 -0.0185
v 0.00060264 0.50032425 -0.0185
v 0.00108399 0.50012201 -0.0185
v 0.0014966 0.49980208 -0.0185
v -0.00091598 0.50013202 -0.0185
v -0.00043262 0.50032943 -0.0185
v 8.535E-05 0.500395 -0.0185
v -0.00185392 0.49892232 -0.0185
v -0.0016517 0.49940369 -0.0185
v -0.00133179 0.4998163 -0.0185
v -0.00185912 0.49788707 -0.0185
v -0.00192467 0.49840504 -0.0185
v -0.00134599 0.49698791 -0.0245
v -0.00093337 0.49666798 -0.0245
v -0.00045202 0.49646577 -0.0245
v 6.527E-05 0.49639502 -0.0245
v 0.00058324 0.49646059 -0.0245
v 0.0010666 0.49665794 -0.0245
v 0.0014824 0.49697369 -0.0245
v 0.00180232 0.49738631 -0.0245
v 0.00200454 0.49786767 -0.0245
v 0.00207528 0.49838495 -0.0245
v 0.00200973 0.49890292 -0.0245
v 0.00181236 0.49938628 -0.0245
v 0.0014966 0.49980208 -0.0245
v 0.00108399 0.50012201 -0.0245
v 0.00060264 0.50032425 -0.0245
v 8.535E-05 0.500395 -0.0245
v -0.00043262 0.50032943 -0.0245
v -0.00091598 0.50013202 -0.0245
v -0.00133179 0.4998163 -0.0245
v -0.0016517 0.49940369 -0.0245
v -0.00185392 0.49892232 -0.0245
v -0.00192467 0.49840504 -0.0245
v -0.00185912 0.49788707 -0.0245
v -0.00166174 0.49740371 -0.0245
v 0.02115665 0.49472639 -0.0245
v 0.02735853 0.49900803 -0.0205
v 0.02321311 0.48949039 -0.0245
v 0.03046721 0.49139512 -0.0205
v 0.0238101 0.48640832 -0.0245
v 0.0314996 0.48323703 -0.0205
v 0.02315074 0.47706723 -0.0245
v 0.02377865 0.48014313 -0.0245
v 0.0113312 0.46223855 -0.0245
v 0.0118955 0.46255058 -0.0245
v 0.01561284 0.45603666 -0.0205
v 0.01688515 0.46633965 -0.0245
v 0.02216176 0.46100977 -0.0205
v 0.0207241 0.47129098 -0.0245
v 0.02720038 0.46750844 -0.0205
v 0.03038535 0.47508973 -0.0205
v 0.00609519 0.46018207 -0.0245
v 0.00799994 0.45292798 -0.0205
v 0.00301313 0.45958507 -0.0245
v -0.00015815 0.45189559 -0.0205
v -0.03046721 0.47539526 -0.0205
v -0.02084459 0.47149968 -0.0245
v -0.02735853 0.46778235 -0.0205
v -0.01705555 0.46651003 -0.0245
v -0.02238541 0.46123344 -0.0205
v -0.0121042 0.4626711 -0.0245
v -0.01588676 0.45619482 -0.0205
v -0.01154306 0.46235338 -0.0245
v -0.00830546 0.45300984 -0.0205
v -0.00632797 0.46024445 -0.0245
v -0.00325205 0.45961654 -0.0245
v -0.02377865 0.48664725 -0.0245
v -0.0314996 0.48355335 -0.0205
v -0.0238101 0.48038206 -0.0245
v -0.02321311 0.47729999 -0.0245
v -0.02315074 0.48972315 -0.0245
v -0.03038535 0.49170065 -0.0205
v -0.02104181 0.49493825 -0.0245
v -0.02720038 0.49928194 -0.0205
v -0.0207241 0.49549937 -0.0245
v -0.02216176 0.50578058 -0.0205
v -0.01688515 0.50045073 -0.0245
v -0.01561284 0.51075369 -0.0205
v -0.0118955 0.5042398 -0.0245
v -0.00799994 0.51386237 -0.0205
v -0.00609519 0.50660831 -0.0245
v 0.02084459 0.4952907 -0.0245
v 0.01705555 0.50028032 -0.0245
v 0.02238541 0.50555694 -0.0205
v 0.0121042 0.50411928 -0.0245
v 0.01588676 0.51059556 -0.0205
v 0.00632797 0.5065459 -0.0245
v 0.00830546 0.51378053 -0.0205
v 0.00325205 0.50717384 -0.0245
v 0.00015815 0.51489478 -0.0205
v -0.00301313 0.50720531 -0.0245
v 0.02735853 0.49900803 -0.0145
v 0.03046721 0.49139512 -0.0145
v 0.0314996 0.48323703 -0.0145
v 0.03038535 0.47508973 -0.0145
v 0.02720038 0.46750844 -0.0145
v 0.02216176 0.46100977 -0.0145
v 0.01561284 0.45603666 -0.0145
v 0.00799994 0.45292798 -0.0145
v -0.00015815 0.45189559 -0.0145
v -0.00830546 0.45300984 -0.0145
v -0.01588676 0.45619482 -0.0145
v -0.02238541 0.46123344 -0.0145
v -0.02735853 0.46778235 -0.0145
v -0.03046721 0.47539526 -0.0145
v -0.0314996 0.48355335 -0.0145
v -0.03038535 0.49170065 -0.0145
v -0.02720038 0.49928194 -0.0145
v -0.02216176 0.50578058 -0.0145
v -0.01561284 0.51075369 -0.0145
v -0.00799994 0.51386237 -0.0145
v 0.00015815 0.51489478 -0.0145
v 0.00830546 0.51378053 -0.0145
v 0.01588676 0.51059556 -0.0145
v 0.02238541 0.50555694 -0.0145
v -0.0145082 0.47958571 -0.0145
v -0.01302787 0.47596049 -0.0145
v -0.01065972 0.47284198 -0.0145
v -0.00756512 0.47044262 -0.0145
v -0.00395498 0.46892598 -0.0145
v -7.531E-05 0.46839538 -0.0145
v 0.00380949 0.468887 -0.0145
v 0.00743469 0.47036731 -0.0145
v 0.01055322 0.47273546 -0.0145
v 0.01295256 0.47583008 -0.0145
v 0.01446921 0.47944021 -0.0145
v 0.01499981 0.48331988 -0.0145
v 0.0145082 0.48720467 -0.0145
v 0.01302787 0.49082989 -0.0145
v 0.01065972 0.4939484 -0.0145
v 0.00756512 0.49634776 -0.0145
v 0.00395498 0.4978644 -0.0145
v 7.531E-05 0.498395 -0.0145
v -0.00380949 0.49790338 -0.0145
v -0.00743469 0.49642307 -0.0145
v -0.01055322 0.49405491 -0.0145
v -0.01295256 0.4909603 -0.0145
v -0.01446921 0.48735017 -0.0145
v -0.01499981 0.4834705 -0.0145
v 0.01302787 0.49082989 -0.0135
v 0.0145082 0.48720467 -0.0135
v 0.01499981 0.48331988 -0.0135
v 0.01446921 0.47944021 -0.0135
v 0.01295256 0.47583008 -0.0135
v 0.01055322 0.47273546 -0.0135
v 0.00743469 0.47036731 -0.0135
v 0.00380949 0.468887 -0.0135
v -7.531E-05 0.46839538 -0.0135
v -0.00395498 0.46892598 -0.0135
v -0.00756512 0.47044262 -0.0135
v -0.01065972 0.47284198 -0.0135
v -0.01302787 0.47596049 -0.0135
v -0.0145082 0.47958571 -0.0135
v -0.01499981 0.4834705 -0.0135
v -0.01446921 0.48735017 -0.0135
v -0.01295256 0.4909603 -0.0135
v -0.01055322 0.49405491 -0.0135
v -0.00743469 0.49642307 -0.0135
v -0.00380949 0.49790338 -0.0135
v 7.531E-05 0.498395 -0.0135
v 0.00395498 0.4978644 -0.0135
v 0.00756512 0.49634776 -0.0135
v 0.01065972 0.4939484 -0.0135
v 0.01588676 0.51059556 -0.0135
v 0.02238541 0.50555694 -0.0135
v 0.02735853 0.49900803 -0.0135
v 0.03046721 0.49139512 -0.0135
v 0.0314996 0.48323703 -0.0135
v 0.03038535 0.47508973 -0.0135
v 0.02720038 0.46750844 -0.0135
v 0.02216176 0.46100977 -0.0135
v 0.01561284 0.45603666 -0.0135
v 0.00799994 0.45292798 -0.0135
v -0.00015815 0.45189559 -0.0135
v -0.00830546 0.45300984 -0.0135
v -0.01588676 0.45619482 -0.0135
v -0.02238541 0.46123344 -0.0135
v -0.02735853 0.46778235 -0.0135
v -0.03046721 0.47539526 -0.0135
v -0.0314996 0.48355335 -0.0135
v -0.03038535 0.49170065 -0.0135
v -0.02720038 0.49928194 -0.0135
v -0.02216176 0.50578058 -0.0135
v -0.01561284 0.51075369 -0.0135
v -0.00799994 0.51386237 -0.0135
v 0.00015815 0.51489478 -0.0135
v 0.00830546 0.51378053 -0.0135
v 0.02735853 0.49900803 0.0425
v 0.03046721 0.49139512 0.0425
v 0.0314996 0.48323703 0.0425
v 0.03038535 0.47508973 0.0425
v 0.02720038 0.46750844 0.0425
v 0.02216176 0.46100977 0.0425
v 0.01561284 0.45603666 0.0425
v 0.00799994 0.45292798 0.0425
v -0.00015815 0.45189559 0.0425
v -0.00830546 0.45300984 0.0425
v -0.01588676 0.45619482 0.0425
v -0.02238541 0.46123344 0.0425
v -0.02735853 0.46778235 0.0425
v -0.03046721 0.47539526 0.0425
v -0.0314996 0.48355335 0.0425
v -0.03038535 0.49170065 0.0425
v -0.02720038 0.49928194 0.0425
v -0.02216176 0.50578058 0.0425
v -0.01561284 0.51075369 0.0425
v -0.00799994 0.51386237 0.0425
v 0.00015815 0.51489478 0.0425
v 0.00830546 0.51378053 0.0425
v 0.01588676 0.51059556 0.0425
v 0.02238541 0.50555694 0.0425
v -0.0138964 0.47546485 0.0475
v -0.01547541 0.47933173 0.0475
v -0.0159998 0.48347551 0.0475
v -0.01543383 0.48761383 0.0475
v -0.01381607 0.49146464 0.0475
v -0.01125676 0.49476555 0.0475
v -0.00793033 0.49729159 0.0475
v -0.00406346 0.49887061 0.0475
v 8.033E-05 0.49939498 0.0475
v 0.00421864 0.49882901 0.0475
v 0.00806947 0.49721125 0.0475
v 0.01137037 0.49465194 0.0475
v 0.0138964 0.49132553 0.0475
v 0.01547541 0.48745865 0.0475
v 0.0159998 0.48331487 0.0475
v 0.01543383 0.47917655 0.0475
v 0.01381607 0.47532573 0.0475
v 0.01125676 0.47202483 0.0475
v 0.00793033 0.46949878 0.0475
v 0.00406346 0.46791977 0.0475
v -8.033E-05 0.4673954 0.0475
v -0.00421864 0.46796137 0.0475
v -0.00806947 0.46957913 0.0475
v -0.01137037 0.47213843 0.0475
v 0.01020144 0.4730908 0.0475
v 0.01252081 0.47608224 0.0475
v 0.01398691 0.47957203 0.0475
v 0.01449982 0.48332238 0.0475
v 0.01402459 0.48707771 0.0475
v 0.01259361 0.49058205 0.0475
v 0.0103044 0.49359664 0.0475
v 0.00731295 0.49591601 0.0475
v 0.00382315 0.4973821 0.0475
v 7.28E-05 0.497895 0.0475
v -0.00368251 0.49741977 0.0475
v -0.00718686 0.49598879 0.0475
v -0.01020144 0.49369958 0.0475
v -0.01252081 0.49070814 0.0475
v -0.01398691 0.48721832 0.0475
v -0.01449982 0.483468 0.0475
v -0.01402459 0.47971267 0.0475
v -0.01259361 0.47620833 0.0475
v -0.0103044 0.47319373 0.0475
v -0.00731295 0.47087437 0.0475
v -0.00382315 0.46940827 0.0475
v -7.28E-05 0.46889538 0.0475
v 0.00368251 0.4693706 0.0475
v 0.00718686 0.47080159 0.0475
v 0.01259361 0.49058205 0.0495
v 0.01402459 0.48707771 0.0495
v 0.01449982 0.48332238 0.0495
v 0.01398691 0.47957203 0.0495
v 0.01252081 0.47608224 0.0495
v 0.01020144 0.4730908 0.0495
v 0.00718686 0.47080159 0.0495
v 0.00368251 0.4693706 0.0495
v -7.28E-05 0.46889538 0.0495
v -0.00382315 0.46940827 0.0495
v -0.00731295 0.47087437 0.0495
v -0.0103044 0.47319373 0.0495
v -0.01259361 0.47620833 0.0495
v -0.01402459 0.47971267 0.0495
v -0.01449982 0.483468 0.0495
v -0.01398691 0.48721832 0.0495
v -0.01252081 0.49070814 0.0495
v -0.01020144 0.49369958 0.0495
v -0.00718686 0.49598879 0.0495
v -0.00368251 0.49741977 0.0495
v 7.28E-05 0.497895 0.0495
v 0.00382315 0.4973821 0.0495
v 0.00731295 0.49591601 0.0495
v 0.0103044 0.49359664 0.0495
v 0.0034741 0.48537776 0.0495
v 0.00284259 0.48620939 0.0495
v 0.00201737 0.48684922 0.0495
v 0.00105466 0.48725364 0.0495
v 2.008E-05 0.48739514 0.0495
v -0.00101587 0.48726404 0.0495
v -0.00198258 0.48686928 0.0495
v -0.00281419 0.48623779 0.0495
v -0.00345402 0.48541257 0.0495
v -0.00385846 0.48444986 0.0495
v -0.00399995 0.48341528 0.0495
v -0.00386885 0.48237932 0.0495
v -0.0034741 0.48141262 0.0495
v -0.00284259 0.48058099 0.0495
v -0.00201737 0.47994116 0.0495
v -0.00105466 0.47953674 0.0495
v -2.008E-05 0.47939524 0.0495
v 0.00101587 0.47952634 0.0495
v 0.00198258 0.4799211 0.0495
v 0.00281419 0.48055258 0.0495
v 0.00345402 0.48137781 0.0495
v 0.00385846 0.48234051 0.0495
v 0.00399995 0.4833751 0.0495
v 0.00386885 0.48441106 0.0495
v 0.0034741 0.48537776 0.0655
v 0.00386885 0.48441106 0.0655
v 0.00399995 0.4833751 0.0655
v 0.00385846 0.48234051 0.0655
v 0.00345402 0.48137781 0.0655
v 0.00281419 0.48055258 0.0655
v 0.00198258 0.4799211 0.0655
v 0.00101587 0.47952634 0.0655
v -2.008E-05 0.47939524 0.0655
v -0.00105466 0.47953674 0.0655
v -0.00201737 0.47994116 0.0655
v -0.00284259 0.48058099 0.0655
v -0.0034741 0.48141262 0.0655
v -0.00386885 0.48237932 0.0655
v -0.00399995 0.48341528 0.0655
v -0.00385846 0.48444986 0.0655
v -0.00345402 0.48541257 0.0655
v -0.00281419 0.48623779 0.0655
v -0.00198258 0.48686928 0.0655
v -0.00101587 0.48726404 0.0655
v 2.008E-05 0.48739514 0.0655
v 0.00105466 0.48725364 0.0655
v 0.00201737 0.48684922 0.0655
v 0.00284259 0.48620939 0.0655
v -0 0.48339519 0.0655
v -4.83E-05 0.47377399 -0.0245
v 0.017 0.44639519 -0.0195
v 0.0405 0.44639519 -0.0195
v 0.017 0.44639519 -0.0105
v 0.011 0.44639519 0.0489
v 0.01213137 0.44639519 0.04936863
v 0.0118 0.44639519 0.04911436
v 0.01141411 0.44639519 0.04895452
v -0.0405 0.44639519 -0.0195
v -0.017 0.44639519 -0.0195
v -0.017 0.44639519 -0.0105
v -0.0126 0.44639519 0.0505
v -0.01254548 0.44639519 0.05091411
v -0.0405 0.44639519 0.0615
v -0.01238564 0.44639519 0.0513
v -0.01213137 0.44639519 0.05163137
v -0.011 0.44639519 0.0521
v -0.01058589 0.44639519 0.05204548
v -0.00961436 0.44639519 0.0497
v -0.00986863 0.44639519 0.04936863
v 0.00961436 0.44639519 0.0497
v -0.0102 0.44639519 0.04911436
v -0.01058589 0.44639519 0.04895452
v -0.011 0.44639519 0.0489
v -0.01141411 0.44639519 0.04895452
v -0.0118 0.44639519 0.04911436
v -0.0118 0.44639519 0.05188564
v -0.01141411 0.44639519 0.05204548
v -0.01213137 0.44639519 0.04936863
v -0.01238564 0.44639519 0.0497
v -0.01254548 0.44639519 0.05008589
v 0.0118 0.44639519 0.05188564
v 0.01213137 0.44639519 0.05163137
v 0.0405 0.44639519 0.0615
v 0.01238564 0.44639519 0.0513
v 0.01254548 0.44639519 0.05091411
v 0.0126 0.44639519 0.0505
v 0.01254548 0.44639519 0.05008589
v 0.01238564 0.44639519 0.0497
v -0.00986863 0.44639519 0.05163137
v -0.00961436 0.44639519 0.0513
v 0.00961436 0.44639519 0.0513
v -0.00945452 0.44639519 0.05091411
v 0.00986863 0.44639519 0.05163137
v 0.0102 0.44639519 0.05188564
v 0.01058589 0.44639519 0.05204548
v 0.011 0.44639519 0.0521
v 0.01141411 0.44639519 0.05204548
v -0.0102 0.44639519 0.05188564
v 0.01058589 0.44639519 0.04895452
v 0.0102 0.44639519 0.04911436
v 0.00986863 0.44639519 0.04936863
v -0.00945452 0.44639519 0.05008589
v 0.00945452 0.44639519 0.05008589
v -0.0094 0.44639519 0.0505
v 0.0094 0.44639519 0.0505
v 0.00945452 0.44639519 0.05091411
v 0.009395 0.45379519 0.04772006
v 0.012605 0.45379519 0.04772006
v 0.016 0.45379519 0.0465
v 0.01421 0.45379519 0.0505
v 0.016 0.45379519 0.0545
v 0.012605 0.45379519 0.05327994
v 0.009395 0.45379519 0.05327994
v -0.016 0.45379519 0.0465
v -0.009395 0.45379519 0.04772006
v 0.00779 0.45379519 0.0505
v -0.00779 0.45379519 0.0505
v -0.009395 0.45379519 0.05327994
v -0.016 0.45379519 0.0545
v -0.012605 0.45379519 0.05327994
v -0.01421 0.45379519 0.0505
v -0.012605 0.45379519 0.04772006
v -0.03 0.4573952 0.0545
v -0.0334641 0.45539519 0.0545
v -0.0357 0.45819518 0.0545
v -0.0357 0.4487952 0.0545
v -0.0334641 0.45139518 0.0545
v -0.03 0.44939518 0.0545
v -0.016 0.4487952 0.0545
v 0.016 0.4487952 0.0545
v 0.03 0.44939518 0.0545
v 0.0357 0.4487952 0.0545
v 0.0334641 0.45139518 0.0545
v 0.0357 0.45819518 0.0545
v 0.024702 0.45183519 0.0545
v 0.024702 0.45495519 0.0545
v 0.0265359 0.45539519 0.0545
v 0.022 0.45651519 0.0545
v 0.03 0.4573952 0.0545
v 0.0265359 0.45139518 0.0545
v 0.022 0.45027518 0.0545
v 0.019298 0.45183519 0.0545
v 0.019298 0.45495519 0.0545
v -0.022 0.45651519 0.0545
v 0.0334641 0.45539519 0.0545
v -0.0265359 0.45539519 0.0545
v -0.024702 0.45495519 0.0545
v -0.0265359 0.45139518 0.0545
v -0.024702 0.45183519 0.0545
v -0.022 0.45027518 0.0545
v -0.019298 0.45183519 0.0545
v -0.019298 0.45495519 0.0545
v 0.016 0.4487952 0.0465
v 0.0357 0.4487952 -0.0195
v 0.017 0.4487952 -0.0195
v 0.0357 0.4487952 -0.00775
v 0.017 0.4487952 -0.0105
v -0.0357 0.4487952 -0.0195
v -0.0357 0.4487952 -0.00775
v -0.017 0.4487952 -0.0195
v -0.017 0.4487952 -0.0105
v -0.016 0.4487952 0.0465
v 0.0357 0.4523952 -0.009
v 0.0357 0.47266313 -0.00775
v 0.0357 0.47739518 -0.009
v 0.0357 0.48319519 -0.00775
v 0.0357 0.45839518 -0.0065
v 0.0357 0.47139519 -0.0065
v 0.0357 0.47139519 0.0545
v 0.0357 0.4550972 0.00856
v 0.0357 0.4523952 0.01012
v 0.0357 0.4496932 0.00856
v 0.0357 0.4496932 0.00544
v 0.0357 0.4523952 0.00388
v 0.0357 0.4550972 0.00544
v 0.0357 0.45839518 0.0545
v 0.0357 0.45819518 0.0615
v 0.0357 0.47266313 0.0615
v 0.0357 0.47739518 0.04762
v 0.0357 0.47469318 0.04606
v 0.0357 0.47469318 0.04294
v 0.0357 0.47739518 0.04138
v 0.0357 0.48009717 0.04294
v 0.0357 0.48319519 0.0615
v 0.0357 0.48009717 0.04606
v 0.0357 0.47393107 -0.011
v 0.0357 0.47393107 -0.015
v 0.0357 0.47266313 -0.0195
v 0.0357 0.47739518 -0.017
v 0.0357 0.48319519 -0.0195
v 0.0357 0.48085928 -0.015
v 0.0357 0.48085928 -0.011
v 0.0357 0.4489311 -0.011
v 0.0357 0.4489311 -0.015
v 0.0357 0.4523952 -0.017
v 0.0357 0.4558593 -0.015
v 0.0357 0.4558593 -0.011
v -0.0435 0.47739518 0.0461
v -0.0385 0.47739518 0.0461
v -0.0435 0.47698107 0.04604548
v -0.0385 0.47698107 0.04604548
v -0.0435 0.47659519 0.04588564
v -0.0385 0.47659519 0.04588564
v -0.0435 0.47626382 0.04563137
v -0.0385 0.47626382 0.04563137
v -0.0435 0.47600955 0.0453
v -0.0385 0.47600955 0.0453
v -0.0435 0.47584972 0.04491411
v -0.0385 0.47584972 0.04491411
v -0.0435 0.47579518 0.0445
v -0.0385 0.47579518 0.0445
v -0.0435 0.47584972 0.04408589
v -0.0385 0.47584972 0.04408589
v -0.0435 0.47600955 0.0437
v -0.0385 0.47600955 0.0437
v -0.0435 0.47626382 0.04336863
v -0.0385 0.47626382 0.04336863
v -0.0435 0.47659519 0.04311436
v -0.0385 0.47659519 0.04311436
v -0.0435 0.47698107 0.04295452
v -0.0385 0.47698107 0.04295452
v -0.0435 0.47739518 0.0429
v -0.0385 0.47739518 0.0429
v -0.0435 0.47780931 0.04295452
v -0.0385 0.47780931 0.04295452
v -0.0435 0.47819519 0.04311436
v -0.0385 0.47819519 0.04311436
v -0.0435 0.47852656 0.04336863
v -0.0385 0.47852656 0.04336863
v -0.0435 0.47878084 0.0437
v -0.0385 0.47878084 0.0437
v -0.0435 0.47894067 0.04408589
v -0.0385 0.47894067 0.04408589
v -0.0435 0.47899517 0.0445
v -0.0385 0.47899517 0.0445
v -0.0435 0.47894067 0.04491411
v -0.0385 0.47894067 0.04491411
v -0.0435 0.47878084 0.0453
v -0.0385 0.47878084 0.0453
v -0.0435 0.47852656 0.04563137
v -0.0385 0.47852656 0.04563137
v -0.0435 0.47819519 0.04588564
v -0.0385 0.47819519 0.04588564
v -0.0435 0.47780931 0.04604548
v -0.0385 0.47780931 0.04604548
v -0.0435 0.4523952 0.0086
v -0.0385 0.4523952 0.0086
v -0.0435 0.45198107 0.00854548
v -0.0385 0.45198107 0.00854548
v -0.0435 0.45159519 0.00838564
v -0.0385 0.45159519 0.00838564
v -0.0435 0.45126382 0.00813137
v -0.0385 0.45126382 0.00813137
v -0.0435 0.45100954 0.0078
v -0.0385 0.45100954 0.0078
v -0.0435 0.45084971 0.00741411
v -0.0385 0.45084971 0.00741411
v -0.0435 0.45079517 0.007
v -0.0385 0.45079517 0.007
v -0.0435 0.45084971 0.00658589
v -0.0385 0.45084971 0.00658589
v -0.0435 0.45100954 0.0062
v -0.0385 0.45100954 0.0062
v -0.0435 0.45126382 0.00586863
v -0.0385 0.45126382 0.00586863
v -0.0435 0.45159519 0.00561436
v -0.0385 0.45159519 0.00561436
v -0.0435 0.45198107 0.00545452
v -0.0385 0.45198107 0.00545452
v -0.0435 0.4523952 0.0054
v -0.0385 0.4523952 0.0054
v -0.0435 0.4528093 0.00545452
v -0.0385 0.4528093 0.00545452
v -0.0435 0.45319518 0.00561436
v -0.0385 0.45319518 0.00561436
v -0.0435 0.45352656 0.00586863
v -0.0385 0.45352656 0.00586863
v -0.0435 0.45378083 0.0062
v -0.0385 0.45378083 0.0062
v -0.0435 0.45394066 0.00658589
v -0.0385 0.45394066 0.00658589
v -0.0435 0.4539952 0.007
v -0.0385 0.4539952 0.007
v -0.0435 0.45394066 0.00741411
v -0.0385 0.45394066 0.00741411
v -0.0435 0.45378083 0.0078
v -0.0385 0.45378083 0.0078
v -0.0435 0.45352656 0.00813137
v -0.0385 0.45352656 0.00813137
v -0.0435 0.45319518 0.00838564
v -0.0385 0.45319518 0.00838564
v -0.0435 0.4528093 0.00854548
v -0.0385 0.4528093 0.00854548
v 0.0435 0.45839518 -0.0065
v 0.0435 0.44939518 -0.0087
v 0.0435 0.47334519 -0.0087
v 0.0435 0.44939518 0.0615
v 0.0435 0.45839518 0.0545
v 0.0435 0.47334519 0.0615
v 0.0435 0.47139519 0.0545
v 0.0435 0.47139519 -0.0065
v 0.0435 0.45394066 0.00741411
v 0.0435 0.4539952 0.007
v 0.0435 0.45394066 0.00658589
v 0.0435 0.45378083 0.0062
v 0.0435 0.45352656 0.00586863
v 0.0435 0.45319518 0.00561436
v 0.0435 0.4528093 0.00545452
v 0.0435 0.4523952 0.0054
v 0.0435 0.45198107 0.00545452
v 0.0435 0.45159519 0.00561436
v 0.0435 0.45126382 0.00586863
v 0.0435 0.45100954 0.0062
v 0.0435 0.45159519 0.00838564
v 0.0435 0.45126382 0.00813137
v 0.0435 0.45100954 0.0078
v 0.0435 0.45319518 0.00838564
v 0.0435 0.45352656 0.00813137
v 0.0435 0.45378083 0.0078
v 0.0435 0.45084971 0.00658589
v 0.0435 0.45079517 0.007
v 0.0435 0.45084971 0.00741411
v 0.0435 0.45198107 0.00854548
v 0.0435 0.4523952 0.0086
v 0.0435 0.4528093 0.00854548
v 0.0435 0.45442364 -0.01354352
v 0.0435 0.45421383 -0.01405
v 0.0435 0.47334519 -0.0195
v 0.0435 0.44939518 -0.0195
v 0.0435 0.4523952 -0.0151
v 0.0435 0.45185167 -0.01502844
v 0.0435 0.4538801 -0.01151508
v 0.0435 0.45421383 -0.01195
v 0.0435 0.45442364 -0.01245648
v 0.0435 0.45134518 -0.01481865
v 0.0435 0.45091027 -0.01448492
v 0.0435 0.45057654 -0.01405
v 0.0435 0.45449519 -0.013
v 0.0435 0.4538801 -0.01448492
v 0.0435 0.4534452 -0.01481865
v 0.0435 0.45293871 -0.01502844
v 0.0435 0.45036674 -0.01354352
v 0.0435 0.45029518 -0.013
v 0.0435 0.45036674 -0.01245648
v 0.0435 0.45057654 -0.01195
v 0.0435 0.45091027 -0.01151508
v 0.0435 0.45134518 -0.01118135
v 0.0435 0.45185167 -0.01097156
v 0.0435 0.4523952 -0.0109
v 0.0435 0.45293871 -0.01097156
v 0.0435 0.4534452 -0.01118135
v 0.0435 0.48319519 -0.0087
v 0.0435 0.47878084 0.0437
v 0.0435 0.47852656 0.04336863
v 0.0435 0.47739518 0.0429
v 0.0435 0.47780931 0.04295452
v 0.0435 0.47819519 0.04311436
v 0.0435 0.47698107 0.04295452
v 0.0435 0.47659519 0.04311436
v 0.0435 0.47626382 0.04336863
v 0.0435 0.47600955 0.0437
v 0.0435 0.47584972 0.04408589
v 0.0435 0.47579518 0.0445
v 0.0435 0.47584972 0.04491411
v 0.0435 0.47600955 0.0453
v 0.0435 0.47626382 0.04563137
v 0.0435 0.47659519 0.04588564
v 0.0435 0.47878084 0.0453
v 0.0435 0.48319519 0.0615
v 0.0435 0.47852656 0.04563137
v 0.0435 0.47819519 0.04588564
v 0.0435 0.47894067 0.04491411
v 0.0435 0.47899517 0.0445
v 0.0435 0.47894067 0.04408589
v 0.0435 0.47698107 0.04604548
v 0.0435 0.47739518 0.0461
v 0.0435 0.47780931 0.04604548
v 0.0435 0.47685167 -0.01502844
v 0.0435 0.47634518 -0.01481865
v 0.0435 0.47591028 -0.01448492
v 0.0435 0.47557652 -0.01405
v 0.0435 0.47536674 -0.01354352
v 0.0435 0.47529519 -0.013
v 0.0435 0.47536674 -0.01245648
v 0.0435 0.47557652 -0.01195
v 0.0435 0.47591028 -0.01151508
v 0.0435 0.47634518 -0.01118135
v 0.0435 0.48319519 -0.0195
v 0.0435 0.47921383 -0.01405
v 0.0435 0.47888011 -0.01448492
v 0.0435 0.47793871 -0.01097156
v 0.0435 0.47739518 -0.0109
v 0.0435 0.47685167 -0.01097156
v 0.0435 0.4784452 -0.01118135
v 0.0435 0.47888011 -0.01151508
v 0.0435 0.47921383 -0.01195
v 0.0435 0.47942364 -0.01245648
v 0.0435 0.4794952 -0.013
v 0.0435 0.47942364 -0.01354352
v 0.0435 0.4784452 -0.01481865
v 0.0435 0.47793871 -0.01502844
v 0.0435 0.47739518 -0.0151
v -0.0435 0.47334519 0.0615
v -0.0435 0.48319519 0.0615
v -0.0435 0.48319519 -0.0087
v -0.0435 0.47334519 -0.0087
v -0.0435 0.47739518 -0.0109
v -0.0435 0.47685167 -0.01097156
v -0.0435 0.47634518 -0.01118135
v -0.0435 0.47591028 -0.01151508
v -0.0435 0.47557652 -0.01195
v -0.0435 0.47942364 -0.01245648
v -0.0435 0.47921383 -0.01195
v -0.0435 0.47536674 -0.01354352
v -0.0435 0.47334519 -0.0195
v -0.0435 0.47529519 -0.013
v -0.0435 0.47536674 -0.01245648
v -0.0435 0.47557652 -0.01405
v -0.0435 0.47591028 -0.01448492
v -0.0435 0.47634518 -0.01481865
v -0.0435 0.48319519 -0.0195
v -0.0435 0.4784452 -0.01481865
v -0.0435 0.47888011 -0.01448492
v -0.0435 0.47793871 -0.01097156
v -0.0435 0.47685167 -0.01502844
v -0.0435 0.47739518 -0.0151
v -0.0435 0.47793871 -0.01502844
v -0.0435 0.47921383 -0.01405
v -0.0435 0.47942364 -0.01354352
v -0.0435 0.4794952 -0.013
v -0.0435 0.47888011 -0.01151508
v -0.0435 0.4784452 -0.01118135
v -0.0435 0.45839518 -0.0065
v -0.0435 0.47139519 -0.0065
v -0.0435 0.47139519 0.0545
v -0.0435 0.45839518 0.0545
v -0.0435 0.44939518 0.0615
v -0.0435 0.44939518 -0.0087
v -0.0435 0.4523952 -0.0109
v -0.0435 0.45185167 -0.01097156
v -0.0435 0.45134518 -0.01118135
v -0.0435 0.45091027 -0.01151508
v -0.0435 0.45057654 -0.01195
v -0.0435 0.45442364 -0.01245648
v -0.0435 0.45421383 -0.01195
v -0.0435 0.45036674 -0.01245648
v -0.0435 0.45029518 -0.013
v -0.0435 0.44939518 -0.0195
v -0.0435 0.45036674 -0.01354352
v -0.0435 0.45057654 -0.01405
v -0.0435 0.45091027 -0.01448492
v -0.0435 0.45134518 -0.01481865
v -0.0435 0.45185167 -0.01502844
v -0.0435 0.45293871 -0.01097156
v -0.0435 0.4523952 -0.0151
v -0.0435 0.45293871 -0.01502844
v -0.0435 0.4534452 -0.01481865
v -0.0435 0.4538801 -0.01448492
v -0.0435 0.45421383 -0.01405
v -0.0435 0.45442364 -0.01354352
v -0.0435 0.45449519 -0.013
v -0.0435 0.4538801 -0.01151508
v -0.0435 0.4534452 -0.01118135
v -0.0357 0.45819518 0.0615
v -0.0357 0.45839518 0.0545
v -0.0357 0.47266313 0.0615
v -0.0357 0.4523952 0.00388
v -0.0357 0.4496932 0.00544
v -0.0357 0.4496932 0.00856
v -0.0357 0.4523952 0.01012
v -0.0357 0.47139519 0.0545
v -0.0357 0.47139519 -0.0065
v -0.0357 0.47266313 -0.00775
v -0.0357 0.45839518 -0.0065
v -0.0357 0.4550972 0.00544
v -0.0357 0.4550972 0.00856
v -0.0357 0.47266313 -0.0195
v -0.0357 0.4523952 -0.017
v -0.0357 0.4489311 -0.015
v -0.0357 0.4489311 -0.011
v -0.0357 0.4523952 -0.009
v -0.0357 0.4558593 -0.011
v -0.0357 0.4558593 -0.015
v -0.0357 0.47739518 0.04138
v -0.0357 0.47469318 0.04294
v -0.0357 0.47469318 0.04606
v -0.0357 0.47739518 0.04762
v -0.0357 0.48319519 0.0615
v -0.0357 0.48009717 0.04606
v -0.0357 0.48009717 0.04294
v -0.0357 0.48319519 -0.00775
v -0.0357 0.47739518 -0.009
v -0.0357 0.48085928 -0.011
v -0.0357 0.48319519 -0.0195
v -0.0357 0.48085928 -0.015
v -0.0357 0.47739518 -0.017
v -0.0357 0.47393107 -0.015
v -0.0357 0.47393107 -0.011
v 0.022 0.45214519 0.0615
v 0.022 0.45214519 0.058
v 0.02167648 0.45218778 0.0615
v 0.02167648 0.45218778 0.058
v 0.021375 0.45231265 0.0615
v 0.021375 0.45231265 0.058
v 0.02111612 0.45251131 0.0615
v 0.02111612 0.45251131 0.058
v 0.02091747 0.45277017 0.0615
v 0.02091747 0.45277017 0.058
v 0.02079259 0.45307165 0.0615
v 0.02079259 0.45307165 0.058
v 0.02075 0.45339519 0.0615
v 0.02075 0.45339519 0.058
v 0.02079259 0.45371872 0.0615
v 0.02079259 0.45371872 0.058
v 0.02091747 0.4540202 0.0615
v 0.02091747 0.4540202 0.058
v 0.02111612 0.45427907 0.0615
v 0.02111612 0.45427907 0.058
v 0.021375 0.45447773 0.0615
v 0.021375 0.45447773 0.058
v 0.02167648 0.4546026 0.0615
v 0.02167648 0.4546026 0.058
v 0.022 0.45464519 0.0615
v 0.022 0.45464519 0.058
v 0.02232352 0.4546026 0.0615
v 0.02232352 0.4546026 0.058
v 0.022625 0.45447773 0.0615
v 0.022625 0.45447773 0.058
v 0.02288388 0.45427907 0.0615
v 0.02288388 0.45427907 0.058
v 0.02308253 0.4540202 0.0615
v 0.02308253 0.4540202 0.058
v 0.02320741 0.45371872 0.0615
v 0.02320741 0.45371872 0.058
v 0.02325 0.45339519 0.0615
v 0.02325 0.45339519 0.058
v 0.02320741 0.45307165 0.0615
v 0.02320741 0.45307165 0.058
v 0.02308253 0.45277017 0.0615
v 0.02308253 0.45277017 0.058
v 0.02288388 0.45251131 0.0615
v 0.02288388 0.45251131 0.058
v 0.022625 0.45231265 0.0615
v 0.022625 0.45231265 0.058
v 0.02232352 0.45218778 0.0615
v 0.02232352 0.45218778 0.058
v -0.03 0.45124519 0.0615
v -0.03 0.45124519 0.058
v -0.03055646 0.45131844 0.0615
v -0.03055646 0.45131844 0.058
v -0.031075 0.45153323 0.0615
v -0.031075 0.45153323 0.058
v -0.03152028 0.45187491 0.0615
v -0.03152028 0.45187491 0.058
v -0.03186195 0.45232019 0.0615
v -0.03186195 0.45232019 0.058
v -0.03207674 0.45283872 0.0615
v -0.03207674 0.45283872 0.058
v -0.03215 0.45339519 0.0615
v -0.03215 0.45339519 0.058
v -0.03207674 0.45395166 0.0615
v -0.03207674 0.45395166 0.058
v -0.03186195 0.45447019 0.0615
v -0.03186195 0.45447019 0.058
v -0.03152028 0.45491546 0.0615
v -0.03152028 0.45491546 0.058
v -0.031075 0.45525715 0.0615
v -0.031075 0.45525715 0.058
v -0.03055646 0.45547193 0.0615
v -0.03055646 0.45547193 0.058
v -0.03 0.45554519 0.0615
v -0.03 0.45554519 0.058
v -0.02944354 0.45547193 0.0615
v -0.02944354 0.45547193 0.058
v -0.028925 0.45525715 0.0615
v -0.028925 0.45525715 0.058
v -0.02847972 0.45491546 0.0615
v -0.02847972 0.45491546 0.058
v -0.02813805 0.45447019 0.0615
v -0.02813805 0.45447019 0.058
v -0.02792326 0.45395166 0.0615
v -0.02792326 0.45395166 0.058
v -0.02785 0.45339519 0.0615
v -0.02785 0.45339519 0.058
v -0.02792326 0.45283872 0.0615
v -0.02792326 0.45283872 0.058
v -0.02813805 0.45232019 0.0615
v -0.02813805 0.45232019 0.058
v -0.02847972 0.45187491 0.0615
v -0.02847972 0.45187491 0.058
v -0.028925 0.45153323 0.0615
v -0.028925 0.45153323 0.058
v -0.02944354 0.45131844 0.0615
v -0.02944354 0.45131844 0.058
v -0.022 0.45214519 0.0615
v -0.022 0.45214519 0.058
v -0.02232352 0.45218778 0.0615
v -0.02232352 0.45218778 0.058
v -0.022625 0.45231265 0.0615
v -0.022625 0.45231265 0.058
v -0.02288388 0.45251131 0.0615
v -0.02288388 0.45251131 0.058
v -0.02308253 0.45277017 0.0615
v -0.02308253 0.45277017 0.058
v -0.02320741 0.45307165 0.0615
v -0.02320741 0.45307165 0.058
v -0.02325 0.45339519 0.0615
v -0.02325 0.45339519 0.058
v -0.02320741 0.45371872 0.0615
v -0.02320741 0.45371872 0.058
v -0.02308253 0.4540202 0.0615
v -0.02308253 0.4540202 0.058
v -0.02288388 0.45427907 0.0615
v -0.02288388 0.45427907 0.058
v -0.022625 0.45447773 0.0615
v -0.022625 0.45447773 0.058
v -0.02232352 0.4546026 0.0615
v -0.02232352 0.4546026 0.058
v -0.022 0.45464519 0.0615
v -0.022 0.45464519 0.058
v -0.02167648 0.4546026 0.0615
v -0.02167648 0.4546026 0.058
v -0.021375 0.45447773 0.0615
v -0.021375 0.45447773 0.058
v -0.02111612 0.45427907 0.0615
v -0.02111612 0.45427907 0.058
v -0.02091747 0.4540202 0.0615
v -0.02091747 0.4540202 0.058
v -0.02079259 0.45371872 0.0615
v -0.02079259 0.45371872 0.058
v -0.02075 0.45339519 0.0615
v -0.02075 0.45339519 0.058
v -0.02079259 0.45307165 0.0615
v -0.02079259 0.45307165 0.058
v -0.02091747 0.45277017 0.0615
v -0.02091747 0.45277017 0.058
v -0.02111612 0.45251131 0.0615
v -0.02111612 0.45251131 0.058
v -0.021375 0.45231265 0.0615
v -0.021375 0.45231265 0.058
v -0.02167648 0.45218778 0.0615
v -0.02167648 0.45218778 0.058
v 0.03 0.45124519 0.0615
v 0.03 0.45124519 0.058
v 0.02944354 0.45131844 0.0615
v 0.02944354 0.45131844 0.058
v 0.028925 0.45153323 0.0615
v 0.028925 0.45153323 0.058
v 0.02847972 0.45187491 0.0615
v 0.02847972 0.45187491 0.058
v 0.02813805 0.45232019 0.0615
v 0.02813805 0.45232019 0.058
v 0.02792326 0.45283872 0.0615
v 0.02792326 0.45283872 0.058
v 0.02785 0.45339519 0.0615
v 0.02785 0.45339519 0.058
v 0.02792326 0.45395166 0.0615
v 0.02792326 0.45395166 0.058
v 0.02813805 0.45447019 0.0615
v 0.02813805 0.45447019 0.058
v 0.02847972 0.45491546 0.0615
v 0.02847972 0.45491546 0.058
v 0.028925 0.45525715 0.0615
v 0.028925 0.45525715 0.058
v 0.02944354 0.45547193 0.0615
v 0.02944354 0.45547193 0.058
v 0.03 0.45554519 0.0615
v 0.03 0.45554519 0.058
v 0.03055646 0.45547193 0.0615
v 0.03055646 0.45547193 0.058
v 0.031075 0.45525715 0.0615
v 0.031075 0.45525715 0.058
v 0.03152028 0.45491546 0.0615
v 0.03152028 0.45491546 0.058
v 0.03186195 0.45447019 0.0615
v 0.03186195 0.45447019 0.058
v 0.03207674 0.45395166 0.0615
v 0.03207674 0.45395166 0.058
v 0.03215 0.45339519 0.0615
v 0.03215 0.45339519 0.058
v 0.03207674 0.45283872 0.0615
v 0.03207674 0.45283872 0.058
v 0.03186195 0.45232019 0.0615
v 0.03186195 0.45232019 0.058
v 0.03152028 0.45187491 0.0615
v 0.03152028 0.45187491 0.058
v 0.031075 0.45153323 0.0615
v 0.031075 0.45153323 0.058
v 0.03055646 0.45131844 0.0615
v 0.03055646 0.45131844 0.058
v 0.039 0.4523952 -0.0109
v 0.039 0.45185167 -0.01097156
v 0.039 0.4523952 -0.009
v 0.039 0.45134518 -0.01118135
v 0.039 0.4489311 -0.011
v 0.039 0.45091027 -0.01151508
v 0.039 0.45057654 -0.01195
v 0.039 0.45036674 -0.01245648
v 0.039 0.45029518 -0.013
v 0.039 0.4489311 -0.015
v 0.039 0.45036674 -0.01354352
v 0.039 0.4523952 -0.017
v 0.039 0.45185167 -0.01502844
v 0.039 0.4523952 -0.0151
v 0.039 0.45057654 -0.01405
v 0.039 0.45091027 -0.01448492
v 0.039 0.45134518 -0.01481865
v 0.039 0.45421383 -0.01405
v 0.039 0.45442364 -0.01354352
v 0.039 0.4558593 -0.015
v 0.039 0.45449519 -0.013
v 0.039 0.4558593 -0.011
v 0.039 0.45442364 -0.01245648
v 0.039 0.45421383 -0.01195
v 0.039 0.4538801 -0.01151508
v 0.039 0.4534452 -0.01118135
v 0.039 0.45293871 -0.01097156
v 0.039 0.45293871 -0.01502844
v 0.039 0.4534452 -0.01481865
v 0.039 0.4538801 -0.01448492
v 0.039 0.47793871 -0.01097156
v 0.039 0.47739518 -0.0109
v 0.039 0.47739518 -0.009
v 0.039 0.48085928 -0.011
v 0.039 0.4794952 -0.013
v 0.039 0.47942364 -0.01245648
v 0.039 0.47685167 -0.01097156
v 0.039 0.47634518 -0.01118135
v 0.039 0.47393107 -0.011
v 0.039 0.47591028 -0.01151508
v 0.039 0.47557652 -0.01195
v 0.039 0.47942364 -0.01354352
v 0.039 0.48085928 -0.015
v 0.039 0.47921383 -0.01405
v 0.039 0.47536674 -0.01245648
v 0.039 0.47529519 -0.013
v 0.039 0.47393107 -0.015
v 0.039 0.47536674 -0.01354352
v 0.039 0.47685167 -0.01502844
v 0.039 0.47739518 -0.0151
v 0.039 0.47739518 -0.017
v 0.039 0.47921383 -0.01195
v 0.039 0.47888011 -0.01151508
v 0.039 0.4784452 -0.01118135
v 0.039 0.47557652 -0.01405
v 0.039 0.47591028 -0.01448492
v 0.039 0.47634518 -0.01481865
v 0.039 0.47793871 -0.01502844
v 0.039 0.4784452 -0.01481865
v 0.039 0.47888011 -0.01448492
v -0.039 0.47921383 -0.01405
v -0.039 0.48085928 -0.015
v -0.039 0.47942364 -0.01354352
v -0.039 0.4794952 -0.013
v -0.039 0.47793871 -0.01502844
v -0.039 0.47739518 -0.017
v -0.039 0.4784452 -0.01481865
v -0.039 0.47888011 -0.01448492
v -0.039 0.47685167 -0.01097156
v -0.039 0.47739518 -0.0109
v -0.039 0.47739518 -0.009
v -0.039 0.47942364 -0.01245648
v -0.039 0.48085928 -0.011
v -0.039 0.47921383 -0.01195
v -0.039 0.47739518 -0.0151
v -0.039 0.47685167 -0.01502844
v -0.039 0.47393107 -0.015
v -0.039 0.47634518 -0.01481865
v -0.039 0.47591028 -0.01448492
v -0.039 0.47557652 -0.01405
v -0.039 0.47536674 -0.01354352
v -0.039 0.47393107 -0.011
v -0.039 0.47529519 -0.013
v -0.039 0.47536674 -0.01245648
v -0.039 0.47557652 -0.01195
v -0.039 0.47591028 -0.01151508
v -0.039 0.47634518 -0.01118135
v -0.039 0.47793871 -0.01097156
v -0.039 0.4784452 -0.01118135
v -0.039 0.47888011 -0.01151508
v -0.039 0.45091027 -0.01448492
v -0.039 0.45057654 -0.01405
v -0.039 0.4489311 -0.015
v -0.039 0.45293871 -0.01502844
v -0.039 0.4523952 -0.0151
v -0.039 0.4523952 -0.017
v -0.039 0.45185167 -0.01502844
v -0.039 0.45134518 -0.01481865
v -0.039 0.45036674 -0.01354352
v -0.039 0.45029518 -0.013
v -0.039 0.4489311 -0.011
v -0.039 0.45036674 -0.01245648
v -0.039 0.45057654 -0.01195
v -0.039 0.45091027 -0.01151508
v -0.039 0.4523952 -0.009
v -0.039 0.45134518 -0.01118135
v -0.039 0.45185167 -0.01097156
v -0.039 0.4523952 -0.0109
v -0.039 0.45293871 -0.01097156
v -0.039 0.4558593 -0.011
v -0.039 0.4534452 -0.01118135
v -0.039 0.4538801 -0.01151508
v -0.039 0.45421383 -0.01195
v -0.039 0.45442364 -0.01245648
v -0.039 0.4558593 -0.015
v -0.039 0.45449519 -0.013
v -0.039 0.45442364 -0.01354352
v -0.039 0.45421383 -0.01405
v -0.039 0.4538801 -0.01448492
v -0.039 0.4534452 -0.01481865
v 0.0265359 0.45539519 0.058
v 0.0265359 0.45139518 0.058
v 0.03 0.4573952 0.058
v 0.0334641 0.45539519 0.058
v 0.0334641 0.45139518 0.058
v 0.03 0.44939518 0.058
v -0.0385 0.48009717 0.04606
v -0.0385 0.48009717 0.04294
v -0.0385 0.47739518 0.04762
v -0.0385 0.47469318 0.04606
v -0.0385 0.47739518 0.04138
v -0.0385 0.47469318 0.04294
v 0.0385 0.4523952 0.00388
v 0.0385 0.4550972 0.00544
v 0.0385 0.4550972 0.00856
v 0.0385 0.4523952 0.01012
v 0.0385 0.4496932 0.00856
v 0.0385 0.4496932 0.00544
v 0.0385 0.45394066 0.00741411
v 0.0385 0.45378083 0.0078
v 0.0385 0.45126382 0.00813137
v 0.0385 0.45100954 0.0078
v 0.0385 0.45352656 0.00813137
v 0.0385 0.45319518 0.00838564
v 0.0385 0.4528093 0.00854548
v 0.0385 0.4523952 0.0086
v 0.0385 0.45198107 0.00854548
v 0.0385 0.45159519 0.00838564
v 0.0385 0.45352656 0.00586863
v 0.0385 0.45378083 0.0062
v 0.0385 0.45394066 0.00658589
v 0.0385 0.4539952 0.007
v 0.0385 0.45084971 0.00741411
v 0.0385 0.45079517 0.007
v 0.0385 0.45084971 0.00658589
v 0.0385 0.45100954 0.0062
v 0.0385 0.45126382 0.00586863
v 0.0385 0.45159519 0.00561436
v 0.0385 0.45198107 0.00545452
v 0.0385 0.4523952 0.0054
v 0.0385 0.4528093 0.00545452
v 0.0385 0.45319518 0.00561436
v 0.0385 0.47739518 0.04762
v 0.0385 0.47469318 0.04606
v 0.0385 0.47469318 0.04294
v 0.0385 0.47739518 0.04138
v 0.0385 0.48009717 0.04294
v 0.0385 0.48009717 0.04606
v 0.0385 0.47600955 0.0453
v 0.0385 0.47626382 0.04563137
v 0.0385 0.47659519 0.04588564
v 0.0385 0.47698107 0.04604548
v 0.0385 0.47739518 0.0461
v 0.0385 0.47894067 0.04491411
v 0.0385 0.47878084 0.0453
v 0.0385 0.47584972 0.04491411
v 0.0385 0.47579518 0.0445
v 0.0385 0.47584972 0.04408589
v 0.0385 0.47600955 0.0437
v 0.0385 0.47852656 0.04336863
v 0.0385 0.47878084 0.0437
v 0.0385 0.47894067 0.04408589
v 0.0385 0.47899517 0.0445
v 0.0385 0.47852656 0.04563137
v 0.0385 0.47819519 0.04588564
v 0.0385 0.47780931 0.04604548
v 0.0385 0.47626382 0.04336863
v 0.0385 0.47659519 0.04311436
v 0.0385 0.47698107 0.04295452
v 0.0385 0.47739518 0.0429
v 0.0385 0.47780931 0.04295452
v 0.0385 0.47819519 0.04311436
v -0.01421 0.45079517 0.0505
v -0.012605 0.45079517 0.05327994
v -0.009395 0.45079517 0.05327994
v -0.00779 0.45079517 0.0505
v -0.00986863 0.45079517 0.05163137
v -0.0102 0.45079517 0.05188564
v -0.00961436 0.45079517 0.0497
v -0.00945452 0.45079517 0.05008589
v -0.00986863 0.45079517 0.04936863
v -0.009395 0.45079517 0.04772006
v -0.0102 0.45079517 0.04911436
v -0.01058589 0.45079517 0.05204548
v -0.011 0.45079517 0.0521
v -0.01141411 0.45079517 0.05204548
v -0.0118 0.45079517 0.05188564
v -0.01213137 0.45079517 0.05163137
v -0.01238564 0.45079517 0.0513
v -0.01254548 0.45079517 0.05091411
v -0.0126 0.45079517 0.0505
v -0.0118 0.45079517 0.04911436
v -0.01141411 0.45079517 0.04895452
v -0.012605 0.45079517 0.04772006
v -0.011 0.45079517 0.0489
v -0.01058589 0.45079517 0.04895452
v -0.0094 0.45079517 0.0505
v -0.00945452 0.45079517 0.05091411
v -0.00961436 0.45079517 0.0513
v -0.01254548 0.45079517 0.05008589
v -0.01238564 0.45079517 0.0497
v -0.01213137 0.45079517 0.04936863
v 0.0094 0.45079517 0.0505
v 0.00945452 0.45079517 0.05091411
v 0.00961436 0.45079517 0.0513
v 0.00986863 0.45079517 0.05163137
v 0.0102 0.45079517 0.05188564
v 0.01058589 0.45079517 0.05204548
v 0.011 0.45079517 0.0521
v 0.01141411 0.45079517 0.05204548
v 0.0118 0.45079517 0.05188564
v 0.01213137 0.45079517 0.05163137
v 0.01238564 0.45079517 0.0513
v 0.01254548 0.45079517 0.05091411
v 0.0126 0.45079517 0.0505
v 0.01254548 0.45079517 0.05008589
v 0.01238564 0.45079517 0.0497
v 0.01213137 0.45079517 0.04936863
v 0.0118 0.45079517 0.04911436
v 0.01141411 0.45079517 0.04895452
v 0.011 0.45079517 0.0489
v 0.01058589 0.45079517 0.04895452
v 0.0102 0.45079517 0.04911436
v 0.00986863 0.45079517 0.04936863
v 0.00961436 0.45079517 0.0497
v 0.00945452 0.45079517 0.05008589
v 0.009395 0.45079517 0.04772006
v 0.012605 0.45079517 0.05327994
v 0.009395 0.45079517 0.05327994
v 0.012605 0.45079517 0.04772006
v 0.00779 0.45079517 0.0505
v 0.01421 0.45079517 0.0505
v -0.0385 0.4496932 0.00856
v -0.0385 0.4496932 0.00544
v -0.0385 0.4550972 0.00544
v -0.0385 0.4523952 0.00388
v -0.0385 0.4550972 0.00856
v -0.0385 0.4523952 0.01012
v 0.022 0.45651519 0.058
v 0.019298 0.45183519 0.058
v 0.022 0.45027518 0.058
v 0.019298 0.45495519 0.058
v 0.024702 0.45183519 0.058
v 0.024702 0.45495519 0.058
v -0.03 0.4573952 0.058
v -0.0334641 0.45539519 0.058
v -0.0334641 0.45139518 0.058
v -0.03 0.44939518 0.058
v -0.0265359 0.45139518 0.058
v -0.0265359 0.45539519 0.058
v -0.022 0.45651519 0.058
v -0.024702 0.45183519 0.058
v -0.022 0.45027518 0.058
v -0.019298 0.45183519 0.058
v -0.024702 0.45495519 0.058
v -0.019298 0.45495519 0.058
v -0.01939518 0.014 0.017
v -0.0171194 0.014 0.02149344
v -0.02939518 0.014 0.017
v -0.01382211 0.014 0.02530106
v -0.0101961 0.014 0.02792241
v 0.0101961 0.014 0.02792241
v 0.01382211 0.014 0.02530106
v 0.02939518 0.014 0.017
v 0.0171194 0.014 0.02149344
v 0.01939518 0.014 0.017
v 0.01939518 0.004 0.017
v 0.0171194 0.004 0.02149344
v 0.02939518 0.004 0.017
v 0.01382211 0.004 0.02530106
v 0.0101961 0.004 0.02792241
v 0.02690659 0.00832707 0.017
v 0.02699518 0.009 0.017
v 0.02690659 0.00967293 0.017
v 0.02188378 0.00967293 0.017
v 0.02214352 0.0103 0.017
v 0.02255671 0.01083848 0.017
v 0.02664685 0.0077 0.017
v 0.02623366 0.00716152 0.017
v 0.02569518 0.00674833 0.017
v 0.02309518 0.00674833 0.017
v 0.02255671 0.00716152 0.017
v 0.02214352 0.0077 0.017
v 0.02188378 0.00832707 0.017
v 0.02179518 0.009 0.017
v 0.02506811 0.00648859 0.017
v 0.02439518 0.0064 0.017
v 0.02372225 0.00648859 0.017
v 0.02506811 0.01151141 0.017
v 0.02569518 0.01125167 0.017
v 0.02309518 0.01125167 0.017
v 0.02372225 0.01151141 0.017
v 0.02439518 0.0116 0.017
v 0.02623366 0.01083848 0.017
v 0.02664685 0.0103 0.017
v -0.0101961 0.004 0.02792241
v -0.0101961 0 0.02792241
v -0.00970004 0 0.02819567
v 0.0101961 0.018 0.02792241
v 0.00970004 0.018 0.02819567
v 0.00970004 0 0.02819567
v 0.0101961 0 0.02792241
v -0.00970004 0.018 0.02819567
v -0.0101961 0.018 0.02792241
v -0.01382211 0.004 0.02530106
v -0.0171194 0.004 0.02149344
v -0.01939518 0.004 0.017
v 0.00499917 0.018 0.03000453
v 0.00499917 0 0.03000453
v 0 0.018 0.03061973
v 0 0 0.03061973
v -0.00499917 0.018 0.03000453
v -0.00499917 0 0.03000453
v -0.02939518 0.018 0.017
v 0.02939518 0.018 0.017
v -0.02939518 0.004 0.017
v 0.02939518 0 0.017
v -0.02939518 0 0.017
v 0.02699518 0.009 0.001
v 0.02690659 0.00967293 0.001
v 0.02664685 0.0103 0.001
v 0.02623366 0.01083848 0.001
v 0.02569518 0.01125167 0.001
v 0.02506811 0.01151141 0.001
v 0.02439518 0.0116 0.001
v 0.02372225 0.01151141 0.001
v 0.02309518 0.01125167 0.001
v 0.02255671 0.01083848 0.001
v 0.02214352 0.0103 0.001
v 0.02188378 0.00967293 0.001
v 0.02179518 0.009 0.001
v 0.02188378 0.00832707 0.001
v 0.02214352 0.0077 0.001
v 0.02255671 0.00716152 0.001
v 0.02309518 0.00674833 0.001
v 0.02372225 0.00648859 0.001
v 0.02439518 0.0064 0.001
v 0.02506811 0.00648859 0.001
v 0.02569518 0.00674833 0.001
v 0.02623366 0.00716152 0.001
v 0.02664685 0.0077 0.001
v 0.02690659 0.00832707 0.001
v -0.02179518 0.009 0.001
v -0.02179518 0.009 0.017
v -0.02188378 0.00967293 0.001
v -0.02188378 0.00967293 0.017
v -0.02214352 0.0103 0.001
v -0.02214352 0.0103 0.017
v -0.02255671 0.01083848 0.001
v -0.02255671 0.01083848 0.017
v -0.02309518 0.01125167 0.001
v -0.02309518 0.01125167 0.017
v -0.02372225 0.01151141 0.001
v -0.02372225 0.01151141 0.017
v -0.02439518 0.0116 0.001
v -0.02439518 0.0116 0.017
v -0.02506811 0.01151141 0.001
v -0.02506811 0.01151141 0.017
v -0.02569518 0.01125167 0.001
v -0.02569518 0.01125167 0.017
v -0.02623366 0.01083848 0.001
v -0.02623366 0.01083848 0.017
v -0.02664685 0.0103 0.001
v -0.02664685 0.0103 0.017
v -0.02690659 0.00967293 0.001
v -0.02690659 0.00967293 0.017
v -0.02699518 0.009 0.001
v -0.02699518 0.009 0.017
v -0.02690659 0.00832707 0.001
v -0.02690659 0.00832707 0.017
v -0.02664685 0.0077 0.001
v -0.02664685 0.0077 0.017
v -0.02623366 0.00716152 0.001
v -0.02623366 0.00716152 0.017
v -0.02569518 0.00674833 0.001
v -0.02569518 0.00674833 0.017
v -0.02506811 0.00648859 0.001
v -0.02506811 0.00648859 0.017
v -0.02439518 0.0064 0.001
v -0.02439518 0.0064 0.017
v -0.02372225 0.00648859 0.001
v -0.02372225 0.00648859 0.017
v -0.02309518 0.00674833 0.001
v -0.02309518 0.00674833 0.017
v -0.02255671 0.00716152 0.001
v -0.02255671 0.00716152 0.017
v -0.02214352 0.0077 0.001
v -0.02214352 0.0077 0.017
v -0.02188378 0.00832707 0.001
v -0.02188378 0.00832707 0.017
v -0.02939518 0.018 0.001
v -0.02939518 0 0.001
v -0.02022529 0 0.001
v -0.02022529 0.018 0.001
v -0.01932772 0 0.00604168
v 0 0 0.02025
v 0.00507986 0 0.01960249
v 0.01396088 0 0.01466821
v 0.00983485 0 0.01770136
v 0.02022529 0 0.001
v 0.02939518 0 0.001
v 0.01932772 0 0.00604168
v 0.0171941 0 0.01069699
v -0.0171941 0 0.01069699
v -0.01396088 0 0.01466821
v -0.00983485 0 0.01770136
v -0.00507986 0 0.01960249
v 0.02939518 0.018 0.001
v 0.02022529 0.018 0.001
v 0.01932772 0.018 0.00604168
v 0.0171941 0.018 0.01069699
v 0.01396088 0.018 0.01466821
v 0.00983485 0.018 0.01770136
v 0.00507986 0.018 0.01960249
v 0 0.018 0.02025
v -0.01932772 0.018 0.00604168
v -0.0171941 0.018 0.01069699
v -0.00507986 0.018 0.01960249
v -0.00983485 0.018 0.01770136
v -0.01396088 0.018 0.01466821
v -0.011 0.48339519 0.0535
v -0.011 0.48339519 0.0623
v -0.01062518 0.48054817 0.0535
v -0.01062518 0.48054817 0.0623
v -0.00952628 0.4778952 0.0535
v -0.00952628 0.4778952 0.0623
v -0.00777817 0.47561702 0.0535
v -0.00777817 0.47561702 0.0623
v -0.0055 0.47386891 0.0535
v -0.0055 0.47386891 0.0623
v -0.00284701 0.47277001 0.0535
v -0.00284701 0.47277001 0.0623
v -0 0.47239518 0.0535
v -0 0.47239518 0.0623
v 0.00284701 0.47277001 0.0535
v 0.00284701 0.47277001 0.0623
v 0.0055 0.47386891 0.0535
v 0.0055 0.47386891 0.0623
v 0.00777817 0.47561702 0.0535
v 0.00777817 0.47561702 0.0623
v 0.00952628 0.4778952 0.0535
v 0.00952628 0.4778952 0.0623
v 0.01062518 0.48054817 0.0535
v 0.01062518 0.48054817 0.0623
v 0.011 0.48339519 0.0535
v 0.011 0.48339519 0.0623
v 0.01062518 0.4862422 0.0535
v 0.01062518 0.4862422 0.0623
v 0.00952628 0.48889518 0.0535
v 0.00952628 0.48889518 0.0623
v 0.00777817 0.49117336 0.0535
v 0.00777817 0.49117336 0.0623
v 0.0055 0.49292147 0.0535
v 0.0055 0.49292147 0.0623
v 0.00284701 0.49402037 0.0535
v 0.00284701 0.49402037 0.0623
v -0 0.4943952 0.0535
v -0 0.4943952 0.0623
v -0.00284701 0.49402037 0.0535
v -0.00284701 0.49402037 0.0623
v -0.0055 0.49292147 0.0535
v -0.0055 0.49292147 0.0623
v -0.00777817 0.49117336 0.0535
v -0.00777817 0.49117336 0.0623
v -0.00952628 0.48889518 0.0535
v -0.00952628 0.48889518 0.0623
v -0.01062518 0.4862422 0.0535
v -0.01062518 0.4862422 0.0623
v -0.0318373 0.5083952 0.0615
v -0.03188301 0.50819516 0.0615
v -0.03783143 0.50819516 0.0615
v -0.02111612 0.51251131 0.0615
v -0.02091747 0.51277018 0.0615
v -0.02334613 0.5083952 0.0615
v 0.03783143 0.50819516 0.0615
v 0.03188301 0.50819516 0.0615
v 0.0355 0.51839519 0.0615
v 0.0318373 0.5083952 0.0615
v 0.03055646 0.51547194 0.0615
v 0.02345707 0.51839519 0.0615
v -0.02813805 0.51447016 0.0615
v -0.02847972 0.51491547 0.0615
v -0.02320741 0.51371872 0.0615
v 0.02075 0.51339519 0.0615
v 0.02079259 0.51307166 0.0615
v 0.01557988 0.5119822 0.0615
v 0.02091747 0.51277018 0.0615
v -0.01557988 0.5119822 0.0615
v -0.02325805 0.50821561 0.0615
v -0.02232352 0.51218778 0.0615
v -0.022 0.51214516 0.0615
v -0.02079259 0.51307166 0.0615
v -0.01566796 0.51216173 0.0615
v -0.02075 0.51339519 0.0615
v -0.02079259 0.51371872 0.0615
v -0.02091747 0.5140202 0.0615
v -0.02111612 0.51427907 0.0615
v -0.0091875 0.52539521 0.0615
v -0.031075 0.51153326 0.0615
v -0.03152028 0.51187491 0.0615
v -0.03186195 0.51232016 0.0615
v -0.02167648 0.51218778 0.0615
v -0.021375 0.51231265 0.0615
v -0.007 0.51539516 0.0615
v 0.007 0.51539516 0.0615
v 0.0091875 0.52539521 0.0615
v 0.02111612 0.51251131 0.0615
v 0.02334613 0.5083952 0.0615
v 0.02325805 0.50821561 0.0615
v -0.02232352 0.5146026 0.0615
v -0.022625 0.51447773 0.0615
v -0.02345707 0.51839519 0.0615
v -0.02288388 0.51427907 0.0615
v -0.02308253 0.5140202 0.0615
v -0.02944354 0.51131845 0.0615
v -0.028925 0.51153326 0.0615
v -0.02325 0.51339519 0.0615
v -0.02847972 0.51187491 0.0615
v -0.02813805 0.51232016 0.0615
v -0.028925 0.51525712 0.0615
v -0.02944354 0.51547194 0.0615
v -0.0355 0.51839519 0.0615
v -0.03 0.51554519 0.0615
v -0.03055646 0.51547194 0.0615
v -0.031075 0.51525712 0.0615
v -0.03152028 0.51491547 0.0615
v -0.03186195 0.51447016 0.0615
v -0.03207674 0.51395166 0.0615
v -0.03215 0.51339519 0.0615
v -0.03207674 0.51283872 0.0615
v -0.01144871 0.51408601 0.0615
v -0.021375 0.51447773 0.0615
v -0.02167648 0.5146026 0.0615
v -0.022 0.51464516 0.0615
v 0.03207674 0.51395166 0.0615
v 0.03186195 0.51447016 0.0615
v -0.02792326 0.51283872 0.0615
v -0.02785 0.51339519 0.0615
v -0.02792326 0.51395166 0.0615
v 0.02308253 0.51277018 0.0615
v 0.02785 0.51339519 0.0615
v 0.02288388 0.51251131 0.0615
v 0.022625 0.51231265 0.0615
v 0.021375 0.51231265 0.0615
v 0.02167648 0.51218778 0.0615
v 0.022 0.51214516 0.0615
v 0.02847972 0.51187491 0.0615
v 0.028925 0.51153326 0.0615
v 0.02944354 0.51131845 0.0615
v 0.03 0.51124519 0.0615
v 0.03152028 0.51491547 0.0615
v 0.031075 0.51525712 0.0615
v -0.03055646 0.51131845 0.0615
v -0.03 0.51124519 0.0615
v 0.03 0.51554519 0.0615
v 0.02944354 0.51547194 0.0615
v 0.028925 0.51525712 0.0615
v 0.02232352 0.51218778 0.0615
v 0.02792326 0.51283872 0.0615
v -0.02320741 0.51307166 0.0615
v -0.02308253 0.51277018 0.0615
v -0.02288388 0.51251131 0.0615
v -0.022625 0.51231265 0.0615
v 0.022625 0.51447773 0.0615
v 0.02232352 0.5146026 0.0615
v 0.022 0.51464516 0.0615
v 0.02167648 0.5146026 0.0615
v 0.021375 0.51447773 0.0615
v 0.01566796 0.51216173 0.0615
v 0.01144871 0.51408601 0.0615
v 0.02079259 0.51371872 0.0615
v 0.02091747 0.5140202 0.0615
v 0.02111612 0.51427907 0.0615
v 0.02813805 0.51232016 0.0615
v 0.03055646 0.51131845 0.0615
v 0.031075 0.51153326 0.0615
v 0.03152028 0.51187491 0.0615
v 0.02308253 0.5140202 0.0615
v 0.02288388 0.51427907 0.0615
v 0.02792326 0.51395166 0.0615
v 0.02813805 0.51447016 0.0615
v 0.02847972 0.51491547 0.0615
v 0.03186195 0.51232016 0.0615
v 0.03207674 0.51283872 0.0615
v 0.03215 0.51339519 0.0615
v 0.02320741 0.51307166 0.0615
v 0.02325 0.51339519 0.0615
v 0.02320741 0.51371872 0.0615
v 0.00831384 0.4785952 0.0653
v 0.00678822 0.47660697 0.0653
v 0.01202559 0.47759518 0.0653
v 0.01566796 0.51216173 0.0653
v 0.01543909 0.51169521 0.0653
v 0.01820898 0.51169521 0.0653
v 0.02555 0.48139518 0.0653
v 0.01820898 0.48139518 0.0653
v 0.01820898 0.47759518 0.0653
v 0.03993088 0.49901006 0.0653
v 0.03746 0.50982016 0.0653
v 0.0318373 0.5083952 0.0653
v -0.02555 0.51839519 0.0653
v -0.02555 0.51547021 0.0653
v -0.01820898 0.51547021 0.0653
v 0.03055646 0.45547193 0.0653
v 0.031075 0.45525715 0.0653
v 0.030825 0.45697019 0.0653
v 0.02847972 0.45491546 0.0653
v 0.028925 0.45525715 0.0653
v 0.02555 0.4550952 0.0653
v 0.02813805 0.45447019 0.0653
v 0.02944354 0.45131844 0.0653
v 0.028925 0.45153323 0.0653
v 0.02555 0.45169517 0.0653
v 0.02847972 0.45187491 0.0653
v 0.02813805 0.45232019 0.0653
v 0.02792326 0.45283872 0.0653
v 0.02785 0.45339519 0.0653
v 0.02792326 0.45395166 0.0653
v 0.030825 0.44639519 0.0653
v 0.03055646 0.45131844 0.0653
v 0.03 0.45124519 0.0653
v 0.02555 0.44639519 0.0653
v 0.03207674 0.45283872 0.0653
v 0.03186195 0.45232019 0.0653
v 0.03993088 0.45169517 0.0653
v 0.03152028 0.45187491 0.0653
v 0.031075 0.45153323 0.0653
v 0.03152028 0.45491546 0.0653
v 0.03186195 0.45447019 0.0653
v 0.03993088 0.4550952 0.0653
v 0.03207674 0.45395166 0.0653
v 0.03215 0.45339519 0.0653
v 0.02555 0.45697019 0.0653
v 0.02944354 0.45547193 0.0653
v 0.03 0.45554519 0.0653
v -0.028925 0.45153323 0.0653
v -0.02944354 0.45131844 0.0653
v -0.02555 0.44639519 0.0653
v -0.03 0.45124519 0.0653
v -0.0405 0.44639519 0.0653
v -0.03055646 0.45131844 0.0653
v -0.031075 0.45153323 0.0653
v -0.0435 0.44939518 0.0653
v -0.02915634 0.48139518 0.0653
v -0.0435 0.47759518 0.0653
v -0.02555 0.47759518 0.0653
v -0.0435 0.48339519 0.0653
v -0.03636177 0.48860061 0.0653
v -0.04083778 0.49504238 0.0653
v -0.03746 0.50982016 0.0653
v -0.0318373 0.5083952 0.0653
v -0.02555 0.50982016 0.0653
v -0.03152028 0.51187491 0.0653
v -0.03186195 0.51232016 0.0653
v -0.03703143 0.51169521 0.0653
v -0.028925 0.51153326 0.0653
v -0.02944354 0.51131845 0.0653
v -0.03 0.51124519 0.0653
v -0.03055646 0.51131845 0.0653
v -0.031075 0.51153326 0.0653
v -0.03616857 0.51547021 0.0653
v -0.03186195 0.51447016 0.0653
v -0.03152028 0.51491547 0.0653
v -0.03207674 0.51283872 0.0653
v -0.03215 0.51339519 0.0653
v -0.03207674 0.51395166 0.0653
v -0.031075 0.51525712 0.0653
v -0.03055646 0.51547194 0.0653
v -0.0355 0.51839519 0.0653
v -0.02345707 0.51839519 0.0653
v -0.01202559 0.51547021 0.0653
v -0.0091875 0.52539521 0.0653
v 0.01202559 0.51547021 0.0653
v 0.0091875 0.52539521 0.0653
v 0.01820898 0.51547021 0.0653
v 0.02345707 0.51839519 0.0653
v 0.02555 0.51547021 0.0653
v 0.02555 0.51839519 0.0653
v 0.02944354 0.51547194 0.0653
v 0.030825 0.51839519 0.0653
v 0.030825 0.51547021 0.0653
v 0.03616857 0.51547021 0.0653
v 0.0355 0.51839519 0.0653
v 0.03207674 0.51283872 0.0653
v 0.03186195 0.51232016 0.0653
v 0.03703143 0.51169521 0.0653
v 0.03152028 0.51187491 0.0653
v 0.031075 0.51153326 0.0653
v 0.030825 0.50982016 0.0653
v 0.03152028 0.51491547 0.0653
v 0.031075 0.51525712 0.0653
v 0.03055646 0.51547194 0.0653
v 0.03 0.51554519 0.0653
v 0.03186195 0.51447016 0.0653
v 0.03207674 0.51395166 0.0653
v 0.03215 0.51339519 0.0653
v 0.030825 0.5083952 0.0653
v 0.03993088 0.44639519 0.0653
v 0.0405 0.44639519 0.0653
v 0.0435 0.44939518 0.0653
v 0.02944354 0.51131845 0.0653
v 0.028925 0.51153326 0.0653
v 0.02555 0.51169521 0.0653
v 0.02847972 0.51187491 0.0653
v 0.02813805 0.51232016 0.0653
v 0.02813805 0.51447016 0.0653
v 0.02847972 0.51491547 0.0653
v 0.028925 0.51525712 0.0653
v 0.02792326 0.51283872 0.0653
v 0.02785 0.51339519 0.0653
v 0.02792326 0.51395166 0.0653
v 0.03055646 0.51131845 0.0653
v 0.03 0.51124519 0.0653
v 0.02555 0.50982016 0.0653
v -0.0435 0.45169517 0.0653
v -0.03152028 0.45187491 0.0653
v -0.03186195 0.45232019 0.0653
v -0.03207674 0.45283872 0.0653
v -0.03215 0.45339519 0.0653
v -0.0435 0.4550952 0.0653
v -0.03207674 0.45395166 0.0653
v -0.03186195 0.45447019 0.0653
v -0.02813805 0.45232019 0.0653
v -0.02847972 0.45187491 0.0653
v -0.02555 0.45169517 0.0653
v -0.02944354 0.45547193 0.0653
v -0.028925 0.45525715 0.0653
v -0.02555 0.4550952 0.0653
v -0.02847972 0.45491546 0.0653
v -0.02813805 0.45447019 0.0653
v -0.02792326 0.45395166 0.0653
v -0.02785 0.45339519 0.0653
v -0.02792326 0.45283872 0.0653
v -0.03152028 0.45491546 0.0653
v -0.031075 0.45525715 0.0653
v -0.0435 0.45697019 0.0653
v -0.03055646 0.45547193 0.0653
v -0.03 0.45554519 0.0653
v -0.03 0.51554519 0.0653
v -0.02944354 0.51547194 0.0653
v -0.028925 0.51525712 0.0653
v -0.02847972 0.51491547 0.0653
v -0.02792326 0.51283872 0.0653
v -0.02813805 0.51232016 0.0653
v -0.02555 0.51169521 0.0653
v -0.02847972 0.51187491 0.0653
v -0.02813805 0.51447016 0.0653
v -0.02792326 0.51395166 0.0653
v -0.02785 0.51339519 0.0653
v 0.01587451 0.48139518 0.0653
v 0.016 0.48339519 0.0653
v 0.01545481 0.48753628 0.0653
v 0.01445118 0.49026275 0.0653
v 0.01202559 0.49504238 0.0653
v 0.02555 0.47759518 0.0653
v 0.030825 0.47759518 0.0653
v 0.02915634 0.48139518 0.0653
v 0.03993088 0.49504238 0.0653
v 0.03636177 0.48860061 0.0653
v 0.03993088 0.47759518 0.0653
v 0.01820898 0.50982016 0.0653
v 0.0145193 0.50982016 0.0653
v 0.01202559 0.50473672 0.0653
v -0.01202559 0.47759518 0.0653
v -0.01587451 0.48139518 0.0653
v -0.01820898 0.47759518 0.0653
v -0.01820898 0.48139518 0.0653
v -0.02555 0.48139518 0.0653
v -0.01445118 0.49026275 0.0653
v -0.01545481 0.48753628 0.0653
v -0.016 0.48339519 0.0653
v -0.0145193 0.50982016 0.0653
v -0.01820898 0.50982016 0.0653
v -0.01202559 0.50473672 0.0653
v -0.01202559 0.49504238 0.0653
v -0.00827425 0.49708959 0.0653
v -0.01820898 0.51169521 0.0653
v -0.01543909 0.51169521 0.0653
v -0.01566796 0.51216173 0.0653
v 0.02555 0.5083952 0.0653
v 0.02334613 0.5083952 0.0653
v 0.00827425 0.49708959 0.0653
v 0.008 0.4972516 0.0653
v -0.008 0.4972516 0.0653
v -0.0041411 0.49884999 0.0653
v 0.0041411 0.49884999 0.0653
v -0 0.49939519 0.0653
v -0.01144871 0.51408601 0.0653
v -0.007 0.51539516 0.0653
v 0.007 0.51539516 0.0653
v -0.01202559 0.47139519 0.0653
v -0.010583 0.47139519 0.0653
v -0.00678822 0.47660697 0.0653
v -0.01820898 0.47139519 0.0653
v -0.02555 0.47139519 0.0653
v -0.0295 0.47139519 0.0653
v -0.0295 0.45839518 0.0653
v -0.02555 0.45697019 0.0653
v -0.0048 0.47508135 0.0653
v -0.008 0.46953878 0.0653
v -0.00248466 0.47412229 0.0653
v -0.0041411 0.46794036 0.0653
v -0 0.47379518 0.0653
v -0 0.46739519 0.0653
v 0.00248466 0.47412229 0.0653
v 0.0041411 0.46794036 0.0653
v 0.0048 0.47508135 0.0653
v 0.008 0.46953878 0.0653
v 0.010583 0.47139519 0.0653
v 0.01202559 0.47139519 0.0653
v 0.01820898 0.47139519 0.0653
v 0.02555 0.47139519 0.0653
v 0.0295 0.47139519 0.0653
v 0.0295 0.45839518 0.0653
v 0.02555 0.45839518 0.0653
v 0.01820898 0.45697019 0.0653
v 0.01820898 0.45839518 0.0653
v 0.01202559 0.45697019 0.0653
v 0.01202559 0.45839518 0.0653
v -0.01202559 0.45697019 0.0653
v -0.01202559 0.45839518 0.0653
v -0.01820898 0.45697019 0.0653
v -0.01820898 0.45839518 0.0653
v -0.02555 0.45839518 0.0653
v -0 0.4929952 0.0653
v 0.00248466 0.49266806 0.0653
v -0.00831384 0.4785952 0.0653
v -0.00927289 0.48091054 0.0653
v -0.0096 0.48339519 0.0653
v -0.00927289 0.48587984 0.0653
v -0.00831384 0.48819518 0.0653
v -0.00678822 0.49018341 0.0653
v -0.0048 0.49170902 0.0653
v -0.00248466 0.49266806 0.0653
v 0.0048 0.49170902 0.0653
v 0.00678822 0.49018341 0.0653
v 0.00831384 0.48819518 0.0653
v 0.00927289 0.48587984 0.0653
v 0.0096 0.48339519 0.0653
v 0.00927289 0.48091054 0.0653
v -0.02334613 0.5083952 0.0653
v -0.02555 0.5083952 0.0653
v -0.02111612 0.51251131 0.0653
v -0.021375 0.51231265 0.0653
v -0.021375 0.51447773 0.0653
v -0.02111612 0.51427907 0.0653
v -0.02091747 0.5140202 0.0653
v -0.02079259 0.51371872 0.0653
v -0.02075 0.51339519 0.0653
v -0.02079259 0.51307166 0.0653
v -0.02091747 0.51277018 0.0653
v -0.022625 0.51231265 0.0653
v -0.02288388 0.51251131 0.0653
v -0.02308253 0.51277018 0.0653
v -0.02308253 0.5140202 0.0653
v -0.02288388 0.51427907 0.0653
v -0.022625 0.51447773 0.0653
v -0.02167648 0.51218778 0.0653
v -0.022 0.51214516 0.0653
v -0.02232352 0.51218778 0.0653
v -0.02232352 0.5146026 0.0653
v -0.022 0.51464516 0.0653
v -0.02167648 0.5146026 0.0653
v -0.02320741 0.51307166 0.0653
v -0.02325 0.51339519 0.0653
v -0.02320741 0.51371872 0.0653
v -0.01820898 0.4550952 0.0653
v -0.02167648 0.4546026 0.0653
v -0.021375 0.45447773 0.0653
v -0.02111612 0.45251131 0.0653
v -0.021375 0.45231265 0.0653
v -0.01820898 0.45169517 0.0653
v -0.02167648 0.45218778 0.0653
v -0.022 0.45214519 0.0653
v -0.02232352 0.45218778 0.0653
v -0.022625 0.45231265 0.0653
v -0.02111612 0.45427907 0.0653
v -0.02091747 0.4540202 0.0653
v -0.02079259 0.45371872 0.0653
v -0.02075 0.45339519 0.0653
v -0.02079259 0.45307165 0.0653
v -0.02091747 0.45277017 0.0653
v -0.022 0.45464519 0.0653
v -0.02232352 0.4546026 0.0653
v -0.02320741 0.45307165 0.0653
v -0.02325 0.45339519 0.0653
v -0.02308253 0.4540202 0.0653
v -0.02288388 0.45427907 0.0653
v -0.022625 0.45447773 0.0653
v -0.02320741 0.45371872 0.0653
v -0.02288388 0.45251131 0.0653
v -0.02308253 0.45277017 0.0653
v -0.01202559 0.4550952 0.0653
v 0.01202559 0.4550952 0.0653
v 0.01820898 0.4550952 0.0653
v -0.01202559 0.45169517 0.0653
v 0.01202559 0.45169517 0.0653
v 0.01820898 0.45169517 0.0653
v 0.022625 0.51447773 0.0653
v 0.02288388 0.51427907 0.0653
v 0.02320741 0.51307166 0.0653
v 0.02308253 0.51277018 0.0653
v 0.02288388 0.51251131 0.0653
v 0.022625 0.51231265 0.0653
v 0.02111612 0.51427907 0.0653
v 0.021375 0.51447773 0.0653
v 0.02308253 0.5140202 0.0653
v 0.02320741 0.51371872 0.0653
v 0.02325 0.51339519 0.0653
v 0.02232352 0.51218778 0.0653
v 0.022 0.51214516 0.0653
v 0.02167648 0.51218778 0.0653
v 0.021375 0.51231265 0.0653
v 0.02111612 0.51251131 0.0653
v 0.02091747 0.51277018 0.0653
v 0.02079259 0.51307166 0.0653
v 0.02167648 0.5146026 0.0653
v 0.022 0.51464516 0.0653
v 0.02232352 0.5146026 0.0653
v 0.02075 0.51339519 0.0653
v 0.02079259 0.51371872 0.0653
v 0.02091747 0.5140202 0.0653
v 0.01144871 0.51408601 0.0653
v 0.022 0.45464519 0.0653
v 0.02232352 0.4546026 0.0653
v 0.022625 0.45231265 0.0653
v 0.02288388 0.45251131 0.0653
v 0.02308253 0.45277017 0.0653
v 0.02232352 0.45218778 0.0653
v 0.022 0.45214519 0.0653
v 0.02167648 0.45218778 0.0653
v 0.021375 0.45231265 0.0653
v 0.022625 0.45447773 0.0653
v 0.02288388 0.45427907 0.0653
v 0.02308253 0.4540202 0.0653
v 0.02320741 0.45371872 0.0653
v 0.02325 0.45339519 0.0653
v 0.02320741 0.45307165 0.0653
v 0.02167648 0.4546026 0.0653
v 0.02079259 0.45307165 0.0653
v 0.02075 0.45339519 0.0653
v 0.02091747 0.4540202 0.0653
v 0.02111612 0.45427907 0.0653
v 0.021375 0.45447773 0.0653
v 0.02079259 0.45371872 0.0653
v 0.02111612 0.45251131 0.0653
v 0.02091747 0.45277017 0.0653
v -0.01820898 0.44639519 0.0653
v -0.01202559 0.44639519 0.0653
v 0.01202559 0.44639519 0.0653
v 0.01820898 0.44639519 0.0653
v 0.03993088 0.45697019 0.0653
v 0.0435 0.45169517 0.0653
v 0.0435 0.4550952 0.0653
v 0.0435 0.45697019 0.0653
v 0.0435 0.47759518 0.0653
v 0.0435 0.48339519 0.0653
v 0.04083778 0.49504238 0.0653
v 0.0355 0.48339519 0.0615
v 0.0435 0.48339519 0.0615
v 0.0355 0.45839518 0.0615
v -0.0435 0.48339519 0.0615
v -0.0355 0.48339519 0.0615
v -0.0355 0.45839518 0.0615
v 0.0295 0.45839518 0.0615
v -0.0295 0.45839518 0.0615
v -0.01131371 0.4947089 0.0545
v -0.00827425 0.49708959 0.0545
v -0.008 0.4972516 0.0525
v -0.01131371 0.4947089 0.0525
v -0.01385641 0.49139518 0.0525
v -0.01385641 0.49139518 0.0545
v -0.01445118 0.49026275 0.0545
v -0.01545481 0.48753628 0.0525
v -0.01545481 0.4792541 0.0545
v -0.01587451 0.48139518 0.0545
v -0.016 0.48339519 0.0525
v -0.01545481 0.4792541 0.0525
v -0.01385641 0.4753952 0.0525
v -0.01385641 0.4753952 0.0545
v -0.01131371 0.47208148 0.0525
v -0.01131371 0.47208148 0.0545
v -0.010583 0.47139519 0.0545
v -0.008 0.46953878 0.0525
v 0.01131371 0.47208148 0.0545
v 0.010583 0.47139519 0.0545
v 0.008 0.46953878 0.0525
v 0.01131371 0.47208148 0.0525
v 0.01385641 0.4753952 0.0525
v 0.01385641 0.4753952 0.0545
v 0.01545481 0.4792541 0.0525
v 0.01545481 0.4792541 0.0545
v 0.01587451 0.48139518 0.0545
v 0.016 0.48339519 0.0525
v 0.01385641 0.49139518 0.0545
v 0.01445118 0.49026275 0.0545
v 0.01545481 0.48753628 0.0525
v 0.01385641 0.49139518 0.0525
v 0.01131371 0.4947089 0.0525
v 0.01131371 0.4947089 0.0545
v 0.00827425 0.49708959 0.0545
v -0.0041411 0.46794036 0.0525
v -0 0.46739519 0.0525
v 0.0041411 0.46794036 0.0525
v 0.008 0.4972516 0.0525
v 0.0041411 0.49884999 0.0525
v -0 0.49939519 0.0525
v -0.0041411 0.49884999 0.0525
v 0.0295 0.47139519 0.0545
v 0.02915634 0.48139518 0.0545
v -0.03783143 0.50819516 0.0545
v -0.0435 0.48339519 0.0545
v 0.0435 0.48339519 0.0545
v 0.03783143 0.50819516 0.0545
v 0.0103923 0.4893952 0.0525
v 0.01159111 0.48650101 0.0525
v 0.012 0.48339519 0.0525
v 0.01159111 0.48028937 0.0525
v 0.0103923 0.47739518 0.0525
v 0.00848528 0.4749099 0.0525
v 0.006 0.47300288 0.0525
v 0.00310583 0.47180408 0.0525
v -0 0.47139519 0.0525
v -0.00310583 0.47180408 0.0525
v -0.006 0.47300288 0.0525
v -0.00848528 0.4749099 0.0525
v -0.0103923 0.47739518 0.0525
v -0.01159111 0.48028937 0.0525
v -0.012 0.48339519 0.0525
v -0.01159111 0.48650101 0.0525
v -0.0103923 0.4893952 0.0525
v -0.00848528 0.49188048 0.0525
v -0.006 0.4937875 0.0525
v -0.00310583 0.4949863 0.0525
v -0 0.49539518 0.0525
v 0.00310583 0.4949863 0.0525
v 0.006 0.4937875 0.0525
v 0.00848528 0.49188048 0.0525
v -0.02325805 0.50821561 0.0545
v -0.01557988 0.5119822 0.0545
v 0.01557988 0.5119822 0.0545
v 0.02325805 0.50821561 0.0545
v 0.00831384 0.48819518 0.0623
v 0.00927289 0.48587984 0.0623
v 0.0096 0.48339519 0.0623
v 0.00927289 0.48091054 0.0623
v 0.00831384 0.4785952 0.0623
v 0.00678822 0.47660697 0.0623
v 0.0048 0.47508135 0.0623
v 0.00248466 0.47412229 0.0623
v -0 0.47379518 0.0623
v -0.00248466 0.47412229 0.0623
v -0.0048 0.47508135 0.0623
v -0.00678822 0.47660697 0.0623
v -0.00831384 0.4785952 0.0623
v -0.00927289 0.48091054 0.0623
v -0.0096 0.48339519 0.0623
v -0.00927289 0.48587984 0.0623
v -0.00831384 0.48819518 0.0623
v -0.00678822 0.49018341 0.0623
v -0.0048 0.49170902 0.0623
v -0.00248466 0.49266806 0.0623
v -0 0.4929952 0.0623
v 0.00248466 0.49266806 0.0623
v 0.0048 0.49170902 0.0623
v 0.00678822 0.49018341 0.0623
v 0.0355 0.45839518 0.0545
v 0.0295 0.45839518 0.0545
v -0.0295 0.45839518 0.0545
v -0.0355 0.45839518 0.0545
v -0.0295 0.47139519 0.0545
v -0.03636177 0.48860061 0.0545
v -0.02915634 0.48139518 0.0545
v -0.0355 0.48339519 0.0545
v -0.03188301 0.50819516 0.0545
v 0.03636177 0.48860061 0.0545
v 0.03188301 0.50819516 0.0545
v 0.0355 0.48339519 0.0545
v -0.022 0.51027519 0.0545
v -0.028 0.50993109 0.0545
v -0.024702 0.51183522 0.0545
v -0.026 0.51339519 0.0545
v -0.024702 0.51495516 0.0545
v -0.028 0.51685929 0.0545
v -0.022 0.5165152 0.0545
v -0.0355 0.51839519 0.0545
v -0.034 0.51339519 0.0545
v -0.03778571 0.5083952 0.0545
v -0.032 0.50993109 0.0545
v -0.02334613 0.5083952 0.0545
v -0.01566796 0.51216173 0.0545
v -0.019298 0.51183522 0.0545
v -0.01266785 0.51360321 0.0545
v -0.019298 0.51495516 0.0545
v -0.02048039 0.51985544 0.0545
v -0.02345707 0.51839519 0.0545
v -0.032 0.51685929 0.0545
v 0.0355 0.51839519 0.0545
v 0.03 0.5173952 0.0545
v 0.02345707 0.51839519 0.0545
v 0.0265359 0.51539516 0.0545
v 0.02048039 0.51985544 0.0545
v 0.022 0.51027519 0.0545
v 0.02334613 0.5083952 0.0545
v 0.019298 0.51183522 0.0545
v 0.01566796 0.51216173 0.0545
v 0.019298 0.51495516 0.0545
v 0.01266785 0.51360321 0.0545
v 0.022 0.5165152 0.0545
v 0.024702 0.51495516 0.0545
v 0.024702 0.51183522 0.0545
v 0.0265359 0.51139522 0.0545
v 0.03 0.50939518 0.0545
v 0.03778571 0.5083952 0.0545
v 0.0334641 0.51139522 0.0545
v 0.0334641 0.51539516 0.0545
v -0.007 0.51539516 -0.0095
v -0.0091875 0.52539521 -0.0095
v -0.007 0.51539516 0.0455
v -0.0091875 0.52539521 0.0455
v 0.0091875 0.52539521 0.0455
v 0.0091875 0.52539521 -0.0095
v 0.007 0.51539516 0.0455
v 0.007 0.51539516 -0.0095
v -0.02048039 0.51985544 -0.0245
v -0.0091875 0.52539521 -0.0245
v 0.02048039 0.51985544 -0.0245
v 0.0091875 0.52539521 -0.0245
v -0.01266785 0.51360321 -0.0245
v -0.01144871 0.51408601 -0.0245
v -0.007 0.51539516 -0.0245
v 0.007 0.51539516 -0.0245
v 0.01144871 0.51408601 -0.0245
v 0.01266785 0.51360321 -0.0245
v -0 0.5173952 -0.0095
v -0 0.5173952 -0.0245
v -0.00051764 0.51746333 -0.0095
v -0.001 0.51766312 -0.0095
v -0.00141421 0.51798099 -0.0095
v -0.00173205 0.51839519 -0.0095
v -0.00193185 0.51887757 -0.0095
v -0.002 0.51939517 -0.0095
v -0.00193185 0.51991284 -0.0095
v -0.00173205 0.52039516 -0.0095
v -0.00141421 0.52080941 -0.0095
v -0.001 0.52112722 -0.0095
v -0.00051764 0.52132702 -0.0095
v -0 0.52139521 -0.0095
v -0 0.52139521 -0.0245
v 0.00051764 0.52132702 -0.0095
v 0.001 0.52112722 -0.0095
v 0.00141421 0.52080941 -0.0095
v 0.00173205 0.52039516 -0.0095
v 0.00193185 0.51991284 -0.0095
v 0.002 0.51939517 -0.0095
v 0.00193185 0.51887757 -0.0095
v 0.00173205 0.51839519 -0.0095
v 0.00141421 0.51798099 -0.0095
v 0.001 0.51766312 -0.0095
v 0.00051764 0.51746333 -0.0095
v -0.03778571 0.5083952 0.0615
v 0.03778571 0.5083952 0.0615
v 0.00312 0.51539516 0.0535
v 0.00156 0.51539516 0.050798
v -0.00156 0.51539516 0.050798
v -0.00312 0.51539516 0.0535
v -0.00156 0.51539516 0.056202
v 0.00156 0.51539516 0.056202
v -0.00041411 0.52539521 0.05504548
v 0 0.52539521 0.0551
v 0.00041411 0.52539521 0.05504548
v -0.0008 0.52539521 0.05488564
v -0.00113137 0.52539521 0.05463137
v -0.00138564 0.52539521 0.0543
v -0.00138564 0.52539521 0.0527
v -0.00113137 0.52539521 0.05236863
v 0.00041411 0.52539521 0.05195452
v 0.0008 0.52539521 0.05211436
v 0.00113137 0.52539521 0.05236863
v 0.00138564 0.52539521 0.0527
v -0.0008 0.52539521 0.05211436
v -0.00041411 0.52539521 0.05195452
v 0 0.52539521 0.0519
v 0.00138564 0.52539521 0.0543
v 0.00113137 0.52539521 0.05463137
v 0.0008 0.52539521 0.05488564
v -0.00154548 0.52539521 0.05391411
v -0.0016 0.52539521 0.0535
v -0.00154548 0.52539521 0.05308589
v 0.00154548 0.52539521 0.05308589
v 0.0016 0.52539521 0.0535
v 0.00154548 0.52539521 0.05391411
v -0.019298 0.51495516 0.058
v -0.022 0.5165152 0.058
v -0.019298 0.51183522 0.058
v -0.022 0.51027519 0.058
v -0.024702 0.51183522 0.058
v -0.024702 0.51495516 0.058
v 0.03 0.50939518 0.058
v 0.0265359 0.51139522 0.058
v 0.03 0.51554519 0.058
v 0.02944354 0.51547194 0.058
v 0.03 0.5173952 0.058
v 0.02792326 0.51283872 0.058
v 0.02813805 0.51232016 0.058
v 0.0265359 0.51539516 0.058
v 0.028925 0.51525712 0.058
v 0.02847972 0.51491547 0.058
v 0.02813805 0.51447016 0.058
v 0.02792326 0.51395166 0.058
v 0.02785 0.51339519 0.058
v 0.02944354 0.51131845 0.058
v 0.028925 0.51153326 0.058
v 0.02847972 0.51187491 0.058
v 0.03152028 0.51187491 0.058
v 0.03186195 0.51232016 0.058
v 0.0334641 0.51139522 0.058
v 0.03 0.51124519 0.058
v 0.03055646 0.51131845 0.058
v 0.031075 0.51153326 0.058
v 0.03186195 0.51447016 0.058
v 0.03152028 0.51491547 0.058
v 0.0334641 0.51539516 0.058
v 0.031075 0.51525712 0.058
v 0.03055646 0.51547194 0.058
v 0.03207674 0.51283872 0.058
v 0.03215 0.51339519 0.058
v 0.03207674 0.51395166 0.058
v 0.022 0.51214516 0.058
v 0.02167648 0.51218778 0.058
v 0.021375 0.51231265 0.058
v 0.02111612 0.51251131 0.058
v 0.02091747 0.51277018 0.058
v 0.02079259 0.51307166 0.058
v 0.02075 0.51339519 0.058
v 0.02079259 0.51371872 0.058
v 0.02091747 0.5140202 0.058
v 0.02111612 0.51427907 0.058
v 0.021375 0.51447773 0.058
v 0.02167648 0.5146026 0.058
v 0.022 0.51464516 0.058
v 0.02232352 0.5146026 0.058
v 0.022625 0.51447773 0.058
v 0.02288388 0.51427907 0.058
v 0.02308253 0.5140202 0.058
v 0.02320741 0.51371872 0.058
v 0.02325 0.51339519 0.058
v 0.02320741 0.51307166 0.058
v 0.02308253 0.51277018 0.058
v 0.02288388 0.51251131 0.058
v 0.022625 0.51231265 0.058
v 0.02232352 0.51218778 0.058
v -0.03 0.51124519 0.058
v -0.03055646 0.51131845 0.058
v -0.031075 0.51153326 0.058
v -0.03152028 0.51187491 0.058
v -0.03186195 0.51232016 0.058
v -0.03207674 0.51283872 0.058
v -0.03215 0.51339519 0.058
v -0.03207674 0.51395166 0.058
v -0.03186195 0.51447016 0.058
v -0.03152028 0.51491547 0.058
v -0.031075 0.51525712 0.058
v -0.03055646 0.51547194 0.058
v -0.03 0.51554519 0.058
v -0.02944354 0.51547194 0.058
v -0.028925 0.51525712 0.058
v -0.02847972 0.51491547 0.058
v -0.02813805 0.51447016 0.058
v -0.02792326 0.51395166 0.058
v -0.02785 0.51339519 0.058
v -0.02792326 0.51283872 0.058
v -0.02813805 0.51232016 0.058
v -0.02847972 0.51187491 0.058
v -0.028925 0.51153326 0.058
v -0.02944354 0.51131845 0.058
v -0.022 0.51214516 0.058
v -0.02232352 0.51218778 0.058
v -0.022625 0.51231265 0.058
v -0.02288388 0.51251131 0.058
v -0.02308253 0.51277018 0.058
v -0.02320741 0.51307166 0.058
v -0.02325 0.51339519 0.058
v -0.02320741 0.51371872 0.058
v -0.02308253 0.5140202 0.058
v -0.02288388 0.51427907 0.058
v -0.022625 0.51447773 0.058
v -0.02232352 0.5146026 0.058
v -0.022 0.51464516 0.058
v -0.02167648 0.5146026 0.058
v -0.021375 0.51447773 0.058
v -0.02111612 0.51427907 0.058
v -0.02091747 0.5140202 0.058
v -0.02079259 0.51371872 0.058
v -0.02075 0.51339519 0.058
v -0.02079259 0.51307166 0.058
v -0.02091747 0.51277018 0.058
v -0.02111612 0.51251131 0.058
v -0.021375 0.51231265 0.058
v -0.02167648 0.51218778 0.058
v -0.00156 0.51839519 0.050798
v -0.00312 0.51839519 0.0535
v 0.00156 0.51839519 0.050798
v -0.00156 0.51839519 0.056202
v -0.00113137 0.51839519 0.05463137
v -0.0008 0.51839519 0.05488564
v -0.00041411 0.51839519 0.05195452
v 0 0.51839519 0.0519
v 0.00041411 0.51839519 0.05195452
v 0.0008 0.51839519 0.05211436
v -0.00041411 0.51839519 0.05504548
v 0 0.51839519 0.0551
v 0.00156 0.51839519 0.056202
v 0.00041411 0.51839519 0.05504548
v 0.0008 0.51839519 0.05488564
v -0.0008 0.51839519 0.05211436
v -0.00113137 0.51839519 0.05236863
v -0.00138564 0.51839519 0.0527
v -0.00154548 0.51839519 0.05308589
v 0.00113137 0.51839519 0.05463137
v 0.00138564 0.51839519 0.0543
v 0.00312 0.51839519 0.0535
v 0.00154548 0.51839519 0.05391411
v 0.0016 0.51839519 0.0535
v 0.00154548 0.51839519 0.05308589
v 0.00138564 0.51839519 0.0527
v 0.00113137 0.51839519 0.05236863
v -0.0016 0.51839519 0.0535
v -0.00154548 0.51839519 0.05391411
v -0.00138564 0.51839519 0.0543
v 0.022 0.51027519 0.058
v 0.024702 0.51495516 0.058
v 0.019298 0.51183522 0.058
v 0.024702 0.51183522 0.058
v 0.022 0.5165152 0.058
v 0.019298 0.51495516 0.058
v -0.032 0.51685929 0.058
v -0.034 0.51339519 0.058
v -0.032 0.50993109 0.058
v -0.028 0.50993109 0.058
v -0.028 0.51685929 0.058
v -0.026 0.51339519 0.058
v -0.03556066 0.03445584 -0.0275
v -0.03556066 0.03445584 -0.0295
v -0.03525 0.03469422 -0.0275
v -0.03525 0.03469422 -0.0295
v -0.03488823 0.03484407 -0.0275
v -0.03488823 0.03484407 -0.0295
v -0.0345 0.03489519 -0.0275
v -0.0345 0.03489519 -0.0295
v -0.03411177 0.03484407 -0.0275
v -0.03411177 0.03484407 -0.0295
v -0.03375 0.03469422 -0.0275
v -0.03375 0.03469422 -0.0295
v -0.03343934 0.03445584 -0.0275
v -0.03343934 0.03445584 -0.0295
v -0.03320096 0.03414518 -0.0275
v -0.03320096 0.03414518 -0.0295
v -0.03305111 0.03378341 -0.0275
v -0.03305111 0.03378341 -0.0295
v -0.033 0.03339518 -0.0275
v -0.033 0.03339518 -0.0295
v -0.03305111 0.03300695 -0.0275
v -0.03305111 0.03300695 -0.0295
v -0.03320096 0.03264518 -0.0275
v -0.03320096 0.03264518 -0.0295
v -0.03343934 0.03233453 -0.0275
v -0.03343934 0.03233453 -0.0295
v -0.03375 0.03209615 -0.0275
v -0.03375 0.03209615 -0.0295
v -0.03411177 0.03194629 -0.0275
v -0.03411177 0.03194629 -0.0295
v -0.0345 0.03189518 -0.0275
v -0.0345 0.03189518 -0.0295
v -0.03488823 0.03194629 -0.0275
v -0.03488823 0.03194629 -0.0295
v -0.03525 0.03209615 -0.0275
v -0.03525 0.03209615 -0.0295
v -0.03556066 0.03233453 -0.0275
v -0.03556066 0.03233453 -0.0295
v -0.03579904 0.03264518 -0.0275
v -0.03579904 0.03264518 -0.0295
v -0.03594889 0.03300695 -0.0275
v -0.03594889 0.03300695 -0.0295
v -0.036 0.03339518 -0.0275
v -0.036 0.03339518 -0.0295
v -0.03594889 0.03378341 -0.0275
v -0.03594889 0.03378341 -0.0295
v -0.03579904 0.03414518 -0.0275
v -0.03579904 0.03414518 -0.0295
v -0.00106066 -4.416E-05 -0.0275
v -0.00106066 -4.416E-05 -0.0295
v -0.00075 0.00019422 -0.0275
v -0.00075 0.00019422 -0.0295
v -0.00038823 0.00034407 -0.0275
v -0.00038823 0.00034407 -0.0295
v 0 0.00039518 -0.0275
v 0 0.00039518 -0.0295
v 0.00038823 0.00034407 -0.0275
v 0.00038823 0.00034407 -0.0295
v 0.00075 0.00019422 -0.0275
v 0.00075 0.00019422 -0.0295
v 0.00106066 -4.416E-05 -0.0275
v 0.00106066 -4.416E-05 -0.0295
v 0.00129904 -0.00035482 -0.0275
v 0.00129904 -0.00035482 -0.0295
v 0.00144889 -0.00071659 -0.0275
v 0.00144889 -0.00071659 -0.0295
v 0.0015 -0.00110482 -0.0275
v 0.0015 -0.00110482 -0.0295
v 0.00144889 -0.00149304 -0.0275
v 0.00144889 -0.00149304 -0.0295
v 0.00129904 -0.00185482 -0.0275
v 0.00129904 -0.00185482 -0.0295
v 0.00106066 -0.00216548 -0.0275
v 0.00106066 -0.00216548 -0.0295
v 0.00075 -0.00240385 -0.0275
v 0.00075 -0.00240385 -0.0295
v 0.00038823 -0.0025537 -0.0275
v 0.00038823 -0.0025537 -0.0295
v 0 -0.00260482 -0.0275
v 0 -0.00260482 -0.0295
v -0.00038823 -0.0025537 -0.0275
v -0.00038823 -0.0025537 -0.0295
v -0.00075 -0.00240385 -0.0275
v -0.00075 -0.00240385 -0.0295
v -0.00106066 -0.00216548 -0.0275
v -0.00106066 -0.00216548 -0.0295
v -0.00129904 -0.00185482 -0.0275
v -0.00129904 -0.00185482 -0.0295
v -0.00144889 -0.00149304 -0.0275
v -0.00144889 -0.00149304 -0.0295
v -0.0015 -0.00110482 -0.0275
v -0.0015 -0.00110482 -0.0295
v -0.00144889 -0.00071659 -0.0275
v -0.00144889 -0.00071659 -0.0295
v -0.00129904 -0.00035482 -0.0275
v -0.00129904 -0.00035482 -0.0295
v 0.03361612 0.03427907 -0.0275
v 0.03361612 0.03427907 -0.0295
v 0.033875 0.03447771 -0.0275
v 0.033875 0.03447771 -0.0295
v 0.03417648 0.03460259 -0.0275
v 0.03417648 0.03460259 -0.0295
v 0.0345 0.03464518 -0.0275
v 0.0345 0.03464518 -0.0295
v 0.03482352 0.03460259 -0.0275
v 0.03482352 0.03460259 -0.0295
v 0.035125 0.03447771 -0.0275
v 0.035125 0.03447771 -0.0295
v 0.03538388 0.03427907 -0.0275
v 0.03538388 0.03427907 -0.0295
v 0.03558253 0.03402019 -0.0275
v 0.03558253 0.03402019 -0.0295
v 0.03570741 0.03371871 -0.0275
v 0.03570741 0.03371871 -0.0295
v 0.03575 0.03339518 -0.0275
v 0.03575 0.03339518 -0.0295
v 0.03570741 0.03307166 -0.0275
v 0.03570741 0.03307166 -0.0295
v 0.03558253 0.03277018 -0.0275
v 0.03558253 0.03277018 -0.0295
v 0.03538388 0.0325113 -0.0275
v 0.03538388 0.0325113 -0.0295
v 0.035125 0.03231265 -0.0275
v 0.035125 0.03231265 -0.0295
v 0.03482352 0.03218778 -0.0275
v 0.03482352 0.03218778 -0.0295
v 0.0345 0.03214518 -0.0275
v 0.0345 0.03214518 -0.0295
v 0.03417648 0.03218778 -0.0275
v 0.03417648 0.03218778 -0.0295
v 0.033875 0.03231265 -0.0275
v 0.033875 0.03231265 -0.0295
v 0.03361612 0.0325113 -0.0275
v 0.03361612 0.0325113 -0.0295
v 0.03341747 0.03277018 -0.0275
v 0.03341747 0.03277018 -0.0295
v 0.03329259 0.03307166 -0.0275
v 0.03329259 0.03307166 -0.0295
v 0.03325 0.03339518 -0.0275
v 0.03325 0.03339518 -0.0295
v 0.03329259 0.03371871 -0.0275
v 0.03329259 0.03371871 -0.0295
v 0.03341747 0.03402019 -0.0275
v 0.03341747 0.03402019 -0.0295
v -0.00106066 0.06895585 -0.0275
v -0.00106066 0.06895585 -0.0295
v -0.00075 0.06919422 -0.0275
v -0.00075 0.06919422 -0.0295
v -0.00038823 0.06934407 -0.0275
v -0.00038823 0.06934407 -0.0295
v -0 0.06939518 -0.0275
v -0 0.06939518 -0.0295
v 0.00038823 0.06934407 -0.0275
v 0.00038823 0.06934407 -0.0295
v 0.00075 0.06919422 -0.0275
v 0.00075 0.06919422 -0.0295
v 0.00106066 0.06895585 -0.0275
v 0.00106066 0.06895585 -0.0295
v 0.00129904 0.06864519 -0.0275
v 0.00129904 0.06864519 -0.0295
v 0.00144889 0.06828341 -0.0275
v 0.00144889 0.06828341 -0.0295
v 0.0015 0.06789518 -0.0275
v 0.0015 0.06789518 -0.0295
v 0.00144889 0.06750695 -0.0275
v 0.00144889 0.06750695 -0.0295
v 0.00129904 0.06714518 -0.0275
v 0.00129904 0.06714518 -0.0295
v 0.00106066 0.06683452 -0.0275
v 0.00106066 0.06683452 -0.0295
v 0.00075 0.06659614 -0.0275
v 0.00075 0.06659614 -0.0295
v 0.00038823 0.0664463 -0.0275
v 0.00038823 0.0664463 -0.0295
v -0 0.06639519 -0.0275
v -0 0.06639519 -0.0295
v -0.00038823 0.0664463 -0.0275
v -0.00038823 0.0664463 -0.0295
v -0.00075 0.06659614 -0.0275
v -0.00075 0.06659614 -0.0295
v -0.00106066 0.06683452 -0.0275
v -0.00106066 0.06683452 -0.0295
v -0.00129904 0.06714518 -0.0275
v -0.00129904 0.06714518 -0.0295
v -0.00144889 0.06750695 -0.0275
v -0.00144889 0.06750695 -0.0295
v -0.0015 0.06789518 -0.0275
v -0.0015 0.06789518 -0.0295
v -0.00144889 0.06828341 -0.0275
v -0.00144889 0.06828341 -0.0295
v -0.00129904 0.06864519 -0.0275
v -0.00129904 0.06864519 -0.0295
v -0.02616295 0.01076777 -0.0245
v -0.02616295 0.01076777 -0.0295
v -0.02564518 0.01116506 -0.0245
v -0.02564518 0.01116506 -0.0295
v -0.02504223 0.01141481 -0.0245
v -0.02504223 0.01141481 -0.0295
v -0.02439518 0.0115 -0.0245
v -0.02439518 0.0115 -0.0295
v -0.02374814 0.01141481 -0.0245
v -0.02374814 0.01141481 -0.0295
v -0.02314518 0.01116506 -0.0245
v -0.02314518 0.01116506 -0.0295
v -0.02262742 0.01076777 -0.0245
v -0.02262742 0.01076777 -0.0295
v -0.02223012 0.01025 -0.0245
v -0.02223012 0.01025 -0.0295
v -0.02198037 0.00964705 -0.0245
v -0.02198037 0.00964705 -0.0295
v -0.02189518 0.009 -0.0245
v -0.02189518 0.009 -0.0295
v -0.02198037 0.00835295 -0.0245
v -0.02198037 0.00835295 -0.0295
v -0.02223012 0.00775 -0.0245
v -0.02223012 0.00775 -0.0295
v -0.02262742 0.00723223 -0.0245
v -0.02262742 0.00723223 -0.0295
v -0.02314518 0.00683494 -0.0245
v -0.02314518 0.00683494 -0.0295
v -0.02374814 0.00658519 -0.0245
v -0.02374814 0.00658519 -0.0295
v -0.02439518 0.0065 -0.0245
v -0.02439518 0.0065 -0.0295
v -0.02504223 0.00658519 -0.0245
v -0.02504223 0.00658519 -0.0295
v -0.02564518 0.00683494 -0.0245
v -0.02564518 0.00683494 -0.0295
v -0.02616295 0.00723223 -0.0245
v -0.02616295 0.00723223 -0.0295
v -0.02656025 0.00775 -0.0245
v -0.02656025 0.00775 -0.0295
v -0.02681 0.00835295 -0.0245
v -0.02681 0.00835295 -0.0295
v -0.02689518 0.009 -0.0245
v -0.02689518 0.009 -0.0295
v -0.02681 0.00964705 -0.0245
v -0.02681 0.00964705 -0.0295
v -0.02656025 0.01025 -0.0245
v -0.02656025 0.01025 -0.0295
v 0.02262742 0.01076777 -0.0245
v 0.02262742 0.01076777 -0.0295
v 0.02314518 0.01116506 -0.0245
v 0.02314518 0.01116506 -0.0295
v 0.02374814 0.01141481 -0.0245
v 0.02374814 0.01141481 -0.0295
v 0.02439518 0.0115 -0.0245
v 0.02439518 0.0115 -0.0295
v 0.02504223 0.01141481 -0.0245
v 0.02504223 0.01141481 -0.0295
v 0.02564518 0.01116506 -0.0245
v 0.02564518 0.01116506 -0.0295
v 0.02616295 0.01076777 -0.0245
v 0.02616295 0.01076777 -0.0295
v 0.02656025 0.01025 -0.0245
v 0.02656025 0.01025 -0.0295
v 0.02681 0.00964705 -0.0245
v 0.02681 0.00964705 -0.0295
v 0.02689518 0.009 -0.0245
v 0.02689518 0.009 -0.0295
v 0.02681 0.00835295 -0.0245
v 0.02681 0.00835295 -0.0295
v 0.02656025 0.00775 -0.0245
v 0.02656025 0.00775 -0.0295
v 0.02616295 0.00723223 -0.0245
v 0.02616295 0.00723223 -0.0295
v 0.02564518 0.00683494 -0.0245
v 0.02564518 0.00683494 -0.0295
v 0.02504223 0.00658519 -0.0245
v 0.02504223 0.00658519 -0.0295
v 0.02439518 0.0065 -0.0245
v 0.02439518 0.0065 -0.0295
v 0.02374814 0.00658519 -0.0245
v 0.02374814 0.00658519 -0.0295
v 0.02314518 0.00683494 -0.0245
v 0.02314518 0.00683494 -0.0295
v 0.02262742 0.00723223 -0.0245
v 0.02262742 0.00723223 -0.0295
v 0.02223012 0.00775 -0.0245
v 0.02223012 0.00775 -0.0295
v 0.02198037 0.00835295 -0.0245
v 0.02198037 0.00835295 -0.0295
v 0.02189518 0.009 -0.0245
v 0.02189518 0.009 -0.0295
v 0.02198037 0.00964705 -0.0245
v 0.02198037 0.00964705 -0.0295
v 0.02223012 0.01025 -0.0245
v 0.02223012 0.01025 -0.0295
v 0.03662132 0.03127386 -0.0275
v 0.03662132 0.03127386 -0.0245
v 0.03709808 0.03189518 -0.0275
v 0.03709808 0.03189518 -0.0245
v 0.03739778 0.03261873 -0.0275
v 0.03739778 0.03261873 -0.0245
v 0.0375 0.03339518 -0.0275
v 0.0375 0.03339518 -0.0245
v 0.03739778 0.03417164 -0.0275
v 0.03739778 0.03417164 -0.0245
v 0.03709808 0.03489519 -0.0275
v 0.03709808 0.03489519 -0.0245
v 0.03662132 0.0355165 -0.0275
v 0.03662132 0.0355165 -0.0245
v 0.036 0.03599326 -0.0275
v 0.036 0.03599326 -0.0245
v 0.03527646 0.03629296 -0.0275
v 0.03527646 0.03629296 -0.0245
v 0.0345 0.03639518 -0.0275
v 0.0345 0.03639518 -0.0245
v 0.03372354 0.03629296 -0.0275
v 0.03372354 0.03629296 -0.0245
v 0.033 0.03599326 -0.0275
v 0.033 0.03599326 -0.0245
v 0.03237868 0.0355165 -0.0275
v 0.03237868 0.0355165 -0.0245
v 0.03190192 0.03489519 -0.0275
v 0.03190192 0.03489519 -0.0245
v 0.03160222 0.03417164 -0.0275
v 0.03160222 0.03417164 -0.0245
v 0.0315 0.03339518 -0.0275
v 0.0315 0.03339518 -0.0245
v 0.03160222 0.03261873 -0.0275
v 0.03160222 0.03261873 -0.0245
v 0.03190192 0.03189518 -0.0275
v 0.03190192 0.03189518 -0.0245
v 0.03237868 0.03127386 -0.0275
v 0.03237868 0.03127386 -0.0245
v 0.033 0.03079711 -0.0275
v 0.033 0.03079711 -0.0245
v 0.03372354 0.03049741 -0.0275
v 0.03372354 0.03049741 -0.0245
v 0.0345 0.03039518 -0.0275
v 0.0345 0.03039518 -0.0245
v 0.03527646 0.03049741 -0.0275
v 0.03527646 0.03049741 -0.0245
v 0.036 0.03079711 -0.0275
v 0.036 0.03079711 -0.0245
v 0.00212132 -0.00322614 -0.0275
v 0.00212132 -0.00322614 -0.0245
v 0.00259808 -0.00260482 -0.0275
v 0.00259808 -0.00260482 -0.0245
v 0.00289778 -0.00188127 -0.0275
v 0.00289778 -0.00188127 -0.0245
v 0.003 -0.00110482 -0.0275
v 0.003 -0.00110482 -0.0245
v 0.00289778 -0.00032836 -0.0275
v 0.00289778 -0.00032836 -0.0245
v 0.00259808 0.00039518 -0.0275
v 0.00259808 0.00039518 -0.0245
v 0.00212132 0.0010165 -0.0275
v 0.00212132 0.0010165 -0.0245
v 0.0015 0.00149326 -0.0275
v 0.0015 0.00149326 -0.0245
v 0.00077646 0.00179296 -0.0275
v 0.00077646 0.00179296 -0.0245
v 0 0.00189518 -0.0275
v 0 0.00189518 -0.0245
v -0.00077646 0.00179296 -0.0275
v -0.00077646 0.00179296 -0.0245
v -0.0015 0.00149326 -0.0275
v -0.0015 0.00149326 -0.0245
v -0.00212132 0.0010165 -0.0275
v -0.00212132 0.0010165 -0.0245
v -0.00259808 0.00039518 -0.0275
v -0.00259808 0.00039518 -0.0245
v -0.00289778 -0.00032836 -0.0275
v -0.00289778 -0.00032836 -0.0245
v -0.003 -0.00110482 -0.0275
v -0.003 -0.00110482 -0.0245
v -0.00289778 -0.00188127 -0.0275
v -0.00289778 -0.00188127 -0.0245
v -0.00259808 -0.00260482 -0.0275
v -0.00259808 -0.00260482 -0.0245
v -0.00212132 -0.00322614 -0.0275
v -0.00212132 -0.00322614 -0.0245
v -0.0015 -0.00370289 -0.0275
v -0.0015 -0.00370289 -0.0245
v -0.00077646 -0.00400259 -0.0275
v -0.00077646 -0.00400259 -0.0245
v 0 -0.00410482 -0.0275
v 0 -0.00410482 -0.0245
v 0.00077646 -0.00400259 -0.0275
v 0.00077646 -0.00400259 -0.0245
v 0.0015 -0.00370289 -0.0275
v 0.0015 -0.00370289 -0.0245
v -0.03237868 0.0355165 -0.0275
v -0.033 0.03599326 -0.0275
v -0.03372354 0.03629296 -0.0275
v -0.0345 0.03639518 -0.0275
v -0.03527646 0.03629296 -0.0275
v -0.036 0.03599326 -0.0275
v -0.03662132 0.0355165 -0.0275
v -0.03709808 0.03489519 -0.0275
v -0.03739778 0.03417164 -0.0275
v -0.0375 0.03339518 -0.0275
v -0.03739778 0.03261873 -0.0275
v -0.03709808 0.03189518 -0.0275
v -0.03662132 0.03127386 -0.0275
v -0.036 0.03079711 -0.0275
v -0.03527646 0.03049741 -0.0275
v -0.0345 0.03039518 -0.0275
v -0.03372354 0.03049741 -0.0275
v -0.033 0.03079711 -0.0275
v -0.03237868 0.03127386 -0.0275
v -0.03190192 0.03189518 -0.0275
v -0.03160222 0.03261873 -0.0275
v -0.0315 0.03339518 -0.0275
v -0.03160222 0.03417164 -0.0275
v -0.03190192 0.03489519 -0.0275
v -0.03237868 0.03127386 -0.0245
v -0.03190192 0.03189518 -0.0245
v -0.03160222 0.03261873 -0.0245
v -0.0315 0.03339518 -0.0245
v -0.03160222 0.03417164 -0.0245
v -0.03190192 0.03489519 -0.0245
v -0.03237868 0.0355165 -0.0245
v -0.033 0.03599326 -0.0245
v -0.03372354 0.03629296 -0.0245
v -0.0345 0.03639518 -0.0245
v -0.03527646 0.03629296 -0.0245
v -0.036 0.03599326 -0.0245
v -0.03662132 0.0355165 -0.0245
v -0.03709808 0.03489519 -0.0245
v -0.03739778 0.03417164 -0.0245
v -0.0375 0.03339518 -0.0245
v -0.03739778 0.03261873 -0.0245
v -0.03709808 0.03189518 -0.0245
v -0.03662132 0.03127386 -0.0245
v -0.036 0.03079711 -0.0245
v -0.03527646 0.03049741 -0.0245
v -0.0345 0.03039518 -0.0245
v -0.03372354 0.03049741 -0.0245
v -0.033 0.03079711 -0.0245
v -0.003 0.06789518 -0.0275
v -0.00289778 0.06711873 -0.0275
v -0.00259808 0.06639519 -0.0275
v -0.00212132 0.06577387 -0.0275
v -0.0015 0.0652971 -0.0275
v -0.00077646 0.0649974 -0.0275
v -0 0.06489518 -0.0275
v 0.00077646 0.0649974 -0.0275
v 0.0015 0.0652971 -0.0275
v 0.00212132 0.06577387 -0.0275
v 0.00259808 0.06639519 -0.0275
v 0.00289778 0.06711873 -0.0275
v 0.003 0.06789518 -0.0275
v 0.00289778 0.06867164 -0.0275
v 0.00259808 0.06939518 -0.0275
v 0.00212132 0.0700165 -0.0275
v 0.0015 0.07049326 -0.0275
v 0.00077646 0.07079296 -0.0275
v -0 0.07089519 -0.0275
v -0.00077646 0.07079296 -0.0275
v -0.0015 0.07049326 -0.0275
v -0.00212132 0.0700165 -0.0275
v -0.00259808 0.06939518 -0.0275
v -0.00289778 0.06867164 -0.0275
v 0.00212132 0.06577387 -0.0245
v 0.00259808 0.06639519 -0.0245
v 0.00289778 0.06711873 -0.0245
v 0.003 0.06789518 -0.0245
v 0.00289778 0.06867164 -0.0245
v 0.00259808 0.06939518 -0.0245
v 0.00212132 0.0700165 -0.0245
v 0.0015 0.07049326 -0.0245
v 0.00077646 0.07079296 -0.0245
v -0 0.07089519 -0.0245
v -0.00077646 0.07079296 -0.0245
v -0.0015 0.07049326 -0.0245
v -0.00212132 0.0700165 -0.0245
v -0.00259808 0.06939518 -0.0245
v -0.00289778 0.06867164 -0.0245
v -0.003 0.06789518 -0.0245
v -0.00289778 0.06711873 -0.0245
v -0.00259808 0.06639519 -0.0245
v -0.00212132 0.06577387 -0.0245
v -0.0015 0.0652971 -0.0245
v -0.00077646 0.0649974 -0.0245
v -0 0.06489518 -0.0245
v 0.00077646 0.0649974 -0.0245
v 0.0015 0.0652971 -0.0245
v -0.01957288 -0.00171783 -0.0245
v -0.02024988 -0.00167865 -0.0248
v -0.01040447 -0.00543481 -0.0245
v -0.01048211 -0.00572459 -0.0248
v -0.00210039 -0.00674968 -0.0245
v -0 -0.00710459 -0.0248
v -0 -0.00680459 -0.0245
v 0.01048211 -0.00572459 -0.0248
v 0.01040447 -0.00543481 -0.0245
v 0.01862735 -0.00222845 -0.0245
v 0.02024988 -0.00167865 -0.0248
v 0.01957288 -0.00171783 -0.0245
v 0.02009988 -0.00141884 -0.0245
v 0.02863766 0.00475752 -0.0248
v 0.02842553 0.00496965 -0.0245
v 0.03507383 0.0131453 -0.0248
v 0.03481402 0.0132953 -0.0245
v 0.03911977 0.0438773 -0.0248
v 0.04019977 0.03339518 -0.0245
v 0.04049977 0.03339518 -0.0248
v 0.04014486 0.03129479 -0.0245
v 0.03911977 0.02291307 -0.0248
v 0.03882999 0.02299072 -0.0245
v 0.03511301 0.0138223 -0.0245
v 0.01048211 0.07251496 -0.0248
v 0.02009988 0.06820921 -0.0245
v 0.02024988 0.06846901 -0.0248
v 0.02842553 0.06182071 -0.0245
v 0.02863766 0.06203284 -0.0248
v 0.03481402 0.05349507 -0.0245
v 0.03507383 0.05364507 -0.0248
v 0.03562363 0.05202254 -0.0245
v 0.03882999 0.04379965 -0.0245
v -0.01048211 0.07251496 -0.0248
v -0 0.07359495 -0.0245
v -0 0.07389496 -0.0248
v 0.00210039 0.07354005 -0.0245
v 0.01040447 0.07222518 -0.0245
v -0.03911977 0.0438773 -0.0248
v -0.03481402 0.05349507 -0.0245
v -0.03507383 0.05364507 -0.0248
v -0.02842553 0.06182071 -0.0245
v -0.02863766 0.06203284 -0.0248
v -0.02009988 0.06820921 -0.0245
v -0.02024988 0.06846901 -0.0248
v -0.01862735 0.06901882 -0.0245
v -0.01040447 0.07222518 -0.0245
v -0.03911977 0.02291307 -0.0248
v -0.04019977 0.03339518 -0.0245
v -0.04049977 0.03339518 -0.0248
v -0.04014486 0.03549558 -0.0245
v -0.03882999 0.04379965 -0.0245
v -0.03507383 0.0131453 -0.0248
v -0.03562363 0.01476783 -0.0245
v -0.03882999 0.02299072 -0.0245
v -0.02009988 -0.00141884 -0.0245
v -0.02842553 0.00496965 -0.0245
v -0.02863766 0.00475752 -0.0248
v -0.03481402 0.0132953 -0.0245
v -0.03511301 0.0138223 -0.0245
v 0.02944759 0.02084404 -0.0245
v 0.02944759 0.04594633 -0.0245
v 0.01255115 0.06284278 -0.0245
v -0.01255115 0.06284278 -0.0245
v -0.02944759 0.04594633 -0.0245
v -0.02944759 0.02084404 -0.0245
v -0.01255115 0.00394759 -0.0245
v 0.01255115 0.00394759 -0.0245
v -0 0.01649874 -0.0245
v -0.01689645 0.03339518 -0.0245
v -0.02262742 0.0560226 -0.0245
v -0.02314518 0.0556253 -0.0245
v -0.02374814 0.05537555 -0.0245
v -0.02439518 0.05529037 -0.0245
v -0.02198037 0.05843741 -0.0245
v -0.02189518 0.05779037 -0.0245
v -0.02198037 0.05714332 -0.0245
v -0.02223012 0.05654037 -0.0245
v -0.02504223 0.06020518 -0.0245
v -0.02564518 0.05995543 -0.0245
v -0.02616295 0.05955813 -0.0245
v -0.02504223 0.05537555 -0.0245
v -0.02564518 0.0556253 -0.0245
v -0.02616295 0.0560226 -0.0245
v -0.02656025 0.05654037 -0.0245
v -0.02681 0.05714332 -0.0245
v -0.02262742 0.05955813 -0.0245
v -0.02223012 0.05904037 -0.0245
v -0.02689518 0.05779037 -0.0245
v -0.02681 0.05843741 -0.0245
v -0.02656025 0.05904037 -0.0245
v -0.02439518 0.06029037 -0.0245
v -0.02374814 0.06020518 -0.0245
v -0.02314518 0.05995543 -0.0245
v -0 0.05029163 -0.0245
v 0.02681 0.05843741 -0.0245
v 0.02656025 0.05904037 -0.0245
v 0.02616295 0.05955813 -0.0245
v 0.02689518 0.05779037 -0.0245
v 0.02681 0.05714332 -0.0245
v 0.02374814 0.06020518 -0.0245
v 0.02439518 0.06029037 -0.0245
v 0.02504223 0.06020518 -0.0245
v 0.02564518 0.05995543 -0.0245
v 0.02198037 0.05714332 -0.0245
v 0.02189518 0.05779037 -0.0245
v 0.02504223 0.05537555 -0.0245
v 0.02439518 0.05529037 -0.0245
v 0.02374814 0.05537555 -0.0245
v 0.02656025 0.05654037 -0.0245
v 0.02616295 0.0560226 -0.0245
v 0.02564518 0.0556253 -0.0245
v 0.02314518 0.0556253 -0.0245
v 0.02262742 0.0560226 -0.0245
v 0.02223012 0.05654037 -0.0245
v 0.02198037 0.05843741 -0.0245
v 0.02223012 0.05904037 -0.0245
v 0.02262742 0.05955813 -0.0245
v 0.02314518 0.05995543 -0.0245
v 0.01689645 0.03339518 -0.0245
v 0.02902421 0.02561817 -0.029
v 0.0260224 0.01837115 -0.029
v -0 0.03339518 -0.029
v 0.0212472 0.01214799 -0.029
v 0.01502404 0.00737279 -0.029
v 0.0260224 0.04841922 -0.029
v 0.02902421 0.0411722 -0.029
v 0.03004808 0.03339518 -0.029
v 0.00777701 0.0624194 -0.029
v 0.01502404 0.05941758 -0.029
v 0.0212472 0.05464238 -0.029
v -0.01502404 0.05941758 -0.029
v -0.00777701 0.0624194 -0.029
v -0 0.06344326 -0.029
v -0.02902421 0.0411722 -0.029
v -0.0260224 0.04841922 -0.029
v -0.0212472 0.05464238 -0.029
v -0.0260224 0.01837115 -0.029
v -0.02902421 0.02561817 -0.029
v -0.03004808 0.03339518 -0.029
v -0.00777701 0.00437097 -0.029
v -0.01502404 0.00737279 -0.029
v -0.0212472 0.01214799 -0.029
v 0.00777701 0.00437097 -0.029
v -0 0.00334711 -0.029
v -0.00155666 -0.00460602 -0.0295
v -0.02681 0.05843741 -0.0295
v -0.02689518 0.05779037 -0.0295
v -0.03507383 0.05364507 -0.0295
v 0.01502404 0.05941758 -0.0295
v 0.01257251 0.06068655 -0.0295
v 0.02198037 0.05843741 -0.0295
v 0.03911977 0.0438773 -0.0295
v 0.0380012 0.03495184 -0.0295
v 0.02875748 0.04419556 -0.0295
v 0.03091586 0.02043643 -0.0295
v 0.03507383 0.0131453 -0.0295
v 0.03911977 0.02291307 -0.0295
v 0.02863766 0.00475752 -0.0295
v 0.02024988 -0.00167865 -0.0295
v 0.01295875 0.00247932 -0.0295
v 0.01048211 -0.00572459 -0.0295
v 0.04049094 0.03424078 -0.0295
v 0.04049977 0.03339518 -0.0295
v 0.03955786 0.03339518 -0.0295
v 0.04030876 0.02946645 -0.0295
v 0.02875748 0.02259481 -0.0295
v 0.02681 0.05714332 -0.0295
v 0.02689518 0.05779037 -0.0295
v 0.03507383 0.05364507 -0.0295
v 0.02681 0.05843741 -0.0295
v 0.02863766 0.06203284 -0.0295
v 0.02656025 0.05904037 -0.0295
v 0.02504223 0.05537555 -0.0295
v 0.02564518 0.0556253 -0.0295
v 0.02616295 0.0560226 -0.0295
v 0.02656025 0.05654037 -0.0295
v 0.02616295 0.05955813 -0.0295
v 0.02564518 0.05995543 -0.0295
v 0.02024988 0.06846901 -0.0295
v 0.02504223 0.06020518 -0.0295
v 0.02439518 0.06029037 -0.0295
v 0.02223012 0.05654037 -0.0295
v 0.0212472 0.05464238 -0.0295
v 0.02198037 0.05714332 -0.0295
v 0.02189518 0.05779037 -0.0295
v 0.02262742 0.0560226 -0.0295
v 0.02314518 0.0556253 -0.0295
v 0.0260224 0.04841922 -0.0295
v 0.02374814 0.05537555 -0.0295
v 0.02374814 0.06020518 -0.0295
v 0.02314518 0.05995543 -0.0295
v 0.01048211 0.07251496 -0.0295
v 0.02262742 0.05955813 -0.0295
v -0.01048211 0.07251496 -0.0295
v -0 0.07389496 -0.0295
v -0 0.07295305 -0.0295
v 0.01080038 0.06215267 -0.0295
v 0.02223012 0.05904037 -0.0295
v -0.0260224 0.04841922 -0.0295
v -0.02729137 0.04596769 -0.0295
v -0.02504223 0.05537555 -0.0295
v -0.02656025 0.05904037 -0.0295
v -0.02863766 0.06203284 -0.0295
v -0.02616295 0.05955813 -0.0295
v -0.02681 0.05714332 -0.0295
v -0.02656025 0.05654037 -0.0295
v -0.03911977 0.0438773 -0.0295
v -0.02616295 0.0560226 -0.0295
v -0.02439518 0.05529037 -0.0295
v -0.02374814 0.05537555 -0.0295
v -0.0212472 0.05464238 -0.0295
v -0.02314518 0.0556253 -0.0295
v -0.02374814 0.06020518 -0.0295
v -0.02439518 0.06029037 -0.0295
v -0.02024988 0.06846901 -0.0295
v -0.02504223 0.06020518 -0.0295
v -0.02564518 0.05995543 -0.0295
v -0.02198037 0.05843741 -0.0295
v -0.02223012 0.05904037 -0.0295
v -0.01080038 0.06215267 -0.0295
v -0.02262742 0.0560226 -0.0295
v -0.02223012 0.05654037 -0.0295
v -0.01502404 0.05941758 -0.0295
v -0.02198037 0.05714332 -0.0295
v -0.02189518 0.05779037 -0.0295
v -0.01257251 0.06068655 -0.0295
v -0.01018928 0.06166293 -0.0295
v -0.02262742 0.05955813 -0.0295
v -0.02314518 0.05995543 -0.0295
v -0.04049094 0.03254959 -0.0295
v -0.04049977 0.03339518 -0.0295
v -0.03955786 0.03339518 -0.0295
v -0.02875748 0.04419556 -0.0295
v -0.02564518 0.0556253 -0.0295
v -0.02875748 0.02259481 -0.0295
v -0.03091586 0.02043643 -0.0295
v -0.03911977 0.02291307 -0.0295
v -0.03621635 0.01526765 -0.0295
v -0.01295875 0.00247932 -0.0295
v -0.02863766 0.00475752 -0.0295
v -0.03507383 0.0131453 -0.0295
v -0.02024988 -0.00167865 -0.0295
v -0.01048211 -0.00572459 -0.0295
v -0.00362417 -0.0069421 -0.0295
v -0.00392873 -0.00691358 -0.0295
v -0 -0.00710459 -0.0295
v -0.0008456 -0.00709576 -0.0295
v -0 -0.00616268 -0.0295
v 0.01080038 0.0046377 -0.0295
v -0.01080038 0.0046377 -0.0295
v 0.00777701 0.00437097 -0.0295
v -0 0.00334711 -0.0295
v -0.00777701 0.00437097 -0.0295
v -0.02902421 0.02561817 -0.0295
v -0.02826775 0.02320591 -0.0295
v -0.01502404 0.00737279 -0.0295
v -0.0212472 0.01214799 -0.0295
v -0.0260224 0.01837115 -0.0295
v -0.02902421 0.0411722 -0.0295
v -0.03004808 0.03339518 -0.0295
v -0.02826775 0.04358446 -0.0295
v -0.00777701 0.0624194 -0.0295
v -0 0.06344326 -0.0295
v 0.00777701 0.0624194 -0.0295
v 0.01018928 0.06166293 -0.0295
v 0.02902421 0.0411722 -0.0295
v 0.02826775 0.04358446 -0.0295
v 0.03004808 0.03339518 -0.0295
v 0.02439518 0.05529037 -0.0295
v 0.02729137 0.04596769 -0.0295
v 0.02902421 0.02561817 -0.0295
v 0.0260224 0.01837115 -0.0295
v 0.0212472 0.01214799 -0.0295
v 0.01502404 0.00737279 -0.0295
v 0.02596378 0.45600492 -0.0345
v 0.02789767 0.4521102 -0.0345
v 0.02644714 0.4562023 -0.0345
v 0.02904425 0.45260119 -0.0345
v 0.02686294 0.45651805 -0.0345
v 0.03003076 0.45336443 -0.0345
v 0.02718285 0.45693067 -0.0345
v 0.01396795 0.51711679 -0.0345
v 0.01210122 0.51783079 -0.0345
v 0.02372884 0.50985974 -0.0345
v 0.03079398 0.45435095 -0.0345
v 0.03128499 0.45549753 -0.0345
v 0.02738507 0.457412 -0.0345
v 0.0314723 0.45673066 -0.0345
v 0.02745582 0.45792931 -0.0345
v 0.03134392 0.45797133 -0.0345
v 0.02739027 0.45844728 -0.0345
v 0.02404875 0.45936063 -0.0345
v 0.02446455 0.45967638 -0.0345
v 0.01979899 0.46359619 -0.0345
v 0.02646453 0.51057804 -0.0345
v 0.02789767 0.51468021 -0.0345
v 0.02598318 0.51078027 -0.0345
v 0.02666453 0.51486748 -0.0345
v 0.02546589 0.51085103 -0.0345
v 0.02542387 0.5147391 -0.0345
v 0.02494791 0.51078546 -0.0345
v 0.02739027 0.50935894 -0.0345
v 0.03128499 0.51129287 -0.0345
v 0.02719289 0.50984234 -0.0345
v 0.03079398 0.51243943 -0.0345
v 0.02687714 0.51025814 -0.0345
v 0.03003076 0.51342595 -0.0345
v 0.02904425 0.51418918 -0.0345
v 0.02444716 0.45621234 -0.0345
v 0.02323347 0.45320249 -0.0345
v 0.02492851 0.4560101 -0.0345
v 0.02425521 0.45248711 -0.0345
v 0.0254458 0.45593938 -0.0345
v 0.02542387 0.45205125 -0.0345
v 0.02666453 0.45192289 -0.0345
v 0.02371879 0.45694804 -0.0345
v 0.01396795 0.44967359 -0.0345
v 0.02075115 0.45336786 -0.0345
v 0.02411873 0.46917245 -0.0345
v 0.02494791 0.45987377 -0.0345
v 0.02690784 0.47565129 -0.0345
v 0.02718285 0.50784236 -0.0345
v 0.03019269 0.50662863 -0.0345
v 0.02738507 0.50832373 -0.0345
v 0.03090807 0.50765038 -0.0345
v 0.02745582 0.50884098 -0.0345
v 0.03134392 0.50881904 -0.0345
v 0.0314723 0.51005971 -0.0345
v 0.02352662 0.50937837 -0.0345
v 0.02403455 0.45653224 -0.0345
v 0.02114457 0.45357916 -0.0345
v 0.02157506 0.45369786 -0.0345
v 0.02202115 0.45371813 -0.0345
v 0.02246062 0.45363888 -0.0345
v 0.02287156 0.45346409 -0.0345
v 0.03002732 0.50414634 -0.0345
v 0.02981604 0.50453973 -0.0345
v 0.02686294 0.50742972 -0.0345
v 0.02969731 0.50497025 -0.0345
v 0.02444716 0.50712401 -0.0345
v 0.01979899 0.50319415 -0.0345
v 0.02492851 0.50692183 -0.0345
v 0.02411873 0.49761793 -0.0345
v 0.0254458 0.50685108 -0.0345
v 0.02690784 0.49113908 -0.0345
v 0.02596378 0.50691658 -0.0345
v 0.02644714 0.50711399 -0.0345
v 0.02403455 0.50744396 -0.0345
v 0.02371879 0.50785977 -0.0345
v 0.01422275 0.50751394 -0.0345
v 0.02352142 0.5083431 -0.0345
v 0.0077439 0.51030302 -0.0345
v 0.02202115 0.51307225 -0.0345
v 0.02157506 0.51309252 -0.0345
v 0.02404875 0.51027232 -0.0345
v 0.02114457 0.51321125 -0.0345
v 0.02075115 0.51342249 -0.0345
v 0.02425521 0.51430327 -0.0345
v 0.02323347 0.51358789 -0.0345
v 0.02446455 0.51058811 -0.0345
v 0.02287156 0.51332629 -0.0345
v 0.02246062 0.51315153 -0.0345
v 0.00690183 0.45613679 -0.0345
v 0.00616108 0.45560458 -0.0345
v 0.02352142 0.45743141 -0.0345
v 0.00567966 0.45508218 -0.0345
v 0.01174769 0.4488374 -0.0345
v 0.03002732 0.46264404 -0.0345
v 0.02646453 0.45966634 -0.0345
v 0.02981604 0.46225062 -0.0345
v 0.02687714 0.45934644 -0.0345
v 0.02969731 0.46182013 -0.0345
v 0.02967707 0.46137404 -0.0345
v 0.02928127 0.4782649 -0.0345
v 0.02847679 0.47783503 -0.0345
v 0.02598318 0.45986858 -0.0345
v 0.02779061 0.4772341 -0.0345
v 0.0272584 0.47649336 -0.0345
v 0.02546589 0.45993933 -0.0345
v 0.02967707 0.50541633 -0.0345
v 0.02975631 0.5058558 -0.0345
v 0.02993109 0.50626677 -0.0345
v 0.03090807 0.45913997 -0.0345
v 0.03019269 0.46016172 -0.0345
v 0.02719289 0.45893064 -0.0345
v 0.02993109 0.46052364 -0.0345
v 0.02975631 0.46093455 -0.0345
v 0.0077439 0.45648736 -0.0345
v 0.02345587 0.45794937 -0.0345
v 0.01422275 0.45927644 -0.0345
v 0.02352662 0.45846668 -0.0345
v 0.02372884 0.45894802 -0.0345
v 0.00616108 0.51118577 -0.0345
v 0.00690183 0.51065361 -0.0345
v 0.02345587 0.50886106 -0.0345
v 0.03810899 0.48679402 -0.0345
v 0.037778 0.48831609 -0.0345
v 0.0371878 0.48721477 -0.0345
v 0.03733711 0.48838702 -0.0345
v 0.03619048 0.48739064 -0.0345
v 0.03692295 0.48855403 -0.0345
v 0.03655617 0.48880875 -0.0345
v 0.03016221 0.48828906 -0.0345
v 0.03625504 0.48913848 -0.0345
v 0.0398718 0.48439977 -0.0345
v 0.04184846 0.48579037 -0.0345
v 0.03949542 0.48533994 -0.0345
v 0.04110895 0.4867948 -0.0345
v 0.03889499 0.48615545 -0.0345
v 0.04014089 0.48758131 -0.0345
v 0.03900633 0.48809949 -0.0345
v 0.03949542 0.48145044 -0.0345
v 0.04184846 0.48099998 -0.0345
v 0.0398718 0.48239061 -0.0345
v 0.04231202 0.48215795 -0.0345
v 0.04 0.48339519 -0.0345
v 0.04246991 0.48339519 -0.0345
v 0.04231202 0.48463243 -0.0345
v 0.0337216 0.49736312 -0.0345
v 0.0272584 0.49029702 -0.0345
v 0.02779061 0.48955625 -0.0345
v 0.03603459 0.48952684 -0.0345
v 0.0359058 0.48995441 -0.0345
v 0.02928127 0.48852548 -0.0345
v 0.02847679 0.48895535 -0.0345
v 0.0371878 0.4795756 -0.0345
v 0.037778 0.47847426 -0.0345
v 0.03810899 0.47999632 -0.0345
v 0.03900633 0.47869089 -0.0345
v 0.03889499 0.48063493 -0.0345
v 0.04014089 0.47920907 -0.0345
v 0.04110895 0.47999558 -0.0345
v 0.0337216 0.46942723 -0.0345
v 0.0359058 0.47683597 -0.0345
v 0.03016221 0.47850132 -0.0345
v 0.03619048 0.47939971 -0.0345
v 0.03692295 0.47823635 -0.0345
v 0.03733711 0.47840333 -0.0345
v 0.03603459 0.47726354 -0.0345
v 0.03625504 0.47765189 -0.0345
v 0.03655617 0.47798163 -0.0345
v -0.02598318 0.50692183 -0.0345
v -0.02646453 0.50712401 -0.0345
v -0.0344356 0.49549639 -0.0345
v -0.02444716 0.51057804 -0.0345
v -0.02323347 0.51358789 -0.0345
v -0.02492851 0.51078027 -0.0345
v -0.02425521 0.51430327 -0.0345
v -0.0254458 0.51085103 -0.0345
v -0.02542387 0.5147391 -0.0345
v -0.02596378 0.51078546 -0.0345
v -0.00690183 0.51065361 -0.0345
v -0.00616108 0.51118577 -0.0345
v -0.00556015 0.51187199 -0.0345
v -0.0272584 0.49029702 -0.0345
v -0.02690784 0.49113908 -0.0345
v -0.02372884 0.50784236 -0.0345
v -0.01979899 0.50319415 -0.0345
v -0.02352662 0.50832373 -0.0345
v -0.01422275 0.50751394 -0.0345
v -0.02345587 0.50884098 -0.0345
v -0.0077439 0.51030302 -0.0345
v -0.00489386 0.51355737 -0.0345
v -0.00513029 0.51267648 -0.0345
v -0.02404875 0.50742972 -0.0345
v -0.02446455 0.50711399 -0.0345
v -0.02411873 0.49761793 -0.0345
v -0.02494791 0.50691658 -0.0345
v -0.02546589 0.50685108 -0.0345
v -0.02666453 0.51486748 -0.0345
v -0.02789767 0.51468021 -0.0345
v -0.02644714 0.51058811 -0.0345
v -0.02904425 0.51418918 -0.0345
v -0.02686294 0.51027232 -0.0345
v -0.03003076 0.51342595 -0.0345
v -0.02718285 0.50985974 -0.0345
v -0.02157506 0.51309252 -0.0345
v -0.02202115 0.51307225 -0.0345
v -0.02403455 0.51025814 -0.0345
v -0.02246062 0.51315153 -0.0345
v -0.02287156 0.51332629 -0.0345
v -0.00541355 0.51995134 -0.0345
v -0.0057433 0.51965022 -0.0345
v -0.00399546 0.51958567 -0.0345
v -0.00613165 0.5194298 -0.0345
v -0.0337216 0.49736312 -0.0345
v -0.00655924 0.519301 -0.0345
v -0.02371879 0.50984234 -0.0345
v -0.02352142 0.50935894 -0.0345
v -0.00339885 0.52150416 -0.0345
v -0.00492092 0.52117318 -0.0345
v -0.00381957 0.52058297 -0.0345
v -0.00499184 0.52073228 -0.0345
v -0.00515883 0.52031815 -0.0345
v -0.01396795 0.51711679 -0.0345
v -0.02075115 0.51342249 -0.0345
v -0.02114457 0.51321125 -0.0345
v 0.00194474 0.52289063 -0.0345
v 0.0023952 0.52524364 -0.0345
v 0.00100457 0.52326697 -0.0345
v 0.00123725 0.52570719 -0.0345
v 0 0.52339518 -0.0345
v 0 0.52586508 -0.0345
v -0.00100457 0.52326697 -0.0345
v 0.00583302 0.5115208 -0.0345
v 0.00556015 0.51187199 -0.0345
v 0.00381957 0.52058297 -0.0345
v 0.00399546 0.51958567 -0.0345
v 0.00515883 0.52031815 -0.0345
v -0.02967707 0.50541633 -0.0345
v -0.02969731 0.50497025 -0.0345
v -0.02687714 0.50744396 -0.0345
v -0.02981604 0.50453973 -0.0345
v -0.03002732 0.50414634 -0.0345
v -0.03079398 0.51243943 -0.0345
v -0.03128499 0.51129287 -0.0345
v -0.02738507 0.50937837 -0.0345
v -0.0314723 0.51005971 -0.0345
v -0.02745582 0.50886106 -0.0345
v -0.03134392 0.50881904 -0.0345
v -0.02739027 0.5083431 -0.0345
v -0.00123725 0.52570719 -0.0345
v -0.0023952 0.52524364 -0.0345
v -0.00194474 0.52289063 -0.0345
v -0.00339961 0.52450413 -0.0345
v -0.00276026 0.52229017 -0.0345
v -0.00418611 0.52353609 -0.0345
v -0.00470428 0.52240151 -0.0345
v 0.00499184 0.52073228 -0.0345
v 0.00492092 0.52117318 -0.0345
v 0.00339885 0.52150416 -0.0345
v 0.00470428 0.52240151 -0.0345
v 0.00276026 0.52229017 -0.0345
v 0.00418611 0.52353609 -0.0345
v 0.00339961 0.52450413 -0.0345
v 0.00655924 0.519301 -0.0345
v 0.00613165 0.5194298 -0.0345
v 0.00489386 0.51355737 -0.0345
v 0.0057433 0.51965022 -0.0345
v 0.00541355 0.51995134 -0.0345
v -0.03090807 0.50765038 -0.0345
v -0.03019269 0.50662863 -0.0345
v -0.02719289 0.50785977 -0.0345
v -0.02993109 0.50626677 -0.0345
v -0.02975631 0.5058558 -0.0345
v 0.00513029 0.51267648 -0.0345
v -0.03810899 0.47999632 -0.0345
v -0.037778 0.47847426 -0.0345
v -0.0371878 0.4795756 -0.0345
v -0.03733711 0.47840333 -0.0345
v -0.03619048 0.47939971 -0.0345
v -0.03619048 0.48739064 -0.0345
v -0.03016221 0.48828906 -0.0345
v -0.03625504 0.48913848 -0.0345
v -0.03655617 0.48880875 -0.0345
v -0.03692295 0.48855403 -0.0345
v -0.0371878 0.48721477 -0.0345
v -0.03625504 0.47765189 -0.0345
v -0.03016221 0.47850132 -0.0345
v -0.03655617 0.47798163 -0.0345
v -0.03692295 0.47823635 -0.0345
v -0.0398718 0.48239061 -0.0345
v -0.04184846 0.48099998 -0.0345
v -0.03949542 0.48145044 -0.0345
v -0.04110895 0.47999558 -0.0345
v -0.03889499 0.48063493 -0.0345
v -0.04014089 0.47920907 -0.0345
v -0.03900633 0.47869089 -0.0345
v -0.03949542 0.48533994 -0.0345
v -0.04184846 0.48579037 -0.0345
v -0.0398718 0.48439977 -0.0345
v -0.04231202 0.48463243 -0.0345
v -0.04 0.48339519 -0.0345
v -0.04246991 0.48339519 -0.0345
v -0.04231202 0.48215795 -0.0345
v -0.0359058 0.48995441 -0.0345
v -0.03603459 0.48952684 -0.0345
v -0.02928127 0.48852548 -0.0345
v -0.02847679 0.48895535 -0.0345
v -0.02779061 0.48955625 -0.0345
v -0.03733711 0.48838702 -0.0345
v -0.037778 0.48831609 -0.0345
v -0.03810899 0.48679402 -0.0345
v -0.03900633 0.48809949 -0.0345
v -0.03889499 0.48615545 -0.0345
v -0.04014089 0.48758131 -0.0345
v -0.04110895 0.4867948 -0.0345
v -0.02779061 0.4772341 -0.0345
v -0.02847679 0.47783503 -0.0345
v -0.02596378 0.45987377 -0.0345
v -0.03603459 0.47726354 -0.0345
v -0.0359058 0.47683597 -0.0345
v -0.02928127 0.4782649 -0.0345
v -0.0345578 0.4716475 -0.0345
v -0.02644714 0.45967638 -0.0345
v -0.02075115 0.45336786 -0.0345
v -0.02372884 0.45693067 -0.0345
v -0.02114457 0.45357916 -0.0345
v -0.02404875 0.45651805 -0.0345
v -0.02157506 0.45369786 -0.0345
v -0.02202115 0.45371813 -0.0345
v -0.02494791 0.45600492 -0.0345
v -0.02323347 0.45320249 -0.0345
v -0.02446455 0.4562023 -0.0345
v -0.02287156 0.45346409 -0.0345
v -0.02246062 0.45363888 -0.0345
v -0.02444716 0.45966634 -0.0345
v -0.01979899 0.46359619 -0.0345
v -0.02492851 0.45986858 -0.0345
v -0.02411873 0.46917245 -0.0345
v -0.0254458 0.45993933 -0.0345
v -0.02690784 0.47565129 -0.0345
v -0.0272584 0.47649336 -0.0345
v -0.02403455 0.45934644 -0.0345
v -0.02371879 0.45893064 -0.0345
v -0.01422275 0.45927644 -0.0345
v -0.02352142 0.45844728 -0.0345
v -0.0077439 0.45648736 -0.0345
v 0.00339885 0.44528621 -0.0345
v 0.00492092 0.4456172 -0.0345
v 0.00381957 0.44620737 -0.0345
v 0.00499184 0.44605806 -0.0345
v 0.00399546 0.44720471 -0.0345
v -0.02646453 0.45621234 -0.0345
v -0.02789767 0.4521102 -0.0345
v -0.02598318 0.4560101 -0.0345
v -0.02666453 0.45192289 -0.0345
v -0.02546589 0.45593938 -0.0345
v -0.02542387 0.45205125 -0.0345
v -0.02425521 0.45248711 -0.0345
v -0.02739027 0.45743141 -0.0345
v -0.03128499 0.45549753 -0.0345
v -0.02719289 0.45694804 -0.0345
v -0.03079398 0.45435095 -0.0345
v -0.02687714 0.45653224 -0.0345
v -0.03003076 0.45336443 -0.0345
v -0.02904425 0.45260119 -0.0345
v -0.02718285 0.45894802 -0.0345
v -0.03019269 0.46016172 -0.0345
v -0.02738507 0.45846668 -0.0345
v -0.03090807 0.45913997 -0.0345
v -0.02745582 0.45794937 -0.0345
v -0.03134392 0.45797133 -0.0345
v -0.0314723 0.45673066 -0.0345
v -0.0337216 0.46942723 -0.0345
v -0.03002732 0.46264404 -0.0345
v -0.02686294 0.45936063 -0.0345
v -0.02981604 0.46225062 -0.0345
v -0.02969731 0.46182013 -0.0345
v 0.00515883 0.44647223 -0.0345
v 0.00541355 0.44683903 -0.0345
v 0.00489386 0.45323297 -0.0345
v 0.0057433 0.44714016 -0.0345
v 0.00613165 0.44736061 -0.0345
v 0.00655924 0.44748938 -0.0345
v 0.00513029 0.45411393 -0.0345
v 0.00556015 0.45491841 -0.0345
v -0.00194474 0.44389978 -0.0345
v -0.0023952 0.44154674 -0.0345
v -0.00100457 0.44352338 -0.0345
v -0.00123725 0.44108316 -0.0345
v 0 0.4433952 -0.0345
v -0 0.44092527 -0.0345
v 0.00100457 0.44352338 -0.0345
v 0.00123725 0.44108316 -0.0345
v 0.0023952 0.44154674 -0.0345
v 0.00194474 0.44389978 -0.0345
v 0.00339961 0.44228625 -0.0345
v 0.00276026 0.44450021 -0.0345
v 0.00418611 0.44325429 -0.0345
v 0.00470428 0.44438887 -0.0345
v -0.02967707 0.46137404 -0.0345
v -0.02975631 0.46093455 -0.0345
v -0.02993109 0.46052364 -0.0345
v -0.00381957 0.44620737 -0.0345
v -0.00492092 0.4456172 -0.0345
v -0.00339885 0.44528621 -0.0345
v -0.00470428 0.44438887 -0.0345
v -0.00276026 0.44450021 -0.0345
v -0.00418611 0.44325429 -0.0345
v -0.00339961 0.44228625 -0.0345
v -0.00489386 0.45323297 -0.0345
v -0.00513029 0.45411393 -0.0345
v -0.00655924 0.44748938 -0.0345
v -0.00556015 0.45491841 -0.0345
v -0.01396795 0.44967359 -0.0345
v -0.02352662 0.457412 -0.0345
v -0.02345587 0.45792931 -0.0345
v -0.00613165 0.44736061 -0.0345
v -0.0057433 0.44714016 -0.0345
v -0.00399546 0.44720471 -0.0345
v -0.00541355 0.44683903 -0.0345
v -0.00515883 0.44647223 -0.0345
v -0.00499184 0.44605806 -0.0345
v -0.00616108 0.45560458 -0.0345
v -0.00690183 0.45613679 -0.0345
v 0.02913656 0.51224065 -0.053
v 0.02913656 0.51224065 -0.0505
v 0.02067801 0.51879889 -0.053
v 0.02067801 0.51879889 -0.0505
v 0.01081028 0.52294439 -0.053
v 0.01081028 0.52294439 -0.0505
v 0.00020584 0.52439469 -0.053
v 0.00020584 0.52439469 -0.0505
v -0.01041262 0.5230509 -0.053
v -0.01041262 0.5230509 -0.0505
v -0.02032148 0.5190047 -0.053
v -0.02032148 0.5190047 -0.0505
v -0.02884546 0.51253176 -0.053
v -0.02884546 0.51253176 -0.0505
v -0.03540367 0.5040732 -0.053
v -0.03540367 0.5040732 -0.0505
v -0.03954918 0.49420547 -0.053
v -0.03954918 0.49420547 -0.0505
v -0.04099948 0.48360103 -0.053
v -0.04099948 0.48360103 -0.0505
v -0.03965574 0.47298256 -0.053
v -0.03965574 0.47298256 -0.0505
v -0.03560952 0.4630737 -0.053
v -0.03560952 0.4630737 -0.0505
v -0.02913656 0.45454973 -0.053
v -0.02913656 0.45454973 -0.0505
v -0.02067801 0.44799152 -0.053
v -0.02067801 0.44799152 -0.0505
v -0.01081028 0.44384602 -0.053
v -0.01081028 0.44384602 -0.0505
v -0.00020584 0.44239572 -0.053
v -0.00020584 0.44239572 -0.0505
v 0.01041262 0.44373944 -0.053
v 0.01041262 0.44373944 -0.0505
v 0.02032148 0.44778568 -0.053
v 0.02032148 0.44778568 -0.0505
v 0.02884546 0.45425862 -0.053
v 0.02884546 0.45425862 -0.0505
v 0.03540367 0.46271718 -0.053
v 0.03540367 0.46271718 -0.0505
v 0.03954918 0.4725849 -0.053
v 0.03954918 0.4725849 -0.0505
v 0.04099948 0.48318934 -0.053
v 0.04099948 0.48318934 -0.0505
v 0.03965574 0.49380779 -0.053
v 0.03965574 0.49380779 -0.0505
v 0.03560952 0.50371665 -0.053
v 0.03560952 0.50371665 -0.0505
v 0.02075115 0.51342249 -0.0455
v 0.02114457 0.51321125 -0.0455
v 0.02157506 0.51309252 -0.0455
v 0.02202115 0.51307225 -0.0455
v 0.02246062 0.51315153 -0.0455
v 0.02287156 0.51332629 -0.0455
v 0.02323347 0.51358789 -0.0455
v 0.00492092 0.52117318 -0.0455
v 0.00499184 0.52073228 -0.0455
v 0.00515883 0.52031815 -0.0455
v 0.00541355 0.51995134 -0.0455
v 0.0057433 0.51965022 -0.0455
v 0.00613165 0.5194298 -0.0455
v 0.00655924 0.519301 -0.0455
v 0.01396795 0.51711679 -0.0455
v -0.00655924 0.519301 -0.0455
v -0.00613165 0.5194298 -0.0455
v -0.0057433 0.51965022 -0.0455
v -0.00541355 0.51995134 -0.0455
v -0.00515883 0.52031815 -0.0455
v -0.00499184 0.52073228 -0.0455
v -0.00492092 0.52117318 -0.0455
v -0.02323347 0.51358789 -0.0455
v -0.02287156 0.51332629 -0.0455
v -0.02246062 0.51315153 -0.0455
v -0.02202115 0.51307225 -0.0455
v -0.02157506 0.51309252 -0.0455
v -0.02114457 0.51321125 -0.0455
v -0.02075115 0.51342249 -0.0455
v -0.01396795 0.51711679 -0.0455
v -0.03002732 0.50414634 -0.0455
v -0.02981604 0.50453973 -0.0455
v -0.02969731 0.50497025 -0.0455
v -0.02967707 0.50541633 -0.0455
v -0.02975631 0.5058558 -0.0455
v -0.02993109 0.50626677 -0.0455
v -0.03019269 0.50662863 -0.0455
v -0.037778 0.48831609 -0.0455
v -0.03733711 0.48838702 -0.0455
v -0.03692295 0.48855403 -0.0455
v -0.03655617 0.48880875 -0.0455
v -0.03625504 0.48913848 -0.0455
v -0.03603459 0.48952684 -0.0455
v -0.0359058 0.48995441 -0.0455
v -0.0337216 0.49736312 -0.0455
v -0.0359058 0.47683597 -0.0455
v -0.03603459 0.47726354 -0.0455
v -0.03625504 0.47765189 -0.0455
v -0.03655617 0.47798163 -0.0455
v -0.03692295 0.47823635 -0.0455
v -0.03733711 0.47840333 -0.0455
v -0.037778 0.47847426 -0.0455
v -0.03019269 0.46016172 -0.0455
v -0.02993109 0.46052364 -0.0455
v -0.02975631 0.46093455 -0.0455
v -0.02967707 0.46137404 -0.0455
v -0.02969731 0.46182013 -0.0455
v -0.02981604 0.46225062 -0.0455
v -0.03002732 0.46264404 -0.0455
v -0.0337216 0.46942723 -0.0455
v -0.02075115 0.45336786 -0.0455
v -0.02114457 0.45357916 -0.0455
v -0.02157506 0.45369786 -0.0455
v -0.02202115 0.45371813 -0.0455
v -0.02246062 0.45363888 -0.0455
v -0.02287156 0.45346409 -0.0455
v -0.02323347 0.45320249 -0.0455
v -0.00492092 0.4456172 -0.0455
v -0.00499184 0.44605806 -0.0455
v -0.00515883 0.44647223 -0.0455
v -0.00541355 0.44683903 -0.0455
v -0.0057433 0.44714016 -0.0455
v -0.00613165 0.44736061 -0.0455
v -0.00655924 0.44748938 -0.0455
v -0.01396795 0.44967359 -0.0455
v 0.00655924 0.44748938 -0.0455
v 0.00613165 0.44736061 -0.0455
v 0.0057433 0.44714016 -0.0455
v 0.00541355 0.44683903 -0.0455
v 0.00515883 0.44647223 -0.0455
v 0.00499184 0.44605806 -0.0455
v 0.00492092 0.4456172 -0.0455
v 0.02323347 0.45320249 -0.0455
v 0.02287156 0.45346409 -0.0455
v 0.02246062 0.45363888 -0.0455
v 0.02202115 0.45371813 -0.0455
v 0.02157506 0.45369786 -0.0455
v 0.02114457 0.45357916 -0.0455
v 0.02075115 0.45336786 -0.0455
v 0.01396795 0.44967359 -0.0455
v 0.03002732 0.46264404 -0.0455
v 0.02981604 0.46225062 -0.0455
v 0.02969731 0.46182013 -0.0455
v 0.02967707 0.46137404 -0.0455
v 0.02975631 0.46093455 -0.0455
v 0.02993109 0.46052364 -0.0455
v 0.03019269 0.46016172 -0.0455
v 0.037778 0.47847426 -0.0455
v 0.03733711 0.47840333 -0.0455
v 0.03692295 0.47823635 -0.0455
v 0.03655617 0.47798163 -0.0455
v 0.03625504 0.47765189 -0.0455
v 0.03603459 0.47726354 -0.0455
v 0.0359058 0.47683597 -0.0455
v 0.0337216 0.46942723 -0.0455
v 0.01407096 0.46918222 -0.0315
v 0.01407096 0.46918222 -0.0285
v 0.01727008 0.47330835 -0.0315
v 0.01727008 0.47330835 -0.0285
v 0.01929229 0.47812188 -0.0315
v 0.01929229 0.47812188 -0.0285
v 0.01999975 0.48329479 -0.0315
v 0.01999975 0.48329479 -0.0285
v 0.01934426 0.48847452 -0.0315
v 0.01934426 0.48847452 -0.0285
v 0.0173705 0.4933081 -0.0315
v 0.0173705 0.4933081 -0.0285
v 0.01421296 0.49746615 -0.0315
v 0.01421296 0.49746615 -0.0285
v 0.01008683 0.50066525 -0.0315
v 0.01008683 0.50066525 -0.0285
v 0.00527331 0.50268745 -0.0315
v 0.00527331 0.50268745 -0.0285
v 0.00010041 0.50339496 -0.0315
v 0.00010041 0.50339496 -0.0285
v -0.00441288 0.50290227 -0.0285
v -0.00507933 0.50273943 -0.0315
v -0.00507933 0.50273943 -0.0285
v -0.00991292 0.50076568 -0.0315
v -0.00991292 0.50076568 -0.0285
v -0.01407096 0.49760816 -0.0315
v -0.01407096 0.49760816 -0.0285
v -0.01727008 0.49348202 -0.0315
v -0.01727008 0.49348202 -0.0285
v -0.01929229 0.4886685 -0.0315
v -0.01929229 0.4886685 -0.0285
v -0.01999975 0.48349559 -0.0315
v -0.01999975 0.48349559 -0.0285
v -0.01934426 0.47831586 -0.0315
v -0.01934426 0.47831586 -0.0285
v -0.0173705 0.47348228 -0.0315
v -0.0173705 0.47348228 -0.0285
v -0.01421296 0.46932423 -0.0315
v -0.01421296 0.46932423 -0.0285
v -0.01008683 0.4661251 -0.0315
v -0.01008683 0.4661251 -0.0285
v -0.00527331 0.46410289 -0.0315
v -0.00527331 0.46410289 -0.0285
v -0.00010041 0.46339545 -0.0315
v -0.00010041 0.46339545 -0.0285
v 0.00507933 0.46405092 -0.0315
v 0.00507933 0.46405092 -0.0285
v 0.00991292 0.4660247 -0.0315
v 0.00991292 0.4660247 -0.0285
v 0.01252487 0.46780264 -0.0285
v -0.02403455 0.45934644 -0.0405
v -0.02444716 0.45966634 -0.0405
v -0.02492851 0.45986858 -0.0405
v -0.0254458 0.45993933 -0.0405
v -0.02596378 0.45987377 -0.0405
v -0.02644714 0.45967638 -0.0405
v -0.02686294 0.45936063 -0.0405
v -0.02718285 0.45894802 -0.0405
v -0.02738507 0.45846668 -0.0405
v -0.02745582 0.45794937 -0.0405
v -0.02739027 0.45743141 -0.0405
v -0.02719289 0.45694804 -0.0405
v -0.02687714 0.45653224 -0.0405
v -0.02646453 0.45621234 -0.0405
v -0.02598318 0.4560101 -0.0405
v -0.02546589 0.45593938 -0.0405
v -0.02494791 0.45600492 -0.0405
v -0.02446455 0.4562023 -0.0405
v -0.02404875 0.45651805 -0.0405
v -0.02372884 0.45693067 -0.0405
v -0.02352662 0.457412 -0.0405
v -0.02345587 0.45792931 -0.0405
v -0.02352142 0.45844728 -0.0405
v -0.02371879 0.45893064 -0.0405
v 0.02687714 0.45934644 -0.0405
v 0.02646453 0.45966634 -0.0405
v 0.02598318 0.45986858 -0.0405
v 0.02546589 0.45993933 -0.0405
v 0.02494791 0.45987377 -0.0405
v 0.02446455 0.45967638 -0.0405
v 0.02404875 0.45936063 -0.0405
v 0.02372884 0.45894802 -0.0405
v 0.02352662 0.45846668 -0.0405
v 0.02345587 0.45794937 -0.0405
v 0.02352142 0.45743141 -0.0405
v 0.02371879 0.45694804 -0.0405
v 0.02403455 0.45653224 -0.0405
v 0.02444716 0.45621234 -0.0405
v 0.02492851 0.4560101 -0.0405
v 0.0254458 0.45593938 -0.0405
v 0.02596378 0.45600492 -0.0405
v 0.02644714 0.4562023 -0.0405
v 0.02686294 0.45651805 -0.0405
v 0.02718285 0.45693067 -0.0405
v 0.02738507 0.457412 -0.0405
v 0.02745582 0.45792931 -0.0405
v 0.02739027 0.45844728 -0.0405
v 0.02719289 0.45893064 -0.0405
v -0.02403455 0.51025814 -0.0405
v -0.02444716 0.51057804 -0.0405
v -0.02492851 0.51078027 -0.0405
v -0.0254458 0.51085103 -0.0405
v -0.02596378 0.51078546 -0.0405
v -0.02644714 0.51058811 -0.0405
v -0.02686294 0.51027232 -0.0405
v -0.02718285 0.50985974 -0.0405
v -0.02738507 0.50937837 -0.0405
v -0.02745582 0.50886106 -0.0405
v -0.02739027 0.5083431 -0.0405
v -0.02719289 0.50785977 -0.0405
v -0.02687714 0.50744396 -0.0405
v -0.02646453 0.50712401 -0.0405
v -0.02598318 0.50692183 -0.0405
v -0.02546589 0.50685108 -0.0405
v -0.02494791 0.50691658 -0.0405
v -0.02446455 0.50711399 -0.0405
v -0.02404875 0.50742972 -0.0405
v -0.02372884 0.50784236 -0.0405
v -0.02352662 0.50832373 -0.0405
v -0.02345587 0.50884098 -0.0405
v -0.02352142 0.50935894 -0.0405
v -0.02371879 0.50984234 -0.0405
v 0.02687714 0.51025814 -0.0405
v 0.02646453 0.51057804 -0.0405
v 0.02598318 0.51078027 -0.0405
v 0.02546589 0.51085103 -0.0405
v 0.02494791 0.51078546 -0.0405
v 0.02446455 0.51058811 -0.0405
v 0.02404875 0.51027232 -0.0405
v 0.02372884 0.50985974 -0.0405
v 0.02352662 0.50937837 -0.0405
v 0.02345587 0.50886106 -0.0405
v 0.02352142 0.5083431 -0.0405
v 0.02371879 0.50785977 -0.0405
v 0.02403455 0.50744396 -0.0405
v 0.02444716 0.50712401 -0.0405
v 0.02492851 0.50692183 -0.0405
v 0.0254458 0.50685108 -0.0405
v 0.02596378 0.50691658 -0.0405
v 0.02644714 0.50711399 -0.0405
v 0.02686294 0.50742972 -0.0405
v 0.02718285 0.50784236 -0.0405
v 0.02738507 0.50832373 -0.0405
v 0.02745582 0.50884098 -0.0405
v 0.02739027 0.50935894 -0.0405
v 0.02719289 0.50984234 -0.0405
v -0.05239753 0.49136379 -0.056
v -0.04434566 0.48361784 -0.056
v -0.05299933 0.48366126 -0.056
v 0.04526212 0.46653098 -0.056
v 0.04478077 0.46673319 -0.056
v 0.04434566 0.48317254 -0.056
v 0.04426348 0.46680394 -0.056
v 0.04196072 0.47192574 -0.056
v 0.0437455 0.4667384 -0.056
v 0.04326215 0.46654102 -0.056
v 0.03756243 0.46145633 -0.056
v 0.04225346 0.46481401 -0.056
v 0.04231901 0.46429604 -0.056
v 0.04284634 0.46622527 -0.056
v 0.04252643 0.46581265 -0.056
v 0.04232421 0.46533132 -0.056
v 0.03160555 0.45147067 -0.056
v 0.03060433 0.45248201 -0.056
v 0.04567473 0.46621108 -0.056
v 0.05239753 0.47542658 -0.056
v 0.04599049 0.46579525 -0.056
v 0.05112455 0.46942094 -0.056
v 0.04618786 0.46531191 -0.056
v 0.04625341 0.46479392 -0.056
v 0.04251639 0.46381268 -0.056
v 0.04283214 0.46339688 -0.056
v 0.04324475 0.46307695 -0.056
v 0.03728803 0.44573084 -0.056
v 0.04372611 0.46287474 -0.056
v 0.04576572 0.45666507 -0.056
v 0.0442434 0.46280399 -0.056
v 0.04476137 0.46286955 -0.056
v 0.04524473 0.46306694 -0.056
v 0.04566053 0.46338266 -0.056
v 0.04598045 0.46379527 -0.056
v 0.04618267 0.46427664 -0.056
v 0.0162115 0.43844938 -0.056
v 0.01640888 0.43796602 -0.056
v -0.00026609 0.43039584 -0.056
v 0.01956723 0.44036439 -0.056
v 0.01915461 0.44068432 -0.056
v 0.01346021 0.4321329 -0.056
v 0.02156059 0.44561437 -0.056
v 0.01867326 0.44088653 -0.056
v 0.01815597 0.44095728 -0.056
v 0.017638 0.44089174 -0.056
v 0.01104753 0.44132143 -0.056
v 0.01715464 0.44069436 -0.056
v 0.01673884 0.44037861 -0.056
v 0.01641892 0.43996599 -0.056
v 0.0162167 0.43948463 -0.056
v 0.01614596 0.43896735 -0.056
v -0.00021839 0.43989575 -0.056
v -0.00022264 0.43904954 -0.056
v -0.01146944 0.44143447 -0.056
v 0.01672463 0.43755022 -0.056
v 0.01713725 0.43723029 -0.056
v 0.0176186 0.43702808 -0.056
v 0.01955303 0.437536 -0.056
v 0.01987294 0.43794861 -0.056
v 0.02626923 0.43736339 -0.056
v 0.01813589 0.43695733 -0.056
v 0.01865386 0.43702289 -0.056
v 0.01913722 0.43722025 -0.056
v 0.02007516 0.43842998 -0.056
v 0.02014591 0.43894726 -0.056
v 0.02008036 0.43946525 -0.056
v 0.01988298 0.43994859 -0.056
v -0.02032826 0.43815047 -0.056
v -0.02673011 0.43762946 -0.056
v -0.02052564 0.43863383 -0.056
v -0.02059119 0.43915179 -0.056
v -0.02001251 0.43773466 -0.056
v -0.0195999 0.43741474 -0.056
v -0.01397426 0.43227065 -0.056
v -0.01911855 0.43721253 -0.056
v -0.01860126 0.43714178 -0.056
v -0.02052044 0.43966907 -0.056
v -0.03766434 0.44610715 -0.056
v -0.02031823 0.44015044 -0.056
v -0.03192452 0.45178965 -0.056
v -0.01999831 0.44056305 -0.056
v -0.01958251 0.44087881 -0.056
v -0.02193886 0.44583276 -0.056
v -0.01909915 0.44107619 -0.056
v -0.01858117 0.44114172 -0.056
v -0.01808328 0.43720731 -0.056
v -0.01759992 0.43740469 -0.056
v -0.0079686 0.43099767 -0.056
v -0.01718412 0.43772045 -0.056
v -0.01686421 0.43813306 -0.056
v -0.01666199 0.43861443 -0.056
v -0.01659124 0.43913171 -0.056
v -0.01665679 0.43964967 -0.056
v -0.01685417 0.44013304 -0.056
v -0.01716992 0.44054884 -0.056
v -0.01758253 0.44086877 -0.056
v -0.01806389 0.44107097 -0.056
v -0.04603181 0.45712596 -0.056
v -0.05126229 0.46993497 -0.056
v -0.04637231 0.46474132 -0.056
v -0.04617493 0.46425796 -0.056
v -0.04585918 0.46384215 -0.056
v -0.04544656 0.46352226 -0.056
v -0.04616489 0.46625793 -0.056
v -0.04636711 0.46577659 -0.056
v -0.04643786 0.46525928 -0.056
v -0.04344659 0.46351221 -0.056
v -0.04392995 0.46331483 -0.056
v -0.04444792 0.4632493 -0.056
v -0.04496521 0.46332002 -0.056
v -0.04542917 0.4669863 -0.056
v -0.04584498 0.46667054 -0.056
v -0.04442784 0.46724924 -0.056
v -0.04494581 0.46718368 -0.056
v -0.04270083 0.46624056 -0.056
v -0.04301658 0.46665636 -0.056
v -0.04207377 0.47234765 -0.056
v -0.0434292 0.46697626 -0.056
v -0.03091319 0.45279086 -0.056
v -0.03778083 0.46183461 -0.056
v -0.04250345 0.46575719 -0.056
v -0.0424379 0.46523923 -0.056
v -0.04303078 0.46382797 -0.056
v -0.04271087 0.46424058 -0.056
v -0.04250865 0.46472192 -0.056
v -0.0437455 0.50005198 -0.056
v -0.04326215 0.50024933 -0.056
v -0.04196072 0.49486461 -0.056
v -0.04526212 0.5002594 -0.056
v -0.04478077 0.50005716 -0.056
v -0.04426348 0.49998644 -0.056
v -0.04391055 0.46717849 -0.056
v -0.04349945 0.48361358 -0.056
v -0.03756243 0.50533402 -0.056
v -0.04225346 0.50197637 -0.056
v -0.04231901 0.50249434 -0.056
v -0.04284634 0.50056511 -0.056
v -0.04252643 0.50097769 -0.056
v -0.04232421 0.50145906 -0.056
v -0.03160555 0.51531971 -0.056
v -0.03060433 0.51430839 -0.056
v -0.04476137 0.50392085 -0.056
v -0.04524473 0.50372344 -0.056
v -0.04576572 0.51012528 -0.056
v -0.04625341 0.50199646 -0.056
v -0.04618786 0.50147849 -0.056
v -0.05112455 0.49736944 -0.056
v -0.04599049 0.5009951 -0.056
v -0.04567473 0.5005793 -0.056
v -0.04251639 0.50297767 -0.056
v -0.04283214 0.50339347 -0.056
v -0.04324475 0.50371343 -0.056
v -0.03728803 0.52105951 -0.056
v -0.04372611 0.50391561 -0.056
v -0.0442434 0.50398636 -0.056
v -0.04566053 0.50340772 -0.056
v -0.04598045 0.50299507 -0.056
v -0.04618267 0.50251371 -0.056
v -0.01956723 0.52642596 -0.056
v -0.01915461 0.52610606 -0.056
v -0.02156059 0.52117604 -0.056
v -0.01867326 0.52590382 -0.056
v -0.01815597 0.52583307 -0.056
v -0.017638 0.52589864 -0.056
v -0.01104753 0.52546895 -0.056
v -0.01715464 0.52609605 -0.056
v -0.01673884 0.52641177 -0.056
v -0.01641892 0.52682436 -0.056
v -0.01614596 0.52782303 -0.056
v -0.0162115 0.528341 -0.056
v 0.00026609 0.53639454 -0.056
v -0.01640888 0.52882439 -0.056
v -0.01346021 0.53465748 -0.056
v -0.01672463 0.52924019 -0.056
v -0.01713725 0.52956009 -0.056
v -0.0176186 0.52976227 -0.056
v -0.01955303 0.52925438 -0.056
v -0.01987294 0.52884173 -0.056
v -0.02626923 0.52942699 -0.056
v -0.01813589 0.52983302 -0.056
v -0.01865386 0.52976751 -0.056
v -0.01913722 0.5295701 -0.056
v -0.02007516 0.52836043 -0.056
v -0.02014591 0.52784312 -0.056
v -0.02008036 0.52732515 -0.056
v -0.01988298 0.52684176 -0.056
v 0.01665679 0.52714068 -0.056
v 0.01685417 0.52665734 -0.056
v 0.01146944 0.52535594 -0.056
v 0.02193886 0.52095765 -0.056
v 0.01858117 0.52564865 -0.056
v 0.01909915 0.52571422 -0.056
v 0.03192452 0.51500076 -0.056
v 0.03091319 0.51399952 -0.056
v 0.01716992 0.52624154 -0.056
v 0.01758253 0.52592164 -0.056
v 0.01806389 0.5257194 -0.056
v 0.01686421 0.52865732 -0.056
v 0.01666199 0.52817595 -0.056
v 0.00022264 0.52774084 -0.056
v 0.01659124 0.52765864 -0.056
v 0.0079686 0.53579271 -0.056
v -0.0162167 0.52730572 -0.056
v 0.00021839 0.52689463 -0.056
v 0.01860126 0.5296486 -0.056
v 0.01808328 0.52958304 -0.056
v 0.01397426 0.53451973 -0.056
v 0.01759992 0.52938569 -0.056
v 0.01718412 0.5290699 -0.056
v 0.02052564 0.52815658 -0.056
v 0.02032826 0.52863991 -0.056
v 0.02673011 0.52916092 -0.056
v 0.01958251 0.52591157 -0.056
v 0.01999831 0.52622736 -0.056
v 0.02031823 0.52663994 -0.056
v 0.03766434 0.52068323 -0.056
v 0.02052044 0.52712131 -0.056
v 0.02059119 0.52763855 -0.056
v 0.02001251 0.52905571 -0.056
v 0.0195999 0.52937561 -0.056
v 0.01911855 0.52957785 -0.056
v 0.04301658 0.50013405 -0.056
v 0.0434292 0.49981412 -0.056
v 0.04207377 0.49444273 -0.056
v 0.05299933 0.48312908 -0.056
v 0.04494581 0.4996067 -0.056
v 0.04542917 0.49980408 -0.056
v 0.05126229 0.49685541 -0.056
v 0.04303078 0.50296241 -0.056
v 0.04271087 0.50254983 -0.056
v 0.04442784 0.49954113 -0.056
v 0.03778083 0.50495577 -0.056
v 0.04250865 0.50206846 -0.056
v 0.04391055 0.49961188 -0.056
v 0.04349945 0.4831768 -0.056
v 0.0424379 0.50155115 -0.056
v 0.04250345 0.50103319 -0.056
v 0.04270083 0.50054985 -0.056
v 0.04585918 0.50294822 -0.056
v 0.04544656 0.50326812 -0.056
v 0.04603181 0.50966442 -0.056
v 0.04584498 0.50011981 -0.056
v 0.04616489 0.50053245 -0.056
v 0.04636711 0.50101382 -0.056
v 0.04496521 0.50347036 -0.056
v 0.04444792 0.50354111 -0.056
v 0.04392995 0.50347555 -0.056
v 0.04344659 0.5032782 -0.056
v 0.04643786 0.50153106 -0.056
v 0.04637231 0.50204903 -0.056
v 0.04617493 0.50253242 -0.056
v -0.03624061 0.48748812 -0.0505
v -0.03624061 0.48748812 -0.0405
v -0.0372536 0.48729885 -0.0505
v -0.0372536 0.48729885 -0.0405
v -0.03818739 0.48686296 -0.0505
v -0.03818739 0.48686296 -0.0405
v -0.03898299 0.48620796 -0.0505
v -0.03898299 0.48620796 -0.0405
v -0.03959015 0.48537531 -0.0505
v -0.03959015 0.48537531 -0.0405
v -0.03997049 0.48441753 -0.0505
v -0.03997049 0.48441753 -0.0405
v -0.0401 0.48339519 -0.0505
v -0.0401 0.48339519 -0.0405
v -0.03997049 0.48237285 -0.0505
v -0.03997049 0.48237285 -0.0405
v -0.03959015 0.48141506 -0.0505
v -0.03959015 0.48141506 -0.0405
v -0.03898299 0.48058242 -0.0505
v -0.03898299 0.48058242 -0.0405
v -0.03818739 0.47992742 -0.0505
v -0.03818739 0.47992742 -0.0405
v -0.0372536 0.47949153 -0.0505
v -0.0372536 0.47949153 -0.0405
v -0.03624061 0.47930226 -0.0505
v -0.03624061 0.47930226 -0.0405
v -0.03559136 0.47919166 -0.0405
v -0.03559136 0.47919166 -0.0505
v -0.0349819 0.4789421 -0.0405
v -0.0349819 0.4789421 -0.0505
v -0.03444157 0.47856551 -0.0405
v -0.03444157 0.47856551 -0.0505
v -0.03399644 0.47808012 -0.0405
v -0.03399644 0.47808012 -0.0505
v -0.03366794 0.47750932 -0.0405
v -0.03366794 0.47750932 -0.0505
v -0.03347192 0.47688055 -0.0405
v -0.03347192 0.47688055 -0.0505
v -0.03150429 0.47034568 -0.0505
v -0.03150429 0.47034568 -0.0405
v -0.02827476 0.4643335 -0.0505
v -0.02827476 0.4643335 -0.0405
v -0.02796878 0.4637503 -0.0405
v -0.02796878 0.4637503 -0.0505
v -0.02779742 0.46311438 -0.0405
v -0.02779742 0.46311438 -0.0505
v -0.02776896 0.46245641 -0.0405
v -0.02776896 0.46245641 -0.0505
v -0.02788476 0.46180809 -0.0405
v -0.02788476 0.46180809 -0.0505
v -0.02813923 0.46120062 -0.0405
v -0.02813923 0.46120062 -0.0505
v -0.02852012 0.46066335 -0.0405
v -0.02852012 0.46066335 -0.0505
v -0.02910257 0.45981321 -0.0505
v -0.02910257 0.45981321 -0.0405
v -0.02945464 0.45884469 -0.0505
v -0.02945464 0.45884469 -0.0405
v -0.02955408 0.45781898 -0.0505
v -0.02955408 0.45781898 -0.0405
v -0.02939461 0.45680088 -0.0505
v -0.02939461 0.45680088 -0.0405
v -0.02898632 0.45585468 -0.0505
v -0.02898632 0.45585468 -0.0405
v -0.02835498 0.45504022 -0.0505
v -0.02835498 0.45504022 -0.0405
v -0.02754049 0.45440888 -0.0505
v -0.02754049 0.45440888 -0.0405
v -0.02659431 0.45400056 -0.0505
v -0.02659431 0.45400056 -0.0405
v -0.0255762 0.45384112 -0.0505
v -0.0255762 0.45384112 -0.0405
v -0.02455049 0.45394054 -0.0505
v -0.02455049 0.45394054 -0.0405
v -0.02358197 0.45429263 -0.0505
v -0.02358197 0.45429263 -0.0405
v -0.02273184 0.45487508 -0.0505
v -0.02273184 0.45487508 -0.0405
v -0.02219456 0.45525596 -0.0405
v -0.02219456 0.45525596 -0.0505
v -0.02158711 0.45551044 -0.0405
v -0.02158711 0.45551044 -0.0505
v -0.02093878 0.45562622 -0.0405
v -0.02093878 0.45562622 -0.0505
v -0.0202808 0.45559776 -0.0405
v -0.0202808 0.45559776 -0.0505
v -0.01964489 0.45542642 -0.0405
v -0.01964489 0.45542642 -0.0505
v -0.01906169 0.45512041 -0.0405
v -0.01906169 0.45512041 -0.0505
v -0.0130495 0.45189089 -0.0505
v -0.0130495 0.45189089 -0.0405
v -0.00651462 0.44992328 -0.0505
v -0.00651462 0.44992328 -0.0405
v -0.00588588 0.44972724 -0.0405
v -0.00588588 0.44972724 -0.0505
v -0.00531506 0.44939876 -0.0405
v -0.00531506 0.44939876 -0.0505
v -0.00482967 0.44895363 -0.0405
v -0.00482967 0.44895363 -0.0505
v -0.0044531 0.44841328 -0.0405
v -0.0044531 0.44841328 -0.0505
v -0.00420352 0.44780383 -0.0405
v -0.00420352 0.44780383 -0.0505
v -0.00409293 0.44715458 -0.0405
v -0.00409293 0.44715458 -0.0505
v -0.00390365 0.4461416 -0.0505
v -0.00390365 0.4461416 -0.0405
v -0.00346776 0.4452078 -0.0505
v -0.00346776 0.4452078 -0.0405
v -0.00281278 0.4444122 -0.0505
v -0.00281278 0.4444122 -0.0405
v -0.00198011 0.44380504 -0.0505
v -0.00198011 0.44380504 -0.0405
v -0.00102235 0.4434247 -0.0505
v -0.00102235 0.4434247 -0.0405
v 0 0.44329518 -0.0505
v 0 0.44329518 -0.0405
v 0.00102235 0.4434247 -0.0505
v 0.00102235 0.4434247 -0.0405
v 0.00198011 0.44380504 -0.0505
v 0.00198011 0.44380504 -0.0405
v 0.00281278 0.4444122 -0.0505
v 0.00281278 0.4444122 -0.0405
v 0.00346776 0.4452078 -0.0505
v 0.00346776 0.4452078 -0.0405
v 0.00390365 0.4461416 -0.0505
v 0.00390365 0.4461416 -0.0405
v 0.00409293 0.44715458 -0.0505
v 0.00409293 0.44715458 -0.0405
v 0.00420352 0.44780383 -0.0405
v 0.00420352 0.44780383 -0.0505
v 0.0044531 0.44841328 -0.0405
v 0.0044531 0.44841328 -0.0505
v 0.00482967 0.44895363 -0.0405
v 0.00482967 0.44895363 -0.0505
v 0.00531506 0.44939876 -0.0405
v 0.00531506 0.44939876 -0.0505
v 0.00588588 0.44972724 -0.0405
v 0.00588588 0.44972724 -0.0505
v 0.00651463 0.44992328 -0.0405
v 0.00651463 0.44992328 -0.0505
v 0.0130495 0.45189089 -0.0505
v 0.0130495 0.45189089 -0.0405
v 0.01906169 0.45512041 -0.0505
v 0.01906169 0.45512041 -0.0405
v 0.01964489 0.45542642 -0.0405
v 0.01964489 0.45542642 -0.0505
v 0.0202808 0.45559776 -0.0405
v 0.0202808 0.45559776 -0.0505
v 0.02093878 0.45562622 -0.0405
v 0.02093878 0.45562622 -0.0505
v 0.02158711 0.45551044 -0.0405
v 0.02158711 0.45551044 -0.0505
v 0.02219456 0.45525596 -0.0405
v 0.02219456 0.45525596 -0.0505
v 0.02273184 0.45487508 -0.0405
v 0.02273184 0.45487508 -0.0505
v 0.02358197 0.45429263 -0.0505
v 0.02358197 0.45429263 -0.0405
v 0.02455049 0.45394054 -0.0505
v 0.02455049 0.45394054 -0.0405
v 0.0255762 0.45384112 -0.0505
v 0.0255762 0.45384112 -0.0405
v 0.02659431 0.45400056 -0.0505
v 0.02659431 0.45400056 -0.0405
v 0.02754049 0.45440888 -0.0505
v 0.02754049 0.45440888 -0.0405
v 0.02835498 0.45504022 -0.0505
v 0.02835498 0.45504022 -0.0405
v 0.02898632 0.45585468 -0.0505
v 0.02898632 0.45585468 -0.0405
v 0.02939461 0.45680088 -0.0505
v 0.02939461 0.45680088 -0.0405
v 0.02954773 0.45768148 -0.0405
v 0.02955408 0.45781898 -0.0505
v 0.02955408 0.45781898 -0.0405
v 0.02945464 0.45884469 -0.0505
v 0.02945464 0.45884469 -0.0405
v 0.02910257 0.45981321 -0.0505
v 0.02910257 0.45981321 -0.0405
v 0.02852012 0.46066335 -0.0505
v 0.02852012 0.46066335 -0.0405
v 0.02813923 0.46120062 -0.0405
v 0.02813923 0.46120062 -0.0505
v 0.02788476 0.46180809 -0.0405
v 0.02788476 0.46180809 -0.0505
v 0.02776896 0.46245641 -0.0405
v 0.02776896 0.46245641 -0.0505
v 0.02779742 0.46311438 -0.0405
v 0.02779742 0.46311438 -0.0505
v 0.02796878 0.4637503 -0.0405
v 0.02796878 0.4637503 -0.0505
v 0.02827476 0.4643335 -0.0405
v 0.02827476 0.4643335 -0.0505
v 0.03002732 0.50414634 -0.0455
v 0.0337216 0.49736312 -0.0455
v 0.0359058 0.48995441 -0.0455
v 0.03900633 0.48809949 -0.0455
v 0.04014089 0.48758131 -0.0455
v 0.04544656 0.50326812 -0.0455
v 0.04577126 0.5095157 -0.0455
v 0.04496521 0.50347036 -0.0455
v 0.04444792 0.50354111 -0.0455
v 0.04392995 0.50347555 -0.0455
v 0.03745115 0.52047217 -0.0455
v 0.04344659 0.5032782 -0.0455
v 0.04643786 0.50153106 -0.0455
v 0.04636711 0.50101382 -0.0455
v 0.05097213 0.4967792 -0.0455
v 0.04585918 0.50294822 -0.0455
v 0.04617493 0.50253242 -0.0455
v 0.04637231 0.50204903 -0.0455
v 0.04184846 0.48579037 -0.0455
v 0.04434566 0.48317254 -0.0455
v 0.04442784 0.49954113 -0.0455
v 0.04616489 0.50053245 -0.0455
v 0.04584498 0.50011981 -0.0455
v 0.05269933 0.4831306 -0.0455
v 0.04542917 0.49980408 -0.0455
v 0.04301658 0.50013405 -0.0455
v 0.0434292 0.49981412 -0.0455
v 0.04391055 0.49961188 -0.0455
v 0.04494581 0.4996067 -0.0455
v 0.04110895 0.4867948 -0.0455
v 0.04270083 0.50054985 -0.0455
v 0.04250345 0.50103319 -0.0455
v 0.0424379 0.50155115 -0.0455
v 0.02981604 0.50453973 -0.0455
v 0.04250865 0.50206846 -0.0455
v 0.02969731 0.50497025 -0.0455
v 0.02967707 0.50541633 -0.0455
v 0.04303078 0.50296241 -0.0455
v 0.03155833 0.51463825 -0.0455
v 0.03079398 0.51243943 -0.0455
v 0.03128499 0.51129287 -0.0455
v 0.0314723 0.51005971 -0.0455
v 0.04271087 0.50254983 -0.0455
v 0.03134392 0.50881904 -0.0455
v 0.03090807 0.50765038 -0.0455
v 0.03019269 0.50662863 -0.0455
v 0.02993109 0.50626677 -0.0455
v 0.02975631 0.5058558 -0.0455
v 0.04478077 0.46673319 -0.0455
v 0.04426348 0.46680394 -0.0455
v 0.0437455 0.4667384 -0.0455
v 0.05083517 0.46950004 -0.0455
v 0.04526212 0.46653098 -0.0455
v 0.03079398 0.45435095 -0.0455
v 0.03003076 0.45336443 -0.0455
v 0.03124303 0.45183685 -0.0455
v 0.04232421 0.46533132 -0.0455
v 0.04252643 0.46581265 -0.0455
v 0.04284634 0.46622527 -0.0455
v 0.04326215 0.46654102 -0.0455
v 0.03128499 0.45549753 -0.0455
v 0.04231901 0.46429604 -0.0455
v 0.04225346 0.46481401 -0.0455
v 0.03090807 0.45913997 -0.0455
v 0.04251639 0.46381268 -0.0455
v 0.03134392 0.45797133 -0.0455
v 0.04283214 0.46339688 -0.0455
v 0.0314723 0.45673066 -0.0455
v 0.04567473 0.46621108 -0.0455
v 0.04599049 0.46579525 -0.0455
v 0.04618786 0.46531191 -0.0455
v 0.03707697 0.44594404 -0.0455
v 0.04550667 0.45681638 -0.0455
v 0.0442434 0.46280399 -0.0455
v 0.04566053 0.46338266 -0.0455
v 0.04524473 0.46306694 -0.0455
v 0.04476137 0.46286955 -0.0455
v 0.04324475 0.46307695 -0.0455
v 0.04372611 0.46287474 -0.0455
v 0.04625341 0.46479392 -0.0455
v 0.04618267 0.46427664 -0.0455
v 0.04598045 0.46379527 -0.0455
v 0.02007516 0.43842998 -0.0455
v 0.01987294 0.43794861 -0.0455
v 0.02612053 0.43762392 -0.0455
v 0.01813589 0.43695733 -0.0455
v 0.0176186 0.43702808 -0.0455
v 0.01338402 0.43242306 -0.0455
v 0.01955303 0.437536 -0.0455
v 0.01913722 0.43722025 -0.0455
v 0.01865386 0.43702289 -0.0455
v 0.02008036 0.43946525 -0.0455
v 0.02014591 0.43894726 -0.0455
v 0.01713725 0.43723029 -0.0455
v 0.01672463 0.43755022 -0.0455
v -0.00026458 0.43069586 -0.0455
v 0.01640888 0.43796602 -0.0455
v 0.02904425 0.45260119 -0.0455
v 0.01956723 0.44036439 -0.0455
v 0.01988298 0.43994859 -0.0455
v 0.0162115 0.43844938 -0.0455
v 0.01614596 0.43896735 -0.0455
v -0.00022264 0.43904954 -0.0455
v 0.01867326 0.44088653 -0.0455
v 0.01815597 0.44095728 -0.0455
v 0.017638 0.44089174 -0.0455
v 0.01715464 0.44069436 -0.0455
v 0.02789767 0.4521102 -0.0455
v 0.02666453 0.45192289 -0.0455
v 0.01915461 0.44068432 -0.0455
v 0.02542387 0.45205125 -0.0455
v 0.02425521 0.45248711 -0.0455
v 0.0162167 0.43948463 -0.0455
v 0.00418611 0.44325429 -0.0455
v 0.01641892 0.43996599 -0.0455
v 0.01673884 0.44037861 -0.0455
v -0.01999831 0.44056305 -0.0455
v -0.02789767 0.4521102 -0.0455
v -0.03155833 0.45215216 -0.0455
v -0.02904425 0.45260119 -0.0455
v -0.01909915 0.44107619 -0.0455
v -0.02425521 0.45248711 -0.0455
v -0.01958251 0.44087881 -0.0455
v -0.02542387 0.45205125 -0.0455
v -0.02666453 0.45192289 -0.0455
v -0.01665679 0.43964967 -0.0455
v -0.01659124 0.43913171 -0.0455
v -0.01666199 0.43861443 -0.0455
v -0.01806389 0.44107097 -0.0455
v -0.01858117 0.44114172 -0.0455
v -0.01389516 0.43256003 -0.0455
v -0.01686421 0.43813306 -0.0455
v -0.01758253 0.44086877 -0.0455
v -0.01716992 0.44054884 -0.0455
v -0.01685417 0.44013304 -0.0455
v -0.01718412 0.43772045 -0.0455
v -0.01759992 0.43740469 -0.0455
v -0.01808328 0.43720731 -0.0455
v -0.02001251 0.43773466 -0.0455
v -0.02032826 0.43815047 -0.0455
v -0.0265788 0.4378885 -0.0455
v -0.01860126 0.43714178 -0.0455
v -0.01911855 0.43721253 -0.0455
v -0.0195999 0.43741474 -0.0455
v -0.02052564 0.43863383 -0.0455
v -0.02059119 0.43915179 -0.0455
v -0.03745115 0.44631821 -0.0455
v -0.02052044 0.43966907 -0.0455
v -0.02031823 0.44015044 -0.0455
v -0.04303078 0.46382797 -0.0455
v -0.05097213 0.47001117 -0.0455
v -0.04643786 0.46525928 -0.0455
v -0.04636711 0.46577659 -0.0455
v -0.04344659 0.46351221 -0.0455
v -0.04392995 0.46331483 -0.0455
v -0.04577126 0.45727465 -0.0455
v -0.04444792 0.4632493 -0.0455
v -0.04496521 0.46332002 -0.0455
v -0.04544656 0.46352226 -0.0455
v -0.04585918 0.46384215 -0.0455
v -0.04617493 0.46425796 -0.0455
v -0.04637231 0.46474132 -0.0455
v -0.04616489 0.46625793 -0.0455
v -0.04584498 0.46667054 -0.0455
v -0.05269933 0.48365977 -0.0455
v -0.04542917 0.4669863 -0.0455
v -0.04494581 0.46718368 -0.0455
v -0.04442784 0.46724924 -0.0455
v -0.04434566 0.48361784 -0.0455
v -0.04301658 0.46665636 -0.0455
v -0.0434292 0.46697626 -0.0455
v -0.04014089 0.47920907 -0.0455
v -0.04391055 0.46717849 -0.0455
v -0.04270083 0.46624056 -0.0455
v -0.04250345 0.46575719 -0.0455
v -0.0424379 0.46523923 -0.0455
v -0.04250865 0.46472192 -0.0455
v -0.0314723 0.45673066 -0.0455
v -0.04271087 0.46424058 -0.0455
v -0.03134392 0.45797133 -0.0455
v -0.03090807 0.45913997 -0.0455
v -0.03003076 0.45336443 -0.0455
v -0.03079398 0.45435095 -0.0455
v -0.03128499 0.45549753 -0.0455
v -0.04284634 0.50056511 -0.0455
v -0.04326215 0.50024933 -0.0455
v -0.0437455 0.50005198 -0.0455
v -0.04426348 0.49998644 -0.0455
v -0.04478077 0.50005716 -0.0455
v -0.05083517 0.49729034 -0.0455
v -0.04526212 0.5002594 -0.0455
v -0.03079398 0.51243943 -0.0455
v -0.03003076 0.51342595 -0.0455
v -0.03124303 0.51495349 -0.0455
v -0.04232421 0.50145906 -0.0455
v -0.04252643 0.50097769 -0.0455
v -0.04231901 0.50249434 -0.0455
v -0.0314723 0.51005971 -0.0455
v -0.04283214 0.50339347 -0.0455
v -0.03134392 0.50881904 -0.0455
v -0.04251639 0.50297767 -0.0455
v -0.03090807 0.50765038 -0.0455
v -0.04225346 0.50197637 -0.0455
v -0.03128499 0.51129287 -0.0455
v -0.04566053 0.50340772 -0.0455
v -0.04524473 0.50372344 -0.0455
v -0.04550667 0.509974 -0.0455
v -0.04476137 0.50392085 -0.0455
v -0.0442434 0.50398636 -0.0455
v -0.03707697 0.52084631 -0.0455
v -0.04567473 0.5005793 -0.0455
v -0.04599049 0.5009951 -0.0455
v -0.04618786 0.50147849 -0.0455
v -0.04324475 0.50371343 -0.0455
v -0.04372611 0.50391561 -0.0455
v -0.04625341 0.50199646 -0.0455
v -0.04618267 0.50251371 -0.0455
v -0.04598045 0.50299507 -0.0455
v -0.01338402 0.53436732 -0.0455
v -0.01813589 0.52983302 -0.0455
v -0.0176186 0.52976227 -0.0455
v -0.02612053 0.52916646 -0.0455
v -0.02007516 0.52836043 -0.0455
v -0.01987294 0.52884173 -0.0455
v -0.01955303 0.52925438 -0.0455
v -0.01913722 0.5295701 -0.0455
v -0.01865386 0.52976751 -0.0455
v -0.02008036 0.52732515 -0.0455
v -0.02014591 0.52784312 -0.0455
v -0.01713725 0.52956009 -0.0455
v -0.01672463 0.52924019 -0.0455
v 0.00026458 0.53609455 -0.0455
v -0.01640888 0.52882439 -0.0455
v -0.01715464 0.52609605 -0.0455
v -0.017638 0.52589864 -0.0455
v -0.01815597 0.52583307 -0.0455
v -0.01867326 0.52590382 -0.0455
v -0.02904425 0.51418918 -0.0455
v -0.01956723 0.52642596 -0.0455
v -0.01988298 0.52684176 -0.0455
v -0.02789767 0.51468021 -0.0455
v -0.02666453 0.51486748 -0.0455
v -0.01915461 0.52610606 -0.0455
v -0.02542387 0.5147391 -0.0455
v -0.0162115 0.528341 -0.0455
v -0.01614596 0.52782303 -0.0455
v 0.00022264 0.52774084 -0.0455
v -0.02425521 0.51430327 -0.0455
v -0.0162167 0.52730572 -0.0455
v -0.00418611 0.52353609 -0.0455
v -0.01641892 0.52682436 -0.0455
v -0.01673884 0.52641177 -0.0455
v 0.01806389 0.5257194 -0.0455
v 0.01758253 0.52592164 -0.0455
v 0.01909915 0.52571422 -0.0455
v 0.01716992 0.52624154 -0.0455
v 0.01685417 0.52665734 -0.0455
v 0.02789767 0.51468021 -0.0455
v 0.02904425 0.51418918 -0.0455
v 0.03003076 0.51342595 -0.0455
v 0.01665679 0.52714068 -0.0455
v 0.01659124 0.52765864 -0.0455
v 0.01666199 0.52817595 -0.0455
v 0.01389516 0.53423035 -0.0455
v 0.01686421 0.52865732 -0.0455
v 0.02666453 0.51486748 -0.0455
v 0.01999831 0.52622736 -0.0455
v 0.02542387 0.5147391 -0.0455
v 0.01958251 0.52591157 -0.0455
v 0.02425521 0.51430327 -0.0455
v 0.01858117 0.52564865 -0.0455
v 0.01718412 0.5290699 -0.0455
v 0.01759992 0.52938569 -0.0455
v 0.01808328 0.52958304 -0.0455
v 0.02001251 0.52905571 -0.0455
v 0.02032826 0.52863991 -0.0455
v 0.0265788 0.52890188 -0.0455
v 0.01860126 0.5296486 -0.0455
v 0.01911855 0.52957785 -0.0455
v 0.0195999 0.52937561 -0.0455
v 0.02052564 0.52815658 -0.0455
v 0.02059119 0.52763855 -0.0455
v 0.02031823 0.52663994 -0.0455
v 0.02052044 0.52712131 -0.0455
v -0.00339961 0.52450413 -0.0455
v -0.0023952 0.52524364 -0.0455
v -0.00123725 0.52570719 -0.0455
v 0 0.52586508 -0.0455
v 0.00123725 0.52570719 -0.0455
v 0.0023952 0.52524364 -0.0455
v 0.00339961 0.52450413 -0.0455
v 0.00418611 0.52353609 -0.0455
v 0.00470428 0.52240151 -0.0455
v -0.00470428 0.52240151 -0.0455
v -0.04110895 0.4867948 -0.0455
v -0.04014089 0.48758131 -0.0455
v -0.04110895 0.47999558 -0.0455
v -0.04184846 0.48099998 -0.0455
v -0.04231202 0.48215795 -0.0455
v -0.04246991 0.48339519 -0.0455
v -0.04231202 0.48463243 -0.0455
v -0.04184846 0.48579037 -0.0455
v -0.03900633 0.48809949 -0.0455
v -0.03900633 0.47869089 -0.0455
v -0 0.44092527 -0.0455
v -0.00123725 0.44108316 -0.0455
v -0.00470428 0.44438887 -0.0455
v 0.00339961 0.44228625 -0.0455
v 0.0023952 0.44154674 -0.0455
v 0.00123725 0.44108316 -0.0455
v -0.0023952 0.44154674 -0.0455
v -0.00339961 0.44228625 -0.0455
v -0.00418611 0.44325429 -0.0455
v 0.00470428 0.44438887 -0.0455
v 0.03900633 0.47869089 -0.0455
v 0.04231202 0.48463243 -0.0455
v 0.04246991 0.48339519 -0.0455
v 0.04231202 0.48215795 -0.0455
v 0.04184846 0.48099998 -0.0455
v 0.04110895 0.47999558 -0.0455
v 0.04014089 0.47920907 -0.0455
v 0.037778 0.48831609 -0.0455
v 0.03733711 0.48838702 -0.0455
v 0.03603459 0.48952684 -0.0455
v 0.03625504 0.48913848 -0.0455
v 0.03655617 0.48880875 -0.0455
v 0.03692295 0.48855403 -0.0455
v 0.0077439 0.45648736 -0.0285
v 0.00854287 0.45673025 -0.0285
v 0.01422275 0.45927644 -0.0285
v 0.01979899 0.46359619 -0.0285
v 0.02411873 0.46917245 -0.0285
v 0.02690784 0.47565129 -0.0285
v -0.0077439 0.45648736 -0.0285
v -0.01422275 0.45927644 -0.0285
v -0.01979899 0.46359619 -0.0285
v -0.02411873 0.46917245 -0.0285
v -0.02690784 0.47565129 -0.0285
v -0.02690784 0.49113908 -0.0285
v -0.02411873 0.49761793 -0.0285
v -0.01979899 0.50319415 -0.0285
v -0.01539697 0.50678182 -0.0285
v -0.01422275 0.50751394 -0.0285
v -0.0077439 0.51030302 -0.0285
v 0.02690784 0.49113908 -0.0285
v 0.02666495 0.49193805 -0.0285
v 0.02411873 0.49761793 -0.0285
v 0.01979899 0.50319415 -0.0285
v 0.01422275 0.50751394 -0.0285
v 0.0077439 0.51030302 -0.0285
v 0.03016221 0.47850132 -0.0285
v 0.02928127 0.4782649 -0.0285
v 0.02847679 0.47783503 -0.0285
v 0.02779061 0.4772341 -0.0285
v 0.0272584 0.47649336 -0.0285
v 0.00690183 0.45613679 -0.0285
v 0.00616108 0.45560458 -0.0285
v 0.00556015 0.45491841 -0.0285
v 0.00489386 0.45323297 -0.0285
v 0.00513029 0.45411393 -0.0285
v -0.00489386 0.45323297 -0.0285
v -0.00513029 0.45411393 -0.0285
v -0.00556015 0.45491841 -0.0285
v -0.00616108 0.45560458 -0.0285
v -0.00690183 0.45613679 -0.0285
v -0.0272584 0.47649336 -0.0285
v -0.02779061 0.4772341 -0.0285
v -0.02847679 0.47783503 -0.0285
v -0.02928127 0.4782649 -0.0285
v -0.03016221 0.47850132 -0.0285
v -0.03016221 0.48828906 -0.0285
v -0.02928127 0.48852548 -0.0285
v -0.02847679 0.48895535 -0.0285
v -0.02779061 0.48955625 -0.0285
v -0.0272584 0.49029702 -0.0285
v -0.00690183 0.51065361 -0.0285
v -0.00616108 0.51118577 -0.0285
v -0.00556015 0.51187199 -0.0285
v -0.00513029 0.51267648 -0.0285
v -0.00489386 0.51355737 -0.0285
v 0.00489386 0.51355737 -0.0285
v 0.00513029 0.51267648 -0.0285
v 0.00556015 0.51187199 -0.0285
v 0.00616108 0.51118577 -0.0285
v 0.00690183 0.51065361 -0.0285
v 0.0272584 0.49029702 -0.0285
v 0.02779061 0.48955625 -0.0285
v 0.02847679 0.48895535 -0.0285
v 0.02928127 0.48852548 -0.0285
v 0.03016221 0.48828906 -0.0285
v -0.02041033 0.47174752 -0.038
v -0.02084459 0.47149968 -0.0385
v -0.02272951 0.47742698 -0.038
v -0.02321311 0.47729999 -0.0385
v -0.0234997 0.48351318 -0.038
v -0.0239997 0.48351568 -0.0385
v -0.02266843 0.48959133 -0.038
v -0.02315074 0.48972315 -0.0385
v -0.02029235 0.49524722 -0.038
v -0.0207241 0.49549937 -0.0385
v -0.01653337 0.50009543 -0.038
v -0.01688515 0.50045073 -0.0385
v -0.01164768 0.50380552 -0.038
v -0.0118955 0.5042398 -0.0385
v -0.00596821 0.50612468 -0.038
v -0.00609519 0.50660831 -0.0385
v 0.00011798 0.50689489 -0.038
v 0.00012049 0.50739491 -0.0385
v 0.00619613 0.50606364 -0.038
v 0.00632797 0.5065459 -0.0385
v 0.01185203 0.50368756 -0.038
v 0.0121042 0.50411928 -0.0385
v 0.01670023 0.49992856 -0.038
v 0.01705555 0.50028032 -0.0385
v 0.02041033 0.49504286 -0.038
v 0.02084459 0.4952907 -0.0385
v 0.02272951 0.4893634 -0.038
v 0.02321311 0.48949039 -0.0385
v 0.0234997 0.4832772 -0.038
v 0.0239997 0.4832747 -0.0385
v 0.02266843 0.47719905 -0.038
v 0.02315074 0.47706723 -0.0385
v 0.02029235 0.47154316 -0.038
v 0.0207241 0.47129098 -0.0385
v 0.01653337 0.46669495 -0.038
v 0.01688515 0.46633965 -0.0385
v 0.01164768 0.46298486 -0.038
v 0.0118955 0.46255058 -0.0385
v 0.00596821 0.46066567 -0.038
v 0.00609519 0.46018207 -0.0385
v -0.00011798 0.45989549 -0.038
v -0.00012049 0.4593955 -0.0385
v -0.00619613 0.46072677 -0.038
v -0.00632797 0.46024445 -0.0385
v -0.01185203 0.46310285 -0.038
v -0.0121042 0.4626711 -0.0385
v -0.01670023 0.46686181 -0.038
v -0.01705555 0.46651003 -0.0385
v -0.03091319 0.45279086 -0.053
v -0.03778083 0.46183461 -0.053
v -0.04207377 0.47234765 -0.053
v -0.04349945 0.48361358 -0.053
v -0.04196072 0.49486461 -0.053
v -0.03756243 0.50533402 -0.053
v -0.03060433 0.51430839 -0.053
v -0.02156059 0.52117604 -0.053
v -0.01104753 0.52546895 -0.053
v 0.00021839 0.52689463 -0.053
v 0.01146944 0.52535594 -0.053
v 0.02193886 0.52095765 -0.053
v 0.03091319 0.51399952 -0.053
v 0.03778083 0.50495577 -0.053
v 0.04207377 0.49444273 -0.053
v 0.04349945 0.4831768 -0.053
v 0.04196072 0.47192574 -0.053
v 0.03756243 0.46145633 -0.053
v 0.03060433 0.45248201 -0.053
v 0.02156059 0.44561437 -0.053
v 0.01104753 0.44132143 -0.053
v -0.00021839 0.43989575 -0.053
v -0.01146944 0.44143447 -0.053
v -0.02193886 0.44583276 -0.053
v -0.00026609 0.43039584 -0.0458
v 0.01346021 0.4321329 -0.0458
v 0.02626923 0.43736339 -0.0458
v 0.03728803 0.44573084 -0.0458
v 0.04576572 0.45666507 -0.0458
v 0.05112455 0.46942094 -0.0458
v 0.05299933 0.48312908 -0.0458
v 0.05126229 0.49685541 -0.0458
v 0.04603181 0.50966442 -0.0458
v 0.03766434 0.52068323 -0.0458
v 0.02673011 0.52916092 -0.0458
v 0.01397426 0.53451973 -0.0458
v 0.00026609 0.53639454 -0.0458
v -0.01346021 0.53465748 -0.0458
v -0.02626923 0.52942699 -0.0458
v -0.03728803 0.52105951 -0.0458
v -0.04576572 0.51012528 -0.0458
v -0.05112455 0.49736944 -0.0458
v -0.05299933 0.48366126 -0.0458
v -0.05126229 0.46993497 -0.0458
v -0.04603181 0.45712596 -0.0458
v -0.03766434 0.44610715 -0.0458
v -0.02673011 0.43762946 -0.0458
v -0.01397426 0.43227065 -0.0458
v 0.02150703 0.49368984 -0.0285
v 0.00151992 0.44826257 -0.0285
v -0.03448887 0.48251259 -0.0285
v -0.00086738 0.44891509 -0.0285
v -0.00123121 0.44863883 -0.0285
v -0.00151113 0.44827777 -0.0285
v -0.00168807 0.44785661 -0.0285
v -0.00399546 0.44720471 -0.0285
v -0.03448008 0.48426256 -0.0285
v -0.03475637 0.48462638 -0.0285
v -0.0351174 0.48490632 -0.0285
v 0.00399546 0.44720471 -0.0285
v -0.03476879 0.48215157 -0.0285
v -0.03513262 0.48187527 -0.0285
v -0.03555556 0.48170257 -0.0285
v -0.03619048 0.47939971 -0.0285
v -0.03600879 0.4816452 -0.0285
v -0.0371878 0.4795756 -0.0285
v -0.03646141 0.48170713 -0.0285
v -0.03810899 0.47999632 -0.0285
v -0.0368826 0.48188406 -0.0285
v -0.03889499 0.48063493 -0.0285
v -0.03724363 0.48216397 -0.0285
v -0.03949542 0.48145044 -0.0285
v -0.03751992 0.48252782 -0.0285
v -0.0398718 0.48239061 -0.0285
v -0.03769262 0.48295075 -0.0285
v -0.04 0.48339519 -0.0285
v -0.03774998 0.48340398 -0.0285
v -0.0398718 0.48439977 -0.0285
v -0.03768808 0.48385659 -0.0285
v -0.03949542 0.48533994 -0.0285
v -0.03751113 0.48427778 -0.0285
v -0.03889499 0.48615545 -0.0285
v -0.03723121 0.48463881 -0.0285
v -0.03810899 0.48679402 -0.0285
v -0.03686738 0.48491511 -0.0285
v -0.0371878 0.48721477 -0.0285
v -0.03644444 0.48508781 -0.0285
v -0.03619048 0.48739064 -0.0285
v 0.00169262 0.44783962 -0.0285
v 0.00174998 0.44738641 -0.0285
v 0.00381957 0.44620737 -0.0285
v 0.00168807 0.44693378 -0.0285
v 0.00339885 0.44528621 -0.0285
v 0.00151113 0.44651258 -0.0285
v 0.00276026 0.44450021 -0.0285
v 0.00123121 0.44615155 -0.0285
v 0.00194474 0.44389978 -0.0285
v 0.00086738 0.44587526 -0.0285
v 0.00100457 0.44352338 -0.0285
v 0.00044444 0.44570255 -0.0285
v 0 0.4433952 -0.0285
v -8.79E-06 0.44564521 -0.0285
v -0.00100457 0.44352338 -0.0285
v -0.00046141 0.44570711 -0.0285
v -0.00194474 0.44389978 -0.0285
v -0.0008826 0.44588405 -0.0285
v -0.00276026 0.44450021 -0.0285
v -0.00124363 0.44616398 -0.0285
v -0.00339885 0.44528621 -0.0285
v -0.00151992 0.44652781 -0.0285
v -0.00381957 0.44620737 -0.0285
v -0.00169262 0.44695073 -0.0285
v -0.00174998 0.44740397 -0.0285
v -0.03599121 0.48514515 -0.0285
v -0.03553858 0.48508325 -0.0285
v -0.00044444 0.4490878 -0.0285
v 8.79E-06 0.44914517 -0.0285
v 0.00046141 0.44908327 -0.0285
v 0.0008826 0.44890633 -0.0285
v 0.00124363 0.4486264 -0.0285
v -0.03430738 0.48383963 -0.0285
v -0.03425002 0.4833864 -0.0285
v -0.03431192 0.48293376 -0.0285
v -0.00046141 0.51770711 -0.0285
v -0.0008826 0.51788408 -0.0285
v -0.00124363 0.51816398 -0.0285
v -0.00151992 0.51852781 -0.0285
v -0.00169262 0.51895076 -0.0285
v 0.00399546 0.51958567 -0.0285
v 0.00381957 0.52058297 -0.0285
v 0.00169262 0.51983964 -0.0285
v -8.79E-06 0.51764518 -0.0285
v 0.00044444 0.51770258 -0.0285
v 0.00086738 0.51787525 -0.0285
v 0.00151992 0.52026254 -0.0285
v 0.00339885 0.52150416 -0.0285
v 0.00124363 0.52062643 -0.0285
v 0.00276026 0.52229017 -0.0285
v 0.0008826 0.52090633 -0.0285
v 0.00194474 0.52289063 -0.0285
v 0.00046141 0.52108324 -0.0285
v 0.00100457 0.52326697 -0.0285
v 8.79E-06 0.52114516 -0.0285
v 0 0.52339518 -0.0285
v -0.00044444 0.52108783 -0.0285
v -0.00100457 0.52326697 -0.0285
v -0.00086738 0.52091509 -0.0285
v -0.00194474 0.52289063 -0.0285
v -0.00123121 0.52063882 -0.0285
v -0.00276026 0.52229017 -0.0285
v -0.00151113 0.5202778 -0.0285
v -0.00339885 0.52150416 -0.0285
v -0.00168807 0.51985663 -0.0285
v -0.00381957 0.52058297 -0.0285
v -0.00174998 0.51940399 -0.0285
v -0.00399546 0.51958567 -0.0285
v 0.00123121 0.51815158 -0.0285
v 0.00151113 0.51851261 -0.0285
v 0.00168807 0.51893377 -0.0285
v 0.00174998 0.51938641 -0.0285
v 0.03430738 0.48295075 -0.0285
v 0.03425002 0.48340398 -0.0285
v 0.03431192 0.48385659 -0.0285
v 0.03448887 0.48427778 -0.0285
v 0.03476879 0.48463881 -0.0285
v 0.03599121 0.4816452 -0.0285
v 0.03553858 0.48170713 -0.0285
v 0.03513262 0.48491511 -0.0285
v 0.03555556 0.48508781 -0.0285
v 0.03619048 0.48739064 -0.0285
v 0.03600879 0.48514515 -0.0285
v 0.0371878 0.48721477 -0.0285
v 0.03646141 0.48508325 -0.0285
v 0.03810899 0.48679402 -0.0285
v 0.0368826 0.48490632 -0.0285
v 0.03889499 0.48615545 -0.0285
v 0.03724363 0.48462638 -0.0285
v 0.03949542 0.48533994 -0.0285
v 0.03751992 0.48426256 -0.0285
v 0.0398718 0.48439977 -0.0285
v 0.03769262 0.48383963 -0.0285
v 0.04 0.48339519 -0.0285
v 0.03774998 0.4833864 -0.0285
v 0.0398718 0.48239061 -0.0285
v 0.03768808 0.48293376 -0.0285
v 0.03949542 0.48145044 -0.0285
v 0.03751113 0.48251259 -0.0285
v 0.03889499 0.48063493 -0.0285
v 0.03723121 0.48215157 -0.0285
v 0.03810899 0.47999632 -0.0285
v 0.03686738 0.48187527 -0.0285
v 0.0371878 0.4795756 -0.0285
v 0.03644444 0.48170257 -0.0285
v 0.03619048 0.47939971 -0.0285
v 0.0351174 0.48188406 -0.0285
v 0.03475637 0.48216397 -0.0285
v 0.03448008 0.48252782 -0.0285
v -0.01670023 0.46686181 -0.0315
v -0.02041033 0.47174752 -0.0315
v -0.02272951 0.47742698 -0.0315
v -0.0234997 0.48351318 -0.0315
v -0.02266843 0.48959133 -0.0315
v -0.02029235 0.49524722 -0.0315
v -0.01653337 0.50009543 -0.0315
v -0.01164768 0.50380552 -0.0315
v -0.00596821 0.50612468 -0.0315
v 0.00011798 0.50689489 -0.0315
v 0.00619613 0.50606364 -0.0315
v 0.01185203 0.50368756 -0.0315
v 0.01670023 0.49992856 -0.0315
v 0.02041033 0.49504286 -0.0315
v 0.02272951 0.4893634 -0.0315
v 0.0234997 0.4832772 -0.0315
v 0.02266843 0.47719905 -0.0315
v 0.02029235 0.47154316 -0.0315
v 0.01653337 0.46669495 -0.0315
v 0.01164768 0.46298486 -0.0315
v 0.00596821 0.46066567 -0.0315
v -0.00011798 0.45989549 -0.0315
v -0.00619613 0.46072677 -0.0315
v -0.01185203 0.46310285 -0.0315
v 0.02203009 0.50520515 -0.0385
v 0.01563459 0.51016384 -0.0385
v 0.01563459 0.51016384 -0.0405
v -0.02913489 0.47280473 -0.0405
v -0.0299836 0.47552222 -0.0385
v -0.02787666 0.46983454 -0.0405
v -0.02692427 0.46803015 -0.0385
v -0.02973006 0.47461319 -0.0405
v -0.0299836 0.47552222 -0.0405
v -0.03099961 0.48355082 -0.0385
v -0.03099961 0.48355082 -0.0405
v -0.02990304 0.4915688 -0.0385
v -0.02990304 0.4915688 -0.0405
v -0.02676863 0.49902979 -0.0385
v -0.02676863 0.49902979 -0.0405
v -0.02180998 0.50542527 -0.0385
v -0.02320309 0.50395286 -0.0405
v -0.02180998 0.50542527 -0.0405
v -0.01536502 0.51031947 -0.0385
v -0.01536502 0.51031947 -0.0405
v -0.00787295 0.5133788 -0.0385
v -0.00787295 0.5133788 -0.0405
v 0.00015564 0.51439482 -0.0385
v 0.00015564 0.51439482 -0.0405
v 0.00817362 0.51329821 -0.0385
v 0.00817362 0.51329821 -0.0405
v 0.01383989 0.51113427 -0.0405
v 0.02203009 0.50520515 -0.0405
v 0.02340834 0.50371879 -0.0405
v 0.02692427 0.49876019 -0.0385
v 0.02692427 0.49876019 -0.0405
v 0.0299836 0.49126816 -0.0385
v 0.02913489 0.49398565 -0.0405
v 0.0299836 0.49126816 -0.0405
v 0.03099961 0.48323956 -0.0385
v 0.03099961 0.48323956 -0.0405
v 0.02990304 0.47522157 -0.0385
v 0.02990304 0.47522157 -0.0405
v 0.02964039 0.47431514 -0.0405
v 0.02902708 0.47251269 -0.0405
v 0.02676863 0.46776059 -0.0385
v 0.0277391 0.46955529 -0.0405
v 0.02676863 0.46776059 -0.0405
v 0.02180998 0.4613651 -0.0385
v 0.02180998 0.4613651 -0.0405
v 0.01536502 0.45647091 -0.0385
v 0.01536502 0.45647091 -0.0405
v 0.01356066 0.45551851 -0.0405
v 0.00787295 0.45341158 -0.0385
v 0.01059048 0.45426029 -0.0405
v 0.00878199 0.45366514 -0.0405
v 0.00787295 0.45341158 -0.0405
v -0.00015564 0.45239559 -0.0385
v -0.00015564 0.45239559 -0.0405
v -0.00817362 0.45349213 -0.0385
v -0.00817362 0.45349213 -0.0405
v -0.00908006 0.45375481 -0.0405
v -0.01088249 0.45436811 -0.0405
v -0.01563459 0.45662656 -0.0385
v -0.01383989 0.45565608 -0.0405
v -0.01563459 0.45662656 -0.0405
v -0.02203009 0.46158519 -0.0385
v -0.02203009 0.46158519 -0.0405
v -0.02692427 0.46803015 -0.0405
v 0.00124363 0.52062643 -0.0405
v 0.0008826 0.52090633 -0.0405
v 0.00046141 0.52108324 -0.0405
v 8.79E-06 0.52114516 -0.0405
v -0.00044444 0.52108783 -0.0405
v -0.00086738 0.52091509 -0.0405
v -0.00123121 0.52063882 -0.0405
v -0.00151113 0.5202778 -0.0405
v -0.00168807 0.51985663 -0.0405
v -0.00174998 0.51940399 -0.0405
v -0.00169262 0.51895076 -0.0405
v -0.00151992 0.51852781 -0.0405
v -0.00124363 0.51816398 -0.0405
v -0.0008826 0.51788408 -0.0405
v -0.00046141 0.51770711 -0.0405
v -8.79E-06 0.51764518 -0.0405
v 0.00044444 0.51770258 -0.0405
v 0.00086738 0.51787525 -0.0405
v 0.00123121 0.51815158 -0.0405
v 0.00151113 0.51851261 -0.0405
v 0.00168807 0.51893377 -0.0405
v 0.00174998 0.51938641 -0.0405
v 0.00169262 0.51983964 -0.0405
v 0.00151992 0.52026254 -0.0405
v 0.03724363 0.48462638 -0.0405
v 0.0368826 0.48490632 -0.0405
v 0.03646141 0.48508325 -0.0405
v 0.03600879 0.48514515 -0.0405
v 0.03555556 0.48508781 -0.0405
v 0.03513262 0.48491511 -0.0405
v 0.03476879 0.48463881 -0.0405
v 0.03448887 0.48427778 -0.0405
v 0.03431192 0.48385659 -0.0405
v 0.03425002 0.48340398 -0.0405
v 0.03430738 0.48295075 -0.0405
v 0.03448008 0.48252782 -0.0405
v 0.03475637 0.48216397 -0.0405
v 0.0351174 0.48188406 -0.0405
v 0.03553858 0.48170713 -0.0405
v 0.03599121 0.4816452 -0.0405
v 0.03644444 0.48170257 -0.0405
v 0.03686738 0.48187527 -0.0405
v 0.03723121 0.48215157 -0.0405
v 0.03751113 0.48251259 -0.0405
v 0.03768808 0.48293376 -0.0405
v 0.03774998 0.4833864 -0.0405
v 0.03769262 0.48383963 -0.0405
v 0.03751992 0.48426256 -0.0405
v 0.00124363 0.4486264 -0.0405
v 0.0008826 0.44890633 -0.0405
v 0.00046141 0.44908327 -0.0405
v 8.79E-06 0.44914517 -0.0405
v -0.00044444 0.4490878 -0.0405
v -0.00086738 0.44891509 -0.0405
v -0.00123121 0.44863883 -0.0405
v -0.00151113 0.44827777 -0.0405
v -0.00168807 0.44785661 -0.0405
v -0.00174998 0.44740397 -0.0405
v -0.00169262 0.44695073 -0.0405
v -0.00151992 0.44652781 -0.0405
v -0.00124363 0.44616398 -0.0405
v -0.0008826 0.44588405 -0.0405
v -0.00046141 0.44570711 -0.0405
v -8.79E-06 0.44564521 -0.0405
v 0.00044444 0.44570255 -0.0405
v 0.00086738 0.44587526 -0.0405
v 0.00123121 0.44615155 -0.0405
v 0.00151113 0.44651258 -0.0405
v 0.00168807 0.44693378 -0.0405
v 0.00174998 0.44738641 -0.0405
v 0.00169262 0.44783962 -0.0405
v 0.00151992 0.44826257 -0.0405
v -0.03475637 0.48462638 -0.0405
v -0.0351174 0.48490632 -0.0405
v -0.03553858 0.48508325 -0.0405
v -0.03599121 0.48514515 -0.0405
v -0.03644444 0.48508781 -0.0405
v -0.03686738 0.48491511 -0.0405
v -0.03723121 0.48463881 -0.0405
v -0.03751113 0.48427778 -0.0405
v -0.03768808 0.48385659 -0.0405
v -0.03774998 0.48340398 -0.0405
v -0.03769262 0.48295075 -0.0405
v -0.03751992 0.48252782 -0.0405
v -0.03724363 0.48216397 -0.0405
v -0.0368826 0.48188406 -0.0405
v -0.03646141 0.48170713 -0.0405
v -0.03600879 0.4816452 -0.0405
v -0.03555556 0.48170257 -0.0405
v -0.03513262 0.48187527 -0.0405
v -0.03476879 0.48215157 -0.0405
v -0.03448887 0.48251259 -0.0405
v -0.03431192 0.48293376 -0.0405
v -0.03425002 0.4833864 -0.0405
v -0.03430738 0.48383963 -0.0405
v -0.03448008 0.48426256 -0.0405
v -0.00651463 0.5168671 -0.0405
v -0.01136754 0.51318359 -0.0405
v -0.0130495 0.51489949 -0.0405
v 0.00346776 0.5215826 -0.0405
v 0.00198011 0.52298534 -0.0405
v 0.00281278 0.52237821 -0.0405
v 0.0130495 0.51489949 -0.0405
v 0.01166607 0.5130679 -0.0405
v 0.00651463 0.5168671 -0.0405
v 0.03818739 0.47992742 -0.0405
v 0.0372536 0.47949153 -0.0405
v 0.03598667 0.48073959 -0.0405
v 0.03150429 0.47034568 -0.0405
v 0.02967274 0.4717291 -0.0405
v 0.03347192 0.47688055 -0.0405
v 0.02605193 0.45423761 -0.0405
v 0.02144385 0.4588922 -0.0405
v -0.01166607 0.45372245 -0.0405
v -0.02634338 0.45450068 -0.0405
v -0.00367386 0.52080041 -0.0405
v 0.01136754 0.45360681 -0.0405
v 0.02827476 0.5024569 -0.0405
v 0.03150429 0.4964447 -0.0405
v 0.02978838 0.49476272 -0.0405
v 0.00588588 0.51706314 -0.0405
v -0.02939461 0.5099895 -0.0405
v -0.02967274 0.49506125 -0.0405
v -0.02978838 0.47202766 -0.0405
v -0.03601152 0.4811011 -0.0405
v -0.0374052 0.47972134 -0.0405
v -0.03366794 0.48928106 -0.0405
v -0.03399644 0.48871025 -0.0405
v -0.03559136 0.48759872 -0.0405
v -0.0349819 0.48784828 -0.0405
v -0.03444157 0.48822486 -0.0405
v -0.02955408 0.50897139 -0.0405
v -0.02779742 0.503676 -0.0405
v -0.02776896 0.50433397 -0.0405
v -0.03347192 0.48990983 -0.0405
v -0.03150429 0.4964447 -0.0405
v -0.02827476 0.5024569 -0.0405
v -0.02796878 0.50304008 -0.0405
v -0.02813923 0.50558972 -0.0405
v -0.02852012 0.506127 -0.0405
v -0.02910257 0.50697714 -0.0405
v -0.02945464 0.50794566 -0.0405
v -0.02788476 0.50498229 -0.0405
v -0.02219456 0.51153439 -0.0405
v -0.02273184 0.51191533 -0.0405
v -0.02358197 0.51249778 -0.0405
v -0.02455049 0.51284981 -0.0405
v -0.0255762 0.51294929 -0.0405
v -0.02659431 0.51278979 -0.0405
v -0.02754049 0.51238149 -0.0405
v -0.02835498 0.51175016 -0.0405
v -0.02898632 0.51093566 -0.0405
v -0.02158711 0.51127994 -0.0405
v -0.02093878 0.51116413 -0.0405
v -0.0202808 0.51119262 -0.0405
v -0.01964489 0.51136398 -0.0405
v -0.01906169 0.51166993 -0.0405
v -0.00588588 0.51706314 -0.0405
v -0.00531506 0.51739162 -0.0405
v -0.00482967 0.51783675 -0.0405
v -0.0044531 0.51837707 -0.0405
v -0.00420352 0.51898652 -0.0405
v -0.00409293 0.5196358 -0.0405
v -0.00390365 0.52064878 -0.0405
v -0.00346776 0.5215826 -0.0405
v 0.0044531 0.51837707 -0.0405
v 0.00482967 0.51783675 -0.0405
v 0.00016831 0.51691943 -0.0405
v 0.00531506 0.51739162 -0.0405
v 0.00390365 0.52064878 -0.0405
v 0.00409293 0.5196358 -0.0405
v 0.00420352 0.51898652 -0.0405
v 0.02955408 0.50897139 -0.0405
v 0.02219456 0.51153439 -0.0405
v 0.02273184 0.51191533 -0.0405
v 0.02358197 0.51249778 -0.0405
v 0.02455049 0.51284981 -0.0405
v 0.0255762 0.51294929 -0.0405
v 0.02659431 0.51278979 -0.0405
v 0.02754049 0.51238149 -0.0405
v 0.02835498 0.51175016 -0.0405
v 0.02898632 0.51093566 -0.0405
v 0.02939461 0.5099895 -0.0405
v 0.02093878 0.51116413 -0.0405
v 0.02158711 0.51127994 -0.0405
v 0.01906169 0.51166993 -0.0405
v 0.01964489 0.51136398 -0.0405
v 0.0202808 0.51119262 -0.0405
v 0.02788476 0.50498229 -0.0405
v 0.02776896 0.50433397 -0.0405
v 0.02910257 0.50697714 -0.0405
v 0.02852012 0.506127 -0.0405
v 0.02813923 0.50558972 -0.0405
v 0.02779742 0.503676 -0.0405
v 0.02796878 0.50304008 -0.0405
v 0.02945464 0.50794566 -0.0405
v 0.03986761 0.48458177 -0.0405
v 0.03310469 0.49157378 -0.0405
v 0.03347192 0.48990983 -0.0405
v 0.03366794 0.48928106 -0.0405
v 0.03716248 0.48732695 -0.0405
v 0.03624061 0.48748812 -0.0405
v 0.03559136 0.48759872 -0.0405
v 0.0349819 0.48784828 -0.0405
v 0.03444157 0.48822486 -0.0405
v 0.03399644 0.48871025 -0.0405
v 0.0349819 0.4789421 -0.0405
v 0.03444157 0.47856551 -0.0405
v 0.03624061 0.47930226 -0.0405
v 0.03559136 0.47919166 -0.0405
v 0.03399644 0.47808012 -0.0405
v 0.03366794 0.47750932 -0.0405
v 0.00118659 0.44352758 -0.0405
v -0.00019316 0.44492126 -0.0405
v -0.0216888 0.45910874 -0.0405
v -0.00102235 0.52336568 -0.0405
v 0.00102235 0.52336568 -0.0405
v 0 0.5234952 -0.0405
v 0.03997049 0.48441753 -0.0405
v 0.0401 0.48339519 -0.0405
v 0.03898299 0.48058242 -0.0405
v 0.03959015 0.48141506 -0.0405
v 0.03997049 0.48237285 -0.0405
v 0.0372536 0.48729885 -0.0405
v 0.03818739 0.48686296 -0.0405
v 0.03898299 0.48620796 -0.0405
v 0.03959015 0.48537531 -0.0405
v -0.00281278 0.52237821 -0.0405
v -0.00198011 0.52298534 -0.0405
v -0.02754049 0.51238149 -0.0505
v -0.02659431 0.51278979 -0.0505
v -0.0255762 0.51294929 -0.0505
v -0.02455049 0.51284981 -0.0505
v -0.02835498 0.51175016 -0.0505
v -0.02898632 0.51093566 -0.0505
v -0.02939461 0.5099895 -0.0505
v -0.02955408 0.50897139 -0.0505
v 0.0372536 0.47949153 -0.0505
v 0.03818739 0.47992742 -0.0505
v 0.03624061 0.47930226 -0.0505
v 0.03997049 0.48237285 -0.0505
v 0.03959015 0.48141506 -0.0505
v 0.03898299 0.48058242 -0.0505
v 0.03150429 0.47034568 -0.0505
v 0.03347192 0.47688055 -0.0505
v 0.0401 0.48339519 -0.0505
v 0.03997049 0.48441753 -0.0505
v 0.03959015 0.48537531 -0.0505
v 0.03898299 0.48620796 -0.0505
v -0.02827476 0.5024569 -0.0505
v -0.03150429 0.4964447 -0.0505
v -0.03347192 0.48990983 -0.0505
v 0.03366794 0.47750932 -0.0505
v 0.03399644 0.47808012 -0.0505
v 0.03444157 0.47856551 -0.0505
v 0.02910257 0.50697714 -0.0505
v 0.02945464 0.50794566 -0.0505
v 0 0.5234952 -0.0505
v -0.00102235 0.52336568 -0.0505
v -0.02945464 0.50794566 -0.0505
v -0.02910257 0.50697714 -0.0505
v -0.02852012 0.506127 -0.0505
v -0.02813923 0.50558972 -0.0505
v -0.02788476 0.50498229 -0.0505
v 0.0349819 0.4789421 -0.0505
v 0.03559136 0.47919166 -0.0505
v 0.02852012 0.506127 -0.0505
v 0.02898632 0.51093566 -0.0505
v 0.02939461 0.5099895 -0.0505
v 0.02955408 0.50897139 -0.0505
v 0.02835498 0.51175016 -0.0505
v 0.02754049 0.51238149 -0.0505
v 0.02659431 0.51278979 -0.0505
v 0.0255762 0.51294929 -0.0505
v -0.03444157 0.48822486 -0.0505
v -0.0349819 0.48784828 -0.0505
v -0.03559136 0.48759872 -0.0505
v -0.02776896 0.50433397 -0.0505
v -0.02779742 0.503676 -0.0505
v -0.02796878 0.50304008 -0.0505
v -0.03366794 0.48928106 -0.0505
v -0.03399644 0.48871025 -0.0505
v 0.01906169 0.51166993 -0.0505
v 0.0130495 0.51489949 -0.0505
v -0.00198011 0.52298534 -0.0505
v -0.00281278 0.52237821 -0.0505
v 0.03347192 0.48990983 -0.0505
v 0.03150429 0.4964447 -0.0505
v 0.02827476 0.5024569 -0.0505
v 0.00420352 0.51898652 -0.0505
v 0.00409293 0.5196358 -0.0505
v 0.00390365 0.52064878 -0.0505
v 0.00346776 0.5215826 -0.0505
v -0.00651463 0.5168671 -0.0505
v -0.0130495 0.51489949 -0.0505
v 0.00281278 0.52237821 -0.0505
v 0.00198011 0.52298534 -0.0505
v 0.00102235 0.52336568 -0.0505
v -0.02219456 0.51153439 -0.0505
v -0.02273184 0.51191533 -0.0505
v -0.02358197 0.51249778 -0.0505
v 0.03399644 0.48871025 -0.0505
v 0.03559136 0.48759872 -0.0505
v 0.03444157 0.48822486 -0.0505
v 0.0349819 0.48784828 -0.0505
v 0.03818739 0.48686296 -0.0505
v 0.0372536 0.48729885 -0.0505
v 0.03624061 0.48748812 -0.0505
v 0.03366794 0.48928106 -0.0505
v 0.02796878 0.50304008 -0.0505
v 0.02779742 0.503676 -0.0505
v 0.02776896 0.50433397 -0.0505
v 0.02788476 0.50498229 -0.0505
v 0.02813923 0.50558972 -0.0505
v 0.02093878 0.51116413 -0.0505
v 0.0202808 0.51119262 -0.0505
v 0.02158711 0.51127994 -0.0505
v 0.02219456 0.51153439 -0.0505
v 0.02455049 0.51284981 -0.0505
v 0.02358197 0.51249778 -0.0505
v 0.02273184 0.51191533 -0.0505
v 0.01964489 0.51136398 -0.0505
v 0.00651463 0.5168671 -0.0505
v 0.00588588 0.51706314 -0.0505
v 0.00531506 0.51739162 -0.0505
v -0.00346776 0.5215826 -0.0505
v -0.00390365 0.52064878 -0.0505
v -0.00409293 0.5196358 -0.0505
v -0.00420352 0.51898652 -0.0505
v -0.0044531 0.51837707 -0.0505
v 0.00482967 0.51783675 -0.0505
v 0.0044531 0.51837707 -0.0505
v -0.00482967 0.51783675 -0.0505
v -0.00531506 0.51739162 -0.0505
v -0.00588588 0.51706314 -0.0505
v -0.01906169 0.51166993 -0.0505
v -0.01964489 0.51136398 -0.0505
v -0.0202808 0.51119262 -0.0505
v -0.02093878 0.51116413 -0.0505
v -0.02158711 0.51127994 -0.0505
v 0.03586049 0.51034486 0.08358354
v 0.03586049 0.51541698 0.08475854
v 0.03586049 0.45596489 0.08358354
v 0.03586049 0.45086062 0.08475854
v 0.03586049 0.45596489 0.07258354
v 0.03586049 0.45086062 0.06975854
v 0.03586049 0.51034486 0.07258354
v 0.03586049 0.51541698 0.06975854
v 0.03486048 0.51500279 0.08375854
v 0.03486048 0.51034486 0.08358354
v 0.03486048 0.45596489 0.08358354
v 0.03486048 0.51034486 0.07258354
v 0.03486048 0.51500279 0.06975854
v 0.03486048 0.45596489 0.07258354
v 0.03486048 0.45127484 0.06975854
v 0.03486048 0.45127484 0.08375854
v -0.03513952 0.45086062 0.06975854
v -0.03513952 0.45823988 0.07140885
v -0.03513952 0.49023989 0.07140885
v -0.03513952 0.45823988 0.07990886
v -0.03513952 0.45086062 0.08475854
v -0.03513952 0.49023989 0.07990886
v -0.03513952 0.51541698 0.08475854
v -0.03513952 0.51541698 0.06975854
v -0.03413951 0.49023989 0.07990886
v -0.03413951 0.51500279 0.08375854
v -0.03413951 0.45127484 0.08375854
v -0.03413951 0.51500279 0.06975854
v -0.03413951 0.49023989 0.07140885
v -0.03413951 0.45127484 0.06975854
v -0.03413951 0.45823988 0.07140885
v -0.03413951 0.45823988 0.07990886
v -0.03191769 0.44763881 0.08475854
v -0.03191769 0.44763881 0.06975854
v 0.03263866 0.44763881 0.08475854
v 0.03263866 0.44763881 0.06975854
v 0.03263866 0.51863879 0.08475854
v 0.03263866 0.51863879 0.06975854
v 0.03486048 0.51500279 0.08575854
v 0.03222445 0.5176388 0.08575854
v 0.03486048 0.45127484 0.08575854
v -0.03191769 0.51863879 0.08475854
v -0.03150348 0.5176388 0.08575854
v 0.03222445 0.4486388 0.08575854
v -0.03413951 0.51500279 0.08575854
v -0.03150348 0.4486388 0.08575854
v -0.03413951 0.45127484 0.08575854
v 0.02976157 0.4554649 0.08475854
v 0.03076157 0.45446488 0.08575854
v 0.02976157 0.51084489 0.08475854
v 0.03076157 0.51184487 0.08575854
v 0.01626159 0.45446488 0.08575854
v 0.01726159 0.4554649 0.08475854
v 0.01726159 0.51084489 0.08475854
v 0.01626159 0.51184487 0.08575854
v 0.02976157 0.4554649 0.08375854
v 0.01726159 0.4554649 0.08375854
v 0.02976157 0.51084489 0.08375854
v 0.01726159 0.51084489 0.08375854
v 0.03222445 0.4486388 0.08375854
v 0.03222445 0.5176388 0.08375854
v -0.03150348 0.5176388 0.08375854
v -0.03150348 0.4486388 0.08375854
v 0.03222445 0.4486388 0.06975854
v -0.03150348 0.4486388 0.06975854
v -0.03150348 0.5176388 0.06975854
v -0.03191769 0.51863879 0.06975854
v 0.03222445 0.5176388 0.06975854
v 0.02913656 0.51224065 -0.065
v 0.02913656 0.51224065 -0.059
v 0.02067801 0.51879889 -0.065
v 0.02067801 0.51879889 -0.059
v 0.01081028 0.52294439 -0.065
v 0.01081028 0.52294439 -0.059
v 0.00020584 0.52439469 -0.065
v 0.00020584 0.52439469 -0.059
v -0.01041262 0.5230509 -0.065
v -0.01041262 0.5230509 -0.059
v -0.02032148 0.5190047 -0.065
v -0.02032148 0.5190047 -0.059
v -0.02884546 0.51253176 -0.065
v -0.02884546 0.51253176 -0.059
v -0.03540367 0.5040732 -0.065
v -0.03540367 0.5040732 -0.059
v -0.03954918 0.49420547 -0.065
v -0.03954918 0.49420547 -0.059
v -0.04099948 0.48360103 -0.065
v -0.04099948 0.48360103 -0.059
v -0.03965574 0.47298256 -0.065
v -0.03965574 0.47298256 -0.059
v -0.03560952 0.4630737 -0.065
v -0.03560952 0.4630737 -0.059
v -0.02913656 0.45454973 -0.065
v -0.02913656 0.45454973 -0.059
v -0.02067801 0.44799152 -0.065
v -0.02067801 0.44799152 -0.059
v -0.01081028 0.44384602 -0.065
v -0.01081028 0.44384602 -0.059
v -0.00020584 0.44239572 -0.065
v -0.00020584 0.44239572 -0.059
v 0.01041262 0.44373944 -0.065
v 0.01041262 0.44373944 -0.059
v 0.02032148 0.44778568 -0.065
v 0.02032148 0.44778568 -0.059
v 0.02884546 0.45425862 -0.065
v 0.02884546 0.45425862 -0.059
v 0.03540367 0.46271718 -0.065
v 0.03540367 0.46271718 -0.059
v 0.03954918 0.4725849 -0.065
v 0.03954918 0.4725849 -0.059
v 0.04099948 0.48318934 -0.065
v 0.04099948 0.48318934 -0.059
v 0.03965574 0.49380779 -0.065
v 0.03965574 0.49380779 -0.059
v 0.03560952 0.50371665 -0.065
v 0.03560952 0.50371665 -0.059
v 0.04585918 0.50294822 -0.063
v 0.04544656 0.50326812 -0.063
v 0.04496521 0.50347036 -0.063
v 0.04444792 0.50354111 -0.063
v 0.04392995 0.50347555 -0.063
v 0.04344659 0.5032782 -0.063
v 0.04303078 0.50296241 -0.063
v 0.04271087 0.50254983 -0.063
v 0.04250865 0.50206846 -0.063
v 0.0424379 0.50155115 -0.063
v 0.04250345 0.50103319 -0.063
v 0.04270083 0.50054985 -0.063
v 0.04301658 0.50013405 -0.063
v 0.0434292 0.49981412 -0.063
v 0.04391055 0.49961188 -0.063
v 0.04442784 0.49954113 -0.063
v 0.04494581 0.4996067 -0.063
v 0.04542917 0.49980408 -0.063
v 0.04584498 0.50011981 -0.063
v 0.04616489 0.50053245 -0.063
v 0.04636711 0.50101382 -0.063
v 0.04643786 0.50153106 -0.063
v 0.04637231 0.50204903 -0.063
v 0.04617493 0.50253242 -0.063
v 0.02001251 0.52905571 -0.063
v 0.0195999 0.52937561 -0.063
v 0.01911855 0.52957785 -0.063
v 0.01860126 0.5296486 -0.063
v 0.01808328 0.52958304 -0.063
v 0.01759992 0.52938569 -0.063
v 0.01718412 0.5290699 -0.063
v 0.01686421 0.52865732 -0.063
v 0.01666199 0.52817595 -0.063
v 0.01659124 0.52765864 -0.063
v 0.01665679 0.52714068 -0.063
v 0.01685417 0.52665734 -0.063
v 0.01716992 0.52624154 -0.063
v 0.01758253 0.52592164 -0.063
v 0.01806389 0.5257194 -0.063
v 0.01858117 0.52564865 -0.063
v 0.01909915 0.52571422 -0.063
v 0.01958251 0.52591157 -0.063
v 0.01999831 0.52622736 -0.063
v 0.02031823 0.52663994 -0.063
v 0.02052044 0.52712131 -0.063
v 0.02059119 0.52763855 -0.063
v 0.02052564 0.52815658 -0.063
v 0.02032826 0.52863991 -0.063
v -0.01672463 0.52924019 -0.063
v -0.01713725 0.52956009 -0.063
v -0.0176186 0.52976227 -0.063
v -0.01813589 0.52983302 -0.063
v -0.01865386 0.52976751 -0.063
v -0.01913722 0.5295701 -0.063
v -0.01955303 0.52925438 -0.063
v -0.01987294 0.52884173 -0.063
v -0.02007516 0.52836043 -0.063
v -0.02014591 0.52784312 -0.063
v -0.02008036 0.52732515 -0.063
v -0.01988298 0.52684176 -0.063
v -0.01956723 0.52642596 -0.063
v -0.01915461 0.52610606 -0.063
v -0.01867326 0.52590382 -0.063
v -0.01815597 0.52583307 -0.063
v -0.017638 0.52589864 -0.063
v -0.01715464 0.52609605 -0.063
v -0.01673884 0.52641177 -0.063
v -0.01641892 0.52682436 -0.063
v -0.0162167 0.52730572 -0.063
v -0.01614596 0.52782303 -0.063
v -0.0162115 0.528341 -0.063
v -0.01640888 0.52882439 -0.063
v -0.04283214 0.50339347 -0.063
v -0.04324475 0.50371343 -0.063
v -0.04372611 0.50391561 -0.063
v -0.0442434 0.50398636 -0.063
v -0.04476137 0.50392085 -0.063
v -0.04524473 0.50372344 -0.063
v -0.04566053 0.50340772 -0.063
v -0.04598045 0.50299507 -0.063
v -0.04618267 0.50251371 -0.063
v -0.04625341 0.50199646 -0.063
v -0.04618786 0.50147849 -0.063
v -0.04599049 0.5009951 -0.063
v -0.04567473 0.5005793 -0.063
v -0.04526212 0.5002594 -0.063
v -0.04478077 0.50005716 -0.063
v -0.04426348 0.49998644 -0.063
v -0.0437455 0.50005198 -0.063
v -0.04326215 0.50024933 -0.063
v -0.04284634 0.50056511 -0.063
v -0.04252643 0.50097769 -0.063
v -0.04232421 0.50145906 -0.063
v -0.04225346 0.50197637 -0.063
v -0.04231901 0.50249434 -0.063
v -0.04251639 0.50297767 -0.063
v -0.04301658 0.46665636 -0.063
v -0.0434292 0.46697626 -0.063
v -0.04391055 0.46717849 -0.063
v -0.04442784 0.46724924 -0.063
v -0.04494581 0.46718368 -0.063
v -0.04542917 0.4669863 -0.063
v -0.04584498 0.46667054 -0.063
v -0.04616489 0.46625793 -0.063
v -0.04636711 0.46577659 -0.063
v -0.04643786 0.46525928 -0.063
v -0.04637231 0.46474132 -0.063
v -0.04617493 0.46425796 -0.063
v -0.04585918 0.46384215 -0.063
v -0.04544656 0.46352226 -0.063
v -0.04496521 0.46332002 -0.063
v -0.04444792 0.4632493 -0.063
v -0.04392995 0.46331483 -0.063
v -0.04344659 0.46351221 -0.063
v -0.04303078 0.46382797 -0.063
v -0.04271087 0.46424058 -0.063
v -0.04250865 0.46472192 -0.063
v -0.0424379 0.46523923 -0.063
v -0.04250345 0.46575719 -0.063
v -0.04270083 0.46624056 -0.063
v -0.01716992 0.44054884 -0.063
v -0.01758253 0.44086877 -0.063
v -0.01806389 0.44107097 -0.063
v -0.01858117 0.44114172 -0.063
v -0.01909915 0.44107619 -0.063
v -0.01958251 0.44087881 -0.063
v -0.01999831 0.44056305 -0.063
v -0.02031823 0.44015044 -0.063
v -0.02052044 0.43966907 -0.063
v -0.02059119 0.43915179 -0.063
v -0.02052564 0.43863383 -0.063
v -0.02032826 0.43815047 -0.063
v -0.02001251 0.43773466 -0.063
v -0.0195999 0.43741474 -0.063
v -0.01911855 0.43721253 -0.063
v -0.01860126 0.43714178 -0.063
v -0.01808328 0.43720731 -0.063
v -0.01759992 0.43740469 -0.063
v -0.01718412 0.43772045 -0.063
v -0.01686421 0.43813306 -0.063
v -0.01666199 0.43861443 -0.063
v -0.01659124 0.43913171 -0.063
v -0.01665679 0.43964967 -0.063
v -0.01685417 0.44013304 -0.063
v -0.04443788 0.46524927 -0.063
v -0.01859122 0.43914175 -0.063
v 0.0162115 0.43844938 -0.063
v 0.01640888 0.43796602 -0.063
v 0.01814593 0.4389573 -0.063
v 0.01672463 0.43755022 -0.063
v 0.01713725 0.43723029 -0.063
v 0.01641892 0.43996599 -0.063
v 0.0162167 0.43948463 -0.063
v 0.01614596 0.43896735 -0.063
v 0.017638 0.44089174 -0.063
v 0.01715464 0.44069436 -0.063
v 0.01673884 0.44037861 -0.063
v 0.01915461 0.44068432 -0.063
v 0.01867326 0.44088653 -0.063
v 0.01815597 0.44095728 -0.063
v 0.02008036 0.43946525 -0.063
v 0.01988298 0.43994859 -0.063
v 0.01956723 0.44036439 -0.063
v 0.01987294 0.43794861 -0.063
v 0.02007516 0.43842998 -0.063
v 0.02014591 0.43894726 -0.063
v 0.01865386 0.43702289 -0.063
v 0.01913722 0.43722025 -0.063
v 0.01955303 0.437536 -0.063
v 0.0176186 0.43702808 -0.063
v 0.01813589 0.43695733 -0.063
v 0.04231901 0.46429604 -0.063
v 0.04251639 0.46381268 -0.063
v 0.04425344 0.46480396 -0.063
v 0.04283214 0.46339688 -0.063
v 0.04324475 0.46307695 -0.063
v 0.04252643 0.46581265 -0.063
v 0.04232421 0.46533132 -0.063
v 0.04225346 0.46481401 -0.063
v 0.0437455 0.4667384 -0.063
v 0.04326215 0.46654102 -0.063
v 0.04284634 0.46622527 -0.063
v 0.04526212 0.46653098 -0.063
v 0.04478077 0.46673319 -0.063
v 0.04426348 0.46680394 -0.063
v 0.04618786 0.46531191 -0.063
v 0.04599049 0.46579525 -0.063
v 0.04567473 0.46621108 -0.063
v 0.04598045 0.46379527 -0.063
v 0.04618267 0.46427664 -0.063
v 0.04625341 0.46479392 -0.063
v 0.04476137 0.46286955 -0.063
v 0.04524473 0.46306694 -0.063
v 0.04566053 0.46338266 -0.063
v 0.04372611 0.46287474 -0.063
v 0.0442434 0.46280399 -0.063
v 0.03766434 0.52068323 -0.0647
v 0.0265788 0.52890188 -0.065
v 0.02673011 0.52916092 -0.0647
v 0.01389516 0.53423035 -0.065
v 0.01397426 0.53451973 -0.0647
v 0.00026458 0.53609455 -0.065
v 0.00026609 0.53639454 -0.0647
v -0.01338402 0.53436732 -0.065
v -0.01346021 0.53465748 -0.0647
v -0.02612053 0.52916646 -0.065
v -0.02626923 0.52942699 -0.0647
v -0.03707697 0.52084631 -0.065
v -0.03728803 0.52105951 -0.0647
v -0.04550667 0.509974 -0.065
v -0.04576572 0.51012528 -0.0647
v -0.05083517 0.49729034 -0.065
v -0.05112455 0.49736944 -0.0647
v -0.05269933 0.48365977 -0.065
v -0.05299933 0.48366126 -0.0647
v -0.05097213 0.47001117 -0.065
v -0.05126229 0.46993497 -0.0647
v -0.04577126 0.45727465 -0.065
v -0.04603181 0.45712596 -0.0647
v -0.03745115 0.44631821 -0.065
v -0.03766434 0.44610715 -0.0647
v -0.0265788 0.4378885 -0.065
v -0.02673011 0.43762946 -0.0647
v -0.01389516 0.43256003 -0.065
v -0.01397426 0.43227065 -0.0647
v -0.00026458 0.43069586 -0.065
v -0.00026609 0.43039584 -0.0647
v 0.01338402 0.43242306 -0.065
v 0.01346021 0.4321329 -0.0647
v 0.02612053 0.43762392 -0.065
v 0.02626923 0.43736339 -0.0647
v 0.03707697 0.44594404 -0.065
v 0.03728803 0.44573084 -0.0647
v 0.04550667 0.45681638 -0.065
v 0.04576572 0.45666507 -0.0647
v 0.05083517 0.46950004 -0.065
v 0.05112455 0.46942094 -0.0647
v 0.05269933 0.4831306 -0.065
v 0.05299933 0.48312908 -0.0647
v 0.05097213 0.4967792 -0.065
v 0.05126229 0.49685541 -0.0647
v 0.04577126 0.5095157 -0.065
v 0.04603181 0.50966442 -0.0647
v 0.03745115 0.52047217 -0.065
v -0.04425344 0.50198638 -0.063
v -0.01814593 0.52783304 -0.063
v 0.01859122 0.52764863 -0.063
v 0.04443788 0.50154114 -0.063
v -0.03756243 0.50533402 -0.059
v -0.04196072 0.49486461 -0.059
v -0.04349945 0.48361358 -0.059
v -0.04207377 0.47234765 -0.059
v -0.03778083 0.46183461 -0.059
v -0.03091319 0.45279086 -0.059
v -0.02193886 0.44583276 -0.059
v -0.01146944 0.44143447 -0.059
v -0.00021839 0.43989575 -0.059
v 0.01104753 0.44132143 -0.059
v 0.02156059 0.44561437 -0.059
v 0.03060433 0.45248201 -0.059
v 0.03756243 0.46145633 -0.059
v 0.04196072 0.47192574 -0.059
v 0.04349945 0.4831768 -0.059
v 0.04207377 0.49444273 -0.059
v 0.03778083 0.50495577 -0.059
v 0.03091319 0.51399952 -0.059
v 0.02193886 0.52095765 -0.059
v 0.01146944 0.52535594 -0.059
v 0.00021839 0.52689463 -0.059
v -0.01104753 0.52546895 -0.059
v -0.02156059 0.52117604 -0.059
v -0.03060433 0.51430839 -0.059
v -0.01647105 0.03500019 -0.01177994
v -0.01647105 0.03179019 -0.01177994
v -0.01396088 0 -0.01466821
v -0.01396088 0.06679037 -0.01466821
v -0.0171941 0.06679037 -0.01069699
v -0.01719804 0.03562909 -0.01069065
v -0.0171941 0 -0.01069699
v -0.01927105 0.03179019 -0.00622006
v -0.01927105 0.03500019 -0.00622006
v -0.01932772 0.06679037 -0.00604168
v -0.01719804 0.03116128 -0.01069065
v -0.01814008 0.03018519 -0.009
v -0.01932772 0 -0.00604168
v -0.01814008 0.03660519 -0.009
v 0.01647105 0.03179019 -0.01177994
v 0.01647105 0.03500019 -0.01177994
v 0.01396088 0.06679037 -0.01466821
v 0.01396088 0 -0.01466821
v 0.0171941 0 -0.01069699
v 0.01719804 0.03116128 -0.01069065
v 0.0171941 0.06679037 -0.01069699
v 0.01927105 0.03500019 -0.00622006
v 0.01927105 0.03179019 -0.00622006
v 0.01932772 0 -0.00604168
v 0.01719804 0.03562909 -0.01069065
v 0.01814008 0.03660519 -0.009
v 0.01932772 0.06679037 -0.00604168
v 0.01814008 0.03018519 -0.009
v -0.02022529 0.06679037 -0.001
v -0.02022529 0 -0.001
v -0.00983485 0.06679037 -0.01770136
v -0.00983485 0 -0.01770136
v -0.00507986 0.06679037 -0.01960249
v -0.00507986 0 -0.01960249
v -0 0.06679037 -0.02025
v -0 0 -0.02025
v 0.00507986 0.06679037 -0.01960249
v 0.00507986 0 -0.01960249
v 0.00983485 0.06679037 -0.01770136
v 0.00983485 0 -0.01770136
v 0.02022529 0.06679037 -0.001
v 0.02022529 0 -0.001
v -0.02623366 0.01083848 -0.0245
v -0.02664685 0.0103 -0.0245
v -0.02939518 0.06679037 -0.0245
v -0.02309518 0.00674833 -0.0245
v -0.02255671 0.00716152 -0.0245
v 0.02179518 0.009 -0.0245
v -0.02255671 0.01083848 -0.0245
v -0.02214352 0.0103 -0.0245
v -0.02188378 0.00967293 -0.0245
v -0.02214352 0.0077 -0.0245
v -0.02188378 0.00832707 -0.0245
v 0.02188378 0.00967293 -0.0245
v -0.02179518 0.009 -0.0245
v -0.02309518 0.01125167 -0.0245
v -0.02372225 0.01151141 -0.0245
v -0.02439518 0.0116 -0.0245
v -0.02439518 0.05519037 -0.0245
v 0.02255671 0.05962885 -0.0245
v 0.02214352 0.05909037 -0.0245
v 0.02188378 0.0584633 -0.0245
v 0.02179518 0.05779037 -0.0245
v 0.02188378 0.05711744 -0.0245
v -0.02690659 0.00967293 -0.0245
v -0.02699518 0.009 -0.0245
v -0.02939518 -0.004 -0.0245
v -0.02690659 0.00832707 -0.0245
v -0.02664685 0.0077 -0.0245
v -0.02506811 0.01151141 -0.0245
v -0.02569518 0.01125167 -0.0245
v -0.02309518 0.0555387 -0.0245
v 0.02439518 0.06039037 -0.0245
v -0.02372225 0.05527896 -0.0245
v 0.02372225 0.06030178 -0.0245
v 0.02309518 0.06004203 -0.0245
v -0.02255671 0.05595189 -0.0245
v -0.02214352 0.05649037 -0.0245
v -0.02188378 0.05711744 -0.0245
v -0.02439518 0.06039037 -0.0245
v -0.02506811 0.06030178 -0.0245
v -0.02569518 0.06004203 -0.0245
v 0.02506811 0.01151141 -0.0245
v 0.02439518 0.0116 -0.0245
v -0.02623366 0.05595189 -0.0245
v 0.02372225 0.01151141 -0.0245
v 0.02309518 0.01125167 -0.0245
v 0.02255671 0.01083848 -0.0245
v 0.02214352 0.0103 -0.0245
v 0.02690659 0.00967293 -0.0245
v 0.02309518 0.0555387 -0.0245
v 0.02699518 0.009 -0.0245
v 0.02372225 0.05527896 -0.0245
v 0.02623366 0.05595189 -0.0245
v 0.02664685 0.05649037 -0.0245
v 0.02939518 -0.004 -0.0245
v 0.02690659 0.05711744 -0.0245
v 0.02939518 0.06679037 -0.0245
v 0.02699518 0.05779037 -0.0245
v 0.02690659 0.0584633 -0.0245
v 0.02664685 0.05909037 -0.0245
v 0.02623366 0.05962885 -0.0245
v -0.02255671 0.05962885 -0.0245
v -0.02309518 0.06004203 -0.0245
v -0.02664685 0.05649037 -0.0245
v -0.02690659 0.05711744 -0.0245
v -0.02699518 0.05779037 -0.0245
v -0.02690659 0.0584633 -0.0245
v 0.02569518 0.01125167 -0.0245
v -0.02569518 0.0555387 -0.0245
v 0.02623366 0.01083848 -0.0245
v -0.02506811 0.05527896 -0.0245
v 0.02188378 0.00832707 -0.0245
v -0.02439518 0.0064 -0.0245
v -0.02372225 0.00648859 -0.0245
v 0.02569518 0.00674833 -0.0245
v 0.02623366 0.00716152 -0.0245
v 0.02439518 0.05519037 -0.0245
v 0.02506811 0.05527896 -0.0245
v 0.02569518 0.0555387 -0.0245
v 0.02214352 0.05649037 -0.0245
v 0.02255671 0.05595189 -0.0245
v 0.02664685 0.0103 -0.0245
v -0.02623366 0.00716152 -0.0245
v -0.02569518 0.00674833 -0.0245
v -0.02506811 0.00648859 -0.0245
v -0.02339518 -0.01 -0.0245
v 0.02255671 0.00716152 -0.0245
v 0.02339518 -0.01 -0.0245
v 0.02309518 0.00674833 -0.0245
v 0.02664685 0.0077 -0.0245
v 0.02690659 0.00832707 -0.0245
v -0.02623366 0.05962885 -0.0245
v -0.02664685 0.05909037 -0.0245
v 0.02214352 0.0077 -0.0245
v -0.02372225 0.06030178 -0.0245
v 0.02569518 0.06004203 -0.0245
v 0.02506811 0.06030178 -0.0245
v 0.02372225 0.00648859 -0.0245
v 0.02439518 0.0064 -0.0245
v 0.02506811 0.00648859 -0.0245
v -0.02179518 0.05779037 -0.0245
v -0.02188378 0.0584633 -0.0245
v -0.02214352 0.05909037 -0.0245
v -0.02289518 0.03339519 -0.0074
v -0.02939518 0.03339519 -0.0074
v -0.02289518 0.0338093 -0.00745452
v -0.02939518 0.0338093 -0.00745452
v -0.02289518 0.03419518 -0.00761436
v -0.02939518 0.03419518 -0.00761436
v -0.02289518 0.03452656 -0.00786863
v -0.02939518 0.03452656 -0.00786863
v -0.02289518 0.03478083 -0.0082
v -0.02939518 0.03478083 -0.0082
v -0.02289518 0.03494067 -0.00858589
v -0.02939518 0.03494067 -0.00858589
v -0.02289518 0.03499518 -0.009
v -0.02939518 0.03499518 -0.009
v -0.02289518 0.03494067 -0.00941411
v -0.02939518 0.03494067 -0.00941411
v -0.02289518 0.03478083 -0.0098
v -0.02939518 0.03478083 -0.0098
v -0.02289518 0.03452656 -0.01013137
v -0.02939518 0.03452656 -0.01013137
v -0.02289518 0.03419518 -0.01038564
v -0.02939518 0.03419518 -0.01038564
v -0.02289518 0.0338093 -0.01054548
v -0.02939518 0.0338093 -0.01054548
v -0.02289518 0.03339519 -0.0106
v -0.02939518 0.03339519 -0.0106
v -0.02289518 0.03298108 -0.01054548
v -0.02939518 0.03298108 -0.01054548
v -0.02289518 0.03259518 -0.01038564
v -0.02939518 0.03259518 -0.01038564
v -0.02289518 0.03226382 -0.01013137
v -0.02939518 0.03226382 -0.01013137
v -0.02289518 0.03200955 -0.0098
v -0.02939518 0.03200955 -0.0098
v -0.02289518 0.0318497 -0.00941411
v -0.02939518 0.0318497 -0.00941411
v -0.02289518 0.03179519 -0.009
v -0.02939518 0.03179519 -0.009
v -0.02289518 0.0318497 -0.00858589
v -0.02939518 0.0318497 -0.00858589
v -0.02289518 0.03200955 -0.0082
v -0.02939518 0.03200955 -0.0082
v -0.02289518 0.03226382 -0.00786863
v -0.02939518 0.03226382 -0.00786863
v -0.02289518 0.03259518 -0.00761436
v -0.02939518 0.03259518 -0.00761436
v -0.02289518 0.03298108 -0.00745452
v -0.02939518 0.03298108 -0.00745452
v 0.02939518 0.03339519 -0.0074
v 0.02289518 0.03339519 -0.0074
v 0.02939518 0.0338093 -0.00745452
v 0.02289518 0.0338093 -0.00745452
v 0.02939518 0.03419518 -0.00761436
v 0.02289518 0.03419518 -0.00761436
v 0.02939518 0.03452656 -0.00786863
v 0.02289518 0.03452656 -0.00786863
v 0.02939518 0.03478083 -0.0082
v 0.02289518 0.03478083 -0.0082
v 0.02939518 0.03494067 -0.00858589
v 0.02289518 0.03494067 -0.00858589
v 0.02939518 0.03499518 -0.009
v 0.02289518 0.03499518 -0.009
v 0.02939518 0.03494067 -0.00941411
v 0.02289518 0.03494067 -0.00941411
v 0.02939518 0.03478083 -0.0098
v 0.02289518 0.03478083 -0.0098
v 0.02939518 0.03452656 -0.01013137
v 0.02289518 0.03452656 -0.01013137
v 0.02939518 0.03419518 -0.01038564
v 0.02289518 0.03419518 -0.01038564
v 0.02939518 0.0338093 -0.01054548
v 0.02289518 0.0338093 -0.01054548
v 0.02939518 0.03339519 -0.0106
v 0.02289518 0.03339519 -0.0106
v 0.02939518 0.03298108 -0.01054548
v 0.02289518 0.03298108 -0.01054548
v 0.02939518 0.03259518 -0.01038564
v 0.02289518 0.03259518 -0.01038564
v 0.02939518 0.03226382 -0.01013137
v 0.02289518 0.03226382 -0.01013137
v 0.02939518 0.03200955 -0.0098
v 0.02289518 0.03200955 -0.0098
v 0.02939518 0.0318497 -0.00941411
v 0.02289518 0.0318497 -0.00941411
v 0.02939518 0.03179519 -0.009
v 0.02289518 0.03179519 -0.009
v 0.02939518 0.0318497 -0.00858589
v 0.02289518 0.0318497 -0.00858589
v 0.02939518 0.03200955 -0.0082
v 0.02289518 0.03200955 -0.0082
v 0.02939518 0.03226382 -0.00786863
v 0.02289518 0.03226382 -0.00786863
v 0.02939518 0.03259518 -0.00761436
v 0.02289518 0.03259518 -0.00761436
v 0.02939518 0.03298108 -0.00745452
v 0.02289518 0.03298108 -0.00745452
v -0.02289518 0.03179019 -0.00622006
v -0.02289518 0.03018519 -0.009
v -0.02289518 0.03500019 -0.00622006
v -0.02289518 0.03660519 -0.009
v -0.02289518 0.03500019 -0.01177994
v -0.02289518 0.03179019 -0.01177994
v 0.02289518 0.03660519 -0.009
v 0.02289518 0.03500019 -0.01177994
v 0.02289518 0.03179019 -0.01177994
v 0.02289518 0.03500019 -0.00622006
v 0.02289518 0.03179019 -0.00622006
v 0.02289518 0.03018519 -0.009
v -0.02939518 -0.004 -0.001
v -0.02339518 -0.01 -0.001
v 0.02339518 -0.01 -0.001
v 0.02939518 -0.004 -0.001
v -0.00041411 -0.003 -0.01054548
v 0 -0.003 -0.0106
v 0 -0.003 -0.01212
v 0 -0.003 -0.0074
v -0.00041411 -0.003 -0.00745452
v -0 -0.003 -0.00588
v -0.0008 -0.003 -0.00761436
v -0.002702 -0.003 -0.00744
v -0.00113137 -0.003 -0.00786863
v -0.00138564 -0.003 -0.0082
v -0.00154548 -0.003 -0.00858589
v -0.0016 -0.003 -0.009
v -0.002702 -0.003 -0.01056
v -0.00154548 -0.003 -0.00941411
v -0.00138564 -0.003 -0.0098
v -0.00113137 -0.003 -0.01013137
v -0.0008 -0.003 -0.01038564
v 0.00138564 -0.003 -0.0082
v 0.00113137 -0.003 -0.00786863
v 0.002702 -0.003 -0.00744
v 0.0008 -0.003 -0.00761436
v 0.00041411 -0.003 -0.00745452
v 0.00138564 -0.003 -0.0098
v 0.00154548 -0.003 -0.00941411
v 0.002702 -0.003 -0.01056
v 0.0016 -0.003 -0.009
v 0.00154548 -0.003 -0.00858589
v 0.00041411 -0.003 -0.01054548
v 0.0008 -0.003 -0.01038564
v 0.00113137 -0.003 -0.01013137
v 0.002702 0 -0.00744
v 0.002702 0 -0.01056
v 0 0 -0.01212
v -0.002702 0 -0.01056
v -0.002702 0 -0.00744
v -0 0 -0.00588
v -0 -0.01 -0.0106
v 0.00041411 -0.01 -0.01054548
v 0.0008 -0.01 -0.01038564
v 0.00113137 -0.01 -0.01013137
v 0.00138564 -0.01 -0.0098
v 0.00154548 -0.01 -0.00941411
v 0.0016 -0.01 -0.009
v 0.00154548 -0.01 -0.00858589
v 0.00138564 -0.01 -0.0082
v 0.00113137 -0.01 -0.00786863
v 0.0008 -0.01 -0.00761436
v 0.00041411 -0.01 -0.00745452
v 0 -0.01 -0.0074
v -0.00041411 -0.01 -0.00745452
v -0.0008 -0.01 -0.00761436
v -0.00113137 -0.01 -0.00786863
v -0.00138564 -0.01 -0.0082
v -0.00154548 -0.01 -0.00858589
v -0.0016 -0.01 -0.009
v -0.00154548 -0.01 -0.00941411
v -0.00138564 -0.01 -0.0098
v -0.00113137 -0.01 -0.01013137
v -0.0008 -0.01 -0.01038564
v -0.00041411 -0.01 -0.01054548
v 0.02699518 0.05779037 -0.001
v 0.02690659 0.0584633 -0.001
v 0.02664685 0.05909037 -0.001
v 0.02623366 0.05962885 -0.001
v 0.02569518 0.06004203 -0.001
v 0.02506811 0.06030178 -0.001
v 0.02439518 0.06039037 -0.001
v 0.02372225 0.06030178 -0.001
v 0.02309518 0.06004203 -0.001
v 0.02255671 0.05962885 -0.001
v 0.02214352 0.05909037 -0.001
v 0.02188378 0.0584633 -0.001
v 0.02179518 0.05779037 -0.001
v 0.02188378 0.05711744 -0.001
v 0.02214352 0.05649037 -0.001
v 0.02255671 0.05595189 -0.001
v 0.02309518 0.0555387 -0.001
v 0.02372225 0.05527896 -0.001
v 0.02439518 0.05519037 -0.001
v 0.02506811 0.05527896 -0.001
v 0.02569518 0.0555387 -0.001
v 0.02623366 0.05595189 -0.001
v 0.02664685 0.05649037 -0.001
v 0.02690659 0.05711744 -0.001
v -0.02179518 0.05779037 -0.001
v -0.02188378 0.0584633 -0.001
v -0.02214352 0.05909037 -0.001
v -0.02255671 0.05962885 -0.001
v -0.02309518 0.06004203 -0.001
v -0.02372225 0.06030178 -0.001
v -0.02439518 0.06039037 -0.001
v -0.02506811 0.06030178 -0.001
v -0.02569518 0.06004203 -0.001
v -0.02623366 0.05962885 -0.001
v -0.02664685 0.05909037 -0.001
v -0.02690659 0.0584633 -0.001
v -0.02699518 0.05779037 -0.001
v -0.02690659 0.05711744 -0.001
v -0.02664685 0.05649037 -0.001
v -0.02623366 0.05595189 -0.001
v -0.02569518 0.0555387 -0.001
v -0.02506811 0.05527896 -0.001
v -0.02439518 0.05519037 -0.001
v -0.02372225 0.05527896 -0.001
v -0.02309518 0.0555387 -0.001
v -0.02255671 0.05595189 -0.001
v -0.02214352 0.05649037 -0.001
v -0.02188378 0.05711744 -0.001
v -0.02939518 0.06679037 -0.001
v 0.02939518 0.06679037 -0.001
v 0.02699518 0.009 -0.001
v 0.02690659 0.00967293 -0.001
v 0.02664685 0.0103 -0.001
v 0.02623366 0.01083848 -0.001
v 0.02569518 0.01125167 -0.001
v 0.02506811 0.01151141 -0.001
v 0.02439518 0.0116 -0.001
v 0.02372225 0.01151141 -0.001
v 0.02309518 0.01125167 -0.001
v 0.02255671 0.01083848 -0.001
v 0.02214352 0.0103 -0.001
v 0.02188378 0.00967293 -0.001
v 0.02179518 0.009 -0.001
v 0.02188378 0.00832707 -0.001
v 0.02214352 0.0077 -0.001
v 0.02255671 0.00716152 -0.001
v 0.02309518 0.00674833 -0.001
v 0.02372225 0.00648859 -0.001
v 0.02439518 0.0064 -0.001
v 0.02506811 0.00648859 -0.001
v 0.02569518 0.00674833 -0.001
v 0.02623366 0.00716152 -0.001
v 0.02664685 0.0077 -0.001
v 0.02690659 0.00832707 -0.001
v -0.02179518 0.009 -0.001
v -0.02188378 0.00967293 -0.001
v -0.02214352 0.0103 -0.001
v -0.02255671 0.01083848 -0.001
v -0.02309518 0.01125167 -0.001
v -0.02372225 0.01151141 -0.001
v -0.02439518 0.0116 -0.001
v -0.02506811 0.01151141 -0.001
v -0.02569518 0.01125167 -0.001
v -0.02623366 0.01083848 -0.001
v -0.02664685 0.0103 -0.001
v -0.02690659 0.00967293 -0.001
v -0.02699518 0.009 -0.001
v -0.02690659 0.00832707 -0.001
v -0.02664685 0.0077 -0.001
v -0.02623366 0.00716152 -0.001
v -0.02569518 0.00674833 -0.001
v -0.02506811 0.00648859 -0.001
v -0.02439518 0.0064 -0.001
v -0.02372225 0.00648859 -0.001
v -0.02309518 0.00674833 -0.001
v -0.02255671 0.00716152 -0.001
v -0.02214352 0.0077 -0.001
v -0.02188378 0.00832707 -0.001
v -0.0101961 0.41600001 0.02792241
v -0.01382211 0.41600001 0.02530106
v -0.02939518 0.41600001 0.017
v -0.0171194 0.41600001 0.02149344
v -0.01939518 0.41600001 0.017
v 0.01939518 0.41600001 0.017
v 0.0171194 0.41600001 0.02149344
v 0.02939518 0.41600001 0.017
v 0.01382211 0.41600001 0.02530106
v 0.0101961 0.41600001 0.02792241
v 0.0101961 0.426 0.02792241
v 0.01382211 0.426 0.02530106
v 0.02939518 0.426 0.017
v 0.0171194 0.426 0.02149344
v 0.01939518 0.426 0.017
v 0.02544518 0.41918135 0.017
v 0.02588011 0.41951507 0.017
v 0.02621384 0.41995001 0.017
v 0.0249387 0.42302844 0.017
v 0.02544518 0.42281866 0.017
v 0.02588011 0.42248493 0.017
v 0.02621384 0.42205 0.017
v 0.02642363 0.42154354 0.017
v 0.02649518 0.421 0.017
v 0.02642363 0.42045647 0.017
v 0.02385166 0.42302844 0.017
v 0.02439518 0.42309999 0.017
v 0.0249387 0.41897157 0.017
v 0.02439518 0.41890001 0.017
v 0.02385166 0.41897157 0.017
v 0.02334518 0.41918135 0.017
v 0.02291026 0.41951507 0.017
v 0.02257653 0.41995001 0.017
v 0.02257653 0.42205 0.017
v 0.02291026 0.42248493 0.017
v 0.02334518 0.42281866 0.017
v 0.02236674 0.42045647 0.017
v 0.02229518 0.421 0.017
v 0.02236674 0.42154354 0.017
v 0.0101961 0.43000001 0.02792241
v 0.00970004 0.43000001 0.02819567
v -0.0101961 0.426 0.02792241
v -0.00970004 0.43000001 0.02819567
v -0.0101961 0.43000001 0.02792241
v -0.01382211 0.426 0.02530106
v -0.0171194 0.426 0.02149344
v -0.01939518 0.426 0.017
v 0.00970004 0.412 0.02819567
v 0.0101961 0.412 0.02792241
v 0.00499917 0.43000001 0.03000453
v 0.00499917 0.412 0.03000453
v -0 0.43000001 0.03061973
v -0 0.412 0.03061973
v -0.00499917 0.43000001 0.03000453
v -0.00499917 0.412 0.03000453
v -0.00970004 0.412 0.02819567
v -0.0101961 0.412 0.02792241
v -0.02939518 0.412 0.017
v 0.02939518 0.412 0.017
v -0.02939518 0.426 0.017
v 0.02939518 0.43000001 0.017
v -0.02939518 0.43000001 0.017
v 0.02649518 0.421 0.001
v 0.02642363 0.42154354 0.001
v 0.02621384 0.42205 0.001
v 0.02588011 0.42248493 0.001
v 0.02544518 0.42281866 0.001
v 0.0249387 0.42302844 0.001
v 0.02439518 0.42309999 0.001
v 0.02385166 0.42302844 0.001
v 0.02334518 0.42281866 0.001
v 0.02291026 0.42248493 0.001
v 0.02257653 0.42205 0.001
v 0.02236674 0.42154354 0.001
v 0.02229518 0.421 0.001
v 0.02236674 0.42045647 0.001
v 0.02257653 0.41995001 0.001
v 0.02291026 0.41951507 0.001
v 0.02334518 0.41918135 0.001
v 0.02385166 0.41897157 0.001
v 0.02439518 0.41890001 0.001
v 0.0249387 0.41897157 0.001
v 0.02544518 0.41918135 0.001
v 0.02588011 0.41951507 0.001
v 0.02621384 0.41995001 0.001
v 0.02642363 0.42045647 0.001
v -0.02229518 0.421 0.001
v -0.02229518 0.421 0.017
v -0.02236674 0.42154354 0.001
v -0.02236674 0.42154354 0.017
v -0.02257653 0.42205 0.001
v -0.02257653 0.42205 0.017
v -0.02291026 0.42248493 0.001
v -0.02291026 0.42248493 0.017
v -0.02334518 0.42281866 0.001
v -0.02334518 0.42281866 0.017
v -0.02385166 0.42302844 0.001
v -0.02385166 0.42302844 0.017
v -0.02439518 0.42309999 0.001
v -0.02439518 0.42309999 0.017
v -0.0249387 0.42302844 0.001
v -0.0249387 0.42302844 0.017
v -0.02544518 0.42281866 0.001
v -0.02544518 0.42281866 0.017
v -0.02588011 0.42248493 0.001
v -0.02588011 0.42248493 0.017
v -0.02621384 0.42205 0.001
v -0.02621384 0.42205 0.017
v -0.02642363 0.42154354 0.001
v -0.02642363 0.42154354 0.017
v -0.02649518 0.421 0.001
v -0.02649518 0.421 0.017
v -0.02642363 0.42045647 0.001
v -0.02642363 0.42045647 0.017
v -0.02621384 0.41995001 0.001
v -0.02621384 0.41995001 0.017
v -0.02588011 0.41951507 0.001
v -0.02588011 0.41951507 0.017
v -0.02544518 0.41918135 0.001
v -0.02544518 0.41918135 0.017
v -0.0249387 0.41897157 0.001
v -0.0249387 0.41897157 0.017
v -0.02439518 0.41890001 0.001
v -0.02439518 0.41890001 0.017
v -0.02385166 0.41897157 0.001
v -0.02385166 0.41897157 0.017
v -0.02334518 0.41918135 0.001
v -0.02334518 0.41918135 0.017
v -0.02291026 0.41951507 0.001
v -0.02291026 0.41951507 0.017
v -0.02257653 0.41995001 0.001
v -0.02257653 0.41995001 0.017
v -0.02236674 0.42045647 0.001
v -0.02236674 0.42045647 0.017
v -0.02022529 0.412 0.001
v -0.02022529 0.43000001 0.001
v -0.02939518 0.43000001 0.001
v -0.02939518 0.412 0.001
v 0.02939518 0.43000001 0.001
v 0.02022529 0.43000001 0.001
v 0.01932772 0.43000001 0.00604168
v -0 0.43000001 0.02025
v -0.00507986 0.43000001 0.01960249
v -0.01396088 0.43000001 0.01466821
v -0.00983485 0.43000001 0.01770136
v 0.0171941 0.43000001 0.01069699
v 0.01396088 0.43000001 0.01466821
v 0.00983485 0.43000001 0.01770136
v 0.00507986 0.43000001 0.01960249
v -0.01932772 0.43000001 0.00604168
v -0.0171941 0.43000001 0.01069699
v 0.02022529 0.412 0.001
v 0.02939518 0.412 0.001
v 0.01932772 0.412 0.00604168
v 0.0171941 0.412 0.01069699
v 0.01396088 0.412 0.01466821
v -0.01932772 0.412 0.00604168
v -0.0171941 0.412 0.01069699
v -0.01396088 0.412 0.01466821
v -0.00983485 0.412 0.01770136
v -0.00507986 0.412 0.01960249
v -0 0.412 0.02025
v 0.00507986 0.412 0.01960249
v 0.00983485 0.412 0.01770136
v -0.01939518 0.06279037 0.017
v -0.0171194 0.06279037 0.02149344
v -0.02939518 0.06279037 0.017
v -0.01382211 0.06279037 0.02530106
v -0.0101961 0.06279037 0.02792241
v 0.0101961 0.06279037 0.02792241
v 0.01382211 0.06279037 0.02530106
v 0.02939518 0.06279037 0.017
v 0.0171194 0.06279037 0.02149344
v 0.01939518 0.06279037 0.017
v 0.01939518 0.05279037 0.017
v 0.0171194 0.05279037 0.02149344
v 0.02939518 0.05279037 0.017
v 0.01382211 0.05279037 0.02530106
v 0.0101961 0.05279037 0.02792241
v 0.02690659 0.0584633 0.017
v 0.02699518 0.05779037 0.017
v 0.02664685 0.05649037 0.017
v 0.02623366 0.05595189 0.017
v 0.02690659 0.05711744 0.017
v 0.02439518 0.05519037 0.017
v 0.02506811 0.05527896 0.017
v 0.02569518 0.0555387 0.017
v 0.02372225 0.05527896 0.017
v 0.02309518 0.0555387 0.017
v 0.02255671 0.05595189 0.017
v 0.02569518 0.06004203 0.017
v 0.02506811 0.06030178 0.017
v 0.02439518 0.06039037 0.017
v 0.02623366 0.05962885 0.017
v 0.02664685 0.05909037 0.017
v 0.02214352 0.05649037 0.017
v 0.02188378 0.05711744 0.017
v 0.02179518 0.05779037 0.017
v 0.02188378 0.0584633 0.017
v 0.02372225 0.06030178 0.017
v 0.02309518 0.06004203 0.017
v 0.02214352 0.05909037 0.017
v 0.02255671 0.05962885 0.017
v -0.0101961 0.05279037 0.02792241
v -0.0101961 0.04879037 0.02792241
v -0.00970004 0.04879037 0.02819567
v 0.0101961 0.06679037 0.02792241
v 0.00970004 0.06679037 0.02819567
v 0.00970004 0.04879037 0.02819567
v 0.0101961 0.04879037 0.02792241
v -0.00970004 0.06679037 0.02819567
v -0.0101961 0.06679037 0.02792241
v -0.01382211 0.05279037 0.02530106
v -0.0171194 0.05279037 0.02149344
v -0.01939518 0.05279037 0.017
v 0.00499917 0.06679037 0.03000453
v 0.00499917 0.04879037 0.03000453
v 0 0.06679037 0.03061973
v 0 0.04879037 0.03061973
v -0.00499917 0.06679037 0.03000453
v -0.00499917 0.04879037 0.03000453
v -0.02939518 0.06679037 0.017
v 0.02939518 0.06679037 0.017
v -0.02939518 0.05279037 0.017
v 0.02939518 0.04879037 0.017
v -0.02939518 0.04879037 0.017
v 0.02699518 0.05779037 0.001
v 0.02690659 0.0584633 0.001
v 0.02664685 0.05909037 0.001
v 0.02623366 0.05962885 0.001
v 0.02569518 0.06004203 0.001
v 0.02506811 0.06030178 0.001
v 0.02439518 0.06039037 0.001
v 0.02372225 0.06030178 0.001
v 0.02309518 0.06004203 0.001
v 0.02255671 0.05962885 0.001
v 0.02214352 0.05909037 0.001
v 0.02188378 0.0584633 0.001
v 0.02179518 0.05779037 0.001
v 0.02188378 0.05711744 0.001
v 0.02214352 0.05649037 0.001
v 0.02255671 0.05595189 0.001
v 0.02309518 0.0555387 0.001
v 0.02372225 0.05527896 0.001
v 0.02439518 0.05519037 0.001
v 0.02506811 0.05527896 0.001
v 0.02569518 0.0555387 0.001
v 0.02623366 0.05595189 0.001
v 0.02664685 0.05649037 0.001
v 0.02690659 0.05711744 0.001
v -0.02179518 0.05779037 0.001
v -0.02179518 0.05779037 0.017
v -0.02188378 0.0584633 0.001
v -0.02188378 0.0584633 0.017
v -0.02214352 0.05909037 0.001
v -0.02214352 0.05909037 0.017
v -0.02255671 0.05962885 0.001
v -0.02255671 0.05962885 0.017
v -0.02309518 0.06004203 0.001
v -0.02309518 0.06004203 0.017
v -0.02372225 0.06030178 0.001
v -0.02372225 0.06030178 0.017
v -0.02439518 0.06039037 0.001
v -0.02439518 0.06039037 0.017
v -0.02506811 0.06030178 0.001
v -0.02506811 0.06030178 0.017
v -0.02569518 0.06004203 0.001
v -0.02569518 0.06004203 0.017
v -0.02623366 0.05962885 0.001
v -0.02623366 0.05962885 0.017
v -0.02664685 0.05909037 0.001
v -0.02664685 0.05909037 0.017
v -0.02690659 0.0584633 0.001
v -0.02690659 0.0584633 0.017
v -0.02699518 0.05779037 0.001
v -0.02699518 0.05779037 0.017
v -0.02690659 0.05711744 0.001
v -0.02690659 0.05711744 0.017
v -0.02664685 0.05649037 0.001
v -0.02664685 0.05649037 0.017
v -0.02623366 0.05595189 0.001
v -0.02623366 0.05595189 0.017
v -0.02569518 0.0555387 0.001
v -0.02569518 0.0555387 0.017
v -0.02506811 0.05527896 0.001
v -0.02506811 0.05527896 0.017
v -0.02439518 0.05519037 0.001
v -0.02439518 0.05519037 0.017
v -0.02372225 0.05527896 0.001
v -0.02372225 0.05527896 0.017
v -0.02309518 0.0555387 0.001
v -0.02309518 0.0555387 0.017
v -0.02255671 0.05595189 0.001
v -0.02255671 0.05595189 0.017
v -0.02214352 0.05649037 0.001
v -0.02214352 0.05649037 0.017
v -0.02188378 0.05711744 0.001
v -0.02188378 0.05711744 0.017
v -0.02939518 0.06679037 0.001
v -0.02939518 0.04879037 0.001
v -0.02022529 0.04879037 0.001
v -0.02022529 0.06679037 0.001
v -0.01932772 0.04879037 0.00604168
v 0 0.04879037 0.02025
v 0.00507986 0.04879037 0.01960249
v 0.01396088 0.04879037 0.01466821
v 0.00983485 0.04879037 0.01770136
v 0.02022529 0.04879037 0.001
v 0.02939518 0.04879037 0.001
v 0.01932772 0.04879037 0.00604168
v 0.0171941 0.04879037 0.01069699
v -0.0171941 0.04879037 0.01069699
v -0.01396088 0.04879037 0.01466821
v -0.00983485 0.04879037 0.01770136
v -0.00507986 0.04879037 0.01960249
v 0.02939518 0.06679037 0.001
v 0.02022529 0.06679037 0.001
v 0.01932772 0.06679037 0.00604168
v 0.0171941 0.06679037 0.01069699
v 0.01396088 0.06679037 0.01466821
v 0.00983485 0.06679037 0.01770136
v 0.00507986 0.06679037 0.01960249
v 0 0.06679037 0.02025
v -0.01932772 0.06679037 0.00604168
v -0.0171941 0.06679037 0.01069699
v -0.01396088 0.06679037 0.01466821
v -0.00507986 0.06679037 0.01960249
v -0.00983485 0.06679037 0.01770136
v 0.02 -0 0
v 0.01931852 0.43000001 0.00517638
v 0.01931852 -0 0.00517638
v 0.01732051 0.43000001 0.01
v 0.01732051 -0 0.01
v 0.01414214 0.43000001 0.01414214
v 0.01414214 -0 0.01414214
v 0.01 0.43000001 0.01732051
v 0.01 -0 0.01732051
v 0.00517638 0.43000001 0.01931852
v 0.00517638 -0 0.01931852
v 0 0.43000001 0.02
v 0 0 0.02
v -0.00517638 0.43000001 0.01931852
v -0.00517638 0 0.01931852
v -0.01 0.43000001 0.01732051
v -0.01 0 0.01732051
v -0.01414214 0.43000001 0.01414214
v -0.01414214 0 0.01414214
v -0.01732051 0.43000001 0.01
v -0.01732051 0 0.01
v -0.01931852 0.43000001 0.00517638
v -0.01931852 0 0.00517638
v -0.02 0.43000001 0
v -0.02 0 0
v -0.01931852 0.43000001 -0.00517638
v -0.01931852 0 -0.00517638
v -0.01732051 0.43000001 -0.01
v -0.01732051 0 -0.01
v -0.01414214 0.43000001 -0.01414214
v -0.01414214 0 -0.01414214
v -0.01 0.43000001 -0.01732051
v -0.01 0 -0.01732051
v -0.00517638 0.43000001 -0.01931852
v -0.00517638 0 -0.01931852
v -0 0.43000001 -0.02
v -0 0 -0.02
v 0.00517638 0.43000001 -0.01931852
v 0.00517638 -0 -0.01931852
v 0.01 0.43000001 -0.01732051
v 0.01 -0 -0.01732051
v 0.01414214 0.43000001 -0.01414214
v 0.01414214 -0 -0.01414214
v 0.01732051 0.43000001 -0.01
v 0.01732051 -0 -0.01
v 0.01931852 0.43000001 -0.00517638
v 0.01931852 -0 -0.00517638
v 0.02 0.43000001 0
v 0.018 0.43000001 0
v 0.018 -0 0
v 0.01738667 0.43000001 0.00465874
v 0.01738667 -0 0.00465874
v 0.01558846 0.43000001 0.009
v 0.01558846 -0 0.009
v 0.01272792 0.43000001 0.01272792
v 0.01272792 -0 0.01272792
v 0.009 0.43000001 0.01558846
v 0.009 -0 0.01558846
v 0.00465874 0.43000001 0.01738667
v 0.00465874 -0 0.01738667
v 0 0.43000001 0.018
v 0 0 0.018
v -0.00465874 0.43000001 0.01738667
v -0.00465874 0 0.01738667
v -0.009 0.43000001 0.01558846
v -0.009 0 0.01558846
v -0.01272792 0.43000001 0.01272792
v -0.01272792 0 0.01272792
v -0.01558846 0.43000001 0.009
v -0.01558846 0 0.009
v -0.01738667 0.43000001 0.00465874
v -0.01738667 0 0.00465874
v -0.018 0.43000001 0
v -0.018 0 0
v -0.01738667 0.43000001 -0.00465874
v -0.01738667 0 -0.00465874
v -0.01558846 0.43000001 -0.009
v -0.01558846 0 -0.009
v -0.01272792 0.43000001 -0.01272792
v -0.01272792 0 -0.01272792
v -0.009 0.43000001 -0.01558846
v -0.009 0 -0.01558846
v -0.00465874 0.43000001 -0.01738667
v -0.00465874 0 -0.01738667
v -0 0.43000001 -0.018
v -0 0 -0.018
v 0.00465874 0.43000001 -0.01738667
v 0.00465874 -0 -0.01738667
v 0.009 0.43000001 -0.01558846
v 0.009 -0 -0.01558846
v 0.01272792 0.43000001 -0.01272792
v 0.01272792 -0 -0.01272792
v 0.01558846 0.43000001 -0.009
v 0.01558846 -0 -0.009
v 0.01738667 0.43000001 -0.00465874
v 0.01738667 -0 -0.00465874
v 0.02022529 0.377 -0.001
v 0.02022529 0.43000001 -0.001
v 0.01932772 0.377 -0.00604168
v 0.01932772 0.43000001 -0.00604168
v 0.0171941 0.377 -0.01069699
v 0.0171941 0.43000001 -0.01069699
v 0.01396088 0.377 -0.01466821
v 0.01396088 0.43000001 -0.01466821
v 0.00983485 0.377 -0.01770136
v 0.00983485 0.43000001 -0.01770136
v 0.00507986 0.377 -0.01960249
v 0.00507986 0.43000001 -0.01960249
v 0 0.377 -0.02025
v 0 0.43000001 -0.02025
v -0.00507986 0.377 -0.01960249
v -0.00507986 0.43000001 -0.01960249
v -0.00983485 0.377 -0.01770136
v -0.00983485 0.43000001 -0.01770136
v -0.01396088 0.377 -0.01466821
v -0.01396088 0.43000001 -0.01466821
v -0.0171941 0.377 -0.01069699
v -0.0171941 0.43000001 -0.01069699
v -0.01932772 0.377 -0.00604168
v -0.01932772 0.43000001 -0.00604168
v -0.02022529 0.377 -0.001
v -0.02022529 0.43000001 -0.001
v -0.02621384 0.38705 -0.0245
v -0.02939518 0.43000001 -0.0245
v -0.02588011 0.38748494 -0.0245
v -0.02544518 0.38781866 -0.0245
v -0.02642363 0.38654351 -0.0245
v -0.02649518 0.38600001 -0.0245
v -0.02939518 0.377 -0.0245
v 0.02334518 0.38781866 -0.0245
v -0.02544518 0.41918135 -0.0245
v 0.02385166 0.38802844 -0.0245
v 0.02439518 0.3881 -0.0245
v -0.02588011 0.42248493 -0.0245
v -0.02621384 0.42205 -0.0245
v -0.02642363 0.42154354 -0.0245
v -0.02642363 0.38545647 -0.0245
v -0.02621384 0.38495001 -0.0245
v -0.02588011 0.38451508 -0.0245
v -0.02257653 0.38495001 -0.0245
v 0.02229518 0.38600001 -0.0245
v -0.02291026 0.38451508 -0.0245
v -0.02334518 0.38418135 -0.0245
v -0.02236674 0.38545647 -0.0245
v -0.02229518 0.38600001 -0.0245
v 0.02236674 0.38654351 -0.0245
v -0.02236674 0.38654351 -0.0245
v -0.02544518 0.38418135 -0.0245
v -0.0249387 0.38397157 -0.0245
v -0.02439518 0.38390002 -0.0245
v 0.02257653 0.38495001 -0.0245
v 0.02291026 0.38451508 -0.0245
v 0.02334518 0.38418135 -0.0245
v 0.02939518 0.377 -0.0245
v 0.02385166 0.38397157 -0.0245
v 0.02439518 0.38390002 -0.0245
v 0.02229518 0.421 -0.0245
v -0.02439518 0.41890001 -0.0245
v -0.02385166 0.41897157 -0.0245
v 0.02291026 0.38748494 -0.0245
v 0.02257653 0.38705 -0.0245
v -0.02334518 0.38781866 -0.0245
v -0.02291026 0.38748494 -0.0245
v -0.02257653 0.38705 -0.0245
v -0.02385166 0.38802844 -0.0245
v -0.02439518 0.3881 -0.0245
v -0.02588011 0.41951507 -0.0245
v -0.0249387 0.38802844 -0.0245
v -0.02621384 0.41995001 -0.0245
v -0.02642363 0.42045647 -0.0245
v -0.02649518 0.421 -0.0245
v 0.02236674 0.38545647 -0.0245
v -0.02385166 0.38397157 -0.0245
v 0.0249387 0.38397157 -0.0245
v 0.02544518 0.38418135 -0.0245
v 0.02588011 0.38451508 -0.0245
v 0.02291026 0.41951507 -0.0245
v 0.02334518 0.41918135 -0.0245
v 0.02649518 0.38600001 -0.0245
v 0.02385166 0.41897157 -0.0245
v 0.02621384 0.38705 -0.0245
v 0.02642363 0.38654351 -0.0245
v 0.02236674 0.42045647 -0.0245
v 0.02257653 0.41995001 -0.0245
v -0.0249387 0.41897157 -0.0245
v 0.02544518 0.38781866 -0.0245
v 0.0249387 0.38802844 -0.0245
v 0.02588011 0.38748494 -0.0245
v 0.02621384 0.38495001 -0.0245
v 0.02642363 0.38545647 -0.0245
v 0.02588011 0.41951507 -0.0245
v 0.02621384 0.41995001 -0.0245
v 0.02642363 0.42045647 -0.0245
v 0.02649518 0.421 -0.0245
v 0.02939518 0.43000001 -0.0245
v 0.02642363 0.42154354 -0.0245
v 0.02621384 0.42205 -0.0245
v 0.02334518 0.42281866 -0.0245
v 0.02385166 0.42302844 -0.0245
v 0.02439518 0.42309999 -0.0245
v 0.0249387 0.42302844 -0.0245
v -0.02439518 0.42309999 -0.0245
v -0.0249387 0.42302844 -0.0245
v -0.02544518 0.42281866 -0.0245
v 0.02439518 0.41890001 -0.0245
v 0.0249387 0.41897157 -0.0245
v 0.02544518 0.41918135 -0.0245
v 0.02588011 0.42248493 -0.0245
v 0.02544518 0.42281866 -0.0245
v -0.02334518 0.41918135 -0.0245
v -0.02291026 0.41951507 -0.0245
v -0.02257653 0.41995001 -0.0245
v -0.02236674 0.42045647 -0.0245
v -0.02229518 0.421 -0.0245
v 0.02236674 0.42154354 -0.0245
v -0.02236674 0.42154354 -0.0245
v 0.02257653 0.42205 -0.0245
v -0.02257653 0.42205 -0.0245
v -0.02291026 0.42248493 -0.0245
v -0.02334518 0.42281866 -0.0245
v -0.02385166 0.42302844 -0.0245
v 0.02291026 0.42248493 -0.0245
v 0.02939518 0.377 -0.001
v 0.02939518 0.43000001 -0.001
v 0.02621384 0.38705 -0.001
v 0.02642363 0.38654351 -0.001
v 0.02649518 0.38600001 -0.001
v 0.02642363 0.38545647 -0.001
v 0.02621384 0.38495001 -0.001
v 0.02588011 0.38451508 -0.001
v 0.02642363 0.42154354 -0.001
v 0.02649518 0.421 -0.001
v 0.02642363 0.42045647 -0.001
v 0.02544518 0.38781866 -0.001
v 0.02621384 0.41995001 -0.001
v 0.02588011 0.38748494 -0.001
v 0.02544518 0.38418135 -0.001
v 0.0249387 0.38397157 -0.001
v 0.02439518 0.38390002 -0.001
v 0.02385166 0.38397157 -0.001
v 0.02334518 0.38418135 -0.001
v 0.02291026 0.38451508 -0.001
v 0.02257653 0.38495001 -0.001
v 0.02257653 0.41995001 -0.001
v 0.02236674 0.42045647 -0.001
v 0.02334518 0.38781866 -0.001
v 0.02236674 0.38545647 -0.001
v 0.02229518 0.38600001 -0.001
v 0.02236674 0.38654351 -0.001
v 0.02257653 0.38705 -0.001
v 0.02291026 0.41951507 -0.001
v 0.02229518 0.421 -0.001
v 0.02236674 0.42154354 -0.001
v 0.02588011 0.41951507 -0.001
v 0.02544518 0.41918135 -0.001
v 0.0249387 0.38802844 -0.001
v 0.0249387 0.41897157 -0.001
v 0.02439518 0.3881 -0.001
v 0.02439518 0.41890001 -0.001
v 0.02385166 0.38802844 -0.001
v 0.02385166 0.41897157 -0.001
v 0.02334518 0.41918135 -0.001
v 0.02291026 0.38748494 -0.001
v 0.02257653 0.42205 -0.001
v 0.02291026 0.42248493 -0.001
v 0.02334518 0.42281866 -0.001
v 0.02385166 0.42302844 -0.001
v 0.02439518 0.42309999 -0.001
v 0.0249387 0.42302844 -0.001
v 0.02544518 0.42281866 -0.001
v 0.02588011 0.42248493 -0.001
v 0.02621384 0.42205 -0.001
v -0.02939518 0.43000001 -0.001
v -0.02939518 0.377 -0.001
v -0.02229518 0.38600001 -0.001
v -0.02236674 0.38654351 -0.001
v -0.02257653 0.38705 -0.001
v -0.02291026 0.38748494 -0.001
v -0.02334518 0.38781866 -0.001
v -0.02385166 0.38802844 -0.001
v -0.02439518 0.3881 -0.001
v -0.0249387 0.38802844 -0.001
v -0.02544518 0.38781866 -0.001
v -0.02588011 0.38748494 -0.001
v -0.02621384 0.38705 -0.001
v -0.02642363 0.38654351 -0.001
v -0.02649518 0.38600001 -0.001
v -0.02642363 0.38545647 -0.001
v -0.02621384 0.38495001 -0.001
v -0.02588011 0.38451508 -0.001
v -0.02544518 0.38418135 -0.001
v -0.0249387 0.38397157 -0.001
v -0.02439518 0.38390002 -0.001
v -0.02385166 0.38397157 -0.001
v -0.02334518 0.38418135 -0.001
v -0.02291026 0.38451508 -0.001
v -0.02257653 0.38495001 -0.001
v -0.02236674 0.38545647 -0.001
v -0.02229518 0.421 -0.001
v -0.02236674 0.42154354 -0.001
v -0.02257653 0.42205 -0.001
v -0.02291026 0.42248493 -0.001
v -0.02334518 0.42281866 -0.001
v -0.02385166 0.42302844 -0.001
v -0.02439518 0.42309999 -0.001
v -0.0249387 0.42302844 -0.001
v -0.02544518 0.42281866 -0.001
v -0.02588011 0.42248493 -0.001
v -0.02621384 0.42205 -0.001
v -0.02642363 0.42154354 -0.001
v -0.02649518 0.421 -0.001
v -0.02642363 0.42045647 -0.001
v -0.02621384 0.41995001 -0.001
v -0.02588011 0.41951507 -0.001
v -0.02544518 0.41918135 -0.001
v -0.0249387 0.41897157 -0.001
v -0.02439518 0.41890001 -0.001
v -0.02385166 0.41897157 -0.001
v -0.02334518 0.41918135 -0.001
v -0.02291026 0.41951507 -0.001
v -0.02257653 0.41995001 -0.001
v -0.02236674 0.42045647 -0.001
vn 0 1 0
vn 0 -1 0
vn -0 0 1
vn 0.4825 -0 0.8759
vn -0.58587 0 0.81041
vn -0.4825 -0 0.8759
vn -0.75595 -0 0.65463
vn -0.89211 -0 0.45182
vn 0.58587 0 0.81041
vn 0.75595 -0 0.65463
vn 0.89211 -0 0.45182
vn 0.35912 0 0.93329
vn 0.12214 0 0.99251
vn -0.12214 -0 0.99251
vn -0.35912 -0 0.93329
vn -0.49448 0 0.86919
vn 0.49448 -0 0.86919
vn -0.99144 -0.13053 0
vn -0.92388 -0.38267 0
vn -0.79336 -0.60875 0
vn -0.60876 -0.79336 0
vn -0.38266 -0.92389 0
vn -0.13053 -0.99144 0
vn 0.13053 -0.99144 0
vn 0.38266 -0.92389 0
vn 0.60876 -0.79336 0
vn 0.79336 -0.60875 0
vn 0.92388 -0.38268 0
vn 0.99144 -0.13053 0
vn 0.99145 0.13052 -0
vn 0.92387 0.3827 -0
vn 0.79336 0.60875 -0
vn 0.60876 0.79336 -0
vn 0.38266 0.92389 -0
vn 0.13053 0.99144 -0
vn -0.13053 0.99144 0
vn -0.38266 0.92389 0
vn -0.60876 0.79336 0
vn -0.79336 0.60875 0
vn -0.92388 0.38269 0
vn -0.99144 0.13053 0
vn -0.99144 -0.13053 0
vn -0.92388 -0.38268 0
vn -0.79336 -0.60875 0
vn -0.38266 -0.92389 0
vn 0.38266 -0.92389 0
vn 0.79336 -0.60875 0
vn 0.92388 -0.38267 0
vn 0.99144 -0.13053 0
vn 0.99144 0.13053 -0
vn 0.92388 0.38269 -0
vn 0.79336 0.60875 -0
vn 0.38266 0.92389 -0
vn -0.38266 0.92389 0
vn -0.79336 0.60875 0
vn -0.92387 0.3827 0
vn -0.99145 0.13052 0
vn 0 0 -1
vn -1 -0 -0
vn 0.98452 0 -0.17528
vn 0.90907 0 -0.41664
vn 0.77548 0 -0.63137
vn 0.5923 0 -0.80572
vn 0.37124 0 -0.92854
vn 0.12644 0 -0.99197
vn -0.12644 0 -0.99197
vn -0.37124 0 -0.92854
vn -0.5923 0 -0.80572
vn -0.77548 0 -0.63137
vn -0.90907 0 -0.41664
vn -0.98452 0 -0.17528
vn 1 0 0
vn 0.49255 0.87028 0
vn 0.66931 0.74298 0
vn 0.81431 0.58043 0
vn 0.92068 0.39033 0
vn -0.92068 0.39033 0
vn -0.81431 0.58043 0
vn -0.66931 0.74298 0
vn -0.49255 0.87028 0
vn -0.40341 -0.91502 -0
vn -0.6147 -0.78876 -0
vn -0.75022 -0.66119 -0
vn -0.82588 -0.56384 -0
vn -0.91502 -0.40341 -0
vn 0.91502 0.40341 0
vn 0.78876 0.6147 -0
vn 0.6147 0.78876 -0
vn 0.40341 0.91502 -0
vn 0.91502 -0.40341 0
vn 0.78876 -0.61471 0
vn 0.6147 -0.78876 0
vn 0.40341 -0.91502 0
vn -0.40341 0.91502 0
vn -0.6147 0.78876 -0
vn -0.78876 0.6147 -0
vn -0.91502 0.40341 -0
vn -0.25025 0.96818 0
vn 0.99895 0.04582 0
vn 0.9993 0.03618 0.00928
vn 0.99558 0.0939 -0.00243
vn 0.98559 0.16834 0.0165
vn 0.98558 0.1684 0.01659
vn 0.97081 0.23986 -0.0019
vn 0.96784 0.25157 0
vn 0.92388 0.38268 -0
vn 0.83021 0.55745 0
vn 0.82157 0.56972 -0.02132
vn 0.75026 0.66097 0.01518
vn 0.74034 0.67224 -0
vn 0.60876 0.79335 0
vn 0.34914 0.93705 -0.00663
vn 0.35239 0.93585 0
vn 0.4535 0.89126 0
vn 0.46847 0.88345 -0.00679
vn 0.4853 0.87435 -0
vn 0.1655 0.98126 0.09869
vn 0.13053 0.99144 -0
vn 0.26208 0.96505 -0
vn 0.0362 0.99934 0
vn -0.0362 0.99934 -0
vn -0.04584 0.99892 0.00733
vn -0.0939 0.99558 -0.00243
vn -0.17579 0.98426 0.01841
vn -0.15794 0.98638 0.04589
vn -0.22108 0.97524 0.00559
vn -0.45346 0.89119 -0.01278
vn -0.3817 0.92152 -0.07148
vn -0.35238 0.93583 -0.00688
vn -0.26208 0.96505 0
vn -0.4853 0.87435 0
vn -0.60876 0.79335 -0
vn -0.79335 0.60876 -0
vn -0.92388 0.38268 -0
vn -0.99935 0.03618 0
vn -0.99892 0.04582 0.00733
vn -0.99558 0.0939 -0.00243
vn -0.98426 0.17579 0.01841
vn -0.98528 0.16829 0.02999
vn -0.97081 0.23986 -0
vn 0.13054 0.99144 0
vn 0.38267 0.92388 0
vn 0.60877 0.79335 0
vn 0.79336 0.60875 0
vn 0.92388 0.38269 0
vn 0.99145 0.13053 0
vn 0.99145 -0.13053 0
vn 0.92388 -0.38269 0
vn 0.79336 -0.60875 0
vn 0.60877 -0.79335 0
vn 0.38267 -0.92388 0
vn 0.13054 -0.99144 0
vn -0.13054 -0.99144 -0
vn -0.38267 -0.92388 -0
vn -0.60877 -0.79335 -0
vn -0.79336 -0.60875 -0
vn -0.92388 -0.38269 -0
vn -0.99144 -0.13053 -0
vn -0.99144 0.13053 0
vn -0.92388 0.38269 0
vn -0.79336 0.60875 0
vn -0.60877 0.79335 0
vn -0.38267 0.92388 0
vn -0.13054 0.99144 0
vn 0.13049 0.99145 0
vn 0.13049 0.99145 -0
vn 0.38267 0.92388 0
vn 0.60877 0.79335 0
vn 0.79336 0.60875 0
vn 0.92388 0.38269 0
vn 0.99144 0.13053 0
vn 0.99144 -0.13053 0
vn 0.92388 -0.38267 0
vn 0.79336 -0.60875 0
vn 0.60877 -0.79335 0
vn 0.38267 -0.92388 0
vn 0.13049 -0.99145 0
vn 0.13049 -0.99145 0
vn -0.13049 -0.99145 -0
vn -0.13049 -0.99145 -0
vn -0.38267 -0.92388 -0
vn -0.60877 -0.79335 -0
vn -0.79336 -0.60875 -0
vn -0.92388 -0.38267 -0
vn -0.99144 -0.13053 -0
vn -0.99144 0.13053 0
vn -0.92388 0.38269 0
vn -0.79336 0.60875 0
vn -0.60877 0.79335 0
vn -0.38267 0.92388 0
vn -0.13049 0.99145 0
vn -0.13049 0.99145 -0
vn 0.13054 0.99144 0
vn 0.38267 0.92388 0
vn 0.60877 0.79335 0
vn 0.79336 0.60875 0
vn 0.92388 0.38269 0
vn 0.99144 0.13053 0
vn 0.99144 -0.13053 0
vn 0.92388 -0.38269 0
vn 0.79336 -0.60875 0
vn 0.60877 -0.79335 0
vn 0.38267 -0.92388 0
vn 0.13054 -0.99144 0
vn -0.13054 -0.99144 -0
vn -0.38267 -0.92388 -0
vn -0.60877 -0.79335 -0
vn -0.79336 -0.60875 -0
vn -0.92388 -0.38269 -0
vn -0.99145 -0.13053 -0
vn -0.99145 0.13053 0
vn -0.92388 0.38269 0
vn -0.79336 0.60875 0
vn -0.60877 0.79335 0
vn -0.38267 0.92388 0
vn -0.13054 0.99144 0
vn 0.13049 0.99145 0
vn 0.38272 0.92386 0
vn 0.60873 0.79338 0
vn 0.99145 -0.13052 0
vn 0.92388 -0.38269 0
vn 0.60873 -0.79338 0
vn 0.38272 -0.92386 0
vn 0.13049 -0.99145 0
vn -0.13049 -0.99145 -0
vn -0.38272 -0.92386 -0
vn -0.60873 -0.79338 -0
vn -0.92388 -0.38269 -0
vn -0.99145 -0.13052 -0
vn -0.60873 0.79338 0
vn -0.38272 0.92386 0
vn -0.13049 0.99145 -0
vn 0.13054 0.99144 0
vn 0.38267 0.92388 0
vn 0.79334 0.60878 0
vn 0.92388 0.38267 0
vn 0.99145 0.13052 0
vn 0.99145 -0.13052 0
vn 0.38267 -0.92388 0
vn 0.13054 -0.99144 0
vn -0.79336 -0.60875 -0
vn -0.92388 -0.38269 -0
vn -0.92389 0.38267 0
vn -0.79334 0.60878 0
vn 0.79336 0.60875 0
vn 0.92388 0.38269 0
vn 0.92388 -0.38269 0
vn 0.79336 -0.60875 0
vn -0.13054 -0.99144 -0
vn -0.38267 -0.92388 -0
vn -0.99145 -0.13052 -0
vn -0.99145 0.13052 0
vn -0.38267 0.92388 0
vn -0.13054 0.99144 0
vn -0.92388 0.38269 0
vn -0.79336 0.60875 0
vn 0.79334 0.60878 0
vn 0.92389 0.38267 0
vn -0.92388 0.38267 0
vn -0.79334 0.60878 0
vn 0.13053 0.99144 0
vn 0.13053 0.99144 -0
vn 0.38269 0.92388 0
vn 0.60876 0.79335 0
vn 0.79335 0.60876 0
vn 0.92388 0.38268 0
vn 0.99144 0.13053 0
vn 0.99144 -0.13053 0
vn 0.92388 -0.38268 0
vn 0.79335 -0.60876 0
vn 0.60876 -0.79335 0
vn 0.38269 -0.92388 0
vn 0.13053 -0.99144 0
vn 0.13053 -0.99144 0
vn -0.13053 -0.99144 -0
vn -0.13053 -0.99144 -0
vn -0.38269 -0.92388 -0
vn -0.60876 -0.79335 -0
vn -0.79335 -0.60876 -0
vn -0.92388 -0.38268 -0
vn -0.99144 -0.13053 -0
vn -0.99144 0.13053 0
vn -0.92388 0.38268 0
vn -0.79335 0.60876 0
vn -0.60876 0.79335 0
vn -0.38269 0.92388 0
vn -0.13053 0.99144 0
vn -0.13053 0.99144 -0
vn 0.13049 0.99145 0
vn 0.13049 -0.99145 0
vn -0.13049 -0.99145 -0
vn -0.13049 0.99145 -0
vn 0.13054 0.99144 0
vn 0.60877 0.79335 0
vn 0.60877 -0.79335 0
vn 0.13054 -0.99144 0
vn -0.60877 -0.79335 -0
vn -0.79336 -0.60875 -0
vn -0.79336 0.60875 0
vn -0.60877 0.79335 0
vn 0.60877 0.79335 0
vn 0.79336 0.60875 0
vn 0.79336 -0.60875 0
vn 0.60877 -0.79335 0
vn -0.13054 -0.99144 -0
vn -0.60877 -0.79335 -0
vn -0.60877 0.79335 0
vn -0.13054 0.99144 0
vn 0.6088 0.79332 0
vn 0.79334 0.60878 0
vn 0.92388 0.38267 0
vn 0.99144 0.13053 0
vn 0.92387 -0.38271 0
vn 0.79338 -0.60873 0
vn 0.1306 -0.99144 0
vn 0.1306 -0.99144 0
vn -0.1306 -0.99144 -0
vn -0.1306 -0.99144 -0
vn -0.79338 -0.60873 -0
vn -0.92387 -0.38271 -0
vn -0.99144 0.13053 0
vn -0.92388 0.38267 0
vn -0.79334 0.60878 0
vn -0.6088 0.79332 0
vn 0.49255 -0.87028 0
vn 0.66931 -0.74298 -0
vn 0.81431 -0.58042 -0
vn 0.92068 -0.39033 -0
vn -0.92068 -0.39033 -0
vn -0.81431 -0.58042 0
vn -0.66931 -0.74298 0
vn -0.49255 -0.87028 0
vn 0.41028 0.91196 0
vn 0.63233 0.7747 0
vn 0.8113 0.58462 0
vn 0.93496 0.35475 0
vn 0.99492 0.10067 0
vn 0.98707 -0.16026 0
vn 0.91196 -0.41028 0
vn 0.77472 -0.63231 0
vn 0.58463 -0.8113 0
vn 0.35474 -0.93497 0
vn 0.10068 -0.99492 0
vn -0.16026 -0.98708 -0
vn -0.51139 -0.85935 -0
vn -0.71636 -0.69773 -0
vn -0.87255 -0.48853 -0
vn -0.96925 -0.24606 -0
vn -0.99991 0.01319 0
vn -0.96243 0.27154 0
vn -0.85936 0.51138 0
vn -0.69771 0.71638 0
vn -0.48853 0.87255 0
vn -0.24605 0.96926 0
vn 0.01319 0.99991 0
vn 0.27152 0.96243 0
vn -0.98707 -0.16027 -0
vn -0.99492 0.10067 0
vn -0.93496 0.35475 0
vn -0.81129 0.58464 0
vn -0.63233 0.7747 0
vn -0.41026 0.91197 0
vn -0.16028 0.98707 0
vn 0.10068 0.99492 0
vn 0.35474 0.93497 0
vn 0.58464 0.81129 0
vn 0.77471 0.63232 0
vn 0.91196 0.41028 0
vn -0.91196 0.41028 0
vn -0.77471 0.63232 0
vn -0.58464 0.81129 0
vn -0.35474 0.93497 0
vn -0.10068 0.99492 0
vn 0.16028 0.98707 0
vn 0.41026 0.91197 0
vn 0.63233 0.7747 0
vn 0.81129 0.58464 0
vn 0.99492 0.10067 0
vn 0.98707 -0.16027 0
vn 0 -0.99144 0.13053
vn -0 -0.92388 0.38269
vn -0 -0.79336 0.60875
vn -0 -0.60875 0.79336
vn -0 -0.38268 0.92388
vn -0 -0.13053 0.99144
vn 0 -0.13052 0.99145
vn 0 -0.38268 0.92388
vn 0 -0.60876 0.79335
vn 0 -0.79338 0.60873
vn 0 -0.92386 0.38274
vn 0 -0.99144 0.13053
vn 0 -0.99145 -0.13053
vn 0 -0.92386 -0.38274
vn 0 -0.79338 -0.60873
vn 0 -0.60876 -0.79335
vn 0 -0.38268 -0.92388
vn 0 -0.13052 -0.99145
vn 0 0.13052 -0.99145
vn 0 0.38268 -0.92388
vn 0 0.60876 -0.79335
vn 0 0.79334 -0.60878
vn 0 0.92388 -0.38267
vn 0 0.99145 -0.13053
vn -0 0.99144 0.13053
vn -0 0.92388 0.38267
vn -0 0.79334 0.60878
vn -0 0.60876 0.79335
vn -0 0.38268 0.92388
vn -0 0.13052 0.99145
vn 0 -0.13053 0.99144
vn 0 -0.38266 0.92389
vn 0 -0.92388 0.38267
vn 0 -0.92388 -0.38267
vn 0 -0.38266 -0.92389
vn 0 -0.13053 -0.99144
vn 0 -0.13053 0.99145
vn 0 -0.38267 0.92388
vn 0 -0.60875 0.79336
vn 0 -0.79338 0.60873
vn 0 -0.92386 0.38272
vn 0 -0.99145 0.13049
vn 0 -0.99145 -0.13049
vn 0 -0.92386 -0.38272
vn 0 -0.79338 -0.60873
vn 0 -0.60875 -0.79336
vn 0 -0.38267 -0.92389
vn 0 -0.13053 -0.99144
vn 0 0.13053 -0.99144
vn 0 0.38269 -0.92388
vn 0 0.60875 -0.79336
vn 0 0.79335 -0.60877
vn 0 0.99145 -0.13049
vn -0 0.99145 0.13049
vn -0 0.92388 0.38267
vn -0 0.79335 0.60877
vn -0 0.60875 0.79336
vn -0 0.38269 0.92388
vn -0 0.13053 0.99145
vn 0 -0.38269 0.92388
vn 0 -0.79335 0.60877
vn 0 -0.92388 0.38267
vn 0 -0.79335 -0.60877
vn 0 -0.38269 -0.92388
vn 0 0.38267 -0.92389
vn 0 0.79338 -0.60873
vn 0 0.92386 -0.38272
vn -0 0.92386 0.38272
vn -0 0.79338 0.60873
vn -0 0.38267 0.92388
vn -0 0.13052 0.99145
vn 0 0.38268 0.92388
vn 0 0.60876 0.79335
vn 0 0.79336 0.60875
vn 0 0.92388 0.38269
vn 0 0.99144 0.13053
vn 0.65608 -0.27175 -0.70407
vn 0.65608 -0.27176 -0.70406
vn 0.5634 -0.4323 -0.70406
vn 0.43231 -0.56339 -0.70406
vn 0.27175 -0.65609 -0.70406
vn 0.09266 -0.70407 -0.70406
vn 0.0927 -0.70406 -0.70407
vn -0.09266 -0.70406 -0.70407
vn -0.0927 -0.70406 -0.70406
vn -0.27175 -0.65609 -0.70406
vn -0.43231 -0.56339 -0.70406
vn -0.5634 -0.4323 -0.70406
vn -0.65609 -0.27175 -0.70406
vn -0.65608 -0.27176 -0.70406
vn -0.70406 -0.09269 -0.70406
vn -0.70406 -0.09269 -0.70406
vn -0.70406 0.09269 -0.70406
vn -0.65608 0.27176 -0.70406
vn -0.5634 0.4323 -0.70406
vn -0.43231 0.56339 -0.70406
vn -0.27175 0.65609 -0.70406
vn -0.09266 0.70407 -0.70406
vn -0.09268 0.70406 -0.70406
vn 0.09266 0.70406 -0.70407
vn 0.09268 0.70407 -0.70406
vn 0.27175 0.65609 -0.70406
vn 0.43231 0.56339 -0.70406
vn 0.5634 0.4323 -0.70406
vn 0.65608 0.27176 -0.70406
vn 0.70406 0.09269 -0.70406
vn 0.70406 -0.09269 -0.70406
vn 0.70406 -0.09269 -0.70406
vn 0.65608 -0.27176 -0.70406
vn 0.65608 -0.27176 -0.70406
vn 0.56339 -0.4323 -0.70406
vn 0.56339 -0.43231 -0.70406
vn 0.43231 -0.56339 -0.70406
vn 0.43231 -0.56339 -0.70406
vn 0.27175 -0.65609 -0.70406
vn 0.0927 -0.70406 -0.70406
vn 0.0927 -0.70406 -0.70406
vn -0.0927 -0.70406 -0.70406
vn -0.0927 -0.70406 -0.70406
vn -0.27175 -0.65609 -0.70406
vn -0.43231 -0.56339 -0.70406
vn -0.5634 -0.4323 -0.70406
vn -0.56339 -0.43231 -0.70406
vn -0.65608 -0.27176 -0.70406
vn -0.65608 -0.27176 -0.70406
vn -0.70406 -0.09269 -0.70406
vn -0.70406 -0.09269 -0.70406
vn -0.70406 0.09269 -0.70406
vn -0.70406 0.09269 -0.70406
vn -0.65608 0.27177 -0.70406
vn -0.65608 0.27176 -0.70406
vn -0.56339 0.4323 -0.70407
vn -0.56339 0.43231 -0.70406
vn -0.43231 0.56339 -0.70406
vn -0.27175 0.65609 -0.70406
vn -0.0927 0.70406 -0.70406
vn -0.0927 0.70406 -0.70406
vn 0.0927 0.70406 -0.70406
vn 0.0927 0.70406 -0.70406
vn 0.27175 0.65609 -0.70406
vn 0.43231 0.56339 -0.70406
vn 0.43231 0.56339 -0.70406
vn 0.5634 0.4323 -0.70406
vn 0.56339 0.43231 -0.70406
vn 0.65608 0.27176 -0.70406
vn 0.65608 0.27176 -0.70406
vn 0.70406 0.09269 -0.70406
vn 0.70406 0.09269 -0.70406
vn 0.70406 -0.09269 -0.70406
vn 0.70406 -0.09269 -0.70406
vn 0.65608 -0.27177 -0.70406
vn 0.65608 -0.27176 -0.70406
vn 0.56339 -0.4323 -0.70407
vn 0.43231 -0.56339 -0.70406
vn 0.27175 -0.65609 -0.70406
vn 0.0927 -0.70406 -0.70406
vn -0.0927 -0.70406 -0.70406
vn -0.27175 -0.65609 -0.70406
vn -0.43231 -0.56339 -0.70406
vn -0.43231 -0.56339 -0.70406
vn -0.5634 -0.4323 -0.70406
vn -0.56339 -0.43231 -0.70406
vn -0.65608 -0.27176 -0.70406
vn -0.65608 -0.27176 -0.70406
vn -0.70406 0.09269 -0.70406
vn -0.70406 0.09269 -0.70406
vn -0.65608 0.27176 -0.70406
vn -0.65608 0.27176 -0.70406
vn -0.56339 0.4323 -0.70406
vn -0.43231 0.56339 -0.70406
vn -0.43231 0.56339 -0.70406
vn -0.27175 0.65609 -0.70406
vn -0.0927 0.70406 -0.70406
vn 0.0927 0.70406 -0.70406
vn 0.27175 0.65609 -0.70406
vn 0.43231 0.56339 -0.70406
vn 0.5634 0.4323 -0.70406
vn 0.56339 0.43231 -0.70406
vn 0.65608 0.27176 -0.70406
vn 0.65608 0.27176 -0.70406
vn 0.70406 -0.09269 -0.70406
vn 0.70406 -0.09269 -0.70406
vn 0.43228 -0.56341 -0.70406
vn 0.4323 -0.5634 -0.70406
vn 0.27178 -0.65607 -0.70406
vn 0.27177 -0.65608 -0.70406
vn 0.09268 -0.70406 -0.70406
vn -0.09266 -0.70406 -0.70407
vn -0.09268 -0.70407 -0.70406
vn -0.27179 -0.65607 -0.70406
vn -0.27177 -0.65608 -0.70406
vn -0.43228 -0.56341 -0.70406
vn -0.4323 -0.5634 -0.70406
vn -0.65608 -0.27176 -0.70406
vn -0.70406 -0.09269 -0.70406
vn -0.43228 0.56341 -0.70406
vn -0.4323 0.5634 -0.70406
vn -0.27178 0.65607 -0.70406
vn -0.27177 0.65608 -0.70406
vn 0.27179 0.65607 -0.70406
vn 0.27177 0.65608 -0.70406
vn 0.43228 0.56341 -0.70406
vn 0.4323 0.5634 -0.70406
vn 0.70406 -0.09269 -0.70406
vn 0.70406 -0.09269 -0.70406
vn 0.13053 0 0.99144
vn 0.38268 -0 0.92388
vn 0.60876 -0 0.79335
vn 0.79335 -0 0.60876
vn 0.92388 -0 0.38268
vn 0.99145 -0 0.13053
vn -0.13053 -0 -0.99144
vn -0.99144 0 -0.13053
vn -0.92388 -0 -0.38268
vn -0.79335 -0 -0.60876
vn -0.60876 -0 -0.79335
vn -0.38268 -0 -0.92388
vn -0.13053 0 0.99144
vn -0.38268 0 0.92388
vn -0.60876 0 0.79335
vn -0.79335 0 0.60876
vn -0.92388 0 0.38268
vn -0.99145 0 0.13053
vn 0.99144 0 -0.13053
vn 0.13053 0 -0.99144
vn 0.92388 -0 -0.38268
vn 0.79335 -0 -0.60876
vn 0.60876 -0 -0.79335
vn 0.38268 -0 -0.92388
vn 0.99144 -0.13053 0
vn 0.92388 -0.38268 -0
vn 0.79335 -0.60877 -0
vn 0.60876 -0.79335 -0
vn 0.38269 -0.92388 -0
vn 0.13053 -0.99144 -0
vn -0.99144 -0.13053 -0
vn -0.92388 -0.38268 0
vn -0.79335 -0.60877 0
vn -0.60876 -0.79335 0
vn -0.38269 -0.92388 0
vn -0.13053 -0.99144 0
vn 0.79336 -0.60876 0
vn 0.13053 -0.99144 0
vn 0.98707 0.16026 0
vn 0.99492 -0.10067 0
vn 0.93496 -0.35475 0
vn 0.81129 -0.58464 0
vn 0.63233 -0.7747 0
vn 0.41026 -0.91197 0
vn 0.16028 -0.98707 0
vn -0.10068 -0.99492 -0
vn -0.35476 -0.93496 -0
vn -0.58464 -0.81129 -0
vn -0.7747 -0.63233 -0
vn -0.91196 -0.41028 -0
vn -0.79336 -0.60876 0
vn -0.13053 -0.99144 0
vn -0.27152 0.96243 0
vn -0.01319 0.99991 0
vn 0.24605 0.96926 0
vn 0.48853 0.87255 0
vn 0.69771 0.71638 0
vn 0.85936 0.51138 0
vn 0.96243 0.27154 0
vn 0.99991 0.01319 0
vn 0.96925 -0.24606 0
vn 0.87255 -0.48853 0
vn 0.71636 -0.69773 0
vn 0.51139 -0.85935 0
vn 0.16026 -0.98708 0
vn -0.10068 -0.99492 -0
vn -0.35474 -0.93497 -0
vn -0.58463 -0.8113 -0
vn -0.77472 -0.63231 -0
vn -0.98707 -0.16026 -0
vn -0.99492 0.10067 0
vn -0.8113 0.58462 0
vn -0.63233 0.7747 0
vn -0.41028 0.91196 0
vn 0.7747 -0.63233 0
vn 0.58464 -0.81129 0
vn 0.35476 -0.93496 0
vn 0.10068 -0.99492 0
vn -0.16028 -0.98707 -0
vn -0.41026 -0.91197 -0
vn -0.63233 -0.7747 -0
vn -0.81129 -0.58464 -0
vn -0.93496 -0.35475 -0
vn -0.99492 -0.10067 -0
vn -0.98707 0.16026 0
vn -0.79029 0.61274 0
vn -0.92195 0.38732 0
vn -0.99078 0.1355 0
vn -0.99209 -0.12555 0
vn -0.92579 -0.37804 0
vn -0.7964 -0.60477 0
vn -0.61273 -0.79029 0
vn -0.38731 -0.92195 0
vn -0.13551 -0.99078 0
vn 0.12554 -0.99209 0
vn 0.37805 -0.92579 0
vn 0.60477 -0.7964 0
vn 0.79029 -0.61274 0
vn 0.92195 -0.38732 0
vn 0.99078 -0.1355 0
vn 0.99209 0.12555 -0
vn 0.92579 0.37804 -0
vn 0.7964 0.60477 -0
vn 0.61273 0.79029 -0
vn 0.38733 0.92194 -0
vn 0.13549 0.99078 -0
vn -0.12554 0.99209 0
vn -0.37805 0.92579 0
vn -0.60477 0.7964 0
vn 0.79029 -0.61273 0
vn 0.92195 -0.38732 -0
vn 0.99078 -0.1355 -0
vn 0.99209 0.12555 -0
vn 0.92579 0.37804 -0
vn 0.7964 0.60477 -0
vn 0.61274 0.79028 -0
vn 0.38731 0.92195 -0
vn 0.13551 0.99078 -0
vn -0.12555 0.99209 -0
vn -0.37804 0.92579 -0
vn -0.60477 0.7964 -0
vn -0.79029 0.61273 -0
vn -0.92195 0.38732 -0
vn -0.99078 0.1355 -0
vn -0.99209 -0.12555 0
vn -0.92579 -0.37804 0
vn -0.7964 -0.60477 0
vn -0.61274 -0.79029 0
vn -0.38731 -0.92195 0
vn -0.1355 -0.99078 0
vn 0.12554 -0.99209 -0
vn 0.37804 -0.92579 -0
vn 0.60477 -0.7964 -0
vn 0.70355 -0.71065 2E-05
vn 0.70355 -0.71065 -4E-05
vn 0.70355 -0.71064 2E-05
vn 0.70355 -0.71065 -3E-05
vn 0.70355 -0.71065 0
vn 0.70355 -0.71065 2E-05
vn 0.70354 -0.71065 -3E-05
vn 0.70354 -0.71065 -2E-05
vn 0.70354 -0.71065 -2E-05
vn 0.70355 -0.71064 3E-05
vn 0.70355 -0.71065 0
vn 0.70355 -0.71064 3E-05
vn 0.70355 -0.71064 3E-05
vn 0.70354 -0.71066 -3E-05
vn 0.70355 -0.71065 3E-05
vn 0.70355 -0.71065 -2E-05
vn 0.70354 -0.71066 3E-05
vn 0.70355 -0.71065 -1E-05
vn 0.70355 -0.71065 -2E-05
vn 0.70365 -0.71055 -0.00026
vn 0.70354 -0.71066 -3E-05
vn 0.70357 -0.71063 0.00011
vn 0.70355 -0.71065 -8E-05
vn 0.51589 -0.85665 3E-05
vn 0.4205 0.90726 0.00789
vn 0.38731 0.92195 0
vn 0.61273 0.79029 0
vn 0.7964 0.60477 0
vn 0.95736 0.28888 0
vn 0.87973 -0.47532 0.01185
vn 0.92195 -0.38732 6E-05
vn 0.8514 -0.52452 -1E-05
vn 0.88895 -0.4579 0.00968
vn 0.89786 -0.44021 0.00764
vn 0.91186 -0.41048 0.00444
vn 0.91915 -0.39387 -0.00567
vn 0.90677 -0.42145 -0.01197
vn 0.86503 -0.50173 0
vn 0.92195 -0.38732 -0.00014
vn 0.88843 -0.4585 -0.02166
vn 0.89771 -0.44027 -0.01664
vn 0.77006 -0.63794 0.0065
vn 0.79258 -0.60976 0.00389
vn 0.82121 -0.57063 0.00126
vn 0.56243 -0.82684 0.00126
vn 0.60165 -0.79875 0.00389
vn 0.63013 -0.77647 0.0065
vn 0.65936 -0.75176 0.00998
vn 0.60476 -0.7964 0.00217
vn 0.68954 -0.72425 -0
vn 0.79028 -0.61274 0
vn 0.71796 -0.69594 0.01437
vn 0.7452 -0.66677 0.00997
vn 0.37804 -0.92579 -0.00014
vn 0.44955 -0.89299 -0.02166
vn 0.43122 -0.90209 -0.01664
vn 0.41197 -0.91112 -0.01189
vn 0.38479 -0.92299 -0.00571
vn 0.35809 -0.93369 0
vn 0.40081 -0.91615 0.00438
vn 0.43109 -0.90227 0.00764
vn 0.44901 -0.89347 0.00969
vn 0.46668 -0.88434 0.01188
vn 0.37804 -0.92579 6E-05
vn 0.49553 -0.86859 -0
vn 0.5163 -0.85641 0
vn 0.62778 -0.77824 -0.01545
vn 0.59963 -0.80023 -0.0091
vn 0.56141 -0.82753 -0.0029
vn 0.85111 -0.52498 0
vn 0.8219 -0.56962 -0.00289
vn 0.79418 -0.60762 -0.0091
vn 0.77191 -0.63554 -0.01545
vn 0.74678 -0.66463 -0.02413
vn 0.79027 -0.61273 -0.00541
vn 0.71731 -0.69676 -0
vn 0.60477 -0.7964 0
vn 0.68733 -0.72548 -0.03545
vn 0.65698 -0.75352 -0.0241
vn 0.12556 -0.99209 -0
vn -0.38731 -0.92195 -0
vn -0.61273 -0.79029 -0
vn -0.7964 -0.60477 -0
vn -0.92579 -0.37804 -0
vn -0.99209 -0.12555 -0
vn -0.99078 0.1355 -0
vn -0.92194 0.38732 -0
vn -0.79029 0.61273 -0
vn -0.60477 0.7964 -0
vn -0.37804 0.92579 -0
vn -0.12556 0.99209 -0
vn 0.29845 0.95442 0
vn 0.91147 0.41137 -0
vn 0.92578 0.37803 0.00571
vn 0.99209 0.12555 0
vn 0.99078 -0.1355 -0
vn 0.93004 -0.36746 -0
vn 0.61276 0.79027 -0
vn 0.3873 0.92195 -0
vn 0.13551 0.99078 -0
vn -0.12552 0.99209 0
vn -0.37805 0.92579 0
vn -0.60477 0.7964 0
vn -0.79029 0.61274 0
vn -0.92195 0.38731 0
vn -0.99078 0.1355 0
vn -0.99209 -0.12555 0
vn -0.92579 -0.37803 0
vn -0.61275 -0.79027 0
vn -0.3873 -0.92195 0
vn -0.13551 -0.99078 0
vn 0.12552 -0.99209 0
vn 0.37805 -0.92579 0
vn 0.60477 -0.7964 0
vn 0.79029 -0.61274 0
vn 0.92195 -0.38731 0
vn 0.99078 -0.1355 0
vn 0.99209 0.12555 -0
vn 0.92579 0.37804 -0
vn 0.60474 -0.79643 0
vn 0.43788 -0.89903 -0
vn 0.37809 -0.92576 -0.00285
vn 0.31669 -0.94853 -0
vn 0.12558 -0.99208 0
vn -0.38735 -0.92193 -0
vn -0.61272 -0.7903 -0
vn -0.7964 -0.60477 -0
vn -0.9258 -0.37802 -0
vn -0.99209 -0.12555 -0
vn -0.99078 0.1355 0
vn -0.92193 0.38735 0
vn -0.79031 0.61271 0
vn -0.60474 0.79643 0
vn -0.3781 0.92577 0
vn -0.12547 0.9921 0
vn 0.1354 0.99079 0
vn 0.38735 0.92193 0
vn 0.61272 0.7903 0
vn 0.9258 0.37802 0
vn 0.99209 0.12555 0
vn 0.99078 -0.1355 0
vn 0.92193 -0.38735 0
vn 0.79031 -0.61271 0
vn 0.89907 0.4378 -0
vn 0.92579 0.37803 -0.00285
vn 0.94854 0.31666 -0
vn 0.99078 -0.1355 0
vn 0.37805 -0.92579 0
vn -0.13551 -0.99078 -0
vn -0.3873 -0.92195 -0
vn -0.92578 -0.37806 -0
vn -0.99209 -0.12554 -0
vn -0.99078 0.13551 0
vn -0.378 0.92581 0
vn -0.12558 0.99208 0
vn 0.13551 0.99078 0
vn 0.3873 0.92195 0
vn 0.61275 0.79027 0
vn -0.60477 0.7964 0
vn -0.43778 0.89908 -0
vn -0.37805 0.92578 -0.00285
vn -0.31669 0.94853 -0
vn 0.3873 0.92195 0
vn 0.79642 0.60475 0
vn 0.92578 0.37806 0
vn 0.99209 0.12554 0
vn 0.99078 -0.1355 0
vn 0.92195 -0.38731 0
vn 0.79029 -0.61274 0
vn 0.60474 -0.79643 0
vn 0.37805 -0.92579 0
vn -0.3873 -0.92195 -0
vn -0.61275 -0.79027 -0
vn -0.99209 -0.12555 -0
vn -0.99078 0.1355 0
vn -0.92194 0.38733 0
vn -0.79029 0.61274 0
vn -0.89907 -0.4378 0
vn -0.92579 -0.37803 -0.00285
vn -0.94854 -0.31666 -0
vn -0.37805 0.92579 0
vn 0.13551 0.99078 0
vn 0.92578 0.37806 0
vn 0.99209 0.12554 0
vn 0.99078 -0.13551 0
vn 0.378 -0.92581 0
vn 0.12558 -0.99208 0
vn -0.13551 -0.99078 -0
vn -0.71065 -0.70355 -0
vn -0.70912 -0.70203 0.06558
vn -0.69881 -0.7033 0.13049
vn -0.69697 -0.69001 0.19524
vn -0.67284 -0.66612 0.32181
vn -0.6509 -0.65565 0.38269
vn -0.63726 -0.63091 0.44255
vn -0.61371 -0.60758 0.50419
vn -0.56326 -0.55871 0.60875
vn -0.56239 -0.55677 0.61133
vn -0.43261 -0.42829 0.79336
vn -0.4326 -0.42828 0.79337
vn -0.31442 -0.31128 0.8968
vn -0.26684 -0.27439 0.92385
vn -0.22856 -0.22628 0.94687
vn -0.13851 -0.13713 0.98082
vn -0.08774 -0.09691 0.99142
vn -0.04634 -0.04588 0.99787
vn 0.04664 0.04618 0.99784
vn 0.09779 0.08676 0.99142
vn 0.13881 0.13742 0.98074
vn 0.2284 0.22611 0.94695
vn 0.27705 0.26406 0.92386
vn 0.31429 0.31116 0.89689
vn 0.43263 0.42831 0.79334
vn 0.4326 0.42827 0.79337
vn 0.56379 0.55815 0.60878
vn 0.5638 0.55818 0.60874
vn 0.70457 0.69753 0.13055
vn 0.72038 0.69043 0.06599
vn 0.69698 0.69001 0.1952
vn 0.65657 0.64999 0.38266
vn 0.68368 0.65458 0.32267
vn 0.63739 0.63103 0.44218
vn 0.70912 0.70203 -0.06556
vn 0.71029 0.6917 -0.13054
vn 0.69697 0.68999 -0.19529
vn 0.67286 0.66612 -0.32177
vn 0.66217 0.64429 -0.38265
vn 0.63723 0.63087 -0.44266
vn 0.61424 0.6081 -0.50292
vn 0.56432 0.55761 -0.60878
vn 0.56239 0.55676 -0.61134
vn 0.43263 0.4283 -0.79334
vn 0.4326 0.42828 -0.79337
vn 0.31444 0.31131 -0.89678
vn 0.27705 0.26406 -0.92386
vn 0.22855 0.22627 -0.94687
vn 0.13849 0.13711 -0.98083
vn 0.09778 0.08675 -0.99142
vn 0.04634 0.04588 -0.99787
vn -0.04664 -0.04618 -0.99784
vn -0.08773 -0.0969 -0.99142
vn -0.13879 -0.1374 -0.98074
vn -0.2284 -0.22611 -0.94695
vn -0.26685 -0.2744 -0.92385
vn -0.3143 -0.31116 -0.89688
vn -0.43261 -0.42829 -0.79336
vn -0.4326 -0.42828 -0.79337
vn -0.5638 -0.55817 -0.60875
vn -0.56379 -0.55817 -0.60876
vn -0.70457 -0.69753 -0.1305
vn -0.69763 -0.71342 -0.0659
vn -0.69697 -0.69001 -0.19526
vn -0.65655 -0.64999 -0.38271
vn -0.66141 -0.67709 -0.32264
vn -0.6374 -0.63104 -0.44216
vn 0.71065 0.70355 0
vn 0.71065 0.70355 0
vn 0.61275 0.79027 -0
vn 0.3873 0.92195 -0
vn -0.37805 0.92579 0
vn -0.92195 0.38731 0
vn -0.99078 0.1355 0
vn -0.99209 -0.12555 0
vn -0.92579 -0.37804 0
vn -0.61275 -0.79027 0
vn 0.378 -0.92581 0
vn 0.60477 -0.7964 0
vn 0.92195 -0.38731 0
vn 0.99209 0.12554 -0
vn 0.92578 0.37806 -0
vn -0.99078 0.1355 0
vn -0.92579 -0.37804 0
vn -0.61276 -0.79027 0
vn 0.378 -0.92581 0
vn 0.92578 0.37805 -0
vn -0.12558 0.99208 0
vn -0.378 0.92581 0
vn -0.38735 -0.92193 0
vn 0.3781 -0.92577 0
vn 0.99209 0.12555 -0
vn 0.92579 0.37804 -0
vn 0.4455 0.17497 -0.87802
vn 0.43858 0.17909 -0.88066
vn 0.46277 0.08964 -0.88193
vn 0.48024 0.06077 -0.87503
vn 0.48895 -0.09981 -0.86658
vn 0.4702 -0.03319 -0.88193
vn 0.47051 0.02847 -0.88193
vn 0.22773 -0.41185 -0.88234
vn 0.28651 -0.37729 -0.88066
vn 0.2865 -0.37729 -0.88066
vn 0.37439 -0.29028 -0.88066
vn 0.37439 -0.29028 -0.88066
vn 0.43676 -0.18349 -0.88066
vn 0.43676 -0.18349 -0.88066
vn 0.46937 -0.06419 -0.88066
vn 0.17497 -0.4455 -0.87802
vn 0.17909 -0.43858 -0.88066
vn 0.08964 -0.46277 -0.88193
vn 0.06077 -0.48025 -0.87503
vn 0.02846 -0.47051 -0.88193
vn -0.43858 -0.17909 -0.88066
vn -0.37729 -0.2865 -0.88066
vn -0.37729 -0.2865 -0.88066
vn -0.29028 -0.37439 -0.88066
vn -0.29028 -0.37439 -0.88066
vn -0.23188 -0.40953 -0.88234
vn -0.18494 -0.44023 -0.87863
vn -0.17737 -0.43862 -0.881
vn -0.06419 -0.46937 -0.88066
vn -0.09981 -0.48895 -0.86658
vn -0.03319 -0.4702 -0.88193
vn -0.4702 0.03319 -0.88193
vn -0.47051 -0.02847 -0.88193
vn -0.48024 -0.06077 -0.87503
vn -0.46277 -0.08964 -0.88193
vn -0.43858 -0.17909 -0.88066
vn -0.48895 0.09981 -0.86658
vn -0.46937 0.06419 -0.88066
vn -0.43862 0.17737 -0.881
vn -0.44023 0.18494 -0.87863
vn -0.40953 0.23188 -0.88234
vn -0.37439 0.29028 -0.88066
vn -0.37439 0.29028 -0.88066
vn -0.2865 0.37729 -0.88066
vn -0.28651 0.37729 -0.88066
vn -0.17909 0.43859 -0.88066
vn -0.17909 0.43859 -0.88066
vn 0.41184 0.22775 -0.88234
vn 0.37729 0.28651 -0.88066
vn 0.37729 0.2865 -0.88066
vn 0.29028 0.37439 -0.88066
vn 0.29028 0.37439 -0.88066
vn 0.18349 0.43676 -0.88066
vn 0.18349 0.43676 -0.88067
vn 0.09428 0.46185 -0.88193
vn 0.06559 0.47961 -0.87503
vn 0.03319 0.47021 -0.88193
vn -0.05948 0.46999 -0.88066
vn -0.03014 0.49812 -0.86658
vn -0.08964 0.46277 -0.88193
vn 0.7964 0.60477 0
vn 0.92579 0.37804 0
vn 0.99209 0.12555 0
vn 0.99078 -0.1355 -0
vn 0.92195 -0.38732 -0
vn 0.79029 -0.61274 -0
vn 0.60477 -0.7964 -0
vn 0.37804 -0.92579 -0
vn 0.12555 -0.99209 -0
vn -0.1355 -0.99078 -0
vn -0.38732 -0.92195 -0
vn -0.61274 -0.79029 -0
vn -0.7964 -0.60477 -0
vn -0.92579 -0.37804 -0
vn -0.99209 -0.12555 -0
vn -0.99078 0.1355 -0
vn -0.92195 0.38732 -0
vn -0.79029 0.61274 -0
vn -0.60477 0.7964 -0
vn -0.37804 0.92579 -0
vn -0.12555 0.99209 -0
vn 0.1355 0.99078 0
vn 0.38732 0.92195 0
vn 0.61274 0.79029 0
vn 0.92579 0.37804 0
vn 0.99209 0.12555 0
vn 0.99078 -0.1355 -0
vn 0.92195 -0.38732 -0
vn 0.79029 -0.61273 -0
vn 0.60477 -0.7964 -0
vn 0.37804 -0.92579 -0
vn 0.12555 -0.99209 -0
vn -0.1355 -0.99078 -0
vn -0.38731 -0.92195 -0
vn -0.61274 -0.79029 -0
vn -0.92579 -0.37804 -0
vn -0.99209 -0.12555 -0
vn -0.99078 0.1355 -0
vn -0.92195 0.38732 -0
vn -0.79029 0.61273 -0
vn -0.60477 0.7964 -0
vn -0.37804 0.92579 -0
vn -0.12555 0.99209 -0
vn 0.1355 0.99078 0
vn 0.38731 0.92195 0
vn 0.61274 0.79029 0
vn -0.24641 -0.18712 0.95093
vn -0.28644 -0.11697 0.95093
vn -0.28644 -0.11697 0.95093
vn -0.30695 -0.03884 0.95093
vn -0.30695 -0.03884 0.95093
vn -0.30655 0.04192 0.95093
vn -0.30655 0.04192 0.95093
vn -0.28525 0.11984 0.95093
vn -0.28525 0.11984 0.95093
vn -0.24451 0.18958 0.95093
vn -0.24451 0.18958 0.95093
vn -0.18712 0.2464 0.95093
vn -0.18712 0.24641 0.95093
vn -0.11697 0.28644 0.95093
vn -0.11697 0.28644 0.95093
vn -0.03884 0.30695 0.95093
vn -0.03884 0.30695 0.95093
vn 0.04192 0.30655 0.95093
vn 0.04192 0.30655 0.95093
vn 0.11984 0.28525 0.95093
vn 0.11984 0.28525 0.95093
vn 0.18958 0.24451 0.95093
vn 0.18958 0.24451 0.95093
vn 0.2464 0.18712 0.95093
vn 0.24641 0.18712 0.95093
vn 0.28644 0.11697 0.95093
vn 0.28644 0.11697 0.95093
vn 0.30695 0.03884 0.95093
vn 0.30695 0.03884 0.95093
vn 0.30655 -0.04192 0.95093
vn 0.30655 -0.04192 0.95093
vn 0.28525 -0.11984 0.95093
vn 0.28525 -0.11984 0.95093
vn 0.24451 -0.18958 0.95093
vn 0.24451 -0.18958 0.95093
vn 0.18712 -0.2464 0.95093
vn 0.18712 -0.24641 0.95093
vn 0.11697 -0.28644 0.95093
vn 0.11697 -0.28644 0.95093
vn 0.03884 -0.30695 0.95093
vn 0.03884 -0.30695 0.95093
vn -0.04192 -0.30655 0.95093
vn -0.04192 -0.30655 0.95093
vn -0.11984 -0.28525 0.95093
vn -0.11984 -0.28525 0.95093
vn -0.18958 -0.24451 0.95093
vn -0.18958 -0.24451 0.95093
vn -0.2464 -0.18712 0.95093
vn 0.7964 0.60477 0
vn 0.92579 0.37804 0
vn 0.99209 0.12555 0
vn 0.99078 -0.1355 -0
vn 0.92195 -0.38732 -0
vn 0.79029 -0.61274 -0
vn 0.60477 -0.7964 -0
vn 0.37804 -0.92579 -0
vn 0.12555 -0.99209 -0
vn -0.1355 -0.99078 -0
vn -0.38732 -0.92195 -0
vn -0.61274 -0.79029 -0
vn -0.7964 -0.60477 -0
vn -0.92579 -0.37804 -0
vn -0.99209 -0.12555 -0
vn -0.99078 0.1355 -0
vn -0.92195 0.38732 -0
vn -0.79029 0.61274 -0
vn -0.60477 0.7964 -0
vn -0.37804 0.92579 -0
vn -0.12555 0.99209 -0
vn 0.1355 0.99078 0
vn 0.38732 0.92195 0
vn 0.61274 0.79029 0
vn 0.79641 0.60476 0
vn 0.92579 0.37805 0
vn 0.99209 0.12555 0
vn 0.99078 -0.1355 -0
vn 0.92195 -0.38732 -0
vn 0.60476 -0.79641 -0
vn 0.37805 -0.92579 -0
vn 0.12555 -0.99209 -0
vn -0.13551 -0.99078 -0
vn -0.3873 -0.92195 -0
vn -0.61274 -0.79029 -0
vn -0.79641 -0.60476 -0
vn -0.92579 -0.37805 -0
vn -0.99209 -0.12555 -0
vn -0.99078 0.1355 -0
vn -0.92195 0.38732 -0
vn -0.60476 0.79641 -0
vn -0.37805 0.92579 -0
vn -0.12555 0.99209 -0
vn 0.13551 0.99078 0
vn 0.3873 0.92195 0
vn 0.61274 0.79029 0
vn 0 0.13053 -0.99144
vn 0 0.38269 -0.92388
vn 0 0.60876 -0.79335
vn 0 0.79335 -0.60877
vn 0 0.92389 -0.38266
vn 0 0.99144 -0.13057
vn -0 0.99144 0.13057
vn -0 0.92389 0.38266
vn -0 0.79335 0.60877
vn -0 0.60876 0.79335
vn -0 0.13053 0.99144
vn 0 -0.13052 0.99145
vn 0 -0.60876 0.79335
vn 0 -0.79335 0.60877
vn 0 -0.92389 0.38266
vn 0 -0.99145 0.1305
vn 0 -0.99145 -0.1305
vn 0 -0.92389 -0.38266
vn 0 -0.79335 -0.60877
vn 0 -0.60876 -0.79335
vn 0 -0.38269 -0.92388
vn 0 -0.13052 -0.99145
vn 0 0.13052 -0.99145
vn 0 0.79335 -0.60877
vn 0 0.92389 -0.38266
vn 0 0.99144 -0.13057
vn -0 0.92389 0.38266
vn -0 0.79335 0.60877
vn -0 0.38269 0.92388
vn -0 0.13052 0.99145
vn 0 -0.13053 0.99144
vn 0 -0.38269 0.92388
vn 0 -0.79335 0.60877
vn 0 -0.92389 0.38266
vn 0 -0.99144 0.13057
vn 0 -0.99144 -0.13057
vn 0 -0.92389 -0.38266
vn 0 -0.79335 -0.60877
vn 0 -0.13053 -0.99144
vn 0.13051 0.99145 0
vn 0.38267 0.92388 0
vn 0.60879 0.79333 0
vn 0.79333 0.60879 0
vn 0.92388 0.38268 0
vn 0.99145 0.13052 0
vn 0.99145 -0.13052 0
vn 0.79333 -0.60879 0
vn 0.60879 -0.79333 0
vn 0.38267 -0.92388 0
vn 0.13051 -0.99145 0
vn -0.13051 -0.99145 -0
vn -0.38268 -0.92388 -0
vn -0.60879 -0.79333 -0
vn -0.79333 -0.60879 -0
vn -0.99145 -0.13052 -0
vn -0.99145 0.13052 0
vn -0.92388 0.38268 0
vn -0.79333 0.60879 0
vn -0.60879 0.79333 0
vn -0.38268 0.92388 0
vn -0.13051 0.99145 0
vn 0.13052 0.99145 0
vn 0.38268 0.92388 0
vn 0.60877 0.79335 0
vn 0.79335 0.60876 0
vn 0.92388 0.38269 0
vn 0.99144 0.13053 0
vn 0.99144 -0.13053 0
vn 0.92388 -0.38269 0
vn 0.79335 -0.60876 0
vn 0.60877 -0.79335 0
vn 0.38268 -0.92388 0
vn 0.13052 -0.99145 0
vn -0.13052 -0.99145 -0
vn -0.38268 -0.92388 -0
vn -0.60877 -0.79335 -0
vn -0.79335 -0.60876 -0
vn -0.92388 -0.38269 -0
vn -0.99145 -0.13052 -0
vn -0.99145 0.13052 0
vn -0.92388 0.38269 0
vn -0.79335 0.60876 0
vn -0.60877 0.79335 0
vn -0.38268 0.92388 0
vn -0.13052 0.99145 0
vn 0.13051 0.99145 0
vn 0.38268 0.92388 0
vn 0.38268 -0.92388 0
vn 0.13051 -0.99145 0
vn -0.13051 -0.99145 -0
vn -0.38267 -0.92388 -0
vn -0.38267 0.92388 0
vn -0.13051 0.99145 0
vn 0.13052 0.99145 0
vn 0.79335 0.60876 0
vn 0.99145 0.13052 0
vn 0.99145 -0.13052 0
vn 0.79335 -0.60876 0
vn 0.13052 -0.99145 0
vn -0.13052 -0.99145 -0
vn -0.79335 -0.60876 -0
vn -0.99144 -0.13053 -0
vn -0.99144 0.13053 0
vn -0.79335 0.60876 0
vn -0.13052 0.99145 0
vn -0 0.5 0.86603
vn 0 -0.5 0.86603
vn 0 -0.5 -0.86603
vn 0 0.5 -0.86603
vn 0 0.13052 -0.99145
vn 0 0.38268 -0.92388
vn 0 0.60878 -0.79334
vn 0 0.79336 -0.60876
vn 0 0.92387 -0.38271
vn 0 0.99144 -0.13053
vn -0 0.99144 0.13053
vn -0 0.92387 0.38271
vn -0 0.79336 0.60876
vn -0 0.60878 0.79334
vn -0 0.38268 0.92388
vn -0 0.13052 0.99145
vn 0 -0.13053 0.99144
vn 0 -0.38268 0.92388
vn 0 -0.60878 0.79334
vn 0 -0.79336 0.60876
vn 0 -0.92387 0.38271
vn 0 -0.99144 0.13053
vn 0 -0.99144 -0.13053
vn 0 -0.92387 -0.38271
vn 0 -0.79336 -0.60876
vn 0 -0.60878 -0.79334
vn 0 -0.38268 -0.92388
vn 0 -0.13053 -0.99144
vn 0 0.13053 -0.99144
vn 0 0.79333 -0.60879
vn 0 0.92389 -0.38266
vn -0 0.92389 0.38266
vn -0 0.79333 0.60879
vn -0 0.13053 0.99144
vn 0 -0.13052 0.99145
vn 0 -0.13052 -0.99145
vn 0.70711 -0.70711 0
vn -0.70711 -0.70711 -0
vn 0.5 -0.86602 0
vn -0.5 -0.86602 -0
vn -0.5 0.86602 0
vn 0.5 0.86602 0
vn 0 -0.5 0.86603
vn -0 -0.5 -0.86603
vn 0 0.5 -0.86603
vn 0 0.5 0.86603
vn 0 0.5 0.86603
vn 0 -0.5 0.86603
vn 0.86603 0 -0.5
vn -0.86603 0 -0.5
vn 0.99144 0 -0.13053
vn 0.92388 0 -0.38268
vn 0.79335 0 -0.60876
vn 0.60876 0 -0.79335
vn 0.38268 0 -0.92388
vn 0.13052 0 -0.99145
vn -0.13052 0 -0.99145
vn -0.38268 0 -0.92388
vn -0.60876 0 -0.79335
vn -0.79335 0 -0.60876
vn -0.92388 0 -0.38268
vn -0.99144 0 -0.13053
vn -0.99144 0 0.13053
vn -0.92388 0 0.38268
vn -0.79335 0 0.60876
vn -0.60876 0 0.79335
vn -0.38268 0 0.92388
vn -0.13053 0 0.99144
vn 0.13053 -0 0.99144
vn 0.38268 -0 0.92388
vn 0.60876 -0 0.79335
vn 0.79335 -0 0.60876
vn 0.92388 -0 0.38268
vn 0.99144 -0 0.13053
vn 0.60876 0 -0.79335
vn 0.38268 0 -0.92388
vn -0.38268 0 -0.92388
vn -0.60876 0 -0.79335
vn -0.60876 0 0.79335
vn -0.38268 0 0.92388
vn 0.38268 -0 0.92388
vn 0.60876 -0 0.79335
vn 0.86603 -0 0.5
vn -0.86603 0 0.5
vn -0.5 -0.86603 -0
vn 0.5 -0.86603 0
vn 0.5 0.86603 0
vn -0.5 0.86603 0
vn -0.99144 -0.13053 0
vn -0.92388 -0.38268 0
vn -0.79335 -0.60876 0
vn -0.60876 -0.79335 0
vn -0.38268 -0.92388 0
vn -0.13053 -0.99144 0
vn 0.13053 -0.99144 0
vn 0.38268 -0.92388 0
vn 0.60876 -0.79335 0
vn 0.79335 -0.60876 0
vn 0.92388 -0.38268 0
vn 0.99144 -0.13053 0
vn 0.99144 0.13053 -0
vn 0.92388 0.38268 -0
vn 0.79335 0.60876 -0
vn 0.60876 0.79335 -0
vn 0.38268 0.92388 -0
vn 0.13053 0.99144 -0
vn -0.13053 0.99144 0
vn -0.38268 0.92388 0
vn -0.60876 0.79335 0
vn -0.79335 0.60876 0
vn -0.92388 0.38268 0
vn -0.99144 0.13053 0
vn -0.92388 -0.38268 0
vn -0.79335 -0.60876 0
vn -0.13053 -0.99144 0
vn 0.13053 -0.99144 0
vn 0.79335 -0.60876 0
vn 0.92388 -0.38268 0
vn 0.92388 0.38268 -0
vn 0.79335 0.60876 -0
vn 0.13053 0.99144 -0
vn -0.13053 0.99144 0
vn -0.79335 0.60876 0
vn -0.92388 0.38268 0
vn 0.99144 0.13053 -0
vn 0.92388 0.38269 -0
vn 0.79335 0.60876 -0
vn 0.60876 0.79335 -0
vn 0.38268 0.92388 -0
vn 0.13053 0.99144 -0
vn 0.13053 0.99144 0
vn -0.13053 0.99144 -0
vn -0.13053 0.99144 -0
vn -0.38268 0.92388 0
vn -0.60876 0.79335 0
vn -0.79335 0.60876 0
vn -0.92388 0.38269 0
vn -0.99144 0.13053 0
vn -0.99144 -0.13053 0
vn -0.92388 -0.38269 0
vn -0.79335 -0.60876 0
vn -0.60876 -0.79335 0
vn -0.38268 -0.92388 0
vn -0.13053 -0.99144 0
vn -0.13053 -0.99144 0
vn 0.13053 -0.99144 -0
vn 0.13053 -0.99144 -0
vn 0.38268 -0.92388 0
vn 0.60876 -0.79335 0
vn 0.79335 -0.60876 0
vn 0.92388 -0.38269 0
vn 0.99144 -0.13053 0
vn -0.6165 0.78708 -0.02078
vn -0.60876 0.79335 0
vn -0.79335 0.60876 -0
vn -0.88532 0.46499 0
vn -0.92233 0.38204 -0.05797
vn -0.93844 0.34545 0
vn -0.97304 -0.19073 -0.12968
vn -0.92388 -0.38268 0
vn -0.79335 -0.60876 0
vn -0.68461 -0.72891 -0
vn -0.60801 -0.79237 -0.04976
vn -0.58361 -0.81203 0
vn 0.67032 -0.7137 -0.20325
vn 0.60876 -0.79335 0
vn 0.79335 -0.60876 -0
vn 0.92388 -0.38268 -0
vn 0.98132 -0.19236 0
vn 0.98914 -0.13022 -0.06816
vn 0.99804 -0.06262 0
vn 0.86982 0.45685 -0.1863
vn 0.92388 0.38268 0
vn 0.79335 0.60876 -0
vn 0.50861 0.861 0
vn 0.93844 0.34545 -0
vn -0.38269 -0.92388 0
vn -0.13052 -0.99145 0
vn -0.13052 -0.99145 -0
vn 0.13052 -0.99145 0
vn 0.13052 -0.99145 0
vn 0.38269 -0.92388 -0
vn 0.58361 -0.81203 -0
vn -0.99804 -0.06262 0
vn 0.61663 0.78725 0
vn 0.60865 0.79321 -0.01921
vn 0.38268 0.92388 -0
vn 0.13053 0.99144 -0
vn 0.13053 0.99144 0
vn -0.13053 0.99144 -0
vn -0.13053 0.99144 0
vn -0.38268 0.92388 -0
vn -0.50861 0.861 -0
vn -0.97486 0.22282 0
vn -0.97486 0.22282 -0
vn -0.97486 0.22282 -0
vn -0.97486 0.22283 0
vn -0.97486 0.22282 0
vn -0.97486 0.22282 -0
vn -0.97486 0.22282 -0
vn -0.97486 0.22283 0
vn 0.97486 0.22282 0
vn 0.97486 0.22282 -0
vn 0.97486 0.22282 -0
vn 0.97486 0.22283 0
vn 0.97486 0.22282 0
vn 0.97486 0.22283 -0
vn 0.97486 0.22282 -0
vn 0.97486 0.22283 0
vn 0.97486 0.22282 0
vn 0.44042 0.89779 0
vn -0.44042 0.89779 0
vn 0.38273 0.92386 0
vn 0.60874 0.79337 0
vn 0.79333 0.60879 0
vn 0.92389 0.38267 0
vn 0.92387 -0.38271 0
vn 0.79337 -0.60874 0
vn 0.60874 -0.79337 0
vn 0.38273 -0.92386 0
vn -0.38273 -0.92386 -0
vn -0.60874 -0.79337 -0
vn -0.79337 -0.60874 -0
vn -0.92387 -0.38271 -0
vn -0.92389 0.38267 0
vn -0.79333 0.60879 0
vn -0.60874 0.79337 0
vn -0.38273 0.92386 0
vn 0.1306 0.99144 0
vn 0.13042 -0.99146 0
vn -0.13042 -0.99146 -0
vn -0.1306 0.99144 0
vn 0.1306 0.99144 0
vn 0.13042 -0.99146 0
vn -0.13042 -0.99146 -0
vn -0.1306 0.99144 0
vn 0.79333 0.60879 0
vn 0.79337 -0.60874 0
vn -0.79337 -0.60874 -0
vn -0.79333 0.60879 0
vn -0.89782 -0.44036 -0
vn -0.89779 -0.44042 0
vn -0.89779 -0.44042 0
vn 0.89779 0.44042 0
vn 0.89779 0.44042 0
vn 0.89779 0.44042 0
vn 0.8978 0.44041 -0
vn 0.8978 0.44041 -0
vn 0.89777 0.44047 0
vn 0.89778 0.44044 0
vn -0.44042 0.89779 0
vn -0.89778 0.44044 0
vn -0.89777 0.44047 0
vn -0.89779 0.44042 0
vn -0.89779 0.44042 0
vn -0.89779 0.44042 0
vn -0.89779 0.44042 0
vn -0.8978 0.44041 -0
vn 0.89782 -0.44036 0
vn 0.89779 -0.44042 0
vn 0.89779 -0.44042 0
vn 0.44042 0.89779 -0
vn -0.65608 0.27176 -0.70406
vn -0.65608 0.27176 -0.70406
vn -0.56339 0.4323 -0.70407
vn -0.56339 0.4323 -0.70406
vn -0.4323 0.56339 -0.70407
vn -0.4323 0.56339 -0.70406
vn -0.27176 0.65608 -0.70406
vn -0.27176 0.65608 -0.70406
vn -0.09269 0.70406 -0.70406
vn -0.09269 0.70407 -0.70406
vn 0.09269 0.70407 -0.70406
vn 0.09269 0.70406 -0.70406
vn 0.27176 0.65608 -0.70406
vn 0.27176 0.65608 -0.70406
vn 0.43231 0.56339 -0.70406
vn 0.4323 0.56339 -0.70407
vn 0.56339 0.4323 -0.70406
vn 0.56339 0.4323 -0.70407
vn 0.65608 0.27176 -0.70406
vn 0.65609 0.27176 -0.70406
vn 0.70406 0.09269 -0.70406
vn 0.70406 0.09269 -0.70406
vn 0.70406 -0.09269 -0.70406
vn 0.70406 -0.09269 -0.70406
vn 0.65608 -0.27176 -0.70406
vn 0.65608 -0.27176 -0.70406
vn 0.56339 -0.4323 -0.70407
vn 0.56339 -0.4323 -0.70406
vn 0.4323 -0.56339 -0.70407
vn 0.4323 -0.56339 -0.70406
vn 0.27176 -0.65608 -0.70406
vn 0.27176 -0.65608 -0.70406
vn 0.09269 -0.70406 -0.70406
vn 0.09269 -0.70407 -0.70406
vn -0.09269 -0.70407 -0.70406
vn -0.09269 -0.70406 -0.70406
vn -0.27176 -0.65608 -0.70406
vn -0.27176 -0.65608 -0.70406
vn -0.43231 -0.56339 -0.70406
vn -0.4323 -0.56339 -0.70407
vn -0.56339 -0.4323 -0.70406
vn -0.56339 -0.4323 -0.70407
vn -0.65608 -0.27176 -0.70406
vn -0.65609 -0.27176 -0.70406
vn -0.70406 -0.09269 -0.70406
vn -0.70406 -0.09269 -0.70406
vn -0.70406 0.09269 -0.70406
vn -0.70406 0.09269 -0.70406
vn 0.99144 0.13053 -0
vn 0.92388 0.38268 -0
vn 0.79335 0.60876 -0
vn 0.60876 0.79335 -0
vn 0.38269 0.92388 -0
vn 0.13053 0.99144 -0
vn 0.13053 0.99144 0
vn -0.13053 0.99144 -0
vn -0.13053 0.99144 -0
vn -0.38269 0.92388 0
vn -0.60876 0.79335 0
vn -0.79335 0.60876 0
vn -0.92388 0.38268 0
vn -0.99144 0.13053 0
vn -0.99144 -0.13053 0
vn -0.92388 -0.38268 0
vn -0.79335 -0.60876 0
vn -0.60876 -0.79335 0
vn -0.38268 -0.92388 0
vn -0.13054 -0.99144 0
vn -0.13054 -0.99144 -0
vn 0.13054 -0.99144 0
vn 0.13054 -0.99144 -0
vn 0.38268 -0.92388 0
vn 0.60876 -0.79335 0
vn 0.79335 -0.60876 0
vn 0.92388 -0.38268 0
vn 0.99144 -0.13053 0
vn 0.41495 -0.90984 0
vn 0.28231 -0.95932 0
vn -0.28231 -0.95932 -0
vn -0.41495 -0.90984 -0
vn 0.70711 0.70711 -0
vn 0.97487 -0.22278 0
vn 0.97486 -0.22282 0
vn 0.97486 -0.22283 0
vn -0.70711 0.70711 0
vn -0.97487 -0.22278 -0
vn -0.97486 -0.22283 0
vn -0.97486 -0.22282 0
vn 0.9769 0.2137 -0
vn -0.9769 0.2137 0
vn -0.44042 0.89779 0
vn -0.44042 0.89779 0
vn -0.44042 0.89779 -0
vn 0.44042 0.89779 1E-05
vn 0.44042 0.89779 0
vn 0.36819 -0.92975 0
vn 0.43304 -0.90128 -0.01326
vn -0.36819 -0.92975 0
vn -0.43308 -0.90136 0
vn -0.41493 -0.9098 -0.00952
vn 0.13049 0.99145 0
vn 0.1306 -0.99144 0
vn -0.1306 -0.99144 -0
vn -0.13049 0.99145 -0
vn -0.44041 -0.89779 0
vn 0.97486 0.22282 -0
vn 0.44041 -0.89779 0
vn -0.97486 0.22282 0
vn -0.50001 -0.86602 -0
vn -0.50001 0.86602 0
vn 0.50001 0.86602 0
vn 0.50001 -0.86602 0
vn 0.50001 0.86602 0
vn -0.62483 -0.78076 -0
vn 0.62483 -0.78076 0
vn 0.86603 0 0.5
vn 0.13053 0 -0.99144
vn 0.13053 -0 -0.99144
vn 0.38268 0 -0.92388
vn 0.60876 0 -0.79335
vn 0.79335 0 -0.60876
vn 0.92388 0 -0.38268
vn 0.99144 0 -0.13053
vn 0.92388 0 0.38268
vn 0.79335 0 0.60876
vn 0.60876 0 0.79335
vn 0.38268 0 0.92388
vn 0.13053 0 0.99144
vn -0.13053 0 0.99144
vn -0.38268 0 0.92388
vn -0.60876 0 0.79335
vn -0.79335 0 0.60876
vn -0.92388 0 0.38268
vn -0.99144 -0 -0.13053
vn -0.92388 -0 -0.38268
vn -0.79335 -0 -0.60876
vn -0.60876 -0 -0.79335
vn -0.38268 -0 -0.92388
vn -0.13053 -0 -0.99144
vn -0.13053 -0 -0.99144
vn 0.86603 0 -0.5
vn -0.86603 -0 -0.5
vn -0.86603 0 0.5
vn -0.50001 0.86602 0
vn -0.50001 -0.86602 -0
vn 0.50001 -0.86602 0
vn 0.86603 0.5 0
vn -0.86603 0.5 0
vn -0.86603 -0.5 -0
vn 0.86603 -0.5 0
vn 0.60876 -0.79335 0
vn 0.38269 -0.92388 0
vn 0.13052 -0.99145 0
vn -0.13053 -0.99144 -0
vn -0.38269 -0.92388 -0
vn -0.60876 -0.79336 -0
vn -0.79335 -0.60876 -0
vn -0.92388 -0.38268 -0
vn -0.99145 -0.13052 -0
vn -0.99144 0.13053 0
vn -0.92388 0.38268 0
vn -0.79335 0.60876 0
vn -0.60876 0.79336 0
vn -0.38269 0.92388 0
vn -0.13053 0.99144 0
vn 0.13052 0.99145 0
vn 0.38269 0.92388 0
vn 0.60876 0.79335 0
vn 0.79335 0.60876 0
vn 0.92388 0.38268 0
vn 0.99144 0.13053 0
vn 0.99145 -0.13052 0
vn 0.92388 -0.38268 0
vn 0.79335 -0.60876 0
vn 0.60876 -0.79335 0
vn 0.38268 -0.92388 0
vn 0.13053 -0.99144 0
vn -0.13053 -0.99144 -0
vn -0.38268 -0.92388 -0
vn -0.60876 -0.79335 -0
vn -0.79335 -0.60876 -0
vn -0.92388 -0.38268 -0
vn -0.99144 -0.13053 -0
vn -0.99144 0.13053 0
vn -0.92388 0.38268 0
vn -0.79335 0.60876 0
vn -0.60876 0.79335 0
vn -0.38268 0.92388 0
vn -0.13053 0.99144 0
vn 0.13053 0.99144 0
vn 0.38268 0.92388 0
vn 0.60876 0.79335 0
vn 0.79335 0.60876 0
vn 0.92388 0.38268 0
vn 0.99144 0.13053 0
vn 0.99144 -0.13053 0
vn 0.92388 -0.38268 0
vn 0.79335 -0.60876 0
vn 0.60876 -0.79335 0
vn 0.38268 -0.92388 0
vn 0.13053 -0.99144 0
vn -0.13053 -0.99144 -0
vn -0.38268 -0.92388 -0
vn -0.60876 -0.79336 -0
vn -0.79335 -0.60876 -0
vn -0.92388 -0.38268 -0
vn -0.99144 -0.13053 -0
vn -0.99144 0.13053 0
vn -0.92388 0.38268 0
vn -0.79335 0.60876 0
vn -0.60876 0.79336 0
vn -0.38268 0.92388 0
vn -0.13053 0.99144 0
vn 0.13053 0.99144 0
vn 0.38268 0.92388 0
vn 0.60876 0.79335 0
vn 0.79335 0.60877 0
vn 0.92388 0.38268 0
vn 0.99145 0.13052 0
vn 0.99145 -0.13052 0
vn 0.92388 -0.38268 0
vn 0.79335 -0.60877 0
vn 0.60875 -0.79336 0
vn 0.38269 -0.92388 0
vn -0.38269 -0.92388 -0
vn -0.60875 -0.79336 -0
vn -0.79335 -0.60876 -0
vn -0.92388 -0.38268 -0
vn -0.99144 -0.13053 -0
vn -0.99144 0.13053 0
vn -0.92388 0.38268 0
vn -0.60877 0.79335 0
vn -0.38267 0.92388 0
vn 0.38267 0.92388 0
vn 0.60877 0.79335 0
vn 0.79335 0.60876 0
vn 0.92388 0.38268 0
vn 0.99144 0.13053 0
vn 0.99144 -0.13053 0
vn 0.92388 -0.38268 0
vn 0.79335 -0.60876 0
vn 0.38268 -0.92388 0
vn 0.13053 -0.99144 0
vn -0.13053 -0.99144 -0
vn -0.79335 -0.60876 -0
vn -0.99144 -0.13053 -0
vn -0.99144 0.13053 0
vn -0.79335 0.60876 0
vn -0.60876 0.79335 0
vn -0.13053 0.99144 0
vn 0.13053 0.99144 0
vn 0.38268 0.92388 0
vn 0.60876 0.79335 0
vn 0.79335 0.60876 0
vn 0.99144 0.13053 0
vn 0.99144 -0.13053 0
vn 0.79335 -0.60876 0
vn -0.38268 -0.92388 -0
vn -0.38268 0.92388 0
vn -0.92388 0.38268 0
vn -0.99144 0.13053 0
vn -0.99144 -0.13053 0
vn -0.92388 -0.38268 0
vn -0.60876 -0.79335 0
vn -0.38269 -0.92388 0
vn -0.13053 -0.99145 0
vn 0.13053 -0.99144 0
vn 0.38268 -0.92388 0
vn 0.79335 -0.60876 0
vn 0.92388 -0.38268 0
vn 0.99145 -0.13053 0
vn 0.92388 0.38268 -0
vn 0.79335 0.60876 -0
vn 0.60876 0.79335 -0
vn 0.38268 0.92388 -0
vn 0.13053 0.99144 -0
vn -0.13053 0.99145 0
vn -0.38268 0.92388 0
vn -0.60876 0.79335 0
vn -0.79335 0.60876 0
vn -0.79335 -0.60876 0
vn -0.60876 -0.79335 0
vn -0.38268 -0.92388 0
vn -0.13053 -0.99144 0
vn 0.13053 -0.99144 0
vn 0.38268 -0.92388 0
vn 0.60876 -0.79335 0
vn 0.79335 -0.60876 0
vn 0.79335 0.60876 -0
vn 0.60876 0.79335 -0
vn 0.38268 0.92388 -0
vn -0.38268 0.92388 0
vn -0.60876 0.79335 0
vn -0.79335 0.60876 0
vn -0.99145 -0.13053 0
vn -0.79335 -0.60876 0
vn -0.60876 -0.79335 0
vn -0.38268 -0.92388 0
vn 0.13053 -0.99145 0
vn 0.38269 -0.92388 0
vn 0.60876 -0.79335 0
vn 0.99144 -0.13053 0
vn 0.99144 0.13053 -0
vn 0.60876 0.79335 -0
vn 0.38268 0.92388 -0
vn 0.13053 0.99145 -0
vn -0.38268 0.92388 0
vn -0.60876 0.79335 0
vn -0.99145 -0.13053 0
vn -0.92388 -0.38268 0
vn -0.60876 -0.79335 0
vn -0.13053 -0.99144 0
vn 0.13053 -0.99144 0
vn 0.60876 -0.79335 0
vn 0.92388 -0.38268 0
vn 0.99145 -0.13053 0
vn 0.38268 0.92388 -0
vn -0.38268 0.92388 0
vn -0.30392 -0.74965 0.58792
vn -0.27176 -0.65608 0.70406
vn -0.11089 -0.70032 0.70516
vn -0.12636 -0.95976 0.25078
vn -0.01848 -0.70699 0.70698
vn 0.09269 -0.70406 0.70406
vn 0.09269 -0.70406 0.70406
vn 0.25766 -0.66079 0.70496
vn 0.35814 -0.86461 0.35239
vn 0.34323 -0.63558 0.69155
vn 0.34893 -0.61503 0.7071
vn 0.43231 -0.56339 0.70406
vn 0.43231 -0.56339 0.70406
vn 0.56339 -0.43231 0.70406
vn 0.56339 -0.43231 0.70406
vn 0.70406 0.09269 0.70406
vn 0.70699 -0.01848 0.70699
vn 0.95976 -0.12636 0.25077
vn 0.70032 -0.11089 0.70516
vn 0.65608 -0.27176 0.70406
vn 0.74965 -0.30392 0.58792
vn 0.61503 -0.34893 0.70709
vn 0.27176 0.65609 0.70405
vn 0.43231 0.5634 0.70406
vn 0.43231 0.56339 0.70406
vn 0.56339 0.43231 0.70406
vn 0.56339 0.43231 0.70406
vn 0.6197 0.34072 0.70703
vn 0.86462 0.35814 0.35239
vn 0.66079 0.25766 0.70496
vn 0.70406 0.09269 0.70406
vn -0.09269 0.70406 0.70407
vn 0.01848 0.70698 0.70699
vn 0.12636 0.95976 0.25077
vn 0.11089 0.70032 0.70516
vn 0.27176 0.65608 0.70407
vn -0.65609 0.27176 0.70406
vn -0.56339 0.43231 0.70406
vn -0.56339 0.43231 0.70406
vn -0.43231 0.56339 0.70406
vn -0.43231 0.5634 0.70406
vn -0.34072 0.6197 0.70702
vn -0.35814 0.86462 0.35238
vn -0.25766 0.66078 0.70496
vn -0.09269 0.70406 0.70407
vn -0.70406 -0.09269 0.70406
vn -0.70699 0.01848 0.70699
vn -0.95976 0.12636 0.25077
vn -0.70032 0.11089 0.70516
vn -0.65608 0.27176 0.70406
vn -0.86462 -0.35814 0.35239
vn -0.66079 -0.25766 0.70496
vn -0.70406 -0.09269 0.70406
vn -0.34893 -0.61503 0.7071
vn -0.43231 -0.56339 0.70406
vn -0.43231 -0.56339 0.70406
vn -0.56339 -0.43231 0.70406
vn -0.56339 -0.43231 0.70406
vn -0.61503 -0.34893 0.70709
vn -0.63558 -0.34323 0.69154
vn 0.60876 -0.79335 0
vn 0.13052 -0.99145 0
vn -0.13052 -0.99145 -0
vn -0.60876 -0.79335 -0
vn -0.99144 -0.13053 -0
vn -0.99144 0.13053 0
vn -0.60876 0.79335 0
vn -0.13053 0.99144 0
vn 0.13053 0.99144 0
vn 0.60876 0.79335 0
vn 0.99144 0.13053 0
vn 0.99144 -0.13053 0
vn -0.92264 -0.38217 0.05171
vn -0.88052 -0.47401 0
vn -0.79335 -0.60876 0
vn -0.60876 -0.79335 0
vn -0.13053 -0.99144 0
vn -0.17746 -0.97812 0.10859
vn -0.09318 -0.99494 0.03746
vn -0.05521 -0.99844 0.00806
vn 0.79335 -0.60876 -0
vn 0.60876 -0.79335 -0
vn 0.13053 -0.99144 -0
vn 0.13053 -0.99144 -0
vn -0.01044 -0.99995 0
vn 0.97812 -0.17746 0.10859
vn 0.99144 -0.13053 -0
vn 0.99882 -0.04856 0
vn 0.99995 0.01044 -0
vn 0.99121 0.1305 0.02162
vn 0.99003 0.14087 0
vn 0.92388 0.38268 -0
vn 0.60876 0.79335 -0
vn 0.38268 0.92388 -0
vn 0.13053 0.99144 -0
vn -0.13053 0.99144 -0
vn -0.38268 0.92388 -0
vn -0.60876 0.79335 -0
vn -0.92388 0.38268 -0
vn -0.99144 0.13053 -0
vn -0.99995 -0.01044 0
vn -0.99121 -0.1305 0.02162
vn -0.99003 -0.14087 -0
vn -0.93486 -0.35502 -0
vn 0.34655 -0.83664 -0.4242
vn 0.3484 -0.8504 -0.39425
vn 0.29922 -0.95418 -0
vn 0.13053 -0.99144 0
vn -0.13053 -0.99144 -0
vn -0.29922 -0.95418 0
vn -0.3484 -0.8504 -0.39425
vn -0.34655 -0.83664 -0.4242
vn -0.45969 -0.88808 -0
vn -0.88808 -0.45969 0
vn -0.83664 -0.34655 -0.4242
vn -0.8504 -0.3484 -0.39425
vn -0.95418 -0.29922 -0
vn -0.99144 -0.13053 -0
vn -0.99144 0.13053 0
vn -0.92388 0.38268 0
vn -0.79335 0.60876 0
vn -0.60876 0.79335 0
vn -0.38268 0.92388 0
vn -0.13053 0.99144 0
vn 0.13053 0.99144 0
vn 0.38268 0.92388 0
vn 0.60876 0.79335 0
vn 0.79335 0.60876 0
vn 0.90696 0.42121 -0
vn 0.84298 0.34917 -0.40922
vn 0.95418 0.29922 -0
vn 0.99144 0.13053 0
vn 0.99144 -0.13053 0
vn 0.95418 -0.29922 0
vn 0.8504 -0.3484 -0.39425
vn 0.83664 -0.34655 -0.4242
vn 0.88808 -0.45969 -0
vn 0.45969 -0.88808 0
vn -0.61274 -0.79029 0
vn -0.38732 -0.92195 0
vn -0.1355 -0.99078 0
vn 0.12555 -0.99209 0
vn 0.37804 -0.92579 0
vn 0.60477 -0.7964 0
vn 0.79029 -0.61274 0
vn 0.92195 -0.38732 0
vn 0.99209 0.12555 -0
vn 0.92579 0.37804 -0
vn 0.7964 0.60477 -0
vn 0.61274 0.79029 -0
vn 0.38732 0.92195 -0
vn 0.1355 0.99078 -0
vn -0.12555 0.99209 0
vn -0.37804 0.92579 0
vn -0.60477 0.7964 0
vn -0.79029 0.61274 0
vn -0.92195 0.38732 0
vn -0.99209 -0.12555 0
vn -0.92579 -0.37804 0
vn -0.7964 -0.60477 0
vn 0.47306 0.88103 -0
vn 0.26588 0.96401 -0
vn 0.04538 0.99897 -0
vn -0.17752 0.98412 0
vn -0.39136 0.92024 0
vn -0.58582 0.81044 0
vn 0.98731 0.15883 -0
vn 0.92744 0.37396 -0
vn 0.82138 0.57038 -0
vn 0.67432 0.73844 -0
vn 0.49361 0.86968 -0
vn 0.28844 0.9575 -0
vn 0.25642 0.96657 0
vn 0.28275 0.95909 -0.01427
vn 0.35725 0.93401 0
vn 0.47829 0.8782 0
vn -0.28844 0.9575 0
vn -0.49361 0.86968 0
vn -0.67432 0.73844 0
vn -0.82138 0.57038 0
vn -0.92744 0.37396 0
vn -0.98731 0.15883 0
vn 0.58582 0.81044 -0
vn 0.39136 0.92024 -0
vn 0.17752 0.98412 -0
vn -0.04538 0.99897 0
vn -0.26588 0.96401 0
vn -0.47306 0.88103 0
vn -0.47829 0.8782 0
vn -0.28278 0.95918 -0
vn -0.88098 0.47315 0
vn -0.96402 0.26584 0
vn -0.99897 0.04533 0
vn -0.98413 -0.17745 0
vn -0.92024 -0.39136 0
vn -0.81041 -0.58587 0
vn -0.15884 0.9873 0
vn -0.37399 0.92743 0
vn -0.57041 0.82136 0
vn -0.73841 0.67435 0
vn -0.86965 0.49366 0
vn -0.95751 0.28841 0
vn -0.96657 0.25642 0
vn -0.95909 0.28275 -0.01427
vn -0.93401 0.35725 0
vn -0.8782 0.47829 -0
vn -0.95751 -0.28841 0
vn -0.86965 -0.49366 0
vn -0.73841 -0.67435 0
vn -0.57041 -0.82136 0
vn -0.37393 -0.92746 0
vn -0.15884 -0.9873 0
vn -0.81045 0.58581 0
vn -0.92022 0.39141 0
vn -0.98413 0.17744 0
vn -0.99897 -0.04533 0
vn -0.96401 -0.26585 0
vn -0.881 -0.47312 0
vn -0.96787 -0.25146 -0
vn -0.95906 -0.28275 -0.01584
vn -0.93583 -0.35245 0
vn -0.8782 -0.47829 0
vn -0.47316 -0.88098 0
vn -0.26582 -0.96402 0
vn -0.04538 -0.99897 0
vn 0.17746 -0.98413 0
vn 0.39141 -0.92022 0
vn 0.58582 -0.81044 0
vn -0.9873 -0.15884 0
vn -0.92745 -0.37394 0
vn -0.82138 -0.57038 0
vn -0.67432 -0.73844 0
vn -0.49366 -0.86965 0
vn -0.28838 -0.95752 0
vn -0.28278 -0.95918 0
vn -0.47829 -0.8782 -0
vn 0.28838 -0.95752 0
vn 0.49366 -0.86965 0
vn 0.67432 -0.73844 0
vn 0.82138 -0.57038 0
vn 0.92745 -0.37394 0
vn 0.9873 -0.15884 0
vn -0.58582 -0.81044 0
vn -0.39141 -0.92022 0
vn -0.17746 -0.98413 0
vn 0.04538 -0.99897 0
vn 0.26582 -0.96402 0
vn 0.47316 -0.88098 0
vn 0.25146 -0.96787 0
vn 0.28275 -0.95906 -0.01584
vn 0.35245 -0.93583 0
vn 0.47829 -0.8782 -0
vn 0.881 -0.47312 0
vn 0.96401 -0.26585 0
vn 0.99897 -0.04533 0
vn 0.98413 0.17744 -0
vn 0.92022 0.39141 -0
vn 0.81045 0.58581 -0
vn 0.15884 -0.9873 0
vn 0.37393 -0.92746 0
vn 0.57041 -0.82136 0
vn 0.73841 -0.67435 0
vn 0.86965 -0.49366 0
vn 0.95751 -0.28841 0
vn 0.95918 -0.28278 0
vn 0.8782 -0.47829 -0
vn -0.79029 0.61274 0
vn -0.92195 0.38732 0
vn -0.99078 0.1355 0
vn -0.7964 -0.60477 0
vn -0.38732 -0.92195 0
vn 0.10852 -0.99409 -0
vn 0.12551 -0.99175 0.02595
vn 0.23736 -0.97142 -0
vn 0.37804 -0.92579 0
vn 0.60477 -0.7964 0
vn 0.79029 -0.61274 0
vn 0.92195 -0.38732 0
vn 0.99078 -0.1355 0
vn 0.92579 0.37804 -0
vn 0.7964 0.60477 -0
vn 0.61274 0.79029 -0
vn 0.38732 0.92195 -0
vn 0.1355 0.99078 -0
vn -0.12554 0.99209 0
vn -0.37804 0.92579 0
vn -0.60477 0.7964 0
vn -0.56043 0.82332 0.08979
vn -0.66579 0.74614 0
vn -0.61272 -0.7903 0
vn -0.38735 -0.92193 0
vn 0.92194 -0.38733 0
vn 0.99078 -0.1355 0
vn 0.99209 0.12555 -0
vn 0.92579 0.37803 -0
vn 0.61272 0.7903 -0
vn 0.38735 0.92193 -0
vn 0.13545 0.99078 -0
vn -0.37805 0.92579 0
vn -0.92194 0.38733 0
vn -0.99078 0.1355 0
vn 0.37805 -0.92579 0
vn 0.13545 0.99078 -0
vn -0.99209 -0.12555 0
vn 0.378 -0.92581 0
vn 0.60481 -0.79637 0
vn 0.79027 -0.61276 0
vn 0.61279 0.79025 -0
vn 0.38725 0.92197 -0
vn -0.12547 0.9921 0
vn -0.3781 0.92577 0
vn -0.60474 0.79643 0
vn -0.79031 0.61271 0
vn -0.99078 0.13551 0
vn -0.9258 -0.37802 0
vn -0.3781 0.92577 0
vn -0.9258 -0.37801 0
vn 0.18367 -0.98299 0
vn 0.42298 -0.90614 0
vn 0.63559 -0.77203 0
vn 0.808 -0.58918 0
vn 0.9294 -0.36907 0
vn 0.99207 -0.12568 0
vn 0.99207 0.12568 -0
vn 0.9294 0.36907 -0
vn 0.808 0.58918 -0
vn 0.63559 0.77203 -0
vn 0.42298 0.90614 -0
vn 0.18367 0.98299 -0
vn 0.16793 0.9858 -0
vn 0.37894 0.92542 0
vn 0.57179 0.8204 0
vn 0.73701 0.67588 0
vn 0.86672 0.49879 0
vn 0.95468 0.29763 0
vn 0.95754 0.28831 -0
vn 0.88095 0.47321 -0
vn 0.88552 0.4646 -0
vn 0.96556 0.26018 0
vn 0.99907 0.04322 0
vn 0.98442 -0.17583 -0
vn 0.92234 -0.38638 -0
vn 0.8158 -0.57834 -0
vn 0.82496 -0.5652 0
vn 0.93983 -0.34164 0
vn 0.99533 -0.0965 0
vn 0.98796 0.15474 -0
vn 0.91816 0.3962 -0
vn 0.79036 0.61265 -0
vn 0.61263 0.79037 -0
vn 0.39622 0.91815 -0
vn 0.15472 0.98796 -0
vn -0.09648 0.99534 0
vn -0.34165 0.93983 0
vn -0.5652 0.82495 0
vn -0.57832 0.81581 0
vn -0.3864 0.92233 -0
vn -0.1758 0.98443 -0
vn 0.04322 0.99907 0
vn 0.26015 0.96557 0
vn 0.46463 0.8855 0
vn 0.47321 0.88095 -0
vn 0.28831 0.95754 -0
vn 0.29766 0.95467 -0
vn 0.49877 0.86674 0
vn 0.67588 0.73701 0
vn 0.82043 0.57175 0
vn 0.92541 0.37898 0
vn 0.9858 0.16791 0
vn 0.98299 0.18368 -0
vn 0.90614 0.42298 -0
vn 0.77204 0.63557 -0
vn 0.58918 0.808 -0
vn 0.36907 0.9294 -0
vn 0.12568 0.99207 -0
vn 0.12568 0.99207 0
vn -0.12568 0.99207 -0
vn -0.12568 0.99207 -0
vn -0.36907 0.9294 0
vn -0.58918 0.808 0
vn -0.77204 0.63557 0
vn -0.90614 0.42298 0
vn -0.98299 0.18368 0
vn -0.9858 0.16791 0
vn -0.92541 0.37898 -0
vn -0.82043 0.57175 -0
vn -0.67588 0.73701 -0
vn -0.49877 0.86674 -0
vn -0.29766 0.95467 -0
vn -0.28831 0.95754 0
vn -0.47321 0.88095 0
vn -0.46463 0.8855 0
vn -0.26015 0.96557 -0
vn -0.04322 0.99907 -0
vn 0.1758 0.98443 0
vn 0.3864 0.92233 0
vn 0.57832 0.81581 0
vn 0.5652 0.82495 -0
vn 0.34165 0.93983 -0
vn 0.09648 0.99534 -0
vn -0.15472 0.98796 0
vn -0.39622 0.91815 0
vn -0.61263 0.79037 0
vn -0.79036 0.61265 0
vn -0.91816 0.3962 0
vn -0.98522 0.17131 -0
vn -0.98795 0.15474 0.0015
vn -0.99894 0.04611 -0
vn -0.99533 -0.0965 0
vn -0.93983 -0.34164 0
vn -0.82496 -0.5652 0
vn -0.8158 -0.57834 0
vn -0.92234 -0.38638 -0
vn -0.98442 -0.17583 -0
vn -0.99907 0.04322 -0
vn -0.96556 0.26018 -0
vn -0.88552 0.4646 -0
vn 0.8782 0.47829 -0
vn 0.95918 0.28278 0
vn 0.29086 -0.95677 0
vn 0.39536 -0.9184 -0.01547
vn 0.40906 -0.91251 0
vn 0.61241 -0.79054 -0
vn 0.79054 -0.61241 -0
vn 0.9185 -0.39541 -0
vn -0.39541 -0.91851 0
vn -0.61241 -0.79054 -0
vn -0.79054 -0.61241 -0
vn -0.9185 -0.39541 -0
vn -0.9185 0.39541 0
vn -0.79054 0.61241 -0
vn -0.63176 0.77516 -0
vn -0.61224 0.79032 -0.02338
vn -0.52908 0.84857 0
vn -0.39541 0.91851 -0
vn 0.95676 0.29087 0
vn 0.91839 0.39536 -0.01547
vn 0.91251 0.40906 0
vn 0.79054 0.61241 -0
vn 0.61241 0.79054 -0
vn 0.39541 0.91851 -0
vn 0.2592 -0.96582 0
vn 0.47128 -0.88198 0
vn 0.65883 -0.75229 0
vn 0.81212 -0.58349 0
vn 0.9232 -0.38433 0
vn 0.38434 -0.92319 0
vn 0.58349 -0.81212 0
vn 0.73536 -0.67767 0
vn 0.75228 -0.65883 -0.003
vn 0.96582 -0.25921 0
vn 0.88199 -0.47127 0
vn 0.80778 -0.58948 0
vn -0.96582 -0.25921 0
vn -0.88199 -0.47127 0
vn -0.75229 -0.65883 0
vn -0.58349 -0.81212 0
vn -0.38434 -0.92319 0
vn -0.9232 -0.38433 0
vn -0.81212 -0.58349 0
vn -0.65883 -0.75229 0
vn -0.47128 -0.88198 0
vn -0.2592 -0.96582 0
vn -0.2592 0.96582 0
vn -0.47128 0.88198 0
vn -0.65881 0.75231 0
vn -0.81213 0.58348 0
vn -0.9232 0.38433 0
vn -0.38437 0.92318 0
vn -0.58344 0.81215 0
vn -0.75232 0.6588 0
vn -0.88199 0.47127 0
vn -0.96582 0.25922 0
vn 0.96582 0.25922 -0
vn 0.88199 0.47127 -0
vn 0.78966 0.61355 -0
vn 0.75231 0.6588 -0.00435
vn 0.38437 0.92318 0
vn 0.58344 0.81215 0
vn 0.71451 0.69963 0
vn 0.9232 0.38433 -0
vn 0.81213 0.58348 -0
vn 0.65881 0.75231 -0
vn 0.47128 0.88198 -0
vn 0.2592 0.96582 -0
vn 0.65744 0.26846 -0.70406
vn 0.65744 0.26846 -0.70406
vn 0.70452 0.08916 -0.70406
vn 0.70452 0.08916 -0.70406
vn 0.70359 -0.09623 -0.70406
vn 0.70359 -0.09623 -0.70406
vn 0.65471 -0.27505 -0.70406
vn 0.65471 -0.27505 -0.70406
vn 0.56122 -0.43513 -0.70406
vn 0.56122 -0.43513 -0.70405
vn 0.42948 -0.56556 -0.70405
vn 0.42947 -0.56555 -0.70407
vn 0.26845 -0.65743 -0.70407
vn 0.26845 -0.65742 -0.70408
vn 0.08916 -0.7045 -0.70408
vn 0.08916 -0.7045 -0.70408
vn -0.09622 -0.70357 -0.70408
vn -0.09624 -0.70362 -0.70403
vn -0.27506 -0.65474 -0.70403
vn -0.27506 -0.65473 -0.70404
vn -0.43514 -0.56123 -0.70404
vn -0.43513 -0.56122 -0.70405
vn -0.56556 -0.42948 -0.70405
vn -0.56555 -0.42947 -0.70407
vn -0.65744 -0.26846 -0.70406
vn -0.65744 -0.26846 -0.70406
vn -0.70452 -0.08916 -0.70406
vn -0.70452 -0.08916 -0.70406
vn -0.70359 0.09623 -0.70406
vn -0.70359 0.09623 -0.70406
vn -0.65471 0.27505 -0.70406
vn -0.65471 0.27505 -0.70407
vn -0.56121 0.43512 -0.70407
vn -0.56122 0.43513 -0.70405
vn -0.42948 0.56556 -0.70405
vn -0.42947 0.56555 -0.70407
vn -0.26846 0.65743 -0.70407
vn -0.26846 0.65744 -0.70406
vn -0.08915 0.70452 -0.70406
vn -0.08915 0.70452 -0.70406
vn 0.09623 0.70359 -0.70406
vn 0.09622 0.70358 -0.70407
vn 0.27504 0.6547 -0.70407
vn 0.27505 0.65471 -0.70406
vn 0.43513 0.56122 -0.70406
vn 0.43512 0.56121 -0.70407
vn 0.56555 0.42947 -0.70407
vn 0.56555 0.42947 -0.70407
vn 0.7964 0.60477 0
vn 0.99209 0.12555 0
vn 0.99078 -0.1355 0
vn 0.92195 -0.38732 0
vn 0.79029 -0.61273 0
vn 0.60477 -0.7964 0
vn 0.37804 -0.92579 0
vn -0.38732 -0.92195 -0
vn -0.61274 -0.79029 -0
vn -0.7964 -0.60477 -0
vn -0.99209 -0.12555 -0
vn -0.99078 0.1355 0
vn -0.92195 0.38732 0
vn -0.60477 0.7964 0
vn -0.37804 0.92579 0
vn 0.1355 0.99078 0
vn 0.38732 0.92195 0
vn 0.12555 -0.99209 0
vn 0.37804 -0.92579 -0
vn 0.60477 -0.7964 -0
vn 0.79029 -0.61274 -0
vn 0.92195 -0.38732 -0
vn 0.97827 -0.20736 -0
vn 0.98983 -0.13537 0.04383
vn 0.99696 -0.07789 0
vn 0.99209 0.12555 -0
vn 0.92579 0.37804 -0
vn 0.7964 0.60477 -0
vn 0.61274 0.79029 -0
vn 0.38732 0.92195 -0
vn 0.20736 0.97827 -0
vn 0.13537 0.98982 0.04382
vn 0.0779 0.99696 0
vn -0.12555 0.99209 -0
vn -0.37804 0.92579 -0
vn -0.60477 0.7964 -0
vn -0.79029 0.61274 -0
vn -0.97827 0.20736 -0
vn -0.98983 0.13537 0.04383
vn -0.99696 0.07789 0
vn -0.99209 -0.12555 0
vn -0.92579 -0.37804 0
vn -0.7964 -0.60477 0
vn -0.61274 -0.79029 0
vn -0.38732 -0.92195 0
vn -0.20736 -0.97827 0
vn -0.13537 -0.98982 0.04382
vn -0.0779 -0.99696 -0
vn 0.7964 0.60477 0
vn 0.60481 -0.79637 0
vn 0.12558 -0.99208 0
vn -0.7964 -0.60477 -0
vn -0.60474 0.79643 0
vn -0.37805 0.92579 0
vn -0.12558 0.99208 0
vn 0.99078 -0.13549 0
vn -0.38735 -0.92193 -0
vn -0.61272 -0.7903 -0
vn -0.99209 -0.12553 -0
vn -0.99078 0.13551 0
vn -0.79027 0.61276 0
vn -0.60481 0.79637 0
vn -0.378 0.92581 0
vn 0.38735 0.92193 0
vn 0.61272 0.7903 0
vn 0.57355 -0.81917 0
vn 0.34944 -0.93696 -0
vn 0.10291 -0.99469 -0
vn -0.15017 -0.98866 -0
vn -0.39365 -0.91926 -0
vn -0.61191 -0.79092 -0
vn -0.79093 -0.61191 -0
vn -0.91926 -0.39366 -0
vn -0.98866 -0.15018 -0
vn -0.99469 0.10293 -0
vn -0.93696 0.34944 -0
vn -0.81917 0.57355 -0
vn 0.9848 -0.17368 0
vn 0.90962 -0.41544 -0
vn 0.77613 -0.63058 -0
vn 0.5929 -0.80528 -0
vn 0.37167 -0.92837 -0
vn 0.12659 -0.99196 -0
vn 0.12659 -0.99196 0
vn -0.12659 -0.99196 -0
vn -0.12659 -0.99196 0
vn -0.37167 -0.92837 -0
vn -0.5929 -0.80528 -0
vn -0.77613 -0.63058 -0
vn -0.90962 -0.41544 -0
vn -0.9848 -0.17368 -0
vn 0.81917 0.57355 -0
vn 0.93696 0.34944 0
vn 0.99469 0.10293 0
vn 0.98866 -0.15018 -0
vn 0.91926 -0.39366 -0
vn 0.79093 -0.61191 -0
vn 0.61191 -0.79092 -0
vn 0.39365 -0.91926 -0
vn 0.15017 -0.98866 -0
vn -0.10291 -0.99469 -0
vn -0.34944 -0.93696 -0
vn -0.57355 -0.81917 -0
vn 0.17366 0.98481 -0
vn 0.41544 0.90962 0
vn 0.63058 0.77613 0
vn 0.80528 0.59289 0
vn 0.92837 0.37166 0
vn 0.99196 0.12659 0
vn 0.99196 -0.12659 -0
vn 0.92837 -0.37165 -0
vn 0.80527 -0.5929 -0
vn 0.63058 -0.77613 -0
vn 0.41544 -0.90962 -0
vn 0.17368 -0.9848 -0
vn -0.56556 -0.42948 0.70405
vn -0.65744 -0.26846 0.70406
vn -0.65743 -0.26846 0.70407
vn -0.70452 -0.08916 0.70406
vn -0.70452 -0.08916 0.70407
vn -0.70359 0.09623 0.70406
vn -0.70359 0.09623 0.70406
vn -0.65471 0.27505 0.70406
vn -0.65472 0.27505 0.70405
vn -0.56123 0.43514 0.70404
vn -0.56121 0.43512 0.70407
vn -0.42947 0.56555 0.70407
vn -0.42949 0.56557 0.70404
vn -0.26847 0.65747 0.70403
vn -0.26847 0.65745 0.70405
vn -0.08916 0.70453 0.70405
vn -0.08916 0.70453 0.70405
vn 0.09623 0.7036 0.70405
vn 0.09623 0.70359 0.70406
vn 0.27505 0.65472 0.70406
vn 0.27505 0.65472 0.70405
vn 0.43513 0.56122 0.70405
vn 0.43513 0.56122 0.70405
vn 0.56556 0.42947 0.70405
vn 0.56554 0.42946 0.70408
vn 0.65743 0.26846 0.70407
vn 0.65743 0.26846 0.70407
vn 0.70452 0.08916 0.70406
vn 0.70452 0.08916 0.70406
vn 0.70359 -0.09622 0.70406
vn 0.70359 -0.09623 0.70406
vn 0.65471 -0.27505 0.70406
vn 0.65471 -0.27505 0.70406
vn 0.56121 -0.43513 0.70407
vn 0.56121 -0.43512 0.70407
vn 0.42947 -0.56555 0.70407
vn 0.42949 -0.56557 0.70404
vn 0.26847 -0.65747 0.70403
vn 0.26847 -0.65745 0.70405
vn 0.08916 -0.70453 0.70405
vn 0.08915 -0.70449 0.70409
vn -0.09622 -0.70356 0.70409
vn -0.09623 -0.70359 0.70406
vn -0.27505 -0.65472 0.70406
vn -0.27505 -0.65472 0.70405
vn -0.43513 -0.56122 0.70405
vn -0.43513 -0.56122 0.70405
vn -0.56556 -0.42948 0.70405
vn -0.57355 0.81917 0
vn -0.34942 0.93696 -0
vn -0.10293 0.99469 -0
vn 0.15015 0.98866 0
vn 0.39367 0.91925 0
vn 0.61191 0.79092 0
vn 0.79093 0.61191 0
vn 0.91925 0.39366 0
vn 0.98866 0.15018 0
vn 0.99469 -0.10293 -0
vn 0.93696 -0.34943 -0
vn 0.81917 -0.57355 -0
vn -0.17368 -0.9848 0
vn -0.41544 -0.90962 -0
vn -0.63058 -0.77613 -0
vn -0.80527 -0.5929 -0
vn -0.92837 -0.37165 -0
vn -0.99196 -0.12659 -0
vn -0.99196 0.12659 -0
vn -0.92837 0.37166 -0
vn -0.80528 0.59289 -0
vn -0.63058 0.77613 -0
vn -0.41544 0.90962 -0
vn -0.17366 0.98481 -0
vn -0.81917 -0.57355 0
vn -0.93696 -0.34943 -0
vn -0.99469 -0.10293 -0
vn -0.98866 0.15018 -0
vn -0.91925 0.39366 -0
vn -0.79093 0.61191 -0
vn -0.61191 0.79092 -0
vn -0.39367 0.91925 -0
vn -0.15015 0.98866 -0
vn 0.10293 0.99469 0
vn 0.34942 0.93696 0
vn 0.57355 0.81917 0
vn -0.9848 0.17368 0
vn -0.90962 0.41544 -0
vn -0.77613 0.63058 -0
vn -0.5929 0.80528 -0
vn -0.37164 0.92838 -0
vn -0.12659 0.99196 -0
vn -0.12659 0.99196 -0
vn 0.12659 0.99196 0
vn 0.12659 0.99196 0
vn 0.37164 0.92838 0
vn 0.5929 0.80528 0
vn 0.77613 0.63058 0
vn 0.90962 0.41544 0
vn 0.9848 0.17368 0
vn 0.60477 -0.7964 0
vn 0.37805 -0.92579 0
vn 0.12552 -0.99209 0
vn -0.79642 -0.60474 -0
vn -0.99209 -0.12554 -0
vn -0.92578 -0.37805 -0
vn -0.3873 -0.92195 -0
vn -0.61276 -0.79027 -0
vn 0.3873 0.92195 0
vn 0.61276 0.79027 0
vn 0.12558 -0.99208 0
vn -0.60477 0.7964 0
vn -0.12552 0.99209 0
vn 0.9258 0.37802 0
vn 0.99078 -0.13551 0
vn 0.79031 -0.61271 0
vn 0.60474 -0.79643 0
vn 0.3781 -0.92577 0
vn 0.12547 -0.9921 0
vn -0.38725 -0.92197 -0
vn -0.61279 -0.79025 -0
vn -0.60481 0.79637 0
vn -0.378 0.92581 0
vn -0.12552 0.99209 0
vn 0.9258 0.37801 0
vn 0.92193 -0.38735 0
vn 0.60474 -0.79643 0
vn 0.3781 -0.92577 0
vn 0.12547 -0.9921 0
vn 0.81041 -0.58587 0
vn 0.92024 -0.39136 0
vn 0.98413 -0.17745 0
vn 0.99897 0.04533 -0
vn 0.96402 0.26584 -0
vn 0.88098 0.47315 -0
vn 0.95751 0.28841 -0
vn 0.86965 0.49366 -0
vn 0.73841 0.67435 -0
vn 0.57041 0.82136 -0
vn 0.37399 0.92743 -0
vn 0.15884 0.9873 -0
vn -0.1474 -0.98908 -0
vn -0.98908 -0.1474 0
vn 0.9848 -0.17368 0
vn 0.90962 -0.41545 -0
vn 0.77613 -0.63057 -0
vn 0.59289 -0.80528 -0
vn 0.37167 -0.92836 -0
vn 0.12657 -0.99196 -0
vn 0.12657 -0.99196 0
vn -0.12657 -0.99196 -0
vn -0.12657 -0.99196 0
vn -0.37167 -0.92836 -0
vn -0.59289 -0.80528 -0
vn -0.77613 -0.63057 -0
vn -0.90962 -0.41545 -0
vn -0.9848 -0.17368 -0
vn 0.98908 -0.1474 0
vn 0.1474 -0.98908 0
vn 0.17366 0.98481 -0
vn 0.41546 0.90961 0
vn 0.63056 0.77614 0
vn 0.80528 0.5929 0
vn 0.92837 0.37165 0
vn 0.99196 0.12659 0
vn 0.99196 -0.12659 -0
vn 0.92837 -0.37165 -0
vn 0.80528 -0.5929 -0
vn 0.63058 -0.77613 -0
vn 0.41544 -0.90962 -0
vn 0.17368 -0.9848 -0
vn 0.14741 0.98908 0
vn 0.98908 0.1474 -0
vn -0.9848 0.17368 0
vn -0.90962 0.41544 -0
vn -0.77613 0.63057 -0
vn -0.59291 0.80527 -0
vn -0.37162 0.92838 -0
vn -0.1266 0.99195 -0
vn -0.1266 0.99195 -0
vn 0.1266 0.99195 0
vn 0.1266 0.99195 0
vn 0.37162 0.92838 0
vn 0.59291 0.80527 0
vn 0.77613 0.63057 0
vn 0.90962 0.41544 0
vn 0.9848 0.17368 0
vn -0.98908 0.1474 0
vn -0.14741 0.98908 0
vn -0.17368 -0.9848 0
vn -0.41544 -0.90962 -0
vn -0.63058 -0.77613 -0
vn -0.80528 -0.5929 -0
vn -0.92837 -0.37165 -0
vn -0.99196 -0.12659 -0
vn -0.99196 0.12659 -0
vn -0.92837 0.37165 -0
vn -0.80528 0.5929 -0
vn -0.63056 0.77614 -0
vn -0.41546 0.90961 -0
vn -0.17366 0.98481 -0
vn 0.7964 0.60477 0
vn 0.92579 0.37804 0
vn 0.99209 0.12555 0
vn 0.92195 -0.38732 0
vn 0.79029 -0.61274 0
vn 0.60477 -0.7964 0
vn 0.37804 -0.92579 0
vn 0.12555 -0.99209 0
vn -0.1355 -0.99078 -0
vn -0.38732 -0.92195 -0
vn -0.61274 -0.79029 -0
vn -0.7964 -0.60477 -0
vn -0.92579 -0.37804 -0
vn -0.99209 -0.12555 -0
vn -0.99078 0.1355 0
vn -0.92195 0.38732 0
vn -0.79029 0.61274 0
vn -0.60477 0.7964 0
vn -0.37804 0.92579 0
vn -0.12554 0.99209 0
vn 0.1355 0.99078 0
vn 0.38732 0.92195 0
vn 0.61274 0.79029 0
vn -0.61274 -0.79028 0
vn 0.91199 0.38633 -0.13792
vn 0.92121 0.37617 -0.0993
vn 0.94966 0.31254 -0.02166
vn 0.96324 0.26866 -0
vn 0.99209 0.12555 0
vn 0.99078 -0.1355 0
vn 0.92195 -0.38732 0
vn 0.79029 -0.61274 0
vn 0.8029 -0.5815 -0.13116
vn 0.7264 -0.68727 -0
vn 0.60477 -0.7964 0
vn 0.37804 -0.92579 0
vn 0.12555 -0.99209 0
vn -0.13551 -0.99078 -0
vn -0.38731 -0.92195 -0
vn -0.35365 -0.92602 -0.13197
vn -0.47564 -0.87964 -0
vn -0.73327 -0.67994 0
vn -0.7925 -0.60181 -0.09888
vn -0.81575 -0.57841 -0
vn -0.92579 -0.37804 -0
vn -0.89218 -0.41308 -0.18267
vn -0.95453 -0.29811 -0
vn -0.99209 -0.12555 -0
vn -0.99078 0.1355 0
vn -0.96049 0.27832 0
vn -0.94647 0.32205 -0.02166
vn -0.91529 0.38452 -0.11993
vn -0.91341 0.3978 -0.08625
vn -0.87963 0.47565 -0
vn -0.79029 0.61274 0
vn -0.60477 0.7964 0
vn -0.46679 0.88437 -0
vn -0.37617 0.92121 -0.09931
vn -0.38633 0.91199 -0.13793
vn -0.31252 0.94966 -0.02165
vn -0.26868 0.96323 -0
vn -0.12555 0.99209 0
vn 0.1355 0.99078 0
vn 0.27834 0.96048 -0
vn 0.32205 0.94647 -0.02165
vn 0.38452 0.91529 -0.11992
vn 0.3978 0.91341 -0.08626
vn 0.47566 0.87963 -0
vn 0.61274 0.79029 0
vn 0.7964 0.60477 0
vn 0.88437 0.46679 0
vn -0.61271 -0.79031 0
vn -0.38725 -0.92197 0
vn -0.13556 -0.99077 0
vn 0.12551 -0.99209 0
vn 0.3781 -0.92577 0
vn 0.60475 -0.79642 0
vn 0.79028 -0.61275 0
vn 0.92194 -0.38733 0
vn 0.99078 -0.1355 0
vn 0.99209 0.12555 -0
vn 0.92579 0.37803 -0
vn 0.61271 0.79031 -0
vn 0.38736 0.92193 -0
vn 0.13556 0.99077 -0
vn -0.12564 0.99208 0
vn -0.37798 0.92581 0
vn -0.60483 0.79635 0
vn -0.79028 0.61275 0
vn -0.92194 0.38733 0
vn -0.99078 0.1355 0
vn -0.99209 -0.12555 0
vn -0.92578 -0.37807 0
vn -0.79645 -0.60471 0
vn -0.61275 -0.79028 0
vn -0.3873 -0.92195 0
vn -0.13549 -0.99078 0
vn 0.12551 -0.99209 0
vn 0.37804 -0.92579 0
vn 0.60479 -0.79639 0
vn 0.79028 -0.61275 0
vn 0.92195 -0.38731 0
vn 0.99078 -0.13551 0
vn 0.99209 0.12554 -0
vn 0.92578 0.37805 -0
vn 0.79642 0.60474 -0
vn 0.61271 0.79031 -0
vn 0.38731 0.92195 -0
vn 0.13556 0.99077 -0
vn -0.12558 0.99208 0
vn -0.37804 0.92579 0
vn -0.60479 0.79638 0
vn -0.79028 0.61275 0
vn -0.92194 0.38733 0
vn -0.99078 0.1355 0
vn -0.99209 -0.12555 0
vn -0.92578 -0.37805 0
vn -0.7964 -0.60477 0
vn -0.61275 -0.79028 0
vn -0.38731 -0.92195 0
vn -0.13549 -0.99078 0
vn 0.37804 -0.92579 0
vn 0.7903 -0.61272 0
vn 0.92578 0.37805 -0
vn 0.61275 0.79028 -0
vn 0.38731 0.92195 -0
vn 0.13549 0.99078 -0
vn -0.12551 0.99209 0
vn -0.37804 0.92579 0
vn -0.60479 0.79639 0
vn -0.92195 0.38731 0
vn -0.99209 -0.12555 0
vn -0.92579 -0.37803 0
vn -0.38731 -0.92195 0
vn -0.13549 -0.99078 0
vn 0.60479 -0.79638 0
vn 0.79028 -0.61275 0
vn 0.99209 0.12555 -0
vn 0.79642 0.60474 -0
vn 0.3873 0.92195 -0
vn 0.13556 0.99077 -0
vn -0.60479 0.79639 0
vn -0.79028 0.61275 0
vn -0.99209 -0.12554 0
vn -0.7964 -0.60477 0
vn 0.95468 -0.29763 0
vn 0.86672 -0.49879 -0
vn 0.73701 -0.67588 -0
vn 0.57179 -0.8204 -0
vn 0.37894 -0.92542 -0
vn 0.16793 -0.9858 -0
vn 0.88095 -0.47321 0
vn 0.95754 -0.28831 0
vn 0.8158 0.57834 -0
vn 0.92233 0.3864 0
vn 0.98442 0.17583 0
vn 0.99907 -0.04322 -0
vn 0.96556 -0.26018 -0
vn 0.88551 -0.46462 -0
vn -0.5652 -0.82495 0
vn -0.3416 -0.93984 0
vn -0.09653 -0.99533 0
vn 0.15478 -0.98795 0
vn 0.3962 -0.91816 0
vn 0.61263 -0.79037 0
vn 0.79037 -0.61263 0
vn 0.91816 -0.39621 0
vn 0.98796 -0.15474 0
vn 0.99533 0.09649 -0
vn 0.93983 0.34164 -0
vn 0.82496 0.5652 -0
vn 0.46456 -0.88554 0
vn 0.26019 -0.96556 -0
vn 0.04326 -0.99906 -0
vn -0.17585 -0.98442 -0
vn -0.38636 -0.92235 -0
vn -0.57838 -0.81577 -0
vn 0.28831 -0.95754 0
vn 0.47322 -0.88095 0
vn 0.9858 -0.1679 0
vn 0.92541 -0.37898 -0
vn 0.82041 -0.57177 -0
vn 0.67588 -0.73701 -0
vn 0.49877 -0.86674 -0
vn 0.29766 -0.95467 -0
vn -0.98299 -0.18368 0
vn -0.90614 -0.42297 0
vn -0.77204 -0.63557 0
vn -0.58916 -0.80802 0
vn -0.36907 -0.9294 0
vn -0.12568 -0.99207 0
vn -0.12568 -0.99207 -0
vn 0.12568 -0.99207 0
vn 0.12568 -0.99207 -0
vn 0.36907 -0.9294 0
vn 0.58916 -0.80802 0
vn 0.77204 -0.63557 0
vn 0.90614 -0.42297 0
vn 0.98299 -0.18368 0
vn -0.29766 -0.95467 0
vn -0.49877 -0.86674 -0
vn -0.67588 -0.73701 -0
vn -0.82041 -0.57177 -0
vn -0.92541 -0.37898 -0
vn -0.9858 -0.1679 -0
vn -0.47322 -0.88095 0
vn -0.28831 -0.95754 0
vn 0.57838 -0.81577 0
vn 0.38636 -0.92235 -0
vn 0.17585 -0.98442 -0
vn -0.04326 -0.99906 -0
vn -0.26019 -0.96556 -0
vn -0.46456 -0.88554 -0
vn -0.82496 0.5652 0
vn -0.93983 0.34164 0
vn -0.99533 0.09649 0
vn -0.98796 -0.15474 0
vn -0.91816 -0.39621 0
vn -0.79037 -0.61263 0
vn -0.61263 -0.79037 0
vn -0.3962 -0.91816 0
vn -0.15478 -0.98795 0
vn 0.09653 -0.99533 0
vn 0.3416 -0.93984 0
vn 0.5652 -0.82495 0
vn -0.88551 -0.46462 0
vn -0.96556 -0.26018 -0
vn -0.99907 -0.04322 -0
vn -0.98442 0.17583 -0
vn -0.92233 0.3864 -0
vn -0.8158 0.57834 -0
vn -0.88095 -0.47321 -0
vn -0.95003 -0.31214 -0
vn -0.95746 -0.28829 0.01281
vn -0.9765 -0.21551 0
vn -0.16793 -0.9858 0
vn -0.37894 -0.92542 -0
vn -0.57179 -0.8204 -0
vn -0.73701 -0.67588 -0
vn -0.86672 -0.49879 -0
vn -0.95468 -0.29763 -0
vn -0.18367 0.98299 0
vn -0.42298 0.90614 0
vn -0.63559 0.77203 0
vn -0.808 0.58918 0
vn -0.9294 0.36907 0
vn -0.99207 0.12568 0
vn -0.99207 -0.12568 0
vn -0.9294 -0.36907 0
vn -0.808 -0.58918 0
vn -0.63559 -0.77203 0
vn -0.42298 -0.90614 0
vn -0.17222 -0.98506 -0
vn -0.18367 -0.98299 0.00109
vn -0.29472 -0.95558 0
vn -0.95468 0.29763 0
vn -0.86672 0.49879 -0
vn -0.73701 0.67588 -0
vn -0.57179 0.8204 -0
vn -0.37894 0.92542 -0
vn -0.16793 0.9858 -0
vn -0.88095 0.47321 0
vn -0.95754 0.28831 0
vn 0.7071 -0.70711 0
vn 0.7071 0.70711 0
vn 0.5 0.5 0.7071
vn 0.5 0.5 0.70711
vn 0.7071 -0 0.70711
vn -0 0.70711 0.7071
vn 0.5 -0.5 0.7071
vn 0.5 -0.5 0.70711
vn -0.5 0.5 0.7071
vn -0.5 0.5 0.70711
vn 0 -0.70711 0.7071
vn -0.7071 0 0.70711
vn -0.5 -0.5 0.70711
vn -0.5 -0.5 0.70711
vn -0.7071 0 0.70711
vn 0 0.7071 0.70711
vn 0.7071 0 0.70711
vn -0.70711 -0.70711 -0
vn 0.70711 0.70711 0
vn -0.70711 0.70711 0
vn -0.7071 -0.70711 -0
vn 0.7071 -0.70711 0
vn -0.70711 0.70711 0
vn 0.43513 0.56122 -0.70406
vn 0.27505 0.65472 -0.70405
vn 0.27505 0.65471 -0.70406
vn 0.09623 0.70359 -0.70406
vn 0.09623 0.70359 -0.70406
vn -0.08916 0.70452 -0.70406
vn -0.08916 0.70453 -0.70406
vn -0.26846 0.65744 -0.70406
vn -0.26847 0.65746 -0.70404
vn -0.42949 0.56557 -0.70404
vn -0.42946 0.56554 -0.70408
vn -0.5612 0.43512 -0.70407
vn -0.56122 0.43514 -0.70405
vn -0.65472 0.27505 -0.70406
vn -0.65471 0.27505 -0.70406
vn -0.70359 0.09622 -0.70406
vn -0.70359 0.09622 -0.70406
vn -0.70451 -0.08915 -0.70407
vn -0.70452 -0.08916 -0.70407
vn -0.65743 -0.26846 -0.70407
vn -0.65744 -0.26846 -0.70406
vn -0.56556 -0.42947 -0.70406
vn -0.56556 -0.42947 -0.70406
vn -0.43513 -0.56122 -0.70406
vn -0.43513 -0.56122 -0.70406
vn -0.27505 -0.65472 -0.70405
vn -0.27505 -0.65471 -0.70406
vn -0.09623 -0.70359 -0.70406
vn -0.09622 -0.70356 -0.70409
vn 0.08915 -0.70449 -0.70409
vn 0.08916 -0.70453 -0.70406
vn 0.26846 -0.65744 -0.70406
vn 0.26847 -0.65746 -0.70404
vn 0.42948 -0.56557 -0.70404
vn 0.42946 -0.56554 -0.70408
vn 0.5612 -0.43512 -0.70407
vn 0.56121 -0.43512 -0.70407
vn 0.6547 -0.27505 -0.70407
vn 0.65471 -0.27505 -0.70406
vn 0.70359 -0.09622 -0.70406
vn 0.70358 -0.09622 -0.70407
vn 0.70452 0.08916 -0.70407
vn 0.70452 0.08916 -0.70407
vn 0.65743 0.26846 -0.70407
vn 0.65743 0.26846 -0.70407
vn 0.56554 0.42946 -0.70408
vn 0.56556 0.42947 -0.70406
vn 0.43513 0.56122 -0.70406
vn 0.99276 -0.07757 -0.09172
vn -0.07757 -0.99276 -0.09171
vn -0.1355 -0.99078 -0
vn -0.99276 0.07756 -0.09172
vn -0.99078 0.1355 -0
vn 0.07757 0.99276 -0.09171
vn 0.1355 0.99078 -0
vn 0.99078 -0.1355 0
vn 0.75478 0 0.65598
vn 0.77548 3E-05 0.63137
vn 0.77548 0.00387 0.63136
vn 0.95307 -0 0.30276
vn 0.83177 -1E-05 0.55512
vn 0.87354 1E-05 0.48675
vn 0.90906 0.00507 0.41664
vn 0.90907 -0.00072 0.41664
vn 0.92788 -0.00812 0.3728
vn 0.87354 -1E-05 0.48675
vn -0.75478 0 0.65598
vn -0.77548 -3E-05 0.63137
vn -0.77548 -0.00387 0.63136
vn -0.95307 0 0.30276
vn -0.83177 1E-05 0.55512
vn -0.87354 -1E-05 0.48675
vn -0.90906 -0.00507 0.41664
vn -0.90907 0.00072 0.41664
vn -0.92788 0.00812 0.3728
vn -0.87354 1E-05 0.48675
vn 0.98452 0 0.17528
vn 0.92637 0.00046 0.37661
vn 0.82782 -0.01441 0.56081
vn 0.5923 0 0.80572
vn 0.37124 0 0.92854
vn 0.12644 0 0.99197
vn -0.12644 0 0.99197
vn -0.37124 0 0.92854
vn -0.5923 0 0.80572
vn -0.82782 0.01441 0.56081
vn -0.92637 -0.00046 0.37661
vn -0.98452 0 0.17528
vn -0 -0.13053 -0.99144
vn -0 -0.38268 -0.92388
vn -0 -0.79335 -0.60876
vn -0 -0.92388 -0.38268
vn -0 -0.99145 -0.13052
vn 0 -0.99145 0.13052
vn 0 -0.92388 0.38268
vn 0 -0.79335 0.60876
vn 0 -0.38268 0.92388
vn 0 -0.13053 0.99144
vn 0 0.13053 0.99144
vn 0 0.38268 0.92388
vn 0 0.60876 0.79335
vn 0 0.79335 0.60876
vn 0 0.92388 0.38268
vn 0 0.99144 0.13053
vn 0 0.99144 -0.13053
vn 0 0.92388 -0.38268
vn 0 0.79335 -0.60876
vn 0 0.60876 -0.79335
vn 0 0.38268 -0.92388
vn 0 0.13053 -0.99144
vn 0 0.86603 -0.5
vn 0 -0.86603 -0.5
vn 0 -0.86603 0.5
vn -0 -0.86603 0.5
vn 0 -0.86603 0.5
vn -0 0.86603 0.5
vn 0 0.86603 0.5
vn -0 0.86602 0.5
vn 0 -0.86603 0.5
vn 0 -0.86603 0.5
vn -0 0.86603 0.5
vn -0 0.86603 0.5
vn -0.70711 -0.70711 0
vn 0.70711 -0.70711 0
vn -0.5 0 0.86603
vn 0.5 -0 0.86603
vn 0.5 0 -0.86603
vn -0.5 0 -0.86603
vn -0.13053 0 0.99144
vn -0.13053 -0 0.99144
vn -0.38268 0 0.92388
vn -0.79335 0 0.60876
vn -0.92388 0 0.38268
vn -0.99144 -0 -0.13053
vn -0.92388 -0 -0.38268
vn -0.79335 -0 -0.60876
vn -0.38268 -0 -0.92388
vn -0.13053 -0 -0.99144
vn 0.13053 0 -0.99144
vn 0.38268 0 -0.92388
vn 0.79335 0 -0.60876
vn 0.92388 0 -0.38268
vn 0.99144 0 -0.13053
vn 0.92388 0 0.38268
vn 0.79335 0 0.60876
vn 0.38268 0 0.92388
vn 0.13053 0 0.99144
vn 0.13053 -0 0.99144
vn -0.99144 -0.13053 0
vn -0.79335 -0.60876 0
vn -0.60876 -0.79335 0
vn -0.38268 -0.92388 0
vn -0.13053 -0.99144 0
vn 0.13053 -0.99144 0
vn 0.38268 -0.92388 0
vn 0.60876 -0.79335 0
vn 0.79336 -0.60876 0
vn 0.99144 -0.13053 0
vn 0.79335 0.60876 -0
vn 0.60876 0.79335 -0
vn 0.38268 0.92388 -0
vn 0.13053 0.99144 -0
vn -0.13053 0.99144 0
vn -0.38268 0.92388 0
vn -0.60876 0.79335 0
vn -0.79335 0.60876 0
vn -0.79336 -0.60876 0
vn -0.13053 -0.99144 0
vn 0.13053 -0.99144 0
vn 0.79335 -0.60876 0
vn 0.79335 0.60876 -0
vn 0.13053 0.99144 -0
vn -0.13053 0.99144 0
vn -0.79335 0.60876 0
vn -0.99144 -0.13053 0
vn -0.92388 -0.38269 0
vn 0.92387 -0.3827 0
vn 0.99145 -0.13052 0
vn -0.99145 -0.13052 0
vn -0.92387 -0.3827 0
vn 0.92388 -0.38269 0
vn 0.99144 -0.13053 0
vn 0.99144 0 0.13053
vn 0.92388 0 0.38268
vn 0.79335 0 0.60876
vn 0.60876 0 0.79335
vn 0.38268 0 0.92388
vn 0.13053 0 0.99144
vn 0.13053 -0 0.99144
vn -0.13053 0 0.99144
vn -0.13053 0 0.99144
vn -0.38268 -0 0.92388
vn -0.60876 -0 0.79335
vn -0.79335 -0 0.60876
vn -0.92388 -0 0.38268
vn -0.99144 -0 0.13053
vn -0.99144 -0 -0.13053
vn -0.92388 -0 -0.38268
vn -0.79335 -0 -0.60876
vn -0.60876 -0 -0.79335
vn -0.38268 -0 -0.92388
vn -0.13053 -0 -0.99144
vn 0.13053 -0 -0.99144
vn 0.38268 -0 -0.92388
vn 0.60876 -0 -0.79335
vn 0.79335 -0 -0.60876
vn 0.92388 -0 -0.38268
vn 0.99144 -0 -0.13053
vn -0.99144 -0 -0.13053
vn -0.92388 -0 -0.38268
vn -0.38268 -0 -0.92388
vn -0.13053 -0 -0.99144
vn -0.13053 -0 -0.99144
vn 0.13053 0 -0.99144
vn 0.13053 -0 -0.99144
vn 0.38268 0 -0.92388
vn 0.92388 0 -0.38268
vn 0.99144 0 -0.13053
vn 0.99144 0 0.13053
vn 0.92388 0 0.38268
vn 0.38268 0 0.92388
vn -0.38268 0 0.92388
vn -0.92388 0 0.38268
vn -0.99144 0 0.13053
vn -0 -1 -0
vn -0 -1 -0
vn -0 -1 -0
vn -0 -1 0
vn -0 -1 -0
vn -0 -1 -0
vn -0 -1 -0
vn -0 -1 -0
vn -0 -1 -0
vn -0 -1 -0
vn -0 -1 0
vn -0 -1 0
vn -0 -1 0
vn -0 -1 0
vn -0 -1 0
vn -0 -1 0
vn -0 -1 0
vn -0 -1 0
vn -0 -1 0
vn -0 -1 -0
vn -0 -1 -0
vn -0 -1 0
vn -0 -1 0
vn -0.90907 0 0.41664
vn -0.77548 0 0.63137
vn 0.77548 -0 0.63137
vn 0.90907 -0 0.41664
f 1//1 2//1 3//1
f 2//1 4//1 3//1
f 3//1 4//1 5//1
f 6//1 7//1 8//1
f 7//1 9//1 8//1
f 8//1 9//1 10//1
f 11//2 12//2 13//2
f 12//2 14//2 13//2
f 13//2 14//2 15//2
f 16//3 8//3 17//3
f 8//3 18//3 17//3
f 19//3 20//3 13//3
f 20//3 21//3 13//3
f 13//3 21//3 22//3
f 22//3 23//3 13//3
f 23//3 24//3 13//3
f 13//3 24//3 8//3
f 24//3 25//3 8//3
f 8//3 25//3 18//3
f 15//3 26//3 13//3
f 26//3 27//3 13//3
f 13//3 27//3 19//3
f 16//3 28//3 8//3
f 28//3 29//3 8//3
f 8//3 29//3 6//3
f 29//3 30//3 6//3
f 30//3 31//3 6//3
f 31//3 32//3 6//3
f 6//3 32//3 33//3
f 34//3 35//3 15//3
f 35//3 36//3 15//3
f 15//3 36//3 26//3
f 33//3 37//3 6//3
f 37//3 38//3 6//3
f 6//3 38//3 15//3
f 38//3 39//3 15//3
f 15//3 39//3 34//3
f 11//4 40//4 41//4
f 2//5 1//5 42//5
f 1//6 43//6 42//6
f 42//6 43//6 44//6
f 42//5 45//5 2//5
f 45//7 46//7 2//7
f 2//7 46//7 4//7
f 46//8 47//8 4//8
f 4//8 47//8 5//8
f 48//4 49//4 10//4
f 10//9 9//9 12//9
f 9//10 7//10 12//10
f 12//10 7//10 14//10
f 7//11 6//11 14//11
f 14//11 6//11 15//11
f 12//9 11//9 10//9
f 11//4 41//4 10//4
f 10//4 41//4 48//4
f 41//12 50//12 48//12
f 48//12 50//12 51//12
f 50//13 52//13 51//13
f 51//13 52//13 53//13
f 52//14 54//14 53//14
f 53//14 54//14 55//14
f 54//15 43//15 55//15
f 55//15 43//15 56//15
f 43//6 1//6 56//6
f 56//6 1//6 57//6
f 58//16 57//16 3//16
f 57//16 1//16 3//16
f 49//17 59//17 10//17
f 59//17 8//17 10//17
f 47//2 46//2 60//2
f 46//2 45//2 60//2
f 60//2 45//2 42//2
f 11//17 13//17 40//17
f 13//17 61//17 40//17
f 60//16 42//16 62//16
f 42//16 44//16 62//16
f 63//18 24//18 64//18
f 24//18 23//18 64//18
f 64//19 23//19 65//19
f 23//19 22//19 65//19
f 65//20 22//20 66//20
f 22//20 21//20 66//20
f 66//21 21//21 67//21
f 21//21 20//21 67//21
f 67//22 20//22 68//22
f 20//22 19//22 68//22
f 68//23 19//23 69//23
f 19//23 27//23 69//23
f 69//24 27//24 70//24
f 27//24 26//24 70//24
f 70//25 26//25 71//25
f 26//25 36//25 71//25
f 71//26 36//26 72//26
f 36//26 35//26 72//26
f 72//27 35//27 73//27
f 35//27 34//27 73//27
f 73//28 34//28 74//28
f 34//28 39//28 74//28
f 74//29 39//29 75//29
f 39//29 38//29 75//29
f 75//30 38//30 76//30
f 38//30 37//30 76//30
f 76//31 37//31 77//31
f 37//31 33//31 77//31
f 77//32 33//32 78//32
f 33//32 32//32 78//32
f 78//33 32//33 79//33
f 32//33 31//33 79//33
f 79//34 31//34 80//34
f 31//34 30//34 80//34
f 80//35 30//35 81//35
f 30//35 29//35 81//35
f 81//36 29//36 82//36
f 29//36 28//36 82//36
f 82//37 28//37 83//37
f 28//37 16//37 83//37
f 83//38 16//38 84//38
f 16//38 17//38 84//38
f 84//39 17//39 85//39
f 17//39 18//39 85//39
f 85//40 18//40 86//40
f 18//40 25//40 86//40
f 86//41 25//41 63//41
f 25//41 24//41 63//41
f 87//42 88//42 89//42
f 88//42 90//42 89//42
f 89//43 90//43 91//43
f 90//43 92//43 91//43
f 91//44 92//44 93//44
f 92//44 94//44 93//44
f 93//21 94//21 95//21
f 94//21 96//21 95//21
f 95//45 96//45 97//45
f 96//45 98//45 97//45
f 97//23 98//23 99//23
f 98//23 100//23 99//23
f 99//24 100//24 101//24
f 100//24 102//24 101//24
f 101//46 102//46 103//46
f 102//46 104//46 103//46
f 103//26 104//26 105//26
f 104//26 106//26 105//26
f 105//47 106//47 107//47
f 106//47 108//47 107//47
f 107//48 108//48 109//48
f 108//48 110//48 109//48
f 109//49 110//49 111//49
f 110//49 112//49 111//49
f 111//50 112//50 113//50
f 112//50 114//50 113//50
f 113//51 114//51 115//51
f 114//51 116//51 115//51
f 115//52 116//52 117//52
f 116//52 118//52 117//52
f 117//33 118//33 119//33
f 118//33 120//33 119//33
f 119//53 120//53 121//53
f 120//53 122//53 121//53
f 121//35 122//35 123//35
f 122//35 124//35 123//35
f 123//36 124//36 125//36
f 124//36 126//36 125//36
f 125//54 126//54 127//54
f 126//54 128//54 127//54
f 127//38 128//38 129//38
f 128//38 130//38 129//38
f 129//55 130//55 131//55
f 130//55 132//55 131//55
f 131//56 132//56 133//56
f 132//56 134//56 133//56
f 133//57 134//57 87//57
f 134//57 88//57 87//57
f 125//58 127//58 135//58
f 133//58 87//58 135//58
f 97//58 99//58 136//58
f 107//58 137//58 105//58
f 137//58 103//58 105//58
f 107//58 109//58 137//58
f 109//58 111//58 137//58
f 137//58 111//58 138//58
f 111//58 113//58 138//58
f 113//58 115//58 138//58
f 138//58 115//58 117//58
f 117//58 119//58 138//58
f 119//58 121//58 138//58
f 138//58 121//58 135//58
f 121//58 123//58 135//58
f 135//58 123//58 125//58
f 135//58 87//58 136//58
f 87//58 89//58 136//58
f 136//58 89//58 91//58
f 136//58 99//58 137//58
f 99//58 101//58 137//58
f 137//58 101//58 103//58
f 127//58 129//58 135//58
f 129//58 131//58 135//58
f 135//58 131//58 133//58
f 91//58 93//58 136//58
f 93//58 95//58 136//58
f 136//58 95//58 97//58
f 62//59 137//59 60//59
f 137//59 138//59 60//59
f 60//59 138//59 3//59
f 138//59 58//59 3//59
f 139//1 140//1 61//1
f 140//1 141//1 61//1
f 54//1 142//1 143//1
f 144//1 62//1 145//1
f 62//1 44//1 145//1
f 145//1 44//1 143//1
f 44//1 43//1 143//1
f 143//1 43//1 54//1
f 141//1 146//1 61//1
f 146//1 147//1 61//1
f 61//1 147//1 40//1
f 147//1 148//1 40//1
f 40//1 148//1 41//1
f 148//1 149//1 41//1
f 41//1 149//1 50//1
f 149//1 142//1 50//1
f 50//1 142//1 52//1
f 142//1 54//1 52//1
f 136//1 137//1 150//1
f 137//1 62//1 150//1
f 150//1 62//1 151//1
f 62//1 144//1 151//1
f 152//2 153//2 154//2
f 153//2 59//2 154//2
f 154//2 59//2 155//2
f 59//2 156//2 155//2
f 51//2 157//2 158//2
f 156//2 59//2 159//2
f 59//2 49//2 159//2
f 159//2 49//2 158//2
f 49//2 48//2 158//2
f 158//2 48//2 51//2
f 138//2 135//2 58//2
f 135//2 160//2 58//2
f 51//2 53//2 157//2
f 53//2 55//2 157//2
f 157//2 55//2 161//2
f 55//2 56//2 161//2
f 161//2 56//2 162//2
f 56//2 57//2 162//2
f 162//2 57//2 163//2
f 57//2 58//2 163//2
f 163//2 58//2 164//2
f 58//2 160//2 164//2
f 70//58 71//58 140//58
f 76//58 152//58 75//58
f 152//58 140//58 75//58
f 75//58 140//58 74//58
f 76//58 77//58 152//58
f 77//58 78//58 152//58
f 152//58 78//58 79//58
f 139//58 68//58 140//58
f 68//58 69//58 140//58
f 140//58 69//58 70//58
f 71//58 72//58 140//58
f 72//58 73//58 140//58
f 140//58 73//58 74//58
f 79//58 80//58 152//58
f 80//58 81//58 152//58
f 152//58 81//58 153//58
f 81//58 82//58 153//58
f 82//58 83//58 153//58
f 83//58 84//58 153//58
f 153//58 84//58 85//58
f 85//58 86//58 153//58
f 86//58 63//58 153//58
f 153//58 63//58 139//58
f 63//58 64//58 139//58
f 139//58 64//58 65//58
f 65//58 66//58 139//58
f 66//58 67//58 139//58
f 139//58 67//58 68//58
f 135//60 136//60 160//60
f 136//60 150//60 160//60
f 160//61 150//61 164//61
f 150//61 151//61 164//61
f 164//62 151//62 163//62
f 151//62 144//62 163//62
f 163//63 144//63 162//63
f 144//63 145//63 162//63
f 162//64 145//64 161//64
f 145//64 143//64 161//64
f 161//65 143//65 157//65
f 143//65 142//65 157//65
f 157//66 142//66 158//66
f 142//66 149//66 158//66
f 158//67 149//67 159//67
f 149//67 148//67 159//67
f 159//68 148//68 156//68
f 148//68 147//68 156//68
f 156//69 147//69 155//69
f 147//69 146//69 155//69
f 155//70 146//70 154//70
f 146//70 141//70 154//70
f 154//71 141//71 152//71
f 141//71 140//71 152//71
f 8//72 59//72 153//72
f 8//72 153//72 13//72
f 153//72 139//72 13//72
f 13//72 139//72 61//72
f 102//3 100//3 60//3
f 134//3 5//3 88//3
f 5//3 47//3 88//3
f 88//3 47//3 90//3
f 114//3 112//3 3//3
f 134//3 132//3 5//3
f 132//3 130//3 5//3
f 5//3 130//3 128//3
f 60//3 100//3 47//3
f 100//3 98//3 47//3
f 47//3 98//3 96//3
f 96//3 94//3 47//3
f 94//3 92//3 47//3
f 47//3 92//3 90//3
f 128//3 126//3 5//3
f 126//3 124//3 5//3
f 5//3 124//3 3//3
f 124//3 122//3 3//3
f 3//3 122//3 120//3
f 3//3 112//3 60//3
f 112//3 110//3 60//3
f 60//3 110//3 108//3
f 120//3 118//3 3//3
f 118//3 116//3 3//3
f 3//3 116//3 114//3
f 108//3 106//3 60//3
f 106//3 104//3 60//3
f 60//3 104//3 102//3
f 165//73 166//73 167//73
f 166//73 168//73 167//73
f 167//74 168//74 169//74
f 168//74 170//74 169//74
f 169//75 170//75 171//75
f 170//75 172//75 171//75
f 171//76 172//76 173//76
f 172//76 174//76 173//76
f 175//77 176//77 177//77
f 176//77 178//77 177//77
f 177//78 178//78 179//78
f 178//78 180//78 179//78
f 179//79 180//79 181//79
f 180//79 182//79 181//79
f 181//80 182//80 183//80
f 182//80 184//80 183//80
f 185//81 186//81 187//81
f 186//81 188//81 187//81
f 187//82 188//82 189//82
f 188//82 190//82 189//82
f 189//83 190//83 191//83
f 190//83 192//83 191//83
f 191//84 192//84 193//84
f 192//84 194//84 193//84
f 193//85 194//85 195//85
f 194//85 196//85 195//85
f 197//86 198//86 199//86
f 197//86 199//86 200//86
f 199//87 201//87 200//87
f 200//87 201//87 202//87
f 201//88 203//88 202//88
f 202//88 203//88 204//88
f 203//89 205//89 204//89
f 204//89 205//89 206//89
f 207//90 208//90 209//90
f 208//90 210//90 209//90
f 209//91 210//91 211//91
f 210//91 212//91 211//91
f 211//92 212//92 213//92
f 212//92 214//92 213//92
f 213//93 214//93 215//93
f 214//93 216//93 215//93
f 217//94 218//94 219//94
f 217//94 219//94 220//94
f 219//95 221//95 220//95
f 220//95 221//95 222//95
f 221//96 223//96 222//96
f 222//96 223//96 224//96
f 223//97 225//97 224//97
f 224//97 225//97 226//97
f 227//2 228//2 229//2
f 228//2 230//2 229//2
f 229//2 230//2 231//2
f 232//2 233//2 234//2
f 233//2 235//2 234//2
f 234//2 235//2 236//2
f 235//2 237//2 236//2
f 236//2 237//2 238//2
f 237//2 239//2 238//2
f 238//2 239//2 240//2
f 239//2 231//2 240//2
f 240//2 231//2 241//2
f 231//2 230//2 241//2
f 242//72 243//72 244//72
f 243//72 245//72 244//72
f 244//72 245//72 246//72
f 245//72 247//72 246//72
f 248//2 249//2 250//2
f 249//2 251//2 250//2
f 250//2 251//2 252//2
f 251//2 253//2 252//2
f 252//2 253//2 254//2
f 253//2 255//2 254//2
f 254//2 255//2 256//2
f 255//2 257//2 256//2
f 256//2 257//2 258//2
f 257//2 259//2 258//2
f 258//2 259//2 260//2
f 259//2 261//2 260//2
f 260//2 261//2 262//2
f 261//2 263//2 262//2
f 262//2 263//2 264//2
f 263//2 265//2 264//2
f 266//98 267//98 268//98
f 269//99 270//99 271//99
f 270//100 272//100 271//100
f 272//101 273//101 271//101
f 273//102 274//102 271//102
f 271//103 274//103 275//103
f 274//104 276//104 275//104
f 275//105 276//105 277//105
f 276//106 278//106 277//106
f 277//106 278//106 279//106
f 279//107 278//107 280//107
f 278//108 281//108 280//108
f 280//109 281//109 282//109
f 281//110 283//110 282//110
f 282//111 283//111 284//111
f 285//112 286//112 287//112
f 287//113 288//113 285//113
f 288//114 289//114 285//114
f 285//115 289//115 284//115
f 289//116 290//116 284//116
f 284//111 290//111 282//111
f 291//117 292//117 286//117
f 292//118 293//118 286//118
f 286//119 293//119 287//119
f 291//120 294//120 292//120
f 294//121 295//121 292//121
f 292//122 295//122 296//122
f 295//123 297//123 296//123
f 296//124 297//124 268//124
f 297//125 298//125 268//125
f 268//126 298//126 266//126
f 299//127 300//127 301//127
f 301//128 300//128 267//128
f 300//129 302//129 267//129
f 267//130 302//130 268//130
f 299//131 301//131 303//131
f 301//132 304//132 303//132
f 303//132 304//132 305//132
f 304//133 306//133 305//133
f 305//133 306//133 307//133
f 306//134 308//134 307//134
f 307//134 308//134 309//134
f 310//135 311//135 312//135
f 311//136 313//136 312//136
f 312//137 313//137 314//137
f 313//138 309//138 314//138
f 314//139 309//139 315//139
f 309//140 308//140 315//140
f 316//2 317//2 318//2
f 317//2 319//2 318//2
f 318//2 319//2 320//2
f 319//2 321//2 320//2
f 320//2 321//2 322//2
f 321//2 323//2 322//2
f 322//2 323//2 324//2
f 323//2 325//2 324//2
f 324//2 325//2 326//2
f 325//2 327//2 326//2
f 326//2 327//2 328//2
f 327//2 329//2 328//2
f 328//2 329//2 330//2
f 329//2 331//2 330//2
f 330//2 331//2 332//2
f 331//2 333//2 332//2
f 332//2 333//2 334//2
f 333//2 335//2 334//2
f 334//2 335//2 336//2
f 335//2 337//2 336//2
f 338//141 339//141 340//141
f 339//141 341//141 340//141
f 340//142 341//142 342//142
f 341//142 343//142 342//142
f 342//143 343//143 344//143
f 343//143 345//143 344//143
f 344//144 345//144 346//144
f 345//144 347//144 346//144
f 346//145 347//145 348//145
f 347//145 349//145 348//145
f 348//146 349//146 350//146
f 349//146 351//146 350//146
f 350//147 351//147 352//147
f 351//147 353//147 352//147
f 352//148 353//148 354//148
f 353//148 355//148 354//148
f 354//149 355//149 356//149
f 355//149 357//149 356//149
f 356//150 357//150 358//150
f 357//150 359//150 358//150
f 358//151 359//151 360//151
f 359//151 361//151 360//151
f 360//152 361//152 362//152
f 361//152 363//152 362//152
f 362//153 363//153 364//153
f 363//153 365//153 364//153
f 364//154 365//154 366//154
f 365//154 367//154 366//154
f 366//155 367//155 368//155
f 367//155 369//155 368//155
f 368//156 369//156 370//156
f 369//156 371//156 370//156
f 370//157 371//157 372//157
f 371//157 373//157 372//157
f 372//158 373//158 374//158
f 373//158 375//158 374//158
f 374//159 375//159 376//159
f 375//159 377//159 376//159
f 376//160 377//160 378//160
f 377//160 379//160 378//160
f 378//161 379//161 380//161
f 379//161 381//161 380//161
f 380//162 381//162 382//162
f 381//162 383//162 382//162
f 382//163 383//163 384//163
f 383//163 385//163 384//163
f 384//164 385//164 338//164
f 385//164 339//164 338//164
f 386//165 387//165 388//165
f 387//166 389//166 388//166
f 388//167 389//167 390//167
f 389//167 391//167 390//167
f 390//168 391//168 392//168
f 391//168 393//168 392//168
f 392//169 393//169 394//169
f 393//169 395//169 394//169
f 394//170 395//170 396//170
f 395//170 397//170 396//170
f 396//171 397//171 398//171
f 397//171 399//171 398//171
f 398//172 399//172 400//172
f 399//172 401//172 400//172
f 400//173 401//173 402//173
f 401//173 403//173 402//173
f 402//174 403//174 404//174
f 403//174 405//174 404//174
f 404//175 405//175 406//175
f 405//175 407//175 406//175
f 406//176 407//176 408//176
f 407//176 409//176 408//176
f 408//177 409//177 410//177
f 409//178 411//178 410//178
f 410//179 411//179 412//179
f 411//180 413//180 412//180
f 412//181 413//181 414//181
f 413//181 415//181 414//181
f 414//182 415//182 416//182
f 415//182 417//182 416//182
f 416//183 417//183 418//183
f 417//183 419//183 418//183
f 418//184 419//184 420//184
f 419//184 421//184 420//184
f 420//185 421//185 422//185
f 421//185 423//185 422//185
f 422//186 423//186 424//186
f 423//186 425//186 424//186
f 424//187 425//187 426//187
f 425//187 427//187 426//187
f 426//188 427//188 428//188
f 427//188 429//188 428//188
f 428//189 429//189 430//189
f 429//189 431//189 430//189
f 430//190 431//190 432//190
f 431//190 433//190 432//190
f 432//191 433//191 386//191
f 433//192 387//192 386//192
f 434//193 435//193 436//193
f 435//193 437//193 436//193
f 436//194 437//194 438//194
f 437//194 439//194 438//194
f 438//195 439//195 440//195
f 439//195 441//195 440//195
f 440//196 441//196 442//196
f 441//196 443//196 442//196
f 442//197 443//197 444//197
f 443//197 445//197 444//197
f 444//198 445//198 446//198
f 445//198 447//198 446//198
f 446//199 447//199 448//199
f 447//199 449//199 448//199
f 448//200 449//200 450//200
f 449//200 451//200 450//200
f 450//201 451//201 452//201
f 451//201 453//201 452//201
f 452//202 453//202 454//202
f 453//202 455//202 454//202
f 454//203 455//203 456//203
f 455//203 457//203 456//203
f 456//204 457//204 458//204
f 457//204 459//204 458//204
f 458//205 459//205 460//205
f 459//205 461//205 460//205
f 460//206 461//206 462//206
f 461//206 463//206 462//206
f 462//207 463//207 464//207
f 463//207 465//207 464//207
f 464//208 465//208 466//208
f 465//208 467//208 466//208
f 466//209 467//209 468//209
f 467//209 469//209 468//209
f 468//210 469//210 470//210
f 469//210 471//210 470//210
f 470//211 471//211 472//211
f 471//211 473//211 472//211
f 472//212 473//212 474//212
f 473//212 475//212 474//212
f 474//213 475//213 476//213
f 475//213 477//213 476//213
f 476//214 477//214 478//214
f 477//214 479//214 478//214
f 478//215 479//215 480//215
f 479//215 481//215 480//215
f 480//216 481//216 434//216
f 481//216 435//216 434//216
f 482//217 483//217 484//217
f 483//166 485//166 484//166
f 484//218 485//218 486//218
f 485//218 487//218 486//218
f 486//219 487//219 488//219
f 487//219 489//219 488//219
f 488//169 489//169 490//169
f 489//169 491//169 490//169
f 490//170 491//170 492//170
f 491//170 493//170 492//170
f 492//171 493//171 494//171
f 493//171 495//171 494//171
f 494//220 495//220 496//220
f 495//220 497//220 496//220
f 496//221 497//221 498//221
f 497//221 499//221 498//221
f 498//174 499//174 500//174
f 499//174 501//174 500//174
f 500//222 501//222 502//222
f 501//222 503//222 502//222
f 502//223 503//223 504//223
f 503//223 505//223 504//223
f 504//177 505//177 506//177
f 505//224 507//224 506//224
f 506//225 507//225 508//225
f 507//180 509//180 508//180
f 508//226 509//226 510//226
f 509//226 511//226 510//226
f 510//227 511//227 512//227
f 511//227 513//227 512//227
f 512//183 513//183 514//183
f 513//183 515//183 514//183
f 514//228 515//228 516//228
f 515//228 517//228 516//228
f 516//229 517//229 518//229
f 517//229 519//229 518//229
f 518//186 519//186 520//186
f 519//186 521//186 520//186
f 520//187 521//187 522//187
f 521//187 523//187 522//187
f 522//188 523//188 524//188
f 523//188 525//188 524//188
f 524//230 525//230 526//230
f 525//230 527//230 526//230
f 526//231 527//231 528//231
f 527//231 529//231 528//231
f 528//191 529//191 482//191
f 529//232 483//232 482//232
f 530//233 531//233 532//233
f 531//233 533//233 532//233
f 532//234 533//234 534//234
f 533//234 535//234 534//234
f 534//195 535//195 536//195
f 535//195 537//195 536//195
f 536//235 537//235 538//235
f 537//235 539//235 538//235
f 538//236 539//236 540//236
f 539//236 541//236 540//236
f 540//237 541//237 542//237
f 541//237 543//237 542//237
f 542//238 543//238 544//238
f 543//238 545//238 544//238
f 544//200 545//200 546//200
f 545//200 547//200 546//200
f 546//201 547//201 548//201
f 547//201 549//201 548//201
f 548//202 549//202 550//202
f 549//202 551//202 550//202
f 550//239 551//239 552//239
f 551//239 553//239 552//239
f 552//240 553//240 554//240
f 553//240 555//240 554//240
f 554//153 555//153 556//153
f 555//153 557//153 556//153
f 556//206 557//206 558//206
f 557//206 559//206 558//206
f 558//155 559//155 560//155
f 559//155 561//155 560//155
f 560//241 561//241 562//241
f 561//241 563//241 562//241
f 562//242 563//242 564//242
f 563//242 565//242 564//242
f 564//158 565//158 566//158
f 565//158 567//158 566//158
f 566//159 567//159 568//159
f 567//159 569//159 568//159
f 568//243 569//243 570//243
f 569//243 571//243 570//243
f 570//244 571//244 572//244
f 571//244 573//244 572//244
f 572//162 573//162 574//162
f 573//162 575//162 574//162
f 574//215 575//215 576//215
f 575//215 577//215 576//215
f 576//164 577//164 530//164
f 577//164 531//164 530//164
f 578//193 579//193 580//193
f 579//193 581//193 580//193
f 580//142 581//142 582//142
f 581//142 583//142 582//142
f 582//195 583//195 584//195
f 583//195 585//195 584//195
f 584//245 585//245 586//245
f 585//245 587//245 586//245
f 586//246 587//246 588//246
f 587//246 589//246 588//246
f 588//198 589//198 590//198
f 589//198 591//198 590//198
f 590//199 591//199 592//199
f 591//199 593//199 592//199
f 592//247 593//247 594//247
f 593//247 595//247 594//247
f 594//248 595//248 596//248
f 595//248 597//248 596//248
f 596//202 597//202 598//202
f 597//202 599//202 598//202
f 598//151 599//151 600//151
f 599//151 601//151 600//151
f 600//204 601//204 602//204
f 601//204 603//204 602//204
f 602//249 603//249 604//249
f 603//249 605//249 604//249
f 604//250 605//250 606//250
f 605//250 607//250 606//250
f 606//155 607//155 608//155
f 607//155 609//155 608//155
f 608//156 609//156 610//156
f 609//156 611//156 610//156
f 610//157 611//157 612//157
f 611//157 613//157 612//157
f 612//251 613//251 614//251
f 613//251 615//251 614//251
f 614//252 615//252 616//252
f 615//252 617//252 616//252
f 616//160 617//160 618//160
f 617//160 619//160 618//160
f 618//161 619//161 620//161
f 619//161 621//161 620//161
f 620//162 621//162 622//162
f 621//162 623//162 622//162
f 622//253 623//253 624//253
f 623//253 625//253 624//253
f 624//254 625//254 578//254
f 625//254 579//254 578//254
f 626//233 627//233 628//233
f 627//233 629//233 628//233
f 628//234 629//234 630//234
f 629//234 631//234 630//234
f 630//195 631//195 632//195
f 631//195 633//195 632//195
f 632//196 633//196 634//196
f 633//196 635//196 634//196
f 634//197 635//197 636//197
f 635//197 637//197 636//197
f 636//237 637//237 638//237
f 637//237 639//237 638//237
f 638//238 639//238 640//238
f 639//238 641//238 640//238
f 640//200 641//200 642//200
f 641//200 643//200 642//200
f 642//201 643//201 644//201
f 643//201 645//201 644//201
f 644//202 645//202 646//202
f 645//202 647//202 646//202
f 646//239 647//239 648//239
f 647//239 649//239 648//239
f 648//240 649//240 650//240
f 649//240 651//240 650//240
f 650//153 651//153 652//153
f 651//153 653//153 652//153
f 652//206 653//206 654//206
f 653//206 655//206 654//206
f 654//155 655//155 656//155
f 655//155 657//155 656//155
f 656//241 657//241 658//241
f 657//241 659//241 658//241
f 658//242 659//242 660//242
f 659//242 661//242 660//242
f 660//158 661//158 662//158
f 661//158 663//158 662//158
f 662//159 663//159 664//159
f 663//159 665//159 664//159
f 664//255 665//255 666//255
f 665//255 667//255 666//255
f 666//256 667//256 668//256
f 667//256 669//256 668//256
f 668//162 669//162 670//162
f 669//162 671//162 670//162
f 670//215 671//215 672//215
f 671//215 673//215 672//215
f 672//164 673//164 626//164
f 673//164 627//164 626//164
f 674//193 675//193 676//193
f 675//193 677//193 676//193
f 676//142 677//142 678//142
f 677//142 679//142 678//142
f 678//195 679//195 680//195
f 679//195 681//195 680//195
f 680//257 681//257 682//257
f 681//257 683//257 682//257
f 682//258 683//258 684//258
f 683//258 685//258 684//258
f 684//198 685//198 686//198
f 685//198 687//198 686//198
f 686//199 687//199 688//199
f 687//199 689//199 688//199
f 688//247 689//247 690//247
f 689//247 691//247 690//247
f 690//248 691//248 692//248
f 691//248 693//248 692//248
f 692//202 693//202 694//202
f 693//202 695//202 694//202
f 694//151 695//151 696//151
f 695//151 697//151 696//151
f 696//204 697//204 698//204
f 697//204 699//204 698//204
f 698//249 699//249 700//249
f 699//249 701//249 700//249
f 700//250 701//250 702//250
f 701//250 703//250 702//250
f 702//155 703//155 704//155
f 703//155 705//155 704//155
f 704//156 705//156 706//156
f 705//156 707//156 706//156
f 706//157 707//157 708//157
f 707//157 709//157 708//157
f 708//251 709//251 710//251
f 709//251 711//251 710//251
f 710//252 711//252 712//252
f 711//252 713//252 712//252
f 712//259 713//259 714//259
f 713//259 715//259 714//259
f 714//260 715//260 716//260
f 715//260 717//260 716//260
f 716//162 717//162 718//162
f 717//162 719//162 718//162
f 718//253 719//253 720//253
f 719//253 721//253 720//253
f 720//254 721//254 674//254
f 721//254 675//254 674//254
f 722//261 723//261 724//261
f 723//262 725//262 724//262
f 724//263 725//263 726//263
f 725//263 727//263 726//263
f 726//264 727//264 728//264
f 727//264 729//264 728//264
f 728//265 729//265 730//265
f 729//265 731//265 730//265
f 730//266 731//266 732//266
f 731//266 733//266 732//266
f 732//267 733//267 734//267
f 733//267 735//267 734//267
f 734//268 735//268 736//268
f 735//268 737//268 736//268
f 736//269 737//269 738//269
f 737//269 739//269 738//269
f 738//270 739//270 740//270
f 739//270 741//270 740//270
f 740//271 741//271 742//271
f 741//271 743//271 742//271
f 742//272 743//272 744//272
f 743//272 745//272 744//272
f 744//273 745//273 746//273
f 745//274 747//274 746//274
f 746//275 747//275 748//275
f 747//276 749//276 748//276
f 748//277 749//277 750//277
f 749//277 751//277 750//277
f 750//278 751//278 752//278
f 751//278 753//278 752//278
f 752//279 753//279 754//279
f 753//279 755//279 754//279
f 754//280 755//280 756//280
f 755//280 757//280 756//280
f 756//281 757//281 758//281
f 757//281 759//281 758//281
f 758//282 759//282 760//282
f 759//282 761//282 760//282
f 760//283 761//283 762//283
f 761//283 763//283 762//283
f 762//284 763//284 764//284
f 763//284 765//284 764//284
f 764//285 765//285 766//285
f 765//285 767//285 766//285
f 766//286 767//286 768//286
f 767//286 769//286 768//286
f 768//287 769//287 722//287
f 769//288 723//288 722//288
f 770//289 771//289 772//289
f 771//166 773//166 772//166
f 772//167 773//167 774//167
f 773//167 775//167 774//167
f 774//168 775//168 776//168
f 775//168 777//168 776//168
f 776//169 777//169 778//169
f 777//169 779//169 778//169
f 778//170 779//170 780//170
f 779//170 781//170 780//170
f 780//171 781//171 782//171
f 781//171 783//171 782//171
f 782//172 783//172 784//172
f 783//172 785//172 784//172
f 784//173 785//173 786//173
f 785//173 787//173 786//173
f 786//174 787//174 788//174
f 787//174 789//174 788//174
f 788//222 789//222 790//222
f 789//222 791//222 790//222
f 790//223 791//223 792//223
f 791//223 793//223 792//223
f 792//177 793//177 794//177
f 793//290 795//290 794//290
f 794//291 795//291 796//291
f 795//180 797//180 796//180
f 796//226 797//226 798//226
f 797//226 799//226 798//226
f 798//227 799//227 800//227
f 799//227 801//227 800//227
f 800//183 801//183 802//183
f 801//183 803//183 802//183
f 802//184 803//184 804//184
f 803//184 805//184 804//184
f 804//185 805//185 806//185
f 805//185 807//185 806//185
f 806//186 807//186 808//186
f 807//186 809//186 808//186
f 808//187 809//187 810//187
f 809//187 811//187 810//187
f 810//188 811//188 812//188
f 811//188 813//188 812//188
f 812//189 813//189 814//189
f 813//189 815//189 814//189
f 814//190 815//190 816//190
f 815//190 817//190 816//190
f 816//191 817//191 770//191
f 817//292 771//292 770//292
f 818//293 819//293 820//293
f 819//293 821//293 820//293
f 820//142 821//142 822//142
f 821//142 823//142 822//142
f 822//294 823//294 824//294
f 823//294 825//294 824//294
f 824//245 825//245 826//245
f 825//245 827//245 826//245
f 826//197 827//197 828//197
f 827//197 829//197 828//197
f 828//237 829//237 830//237
f 829//237 831//237 830//237
f 830//238 831//238 832//238
f 831//238 833//238 832//238
f 832//200 833//200 834//200
f 833//200 835//200 834//200
f 834//248 835//248 836//248
f 835//248 837//248 836//248
f 836//295 837//295 838//295
f 837//295 839//295 838//295
f 838//151 839//151 840//151
f 839//151 841//151 840//151
f 840//296 841//296 842//296
f 841//296 843//296 842//296
f 842//249 843//249 844//249
f 843//249 845//249 844//249
f 844//206 845//206 846//206
f 845//206 847//206 846//206
f 846//297 847//297 848//297
f 847//297 849//297 848//297
f 848//298 849//298 850//298
f 849//298 851//298 850//298
f 850//157 851//157 852//157
f 851//157 853//157 852//157
f 852//251 853//251 854//251
f 853//251 855//251 854//251
f 854//252 855//252 856//252
f 855//252 857//252 856//252
f 856//160 857//160 858//160
f 857//160 859//160 858//160
f 858//299 859//299 860//299
f 859//299 861//299 860//299
f 860//300 861//300 862//300
f 861//300 863//300 862//300
f 862//215 863//215 864//215
f 863//215 865//215 864//215
f 864//254 865//254 818//254
f 865//254 819//254 818//254
f 866//233 867//233 868//233
f 867//233 869//233 868//233
f 868//142 869//142 870//142
f 869//142 871//142 870//142
f 870//301 871//301 872//301
f 871//301 873//301 872//301
f 872//302 873//302 874//302
f 873//302 875//302 874//302
f 874//197 875//197 876//197
f 875//197 877//197 876//197
f 876//237 877//237 878//237
f 877//237 879//237 878//237
f 878//238 879//238 880//238
f 879//238 881//238 880//238
f 880//200 881//200 882//200
f 881//200 883//200 882//200
f 882//303 883//303 884//303
f 883//303 885//303 884//303
f 884//304 885//304 886//304
f 885//304 887//304 886//304
f 886//151 887//151 888//151
f 887//151 889//151 888//151
f 888//240 889//240 890//240
f 889//240 891//240 890//240
f 890//305 891//305 892//305
f 891//305 893//305 892//305
f 892//206 893//206 894//206
f 893//206 895//206 894//206
f 894//306 895//306 896//306
f 895//306 897//306 896//306
f 896//241 897//241 898//241
f 897//241 899//241 898//241
f 898//157 899//157 900//157
f 899//157 901//157 900//157
f 900//251 901//251 902//251
f 901//251 903//251 902//251
f 902//252 903//252 904//252
f 903//252 905//252 904//252
f 904//160 905//160 906//160
f 905//160 907//160 906//160
f 906//256 907//256 908//256
f 907//256 909//256 908//256
f 908//307 909//307 910//307
f 909//307 911//307 910//307
f 910//215 911//215 912//215
f 911//215 913//215 912//215
f 912//308 913//308 866//308
f 913//308 867//308 866//308
f 914//289 915//289 916//289
f 915//166 917//166 916//166
f 916//167 917//167 918//167
f 917//167 919//167 918//167
f 918//309 919//309 920//309
f 919//309 921//309 920//309
f 920//310 921//310 922//310
f 921//310 923//310 922//310
f 922//311 923//311 924//311
f 923//311 925//311 924//311
f 924//312 925//312 926//312
f 925//312 927//312 926//312
f 926//220 927//220 928//220
f 927//220 929//220 928//220
f 928//313 929//313 930//313
f 929//313 931//313 930//313
f 930//314 931//314 932//314
f 931//314 933//314 932//314
f 932//222 933//222 934//222
f 933//222 935//222 934//222
f 934//176 935//176 936//176
f 935//176 937//176 936//176
f 936//315 937//315 938//315
f 937//316 939//316 938//316
f 938//317 939//317 940//317
f 939//318 941//318 940//318
f 940//181 941//181 942//181
f 941//181 943//181 942//181
f 942//227 943//227 944//227
f 943//227 945//227 944//227
f 944//319 945//319 946//319
f 945//319 947//319 946//319
f 946//320 947//320 948//320
f 947//320 949//320 948//320
f 948//229 949//229 950//229
f 949//229 951//229 950//229
f 950//321 951//321 952//321
f 951//321 953//321 952//321
f 952//322 953//322 954//322
f 953//322 955//322 954//322
f 954//323 955//323 956//323
f 955//323 957//323 956//323
f 956//324 957//324 958//324
f 957//324 959//324 958//324
f 958//190 959//190 960//190
f 959//190 961//190 960//190
f 960//191 961//191 914//191
f 961//292 915//292 914//292
f 962//59 963//59 964//59
f 963//59 965//59 964//59
f 964//59 965//59 966//59
f 965//59 967//59 966//59
f 968//325 969//325 970//325
f 968//325 970//325 971//325
f 970//326 972//326 971//326
f 971//326 972//326 973//326
f 972//327 974//327 973//327
f 973//327 974//327 975//327
f 974//328 976//328 975//328
f 975//328 976//328 977//328
f 978//329 979//329 980//329
f 978//329 980//329 981//329
f 980//330 982//330 981//330
f 981//330 982//330 983//330
f 982//331 984//331 983//331
f 983//331 984//331 985//331
f 984//332 986//332 985//332
f 985//332 986//332 987//332
f 593//58 591//58 988//58
f 989//58 990//58 991//58
f 180//58 992//58 182//58
f 993//58 976//58 994//58
f 190//58 995//58 192//58
f 996//58 225//58 997//58
f 301//58 214//58 212//58
f 911//58 909//58 998//58
f 731//58 729//58 999//58
f 1000//58 1001//58 1002//58
f 1003//58 1004//58 1005//58
f 1006//58 1007//58 1008//58
f 1009//58 1010//58 1011//58
f 1009//58 1011//58 1012//58
f 1011//58 1013//58 1012//58
f 1012//58 1013//58 1014//58
f 1015//58 1016//58 1017//58
f 1016//58 1018//58 1017//58
f 1017//58 1018//58 1009//58
f 1018//58 1019//58 1009//58
f 1009//58 1019//58 1010//58
f 1020//58 1021//58 1022//58
f 1021//58 1023//58 1022//58
f 1022//58 1023//58 1024//58
f 1025//58 1026//58 1020//58
f 1026//58 1027//58 1020//58
f 1020//58 1027//58 1021//58
f 1007//58 1028//58 1008//58
f 1028//58 1029//58 1008//58
f 1008//58 1029//58 1025//58
f 1014//58 1030//58 1012//58
f 1030//58 1031//58 1012//58
f 1012//58 1031//58 1032//58
f 1031//58 1033//58 1032//58
f 1033//58 1034//58 1032//58
f 1032//58 1034//58 1035//58
f 1034//58 1036//58 1035//58
f 1035//58 1036//58 1037//58
f 1038//58 1039//58 991//58
f 1040//58 1041//58 991//58
f 1041//58 1042//58 991//58
f 991//58 1042//58 1038//58
f 1043//58 1044//58 1045//58
f 1044//58 1046//58 1045//58
f 1047//58 1048//58 1049//58
f 1046//58 1050//58 1045//58
f 1050//58 1051//58 1045//58
f 1045//58 1051//58 1047//58
f 1051//58 1052//58 1047//58
f 1047//58 1052//58 1048//58
f 1049//58 1053//58 1047//58
f 1053//58 1054//58 1047//58
f 1047//58 1054//58 1040//58
f 1039//58 1055//58 991//58
f 1055//58 1056//58 991//58
f 991//58 1056//58 1057//58
f 1056//58 1058//58 1057//58
f 1058//58 1059//58 1057//58
f 1059//58 1060//58 1057//58
f 1057//58 1060//58 1061//58
f 1060//58 1062//58 1061//58
f 1063//58 1064//58 1065//58
f 1064//58 1061//58 1065//58
f 1065//58 1061//58 1066//58
f 1061//58 1062//58 1066//58
f 1003//58 1005//58 1067//58
f 1068//58 1069//58 1070//58
f 1069//58 1071//58 1070//58
f 1070//58 1071//58 1005//58
f 1071//58 1072//58 1005//58
f 1005//58 1072//58 1067//58
f 1073//58 1074//58 1075//58
f 1074//58 1076//58 1075//58
f 1068//58 1070//58 1077//58
f 1070//58 1078//58 1077//58
f 1077//58 1078//58 1079//58
f 1080//58 1081//58 1082//58
f 1082//58 1083//58 1080//58
f 1083//58 1084//58 1080//58
f 1080//58 1084//58 1002//58
f 1084//58 1085//58 1002//58
f 1002//58 1085//58 1000//58
f 1081//58 1080//58 1086//58
f 1080//58 1087//58 1086//58
f 1086//58 1087//58 1088//58
f 1004//58 1089//58 1090//58
f 1089//58 1091//58 1090//58
f 1090//58 1091//58 1092//58
f 1093//58 1094//58 1095//58
f 1096//58 1097//58 1098//58
f 1097//58 1099//58 1098//58
f 1099//58 1100//58 1098//58
f 1098//58 1100//58 1101//58
f 1102//58 1103//58 1104//58
f 1103//58 1105//58 1104//58
f 1101//58 1106//58 1098//58
f 1106//58 1107//58 1098//58
f 1098//58 1107//58 1103//58
f 1107//58 1108//58 1103//58
f 1103//58 1108//58 1105//58
f 1109//58 1110//58 1111//58
f 1110//58 1112//58 1111//58
f 1111//58 1112//58 1113//58
f 1114//58 1115//58 1116//58
f 1117//58 1118//58 1095//58
f 1118//58 1119//58 1095//58
f 1095//58 1119//58 1093//58
f 1115//58 1120//58 1116//58
f 1120//58 1121//58 1116//58
f 1116//58 1121//58 1117//58
f 1121//58 1122//58 1117//58
f 1117//58 1122//58 1118//58
f 1020//58 725//58 723//58
f 1025//58 1020//58 1008//58
f 1020//58 723//58 1008//58
f 1008//58 723//58 769//58
f 725//58 1020//58 727//58
f 1020//58 1022//58 727//58
f 727//58 1022//58 729//58
f 1022//58 989//58 729//58
f 729//58 989//58 999//58
f 1123//58 735//58 999//58
f 735//58 733//58 999//58
f 999//58 733//58 731//58
f 1124//58 741//58 1125//58
f 741//58 739//58 1125//58
f 1125//58 739//58 1123//58
f 739//58 737//58 1123//58
f 1123//58 737//58 735//58
f 745//58 743//58 1070//58
f 743//58 741//58 1070//58
f 1070//58 741//58 1078//58
f 741//58 1124//58 1078//58
f 1078//58 1124//58 1126//58
f 1005//58 751//58 749//58
f 1005//58 749//58 1070//58
f 749//58 747//58 1070//58
f 1070//58 747//58 745//58
f 1004//58 1090//58 1005//58
f 1090//58 753//58 1005//58
f 1005//58 753//58 751//58
f 759//58 757//58 1095//58
f 761//58 1098//58 763//58
f 1098//58 765//58 763//58
f 1094//58 1096//58 1095//58
f 1096//58 1098//58 1095//58
f 1095//58 1098//58 759//58
f 1098//58 761//58 759//58
f 769//58 767//58 1008//58
f 767//58 1035//58 1008//58
f 1008//58 1035//58 1006//58
f 1035//58 1037//58 1006//58
f 873//58 871//58 1127//58
f 895//58 893//58 1128//58
f 893//58 891//58 1128//58
f 1128//58 891//58 1129//58
f 891//58 889//58 1129//58
f 1129//58 889//58 887//58
f 887//58 885//58 1129//58
f 885//58 883//58 1129//58
f 1129//58 883//58 881//58
f 879//58 877//58 1127//58
f 877//58 875//58 1127//58
f 1127//58 875//58 873//58
f 869//58 867//58 998//58
f 867//58 913//58 998//58
f 998//58 913//58 911//58
f 909//58 907//58 1130//58
f 1130//58 907//58 270//58
f 272//58 899//58 1128//58
f 899//58 897//58 1128//58
f 1128//58 897//58 895//58
f 907//58 905//58 270//58
f 905//58 903//58 270//58
f 270//58 903//58 272//58
f 903//58 901//58 272//58
f 272//58 901//58 899//58
f 959//58 957//58 1080//58
f 935//58 933//58 1131//58
f 933//58 931//58 1131//58
f 1131//58 931//58 929//58
f 1002//58 921//58 919//58
f 929//58 927//58 1131//58
f 927//58 925//58 1131//58
f 1131//58 925//58 1002//58
f 925//58 923//58 1002//58
f 1002//58 923//58 921//58
f 945//58 1132//58 947//58
f 1132//58 949//58 947//58
f 919//58 917//58 1002//58
f 917//58 915//58 1002//58
f 1002//58 915//58 1080//58
f 915//58 961//58 1080//58
f 1080//58 961//58 959//58
f 957//58 955//58 1080//58
f 955//58 953//58 1080//58
f 1080//58 953//58 1132//58
f 953//58 951//58 1132//58
f 1132//58 951//58 949//58
f 937//58 295//58 939//58
f 295//58 294//58 939//58
f 939//58 294//58 941//58
f 294//58 291//58 941//58
f 941//58 291//58 943//58
f 276//58 274//58 1133//58
f 274//58 273//58 1133//58
f 1133//58 273//58 1134//58
f 1133//58 1135//58 276//58
f 1135//58 196//58 276//58
f 276//58 196//58 278//58
f 196//58 194//58 278//58
f 194//58 192//58 278//58
f 278//58 192//58 281//58
f 192//58 995//58 281//58
f 281//58 995//58 283//58
f 995//58 190//58 283//58
f 283//58 190//58 284//58
f 190//58 188//58 284//58
f 284//58 188//58 285//58
f 285//58 1136//58 286//58
f 1136//58 1132//58 286//58
f 286//58 1132//58 291//58
f 1132//58 945//58 291//58
f 291//58 945//58 943//58
f 295//58 1137//58 297//58
f 1137//58 1138//58 297//58
f 297//58 1138//58 298//58
f 298//58 1138//58 1139//58
f 1138//58 1140//58 1139//58
f 1139//58 1140//58 216//58
f 214//58 301//58 216//58
f 301//58 267//58 216//58
f 216//58 267//58 1139//58
f 267//58 266//58 1139//58
f 1139//58 266//58 298//58
f 315//58 308//58 208//58
f 208//58 308//58 210//58
f 308//58 306//58 210//58
f 210//58 306//58 212//58
f 306//58 304//58 212//58
f 212//58 304//58 301//58
f 314//58 1141//58 1142//58
f 1064//58 1143//58 1144//58
f 208//58 1145//58 315//58
f 1145//58 1146//58 315//58
f 315//58 1146//58 314//58
f 1146//58 1147//58 314//58
f 314//58 1147//58 1141//58
f 1142//58 1148//58 314//58
f 1148//58 1149//58 314//58
f 314//58 1149//58 1064//58
f 1149//58 1150//58 1064//58
f 1064//58 1150//58 1143//58
f 1063//58 1043//58 1064//58
f 1043//58 1045//58 1064//58
f 1064//58 1045//58 314//58
f 1045//58 312//58 314//58
f 825//58 823//58 1151//58
f 312//58 839//58 837//58
f 310//58 829//58 1151//58
f 829//58 827//58 1151//58
f 1151//58 827//58 825//58
f 1047//58 863//58 861//58
f 837//58 835//58 312//58
f 835//58 833//58 312//58
f 312//58 833//58 310//58
f 833//58 831//58 310//58
f 310//58 831//58 829//58
f 853//58 851//58 1045//58
f 851//58 849//58 1045//58
f 1045//58 849//58 847//58
f 847//58 845//58 1045//58
f 845//58 843//58 1045//58
f 1045//58 843//58 312//58
f 843//58 841//58 312//58
f 312//58 841//58 839//58
f 823//58 821//58 1151//58
f 821//58 819//58 1151//58
f 1151//58 819//58 1047//58
f 819//58 865//58 1047//58
f 1047//58 865//58 863//58
f 861//58 859//58 1047//58
f 859//58 857//58 1047//58
f 1047//58 857//58 1045//58
f 857//58 855//58 1045//58
f 1045//58 855//58 853//58
f 569//58 567//58 1152//58
f 265//58 263//58 535//58
f 569//58 1152//58 571//58
f 565//58 563//58 1153//58
f 541//58 539//58 263//58
f 539//58 537//58 263//58
f 263//58 537//58 535//58
f 565//58 1153//58 567//58
f 563//58 561//58 1153//58
f 561//58 559//58 1153//58
f 1153//58 559//58 557//58
f 535//58 533//58 265//58
f 533//58 531//58 265//58
f 265//58 531//58 1154//58
f 531//58 577//58 1154//58
f 1154//58 577//58 1155//58
f 1155//58 577//58 1156//58
f 577//58 575//58 1156//58
f 1156//58 575//58 1152//58
f 575//58 573//58 1152//58
f 1152//58 573//58 571//58
f 557//58 555//58 1153//58
f 555//58 553//58 1153//58
f 1153//58 553//58 1157//58
f 553//58 551//58 1157//58
f 1157//58 551//58 549//58
f 549//58 547//58 1157//58
f 547//58 545//58 1157//58
f 1157//58 545//58 263//58
f 545//58 543//58 263//58
f 263//58 543//58 541//58
f 567//58 1153//58 1152//58
f 1153//58 243//58 1152//58
f 1152//58 243//58 1158//58
f 228//58 1159//58 1160//58
f 241//58 230//58 1161//58
f 230//58 228//58 1161//58
f 1159//58 1162//58 1160//58
f 1162//58 1163//58 1160//58
f 1160//58 1163//58 1164//58
f 1164//58 1165//58 1160//58
f 1165//58 247//58 1160//58
f 1160//58 247//58 1153//58
f 247//58 245//58 1153//58
f 1153//58 245//58 243//58
f 241//58 1166//58 240//58
f 1166//58 1167//58 240//58
f 240//58 1167//58 238//58
f 1167//58 1168//58 238//58
f 238//58 1168//58 236//58
f 1168//58 1169//58 236//58
f 236//58 1169//58 234//58
f 1169//58 1170//58 234//58
f 234//58 1170//58 232//58
f 963//58 1171//58 988//58
f 1172//58 1173//58 988//58
f 1173//58 232//58 988//58
f 967//58 965//58 1174//58
f 965//58 963//58 1174//58
f 1171//58 1175//58 988//58
f 1175//58 1176//58 988//58
f 988//58 1176//58 1172//58
f 675//58 721//58 334//58
f 697//58 695//58 1174//58
f 687//58 685//58 1177//58
f 685//58 683//58 1177//58
f 721//58 719//58 334//58
f 719//58 717//58 334//58
f 334//58 717//58 715//58
f 715//58 713//58 334//58
f 713//58 711//58 334//58
f 334//58 711//58 1178//58
f 1179//58 967//58 1177//58
f 967//58 1174//58 1177//58
f 1177//58 1174//58 687//58
f 1174//58 689//58 687//58
f 683//58 681//58 1177//58
f 681//58 679//58 1177//58
f 1177//58 679//58 1180//58
f 679//58 677//58 1180//58
f 711//58 709//58 1178//58
f 709//58 707//58 1178//58
f 1178//58 707//58 705//58
f 695//58 693//58 1174//58
f 693//58 691//58 1174//58
f 1174//58 691//58 689//58
f 334//58 336//58 675//58
f 336//58 1181//58 675//58
f 675//58 1181//58 677//58
f 1181//58 1182//58 677//58
f 677//58 1182//58 1180//58
f 705//58 703//58 1178//58
f 703//58 701//58 1178//58
f 1178//58 701//58 1174//58
f 701//58 699//58 1174//58
f 1174//58 699//58 697//58
f 218//58 1183//58 1075//58
f 1183//58 1184//58 1075//58
f 1075//58 1184//58 1185//58
f 1186//58 1187//58 1137//58
f 1187//58 1188//58 1137//58
f 1137//58 1188//58 1138//58
f 1188//58 1189//58 1138//58
f 1138//58 1189//58 1140//58
f 1185//58 1190//58 1075//58
f 1190//58 1191//58 1075//58
f 1075//58 1191//58 1137//58
f 1191//58 1192//58 1137//58
f 1137//58 1192//58 1186//58
f 1193//58 1194//58 1195//58
f 1196//58 1197//58 1134//58
f 1197//58 1198//58 1134//58
f 1134//58 1198//58 1133//58
f 1198//58 1199//58 1133//58
f 1133//58 1199//58 1135//58
f 1195//58 1200//58 1193//58
f 1200//58 1201//58 1193//58
f 1193//58 1201//58 1134//58
f 1201//58 1202//58 1134//58
f 1134//58 1202//58 1196//58
f 1194//58 1193//58 1203//58
f 1193//58 1116//58 1203//58
f 1203//58 1116//58 198//58
f 1204//58 201//58 199//58
f 201//58 1204//58 203//58
f 1204//58 1090//58 203//58
f 203//58 1090//58 1087//58
f 1090//58 1092//58 1087//58
f 1087//58 1092//58 1088//58
f 188//58 186//58 285//58
f 186//58 1205//58 285//58
f 285//58 1205//58 1136//58
f 1205//58 1206//58 1136//58
f 1136//58 1206//58 1132//58
f 1207//58 1208//58 1080//58
f 1208//58 1209//58 1080//58
f 1080//58 1209//58 1087//58
f 1209//58 205//58 1087//58
f 1087//58 205//58 203//58
f 1206//58 1210//58 1132//58
f 1210//58 1211//58 1132//58
f 1132//58 1211//58 1212//58
f 1212//58 1213//58 1132//58
f 1213//58 1214//58 1132//58
f 1132//58 1214//58 1080//58
f 1214//58 1215//58 1080//58
f 1080//58 1215//58 1207//58
f 1170//58 1216//58 1217//58
f 1170//58 1218//58 1219//58
f 232//58 1170//58 988//58
f 1170//58 1217//58 988//58
f 988//58 1217//58 1220//58
f 1221//58 1222//58 1032//58
f 1222//58 1223//58 1032//58
f 1032//58 1223//58 1224//58
f 1219//58 1225//58 1170//58
f 1225//58 1226//58 1170//58
f 1170//58 1226//58 1216//58
f 976//58 974//58 994//58
f 974//58 972//58 994//58
f 994//58 972//58 1035//58
f 972//58 970//58 1035//58
f 1035//58 970//58 1032//58
f 970//58 969//58 1032//58
f 1032//58 969//58 1221//58
f 1103//58 1127//58 1227//58
f 1228//58 1229//58 1127//58
f 1229//58 1230//58 1127//58
f 1127//58 1230//58 1227//58
f 871//58 869//58 1127//58
f 869//58 998//58 1127//58
f 1127//58 998//58 1228//58
f 998//58 1231//58 1228//58
f 1232//58 1233//58 998//58
f 1233//58 1234//58 998//58
f 1234//58 1235//58 998//58
f 1235//58 1236//58 998//58
f 998//58 1236//58 1231//58
f 180//58 178//58 1237//58
f 178//58 176//58 1237//58
f 1237//58 176//58 1232//58
f 176//58 1238//58 1232//58
f 1232//58 1238//58 1233//58
f 992//58 1239//58 182//58
f 1239//58 988//58 182//58
f 182//58 988//58 184//58
f 988//58 1220//58 184//58
f 1240//58 1241//58 174//58
f 1240//58 174//58 1242//58
f 1243//58 1244//58 1047//58
f 1244//58 1245//58 1047//58
f 1245//58 1246//58 1047//58
f 1047//58 1246//58 1151//58
f 1246//58 1247//58 1151//58
f 1151//58 1247//58 1248//58
f 1248//58 1249//58 1151//58
f 1249//58 1250//58 1151//58
f 1151//58 1250//58 1240//58
f 1250//58 1251//58 1240//58
f 1240//58 1251//58 1241//58
f 982//58 980//58 1252//58
f 980//58 979//58 1252//58
f 1252//58 979//58 1047//58
f 979//58 1253//58 1047//58
f 1047//58 1253//58 1243//58
f 986//58 984//58 990//58
f 241//58 1161//58 1166//58
f 1161//58 1254//58 1166//58
f 1166//58 1254//58 1255//58
f 1256//58 1257//58 1258//58
f 1257//58 1259//58 1258//58
f 1258//58 1259//58 1260//58
f 1259//58 1261//58 1260//58
f 1260//58 1261//58 1262//58
f 1263//58 1264//58 1161//58
f 1264//58 1265//58 1161//58
f 1161//58 1265//58 1254//58
f 228//58 1160//58 1161//58
f 1160//58 1266//58 1161//58
f 1161//58 1266//58 1263//58
f 174//58 172//58 1242//58
f 172//58 170//58 1242//58
f 1242//58 170//58 1267//58
f 170//58 168//58 1267//58
f 1267//58 168//58 1160//58
f 168//58 166//58 1160//58
f 1160//58 166//58 1266//58
f 673//58 671//58 1153//58
f 673//58 1153//58 627//58
f 1267//58 639//58 1157//58
f 639//58 637//58 1157//58
f 1157//58 637//58 635//58
f 635//58 633//58 1157//58
f 633//58 631//58 1157//58
f 1157//58 631//58 1153//58
f 631//58 629//58 1153//58
f 1153//58 629//58 627//58
f 1153//58 665//58 663//58
f 1153//58 663//58 1160//58
f 663//58 661//58 1160//58
f 1160//58 661//58 659//58
f 659//58 657//58 1160//58
f 657//58 655//58 1160//58
f 1160//58 655//58 653//58
f 671//58 669//58 1153//58
f 669//58 667//58 1153//58
f 1153//58 667//58 665//58
f 653//58 651//58 1160//58
f 651//58 649//58 1160//58
f 1160//58 649//58 1267//58
f 649//58 647//58 1267//58
f 1267//58 647//58 645//58
f 645//58 643//58 1267//58
f 643//58 641//58 1267//58
f 1267//58 641//58 639//58
f 1040//58 991//58 1047//58
f 991//58 990//58 1047//58
f 1047//58 990//58 1252//58
f 990//58 984//58 1252//58
f 1252//58 984//58 982//58
f 1144//58 996//58 1064//58
f 996//58 997//58 1064//58
f 1064//58 997//58 1061//58
f 997//58 1268//58 1061//58
f 989//58 991//58 999//58
f 991//58 1057//58 999//58
f 999//58 1057//58 1123//58
f 1057//58 1061//58 1123//58
f 1123//58 1061//58 1125//58
f 1061//58 1268//58 1125//58
f 1125//58 1268//58 1124//58
f 1268//58 1269//58 1124//58
f 1124//58 1269//58 1126//58
f 1262//58 986//58 1260//58
f 986//58 990//58 1260//58
f 1260//58 990//58 1258//58
f 990//58 989//58 1258//58
f 1258//58 989//58 1017//58
f 989//58 1022//58 1017//58
f 1017//58 1022//58 1015//58
f 1022//58 1024//58 1015//58
f 225//58 223//58 997//58
f 223//58 221//58 997//58
f 997//58 221//58 1268//58
f 221//58 219//58 1268//58
f 1268//58 219//58 1269//58
f 219//58 218//58 1269//58
f 1269//58 218//58 1126//58
f 218//58 1075//58 1126//58
f 1126//58 1075//58 1078//58
f 1075//58 1076//58 1078//58
f 1078//58 1076//58 1079//58
f 937//58 935//58 295//58
f 935//58 1131//58 295//58
f 295//58 1131//58 1137//58
f 1131//58 1002//58 1137//58
f 1137//58 1002//58 1075//58
f 1002//58 1001//58 1075//58
f 1075//58 1001//58 1073//58
f 783//58 781//58 1168//58
f 793//58 791//58 1009//58
f 785//58 783//58 1009//58
f 783//58 1168//58 1009//58
f 1009//58 1168//58 1017//58
f 1168//58 1167//58 1017//58
f 1017//58 1167//58 1258//58
f 1167//58 1166//58 1258//58
f 1258//58 1166//58 1256//58
f 1166//58 1255//58 1256//58
f 781//58 779//58 1168//58
f 779//58 777//58 1168//58
f 1168//58 777//58 775//58
f 807//58 805//58 1012//58
f 805//58 803//58 1012//58
f 1012//58 803//58 801//58
f 775//58 773//58 1168//58
f 773//58 771//58 1168//58
f 1168//58 771//58 1169//58
f 771//58 817//58 1169//58
f 1169//58 817//58 815//58
f 815//58 813//58 1169//58
f 813//58 811//58 1169//58
f 1169//58 811//58 809//58
f 791//58 789//58 1009//58
f 789//58 787//58 1009//58
f 1009//58 787//58 785//58
f 801//58 799//58 1012//58
f 799//58 797//58 1012//58
f 1012//58 797//58 1009//58
f 797//58 795//58 1009//58
f 1009//58 795//58 793//58
f 809//58 807//58 1169//58
f 807//58 1012//58 1169//58
f 1169//58 1012//58 1170//58
f 1012//58 1032//58 1170//58
f 1170//58 1032//58 1218//58
f 1032//58 1224//58 1218//58
f 767//58 765//58 1035//58
f 765//58 1098//58 1035//58
f 1035//58 1098//58 994//58
f 1098//58 1103//58 994//58
f 994//58 1103//58 993//58
f 1103//58 1227//58 993//58
f 757//58 755//58 1095//58
f 755//58 753//58 1095//58
f 1095//58 753//58 1117//58
f 753//58 1090//58 1117//58
f 1117//58 1090//58 1116//58
f 1090//58 1204//58 1116//58
f 1116//58 1204//58 198//58
f 1204//58 199//58 198//58
f 601//58 599//58 988//58
f 963//58 988//58 1174//58
f 988//58 591//58 1174//58
f 1174//58 591//58 589//58
f 589//58 587//58 1174//58
f 587//58 585//58 1174//58
f 1174//58 585//58 583//58
f 619//58 1178//58 621//58
f 1178//58 623//58 621//58
f 583//58 581//58 1174//58
f 581//58 579//58 1174//58
f 1174//58 579//58 1178//58
f 579//58 625//58 1178//58
f 1178//58 625//58 623//58
f 619//58 617//58 1178//58
f 617//58 615//58 1178//58
f 1178//58 615//58 1239//58
f 615//58 613//58 1239//58
f 613//58 611//58 1239//58
f 1239//58 611//58 609//58
f 599//58 597//58 988//58
f 597//58 595//58 988//58
f 988//58 595//58 593//58
f 609//58 607//58 1239//58
f 607//58 605//58 1239//58
f 1239//58 605//58 988//58
f 605//58 603//58 988//58
f 988//58 603//58 601//58
f 1102//58 1109//58 1103//58
f 1109//58 1111//58 1103//58
f 1103//58 1111//58 1127//58
f 1111//58 1129//58 1127//58
f 1127//58 1129//58 879//58
f 1129//58 881//58 879//58
f 180//58 1237//58 992//58
f 1237//58 1270//58 992//58
f 992//58 1270//58 1239//58
f 1270//58 1271//58 1239//58
f 1239//58 1271//58 1178//58
f 1271//58 332//58 1178//58
f 1178//58 332//58 334//58
f 1113//58 1114//58 1111//58
f 1114//58 1116//58 1111//58
f 1111//58 1116//58 1129//58
f 1116//58 1193//58 1129//58
f 1129//58 1193//58 1128//58
f 1193//58 1134//58 1128//58
f 1128//58 1134//58 272//58
f 1134//58 273//58 272//58
f 909//58 1130//58 998//58
f 1130//58 1272//58 998//58
f 998//58 1272//58 1232//58
f 1272//58 1273//58 1232//58
f 1232//58 1273//58 1237//58
f 1273//58 1274//58 1237//58
f 1237//58 1274//58 1270//58
f 1274//58 1275//58 1270//58
f 1270//58 1275//58 1271//58
f 1275//58 330//58 1271//58
f 1271//58 330//58 332//58
f 1276//3 1277//3 1278//3
f 516//3 518//3 1279//3
f 1280//3 1281//3 1282//3
f 612//3 614//3 1283//3
f 1284//3 1285//3 1286//3
f 1287//3 978//3 1288//3
f 179//3 181//3 1289//3
f 968//3 971//3 1290//3
f 191//3 1291//3 189//3
f 220//3 222//3 1292//3
f 966//3 1293//3 1294//3
f 237//3 1295//3 1296//3
f 894//3 896//3 1297//3
f 736//3 738//3 1298//3
f 760//3 762//3 1299//3
f 724//3 726//3 1300//3
f 1279//3 766//3 768//3
f 1279//3 768//3 1300//3
f 768//3 722//3 1300//3
f 1300//3 722//3 724//3
f 766//3 1279//3 764//3
f 1279//3 1301//3 764//3
f 764//3 1301//3 762//3
f 1302//3 756//3 1299//3
f 756//3 758//3 1299//3
f 1299//3 758//3 760//3
f 1280//3 752//3 1302//3
f 752//3 754//3 1302//3
f 1302//3 754//3 756//3
f 742//3 744//3 1303//3
f 744//3 746//3 1303//3
f 1303//3 746//3 1304//3
f 746//3 748//3 1304//3
f 1304//3 748//3 750//3
f 742//3 1303//3 740//3
f 1303//3 1305//3 740//3
f 740//3 1305//3 738//3
f 736//3 1298//3 734//3
f 1277//3 732//3 734//3
f 1276//3 728//3 1277//3
f 728//3 730//3 1277//3
f 1277//3 730//3 732//3
f 894//3 1297//3 892//3
f 906//3 908//3 1306//3
f 908//3 910//3 1306//3
f 910//3 912//3 1306//3
f 912//3 866//3 1306//3
f 1306//3 866//3 1307//3
f 866//3 868//3 1307//3
f 868//3 870//3 1307//3
f 1307//3 870//3 872//3
f 872//3 874//3 1307//3
f 874//3 876//3 1307//3
f 1307//3 876//3 878//3
f 878//3 880//3 1308//3
f 880//3 882//3 1308//3
f 1308//3 882//3 884//3
f 884//3 886//3 1308//3
f 886//3 888//3 1308//3
f 1308//3 888//3 1297//3
f 888//3 890//3 1297//3
f 1297//3 890//3 892//3
f 900//3 269//3 898//3
f 269//3 271//3 898//3
f 898//3 271//3 896//3
f 900//3 902//3 269//3
f 902//3 904//3 269//3
f 269//3 904//3 1309//3
f 948//3 1310//3 946//3
f 1310//3 944//3 946//3
f 948//3 950//3 1310//3
f 950//3 952//3 1310//3
f 1310//3 952//3 1282//3
f 952//3 954//3 1282//3
f 1282//3 954//3 956//3
f 1311//3 916//3 918//3
f 918//3 920//3 1311//3
f 920//3 922//3 1311//3
f 1311//3 922//3 1312//3
f 922//3 924//3 1312//3
f 1312//3 924//3 926//3
f 926//3 928//3 1312//3
f 928//3 930//3 1312//3
f 1312//3 930//3 932//3
f 956//3 958//3 1282//3
f 958//3 960//3 1282//3
f 1282//3 960//3 1311//3
f 960//3 914//3 1311//3
f 1311//3 914//3 916//3
f 936//3 292//3 934//3
f 292//3 296//3 934//3
f 936//3 938//3 292//3
f 938//3 940//3 292//3
f 292//3 940//3 942//3
f 1313//3 1289//3 233//3
f 1289//3 1314//3 233//3
f 233//3 1314//3 235//3
f 1313//3 1315//3 1289//3
f 1315//3 1316//3 1289//3
f 1289//3 1316//3 1317//3
f 1318//3 231//3 1319//3
f 231//3 239//3 1319//3
f 1320//3 1321//3 246//3
f 1321//3 1322//3 246//3
f 1323//3 1324//3 1321//3
f 1324//3 227//3 1318//3
f 227//3 229//3 1318//3
f 1318//3 229//3 231//3
f 1320//3 1325//3 1321//3
f 1325//3 1326//3 1321//3
f 1321//3 1326//3 1323//3
f 1327//3 242//3 1322//3
f 242//3 244//3 1322//3
f 1322//3 244//3 246//3
f 536//3 538//3 262//3
f 1328//3 546//3 548//3
f 1327//3 570//3 572//3
f 538//3 540//3 262//3
f 540//3 542//3 262//3
f 262//3 542//3 1328//3
f 542//3 544//3 1328//3
f 1328//3 544//3 546//3
f 556//3 558//3 1322//3
f 558//3 560//3 1322//3
f 1322//3 560//3 562//3
f 1327//3 572//3 1329//3
f 572//3 574//3 1329//3
f 1329//3 574//3 1330//3
f 574//3 576//3 1330//3
f 1330//3 576//3 1331//3
f 562//3 564//3 1322//3
f 564//3 566//3 1322//3
f 1322//3 566//3 1327//3
f 566//3 568//3 1327//3
f 1327//3 568//3 570//3
f 548//3 550//3 1328//3
f 550//3 552//3 1328//3
f 1328//3 552//3 1322//3
f 552//3 554//3 1322//3
f 1322//3 554//3 556//3
f 1331//3 576//3 1332//3
f 576//3 530//3 1332//3
f 1332//3 530//3 264//3
f 530//3 532//3 264//3
f 264//3 532//3 262//3
f 532//3 534//3 262//3
f 262//3 534//3 536//3
f 1333//3 852//3 1334//3
f 852//3 854//3 1334//3
f 1334//3 854//3 856//3
f 846//3 848//3 1333//3
f 848//3 850//3 1333//3
f 1333//3 850//3 852//3
f 856//3 858//3 1334//3
f 858//3 860//3 1334//3
f 1334//3 860//3 862//3
f 862//3 864//3 1334//3
f 864//3 818//3 1334//3
f 1334//3 818//3 1335//3
f 818//3 820//3 1335//3
f 1335//3 820//3 822//3
f 838//3 313//3 836//3
f 313//3 834//3 836//3
f 838//3 840//3 313//3
f 840//3 842//3 313//3
f 313//3 842//3 1333//3
f 842//3 844//3 1333//3
f 1333//3 844//3 846//3
f 834//3 313//3 832//3
f 313//3 311//3 832//3
f 832//3 311//3 830//3
f 822//3 824//3 1335//3
f 824//3 826//3 1335//3
f 1335//3 826//3 311//3
f 826//3 828//3 311//3
f 311//3 828//3 830//3
f 1336//3 1337//3 1333//3
f 1338//3 1339//3 313//3
f 1337//3 1340//3 1333//3
f 1340//3 1341//3 1333//3
f 1333//3 1341//3 313//3
f 1341//3 1342//3 313//3
f 313//3 1342//3 1338//3
f 1339//3 1343//3 313//3
f 1343//3 1344//3 313//3
f 313//3 1344//3 309//3
f 1344//3 1345//3 309//3
f 1345//3 207//3 309//3
f 309//3 207//3 307//3
f 207//3 209//3 307//3
f 307//3 209//3 305//3
f 209//3 211//3 305//3
f 305//3 211//3 303//3
f 211//3 213//3 303//3
f 300//3 1346//3 302//3
f 1346//3 1347//3 302//3
f 302//3 1347//3 268//3
f 1347//3 1312//3 268//3
f 268//3 1312//3 296//3
f 1312//3 932//3 296//3
f 296//3 932//3 934//3
f 942//3 944//3 292//3
f 944//3 1310//3 292//3
f 292//3 1310//3 293//3
f 1310//3 1348//3 293//3
f 293//3 1348//3 287//3
f 287//3 1348//3 288//3
f 1348//3 185//3 288//3
f 288//3 185//3 187//3
f 1349//3 193//3 195//3
f 896//3 271//3 1297//3
f 271//3 275//3 1297//3
f 1297//3 275//3 1349//3
f 275//3 277//3 1349//3
f 1349//3 277//3 193//3
f 277//3 279//3 193//3
f 193//3 279//3 191//3
f 279//3 280//3 191//3
f 191//3 280//3 1291//3
f 280//3 282//3 1291//3
f 1291//3 282//3 189//3
f 282//3 290//3 189//3
f 189//3 290//3 187//3
f 290//3 289//3 187//3
f 187//3 289//3 288//3
f 710//3 712//3 335//3
f 712//3 714//3 335//3
f 335//3 714//3 716//3
f 1350//3 1351//3 678//3
f 1351//3 676//3 678//3
f 688//3 1294//3 686//3
f 1294//3 1293//3 686//3
f 686//3 1293//3 684//3
f 1293//3 682//3 684//3
f 1352//3 708//3 710//3
f 716//3 718//3 335//3
f 718//3 720//3 335//3
f 335//3 720//3 337//3
f 720//3 674//3 337//3
f 337//3 674//3 1353//3
f 674//3 676//3 1353//3
f 1353//3 676//3 1354//3
f 676//3 1351//3 1354//3
f 688//3 690//3 1294//3
f 690//3 692//3 1294//3
f 1294//3 692//3 694//3
f 702//3 704//3 1352//3
f 704//3 706//3 1352//3
f 1352//3 706//3 708//3
f 1350//3 678//3 1293//3
f 678//3 680//3 1293//3
f 1293//3 680//3 682//3
f 694//3 696//3 1294//3
f 696//3 698//3 1294//3
f 1294//3 698//3 1352//3
f 698//3 700//3 1352//3
f 1352//3 700//3 702//3
f 1317//3 1355//3 1289//3
f 1355//3 962//3 1289//3
f 1289//3 962//3 1294//3
f 962//3 964//3 1294//3
f 1294//3 964//3 966//3
f 1356//3 1357//3 1311//3
f 1356//3 1311//3 1358//3
f 1311//3 1312//3 1358//3
f 1358//3 1312//3 1359//3
f 1360//3 1361//3 1312//3
f 1361//3 1362//3 1312//3
f 1312//3 1362//3 1359//3
f 1360//3 1312//3 1363//3
f 1312//3 1347//3 1363//3
f 1363//3 1347//3 1364//3
f 1347//3 1346//3 1364//3
f 1364//3 1346//3 215//3
f 1346//3 300//3 215//3
f 215//3 300//3 213//3
f 300//3 299//3 213//3
f 213//3 299//3 303//3
f 222//3 224//3 1292//3
f 224//3 226//3 1292//3
f 1292//3 226//3 1333//3
f 226//3 1365//3 1333//3
f 1333//3 1365//3 1336//3
f 195//3 1366//3 1349//3
f 1366//3 1367//3 1349//3
f 1349//3 1367//3 1297//3
f 1367//3 1368//3 1297//3
f 1297//3 1368//3 1369//3
f 1369//3 1370//3 1297//3
f 1370//3 1371//3 1297//3
f 1297//3 1371//3 1308//3
f 1371//3 1372//3 1308//3
f 1308//3 1372//3 1373//3
f 1374//3 1375//3 1310//3
f 1376//3 1282//3 1377//3
f 1282//3 1378//3 1377//3
f 1375//3 1379//3 1310//3
f 1379//3 1380//3 1310//3
f 1310//3 1380//3 1348//3
f 1380//3 1381//3 1348//3
f 1348//3 1381//3 185//3
f 1376//3 1382//3 1282//3
f 1382//3 1383//3 1282//3
f 1282//3 1383//3 1310//3
f 1383//3 1384//3 1310//3
f 1310//3 1384//3 1374//3
f 1378//3 1282//3 206//3
f 1282//3 1281//3 206//3
f 206//3 1281//3 204//3
f 1281//3 1280//3 204//3
f 204//3 1280//3 202//3
f 1373//3 1385//3 1308//3
f 1385//3 1386//3 1308//3
f 1308//3 1386//3 1387//3
f 1386//3 1388//3 1387//3
f 1387//3 1388//3 1389//3
f 1388//3 197//3 1389//3
f 1389//3 197//3 200//3
f 977//3 1390//3 975//3
f 1390//3 973//3 975//3
f 1391//3 1392//3 1314//3
f 1392//3 1295//3 1314//3
f 1314//3 1295//3 235//3
f 1295//3 237//3 235//3
f 1392//3 1393//3 1295//3
f 1393//3 1394//3 1295//3
f 1295//3 1394//3 1395//3
f 1394//3 1396//3 1395//3
f 1395//3 1396//3 1397//3
f 1397//3 1398//3 1395//3
f 1398//3 1399//3 1395//3
f 1395//3 1399//3 1290//3
f 1399//3 1400//3 1290//3
f 1290//3 1400//3 968//3
f 181//3 183//3 1289//3
f 183//3 1401//3 1289//3
f 1289//3 1401//3 1314//3
f 1401//3 1402//3 1314//3
f 1314//3 1402//3 1391//3
f 1403//3 1404//3 1307//3
f 1404//3 1405//3 1307//3
f 1307//3 1405//3 1406//3
f 1407//3 1306//3 1408//3
f 1406//3 1409//3 1307//3
f 1409//3 1410//3 1307//3
f 1307//3 1410//3 1306//3
f 1410//3 1411//3 1306//3
f 1306//3 1411//3 1412//3
f 1412//3 1413//3 1306//3
f 1413//3 1414//3 1306//3
f 1306//3 1414//3 1408//3
f 978//3 981//3 1288//3
f 981//3 983//3 1288//3
f 1288//3 983//3 985//3
f 1334//3 1415//3 1416//3
f 1417//3 1418//3 1419//3
f 1420//3 1421//3 1335//3
f 1421//3 1422//3 1335//3
f 1422//3 1423//3 1335//3
f 1335//3 1423//3 1334//3
f 1423//3 1424//3 1334//3
f 1334//3 1424//3 1415//3
f 1417//3 1419//3 1335//3
f 1419//3 1425//3 1335//3
f 1335//3 1425//3 1420//3
f 167//3 169//3 1426//3
f 169//3 171//3 1426//3
f 1426//3 171//3 1417//3
f 171//3 173//3 1417//3
f 1417//3 173//3 1418//3
f 1318//3 1427//3 1428//3
f 1324//3 1318//3 1321//3
f 1318//3 1428//3 1321//3
f 1321//3 1428//3 1429//3
f 1426//3 1430//3 167//3
f 1430//3 1321//3 167//3
f 167//3 1321//3 165//3
f 1321//3 1429//3 165//3
f 1431//3 1432//3 1433//3
f 1432//3 1434//3 1433//3
f 1435//3 1436//3 1319//3
f 1436//3 1437//3 1319//3
f 1319//3 1437//3 1318//3
f 1437//3 1438//3 1318//3
f 1318//3 1438//3 1427//3
f 904//3 906//3 1309//3
f 906//3 1306//3 1309//3
f 1309//3 1306//3 1439//3
f 1306//3 1407//3 1439//3
f 1439//3 1407//3 1440//3
f 1407//3 1441//3 1440//3
f 1440//3 1441//3 1285//3
f 710//3 335//3 1352//3
f 335//3 333//3 1352//3
f 1352//3 333//3 1442//3
f 333//3 331//3 1442//3
f 1442//3 331//3 1284//3
f 1285//3 1441//3 1286//3
f 1441//3 1443//3 1286//3
f 1286//3 1443//3 1283//3
f 580//3 582//3 1294//3
f 604//3 606//3 1283//3
f 616//3 618//3 1352//3
f 618//3 620//3 1352//3
f 1284//3 1286//3 1442//3
f 1286//3 1283//3 1442//3
f 1442//3 1283//3 1352//3
f 1283//3 614//3 1352//3
f 1352//3 614//3 616//3
f 1294//3 588//3 590//3
f 1294//3 590//3 1289//3
f 590//3 592//3 1289//3
f 1289//3 592//3 594//3
f 604//3 1283//3 602//3
f 620//3 622//3 1352//3
f 622//3 624//3 1352//3
f 1352//3 624//3 1294//3
f 624//3 578//3 1294//3
f 1294//3 578//3 580//3
f 582//3 584//3 1294//3
f 584//3 586//3 1294//3
f 1294//3 586//3 588//3
f 594//3 596//3 1289//3
f 596//3 598//3 1289//3
f 1289//3 598//3 600//3
f 606//3 608//3 1283//3
f 608//3 610//3 1283//3
f 1283//3 610//3 612//3
f 600//3 602//3 1289//3
f 602//3 1283//3 1289//3
f 1289//3 1283//3 179//3
f 1283//3 1443//3 179//3
f 179//3 1443//3 177//3
f 1443//3 1441//3 177//3
f 177//3 1441//3 175//3
f 1441//3 1407//3 175//3
f 175//3 1407//3 1444//3
f 1407//3 1408//3 1444//3
f 762//3 1301//3 1299//3
f 1301//3 1390//3 1299//3
f 1299//3 1390//3 1403//3
f 1390//3 977//3 1403//3
f 1403//3 977//3 1404//3
f 364//3 366//3 1387//3
f 348//3 350//3 1299//3
f 364//3 1387//3 362//3
f 1403//3 374//3 376//3
f 878//3 1308//3 1307//3
f 1308//3 1387//3 1307//3
f 1307//3 1387//3 1403//3
f 1387//3 372//3 1403//3
f 1403//3 372//3 374//3
f 1299//3 350//3 1302//3
f 350//3 352//3 1302//3
f 1302//3 352//3 354//3
f 366//3 368//3 1387//3
f 368//3 370//3 1387//3
f 1387//3 370//3 372//3
f 376//3 378//3 1403//3
f 378//3 380//3 1403//3
f 1403//3 380//3 382//3
f 342//3 344//3 1299//3
f 344//3 346//3 1299//3
f 1299//3 346//3 348//3
f 354//3 356//3 1302//3
f 356//3 358//3 1302//3
f 1302//3 358//3 360//3
f 382//3 384//3 1403//3
f 384//3 338//3 1403//3
f 1403//3 338//3 1299//3
f 338//3 340//3 1299//3
f 1299//3 340//3 342//3
f 200//3 202//3 1389//3
f 202//3 1280//3 1389//3
f 1389//3 1280//3 1387//3
f 1280//3 1302//3 1387//3
f 1387//3 1302//3 362//3
f 1302//3 360//3 362//3
f 772//3 774//3 1296//3
f 808//3 810//3 1295//3
f 810//3 812//3 1295//3
f 774//3 776//3 1296//3
f 776//3 778//3 1296//3
f 1296//3 778//3 780//3
f 808//3 1295//3 806//3
f 1295//3 1395//3 806//3
f 806//3 1395//3 804//3
f 1445//3 782//3 784//3
f 784//3 786//3 1445//3
f 786//3 788//3 1445//3
f 1445//3 788//3 790//3
f 812//3 814//3 1295//3
f 814//3 816//3 1295//3
f 1295//3 816//3 1296//3
f 816//3 770//3 1296//3
f 1296//3 770//3 772//3
f 798//3 800//3 1395//3
f 800//3 802//3 1395//3
f 1395//3 802//3 804//3
f 790//3 792//3 1445//3
f 792//3 794//3 1445//3
f 1445//3 794//3 1395//3
f 794//3 796//3 1395//3
f 1395//3 796//3 798//3
f 508//3 510//3 1279//3
f 973//3 1390//3 971//3
f 1390//3 1301//3 971//3
f 971//3 1301//3 1290//3
f 1301//3 1279//3 1290//3
f 1290//3 1279//3 1395//3
f 1279//3 518//3 1395//3
f 1395//3 518//3 520//3
f 520//3 522//3 1395//3
f 522//3 524//3 1395//3
f 1395//3 524//3 526//3
f 492//3 494//3 1445//3
f 494//3 1300//3 1445//3
f 1445//3 1300//3 1276//3
f 1300//3 726//3 1276//3
f 1276//3 726//3 728//3
f 526//3 528//3 1395//3
f 528//3 482//3 1395//3
f 1395//3 482//3 1445//3
f 482//3 484//3 1445//3
f 1445//3 484//3 486//3
f 486//3 488//3 1445//3
f 488//3 490//3 1445//3
f 1445//3 490//3 492//3
f 494//3 496//3 1300//3
f 496//3 498//3 1300//3
f 1300//3 498//3 500//3
f 510//3 512//3 1279//3
f 512//3 514//3 1279//3
f 1279//3 514//3 516//3
f 500//3 502//3 1300//3
f 502//3 504//3 1300//3
f 1300//3 504//3 1279//3
f 504//3 506//3 1279//3
f 1279//3 506//3 508//3
f 1304//3 422//3 424//3
f 418//3 420//3 1282//3
f 396//3 398//3 1303//3
f 420//3 422//3 1282//3
f 422//3 1304//3 1282//3
f 1282//3 1304//3 1280//3
f 1304//3 750//3 1280//3
f 1280//3 750//3 752//3
f 424//3 426//3 1304//3
f 426//3 428//3 1304//3
f 1304//3 428//3 430//3
f 412//3 414//3 1282//3
f 414//3 416//3 1282//3
f 1282//3 416//3 418//3
f 398//3 400//3 1311//3
f 400//3 402//3 1311//3
f 1311//3 402//3 404//3
f 404//3 406//3 1311//3
f 406//3 408//3 1311//3
f 1311//3 408//3 1282//3
f 408//3 410//3 1282//3
f 1282//3 410//3 412//3
f 430//3 432//3 1304//3
f 432//3 386//3 1304//3
f 1304//3 386//3 1303//3
f 386//3 388//3 1303//3
f 1303//3 388//3 390//3
f 390//3 392//3 1303//3
f 392//3 394//3 1303//3
f 1303//3 394//3 396//3
f 1434//3 1435//3 1433//3
f 1435//3 1319//3 1433//3
f 1433//3 1319//3 1296//3
f 1319//3 239//3 1296//3
f 1296//3 239//3 237//3
f 1446//3 1447//3 1433//3
f 1447//3 1448//3 1433//3
f 1433//3 1448//3 1431//3
f 738//3 1305//3 1298//3
f 1305//3 1449//3 1298//3
f 1298//3 1449//3 1450//3
f 398//3 1311//3 1303//3
f 1311//3 1451//3 1303//3
f 1303//3 1451//3 1305//3
f 1451//3 1452//3 1305//3
f 1305//3 1452//3 1449//3
f 1416//3 1287//3 1334//3
f 1287//3 1288//3 1334//3
f 1334//3 1288//3 1446//3
f 1288//3 985//3 1446//3
f 1446//3 985//3 1447//3
f 985//3 987//3 1447//3
f 1447//3 987//3 1448//3
f 464//3 466//3 1450//3
f 466//3 468//3 1450//3
f 436//3 438//3 1334//3
f 438//3 440//3 1334//3
f 1334//3 440//3 442//3
f 734//3 1298//3 1277//3
f 1298//3 1450//3 1277//3
f 1277//3 1450//3 1278//3
f 1450//3 468//3 1278//3
f 1278//3 468//3 470//3
f 470//3 472//3 1278//3
f 472//3 474//3 1278//3
f 1278//3 474//3 476//3
f 476//3 478//3 1278//3
f 478//3 480//3 1278//3
f 1278//3 480//3 434//3
f 458//3 460//3 1450//3
f 460//3 462//3 1450//3
f 1450//3 462//3 464//3
f 780//3 782//3 1296//3
f 782//3 1445//3 1296//3
f 1296//3 1445//3 1433//3
f 1445//3 1276//3 1433//3
f 1433//3 1276//3 1446//3
f 1276//3 1278//3 1446//3
f 1446//3 1278//3 1334//3
f 1278//3 434//3 1334//3
f 1334//3 434//3 436//3
f 442//3 444//3 1334//3
f 444//3 446//3 1334//3
f 1334//3 446//3 1333//3
f 446//3 448//3 1333//3
f 1333//3 448//3 450//3
f 450//3 452//3 1333//3
f 452//3 454//3 1333//3
f 1333//3 454//3 456//3
f 1357//3 1453//3 1311//3
f 1453//3 1454//3 1311//3
f 1311//3 1454//3 1451//3
f 1454//3 217//3 1451//3
f 1451//3 217//3 1452//3
f 217//3 220//3 1452//3
f 1452//3 220//3 1449//3
f 220//3 1292//3 1449//3
f 1449//3 1292//3 1450//3
f 1292//3 1333//3 1450//3
f 1450//3 1333//3 458//3
f 1333//3 456//3 458//3
f 640//3 642//3 1430//3
f 1328//3 630//3 632//3
f 670//3 1322//3 668//3
f 1322//3 666//3 668//3
f 632//3 634//3 1328//3
f 634//3 636//3 1328//3
f 1328//3 636//3 1430//3
f 636//3 638//3 1430//3
f 1430//3 638//3 640//3
f 650//3 652//3 1321//3
f 652//3 654//3 1321//3
f 654//3 656//3 1321//3
f 1321//3 656//3 658//3
f 658//3 660//3 1321//3
f 660//3 662//3 1321//3
f 1321//3 662//3 1322//3
f 662//3 664//3 1322//3
f 1322//3 664//3 666//3
f 642//3 644//3 1430//3
f 644//3 646//3 1430//3
f 1430//3 646//3 1321//3
f 646//3 648//3 1321//3
f 1321//3 648//3 650//3
f 670//3 672//3 1322//3
f 672//3 626//3 1322//3
f 1322//3 626//3 1328//3
f 626//3 628//3 1328//3
f 1328//3 628//3 630//3
f 206//333 205//333 1378//333
f 205//333 1209//333 1378//333
f 1378//334 1209//334 1377//334
f 1209//334 1208//334 1377//334
f 1377//335 1208//335 1376//335
f 1208//335 1207//335 1376//335
f 1376//336 1207//336 1382//336
f 1207//336 1215//336 1382//336
f 1382//337 1215//337 1383//337
f 1215//337 1214//337 1383//337
f 1383//338 1214//338 1384//338
f 1214//338 1213//338 1384//338
f 1384//339 1213//339 1374//339
f 1213//339 1212//339 1374//339
f 1374//340 1212//340 1375//340
f 1212//340 1211//340 1375//340
f 1375//341 1211//341 1379//341
f 1211//341 1210//341 1379//341
f 1379//342 1210//342 1380//342
f 1210//342 1206//342 1380//342
f 1380//343 1206//343 1381//343
f 1206//343 1205//343 1381//343
f 1381//344 1205//344 185//344
f 1205//344 186//344 185//344
f 987//345 986//345 1448//345
f 986//345 1262//345 1448//345
f 1448//346 1262//346 1431//346
f 1262//346 1261//346 1431//346
f 1431//347 1261//347 1432//347
f 1261//347 1259//347 1432//347
f 1432//348 1259//348 1434//348
f 1259//348 1257//348 1434//348
f 1434//349 1257//349 1435//349
f 1257//349 1256//349 1435//349
f 1435//350 1256//350 1436//350
f 1256//350 1255//350 1436//350
f 1436//351 1255//351 1437//351
f 1255//351 1254//351 1437//351
f 1437//352 1254//352 1438//352
f 1254//352 1265//352 1438//352
f 1438//353 1265//353 1427//353
f 1265//353 1264//353 1427//353
f 1427//354 1264//354 1428//354
f 1264//354 1263//354 1428//354
f 1428//355 1263//355 1429//355
f 1263//355 1266//355 1429//355
f 1429//356 1266//356 165//356
f 1266//356 166//356 165//356
f 195//357 196//357 1366//357
f 196//357 1135//357 1366//357
f 1366//358 1135//358 1367//358
f 1135//358 1199//358 1367//358
f 1367//359 1199//359 1368//359
f 1199//359 1198//359 1368//359
f 1368//360 1198//360 1369//360
f 1198//360 1197//360 1369//360
f 1369//361 1197//361 1370//361
f 1197//361 1196//361 1370//361
f 1370//362 1196//362 1371//362
f 1196//362 1202//362 1371//362
f 1371//363 1202//363 1372//363
f 1202//363 1201//363 1372//363
f 1372//364 1201//364 1373//364
f 1201//364 1200//364 1373//364
f 1373//365 1200//365 1385//365
f 1200//365 1195//365 1385//365
f 1385//366 1195//366 1386//366
f 1195//366 1194//366 1386//366
f 1386//367 1194//367 1388//367
f 1194//367 1203//367 1388//367
f 1388//368 1203//368 197//368
f 1203//368 198//368 197//368
f 226//369 225//369 1365//369
f 225//369 996//369 1365//369
f 1365//370 996//370 1336//370
f 996//370 1144//370 1336//370
f 1336//371 1144//371 1337//371
f 1144//371 1143//371 1337//371
f 1337//372 1143//372 1340//372
f 1143//372 1150//372 1340//372
f 1340//373 1150//373 1341//373
f 1150//373 1149//373 1341//373
f 1341//374 1149//374 1342//374
f 1149//374 1148//374 1342//374
f 1342//375 1148//375 1338//375
f 1148//375 1142//375 1338//375
f 1338//376 1142//376 1339//376
f 1142//376 1141//376 1339//376
f 1339//377 1141//377 1343//377
f 1141//377 1147//377 1343//377
f 1343//336 1147//336 1344//336
f 1147//336 1146//336 1344//336
f 1344//378 1146//378 1345//378
f 1146//378 1145//378 1345//378
f 1345//379 1145//379 207//379
f 1145//379 208//379 207//379
f 311//1 310//1 1455//1
f 310//1 1456//1 1455//1
f 1455//1 1456//1 1457//1
f 1456//1 1458//1 1457//1
f 1457//1 1458//1 1459//1
f 1458//1 1460//1 1459//1
f 1459//1 1460//1 1461//1
f 1460//1 1462//1 1461//1
f 1461//1 1462//1 1463//1
f 1462//1 1464//1 1463//1
f 1463//1 1464//1 1465//1
f 1464//1 1466//1 1465//1
f 1465//1 1466//1 1467//1
f 1466//1 1468//1 1467//1
f 249//380 248//380 1469//380
f 249//380 1469//380 1470//380
f 1469//381 1471//381 1470//381
f 1470//381 1471//381 1472//381
f 1471//382 1473//382 1472//382
f 1472//382 1473//382 1474//382
f 1473//383 1475//383 1474//383
f 1474//383 1475//383 1476//383
f 1475//384 1477//384 1476//384
f 1476//384 1477//384 1478//384
f 1477//385 1479//385 1478//385
f 1478//385 1479//385 1480//385
f 1481//3 1482//3 1479//3
f 1482//3 1480//3 1479//3
f 1483//386 1484//386 1485//386
f 1484//386 1486//386 1485//386
f 1485//387 1486//387 1487//387
f 1486//387 1488//387 1487//387
f 1487//388 1488//388 1489//388
f 1488//388 1490//388 1489//388
f 1489//389 1490//389 1491//389
f 1490//389 1492//389 1491//389
f 1491//390 1492//390 1493//390
f 1492//390 1494//390 1493//390
f 1493//391 1494//391 1495//391
f 1494//391 1496//391 1495//391
f 1495//392 1496//392 1497//392
f 1496//392 1498//392 1497//392
f 1497//393 1498//393 1499//393
f 1498//393 1500//393 1499//393
f 1499//394 1500//394 1501//394
f 1500//394 1502//394 1501//394
f 1501//395 1502//395 1503//395
f 1502//395 1504//395 1503//395
f 1503//396 1504//396 1505//396
f 1504//396 1506//396 1505//396
f 1505//397 1506//397 1507//397
f 1506//397 1508//397 1507//397
f 1507//398 1508//398 1509//398
f 1508//398 1510//398 1509//398
f 1509//399 1510//399 1511//399
f 1510//399 1512//399 1511//399
f 1511//400 1512//400 1513//400
f 1512//400 1514//400 1513//400
f 1513//401 1514//401 1515//401
f 1514//401 1516//401 1515//401
f 1515//402 1516//402 1517//402
f 1516//402 1518//402 1517//402
f 1517//403 1518//403 1519//403
f 1518//403 1520//403 1519//403
f 1519//404 1520//404 1521//404
f 1520//404 1522//404 1521//404
f 1521//405 1522//405 1523//405
f 1522//405 1524//405 1523//405
f 1523//406 1524//406 1525//406
f 1524//406 1526//406 1525//406
f 1525//407 1526//407 1527//407
f 1526//407 1528//407 1527//407
f 1527//408 1528//408 1529//408
f 1528//408 1530//408 1529//408
f 1529//409 1530//409 1483//409
f 1530//409 1484//409 1483//409
f 1531//410 1532//410 1533//410
f 1532//410 1534//410 1533//410
f 1533//411 1534//411 1535//411
f 1534//411 1536//411 1535//411
f 1535//388 1536//388 1537//388
f 1536//388 1538//388 1537//388
f 1537//389 1538//389 1539//389
f 1538//389 1540//389 1539//389
f 1539//412 1540//412 1541//412
f 1540//412 1542//412 1541//412
f 1541//391 1542//391 1543//391
f 1542//391 1544//391 1543//391
f 1543//392 1544//392 1545//392
f 1544//392 1546//392 1545//392
f 1545//413 1546//413 1547//413
f 1546//413 1548//413 1547//413
f 1547//394 1548//394 1549//394
f 1548//394 1550//394 1549//394
f 1549//395 1550//395 1551//395
f 1550//395 1552//395 1551//395
f 1551//414 1552//414 1553//414
f 1552//414 1554//414 1553//414
f 1553//415 1554//415 1555//415
f 1554//415 1556//415 1555//415
f 1555//398 1556//398 1557//398
f 1556//398 1558//398 1557//398
f 1557//399 1558//399 1559//399
f 1558//399 1560//399 1559//399
f 1559//400 1560//400 1561//400
f 1560//400 1562//400 1561//400
f 1561//401 1562//401 1563//401
f 1562//401 1564//401 1563//401
f 1563//402 1564//402 1565//402
f 1564//402 1566//402 1565//402
f 1565//403 1566//403 1567//403
f 1566//403 1568//403 1567//403
f 1567//404 1568//404 1569//404
f 1568//404 1570//404 1569//404
f 1569//405 1570//405 1571//405
f 1570//405 1572//405 1571//405
f 1571//406 1572//406 1573//406
f 1572//406 1574//406 1573//406
f 1573//407 1574//407 1575//407
f 1574//407 1576//407 1575//407
f 1575//408 1576//408 1577//408
f 1576//408 1578//408 1577//408
f 1577//409 1578//409 1531//409
f 1578//409 1532//409 1531//409
f 1579//416 1580//416 1581//416
f 1580//416 1582//416 1581//416
f 1581//417 1582//417 1583//417
f 1582//417 1584//417 1583//417
f 1583//418 1584//418 1585//418
f 1584//418 1586//418 1585//418
f 1585//419 1586//419 1587//419
f 1586//419 1588//419 1587//419
f 1587//420 1588//420 1589//420
f 1588//420 1590//420 1589//420
f 1589//421 1590//421 1591//421
f 1590//421 1592//421 1591//421
f 1591//422 1592//422 1593//422
f 1592//422 1594//422 1593//422
f 1593//423 1594//423 1595//423
f 1594//423 1596//423 1595//423
f 1595//424 1596//424 1597//424
f 1596//424 1598//424 1597//424
f 1597//425 1598//425 1599//425
f 1598//425 1600//425 1599//425
f 1599//426 1600//426 1601//426
f 1600//426 1602//426 1601//426
f 1601//427 1602//427 1603//427
f 1602//427 1604//427 1603//427
f 1603//428 1604//428 1605//428
f 1604//428 1606//428 1605//428
f 1605//429 1606//429 1607//429
f 1606//429 1608//429 1607//429
f 1607//430 1608//430 1609//430
f 1608//430 1610//430 1609//430
f 1609//431 1610//431 1611//431
f 1610//431 1612//431 1611//431
f 1611//402 1612//402 1613//402
f 1612//402 1614//402 1613//402
f 1613//432 1614//432 1615//432
f 1614//432 1616//432 1615//432
f 1615//433 1616//433 1617//433
f 1616//433 1618//433 1617//433
f 1617//434 1618//434 1619//434
f 1618//434 1620//434 1619//434
f 1619//435 1620//435 1621//435
f 1620//435 1622//435 1621//435
f 1621//436 1622//436 1623//436
f 1622//436 1624//436 1623//436
f 1623//437 1624//437 1625//437
f 1624//437 1626//437 1625//437
f 1625//438 1626//438 1579//438
f 1626//438 1580//438 1579//438
f 1627//416 1628//416 1629//416
f 1628//416 1630//416 1629//416
f 1629//439 1630//439 1631//439
f 1630//439 1632//439 1631//439
f 1631//418 1632//418 1633//418
f 1632//418 1634//418 1633//418
f 1633//440 1634//440 1635//440
f 1634//440 1636//440 1635//440
f 1635//441 1636//441 1637//441
f 1636//441 1638//441 1637//441
f 1637//421 1638//421 1639//421
f 1638//421 1640//421 1639//421
f 1639//422 1640//422 1641//422
f 1640//422 1642//422 1641//422
f 1641//413 1642//413 1643//413
f 1642//413 1644//413 1643//413
f 1643//442 1644//442 1645//442
f 1644//442 1646//442 1645//442
f 1645//425 1646//425 1647//425
f 1646//425 1648//425 1647//425
f 1647//443 1648//443 1649//443
f 1648//443 1650//443 1649//443
f 1649//427 1650//427 1651//427
f 1650//427 1652//427 1651//427
f 1651//428 1652//428 1653//428
f 1652//428 1654//428 1653//428
f 1653//444 1654//444 1655//444
f 1654//444 1656//444 1655//444
f 1655//430 1656//430 1657//430
f 1656//430 1658//430 1657//430
f 1657//445 1658//445 1659//445
f 1658//445 1660//445 1659//445
f 1659//446 1660//446 1661//446
f 1660//446 1662//446 1661//446
f 1661//432 1662//432 1663//432
f 1662//432 1664//432 1663//432
f 1663//433 1664//433 1665//433
f 1664//433 1666//433 1665//433
f 1665//447 1666//447 1667//447
f 1666//447 1668//447 1667//447
f 1667//448 1668//448 1669//448
f 1668//448 1670//448 1669//448
f 1669//436 1670//436 1671//436
f 1670//436 1672//436 1671//436
f 1671//449 1672//449 1673//449
f 1672//449 1674//449 1673//449
f 1673//438 1674//438 1627//438
f 1674//438 1628//438 1627//438
f 1482//450 1481//450 1675//450
f 1482//450 1675//450 1676//450
f 1675//451 1677//451 1676//451
f 1676//451 1677//451 1678//451
f 1677//452 1679//452 1678//452
f 1678//452 1679//452 1680//452
f 1679//453 1681//453 1680//453
f 1680//453 1681//453 1682//453
f 1681//454 1683//454 1682//454
f 1682//454 1683//454 1684//454
f 1683//455 1467//455 1684//455
f 1684//455 1467//455 1468//455
f 1497//59 1499//59 1482//59
f 1507//59 1509//59 1480//59
f 1509//59 1511//59 1480//59
f 1480//59 1511//59 1478//59
f 1511//59 1513//59 1478//59
f 1478//59 1513//59 1476//59
f 1513//59 1515//59 1476//59
f 1476//59 1515//59 1474//59
f 1573//59 1575//59 251//59
f 1651//59 1653//59 1547//59
f 1547//59 1659//59 1661//59
f 1489//59 1555//59 1487//59
f 1555//59 1485//59 1487//59
f 1485//59 1555//59 1483//59
f 1555//59 1557//59 1483//59
f 1483//59 1557//59 1559//59
f 1673//59 1627//59 1466//59
f 1627//59 1629//59 1466//59
f 1649//59 1651//59 1482//59
f 1499//59 1501//59 1482//59
f 1501//59 1503//59 1482//59
f 1482//59 1503//59 1480//59
f 1503//59 1505//59 1480//59
f 1480//59 1505//59 1507//59
f 1653//59 1655//59 1547//59
f 1655//59 1657//59 1547//59
f 1547//59 1657//59 1659//59
f 1651//59 1547//59 1482//59
f 1547//59 1549//59 1482//59
f 1482//59 1549//59 1551//59
f 1489//59 1491//59 1555//59
f 1491//59 1493//59 1555//59
f 1555//59 1493//59 1495//59
f 1559//59 1561//59 1483//59
f 1561//59 1563//59 1483//59
f 1483//59 1563//59 1565//59
f 1535//59 1537//59 1466//59
f 1537//59 1539//59 1466//59
f 1466//59 1539//59 1673//59
f 1667//59 1669//59 1539//59
f 1669//59 1671//59 1539//59
f 1539//59 1671//59 1673//59
f 1629//59 1631//59 1466//59
f 1631//59 1633//59 1466//59
f 1466//59 1633//59 1635//59
f 1575//59 1577//59 251//59
f 1577//59 1531//59 251//59
f 251//59 1531//59 1466//59
f 1531//59 1533//59 1466//59
f 1466//59 1533//59 1535//59
f 1619//59 1635//59 1637//59
f 1579//59 1581//59 1466//59
f 1581//59 1583//59 1466//59
f 1551//59 1553//59 1482//59
f 1553//59 1555//59 1482//59
f 1482//59 1555//59 1497//59
f 1555//59 1495//59 1497//59
f 1474//59 1515//59 1472//59
f 1515//59 1517//59 1472//59
f 1472//59 1517//59 1470//59
f 1517//59 1519//59 1470//59
f 1470//59 1519//59 249//59
f 1519//59 1521//59 249//59
f 249//59 1521//59 251//59
f 1521//59 1523//59 251//59
f 251//59 1523//59 1525//59
f 1667//59 1539//59 1665//59
f 1539//59 1541//59 1665//59
f 1665//59 1541//59 1663//59
f 1541//59 1543//59 1663//59
f 1663//59 1543//59 1661//59
f 1543//59 1545//59 1661//59
f 1661//59 1545//59 1547//59
f 1643//59 1645//59 1482//59
f 1645//59 1647//59 1482//59
f 1482//59 1647//59 1649//59
f 1619//59 1621//59 1635//59
f 1621//59 1623//59 1635//59
f 1635//59 1623//59 1466//59
f 1623//59 1625//59 1466//59
f 1466//59 1625//59 1579//59
f 1583//59 1585//59 1466//59
f 1585//59 1587//59 1466//59
f 1466//59 1587//59 1468//59
f 1603//59 1482//59 1601//59
f 1482//59 1676//59 1601//59
f 1601//59 1676//59 1599//59
f 1676//59 1678//59 1599//59
f 1599//59 1678//59 1597//59
f 1678//59 1680//59 1597//59
f 1597//59 1680//59 1595//59
f 1680//59 1682//59 1595//59
f 1595//59 1682//59 1593//59
f 1682//59 1684//59 1593//59
f 1593//59 1684//59 1591//59
f 1684//59 1468//59 1591//59
f 1591//59 1468//59 1589//59
f 1468//59 1587//59 1589//59
f 1525//59 1527//59 251//59
f 1527//59 1529//59 251//59
f 251//59 1529//59 1483//59
f 1603//59 1605//59 1482//59
f 1605//59 1607//59 1482//59
f 1482//59 1607//59 1643//59
f 1565//59 1567//59 1483//59
f 1567//59 1569//59 1483//59
f 1483//59 1569//59 251//59
f 1569//59 1571//59 251//59
f 251//59 1571//59 1573//59
f 1607//59 1609//59 1643//59
f 1609//59 1611//59 1643//59
f 1643//59 1611//59 1641//59
f 1611//59 1613//59 1641//59
f 1641//59 1613//59 1639//59
f 1613//59 1615//59 1639//59
f 1639//59 1615//59 1637//59
f 1615//59 1617//59 1637//59
f 1637//59 1617//59 1619//59
f 1530//72 1528//72 250//72
f 1494//72 1492//72 1465//72
f 1492//72 1490//72 1465//72
f 1490//72 1488//72 1465//72
f 1488//72 1486//72 1465//72
f 1465//72 1486//72 250//72
f 1486//72 1484//72 250//72
f 250//72 1484//72 1530//72
f 1576//72 1574//72 1508//72
f 1574//72 1572//72 1508//72
f 1508//72 1572//72 1570//72
f 1562//72 1560//72 1479//72
f 1630//72 1628//72 1465//72
f 1628//72 1674//72 1465//72
f 1502//72 1532//72 1504//72
f 1532//72 1506//72 1504//72
f 1506//72 1532//72 1508//72
f 1532//72 1578//72 1508//72
f 1508//72 1578//72 1576//72
f 1528//72 1526//72 250//72
f 1526//72 1524//72 250//72
f 250//72 1524//72 248//72
f 1560//72 1558//72 1479//72
f 1558//72 1556//72 1479//72
f 1479//72 1556//72 1481//72
f 1556//72 1554//72 1481//72
f 1481//72 1554//72 1552//72
f 1540//72 1674//72 1672//72
f 1638//72 1636//72 1465//72
f 1584//72 1582//72 1465//72
f 1502//72 1500//72 1532//72
f 1500//72 1498//72 1532//72
f 1532//72 1498//72 1496//72
f 1646//72 1644//72 1620//72
f 1584//72 1465//72 1586//72
f 1636//72 1634//72 1465//72
f 1634//72 1632//72 1465//72
f 1465//72 1632//72 1630//72
f 1674//72 1540//72 1465//72
f 1540//72 1538//72 1465//72
f 1465//72 1538//72 1536//72
f 1524//72 1522//72 248//72
f 1522//72 1520//72 248//72
f 248//72 1520//72 1469//72
f 1520//72 1518//72 1469//72
f 1536//72 1534//72 1465//72
f 1534//72 1532//72 1465//72
f 1465//72 1532//72 1494//72
f 1532//72 1496//72 1494//72
f 1514//72 1512//72 1479//72
f 1512//72 1510//72 1479//72
f 1479//72 1510//72 1508//72
f 1618//72 1650//72 1620//72
f 1650//72 1648//72 1620//72
f 1620//72 1648//72 1646//72
f 1479//72 1477//72 1514//72
f 1477//72 1475//72 1514//72
f 1514//72 1475//72 1516//72
f 1475//72 1473//72 1516//72
f 1516//72 1473//72 1518//72
f 1473//72 1471//72 1518//72
f 1518//72 1471//72 1469//72
f 1570//72 1568//72 1508//72
f 1568//72 1566//72 1508//72
f 1508//72 1566//72 1479//72
f 1566//72 1564//72 1479//72
f 1479//72 1564//72 1562//72
f 1660//72 1548//72 1546//72
f 1467//72 1590//72 1465//72
f 1590//72 1588//72 1465//72
f 1465//72 1588//72 1586//72
f 1582//72 1580//72 1465//72
f 1580//72 1626//72 1465//72
f 1465//72 1626//72 1638//72
f 1612//72 1652//72 1614//72
f 1652//72 1650//72 1614//72
f 1614//72 1650//72 1616//72
f 1650//72 1618//72 1616//72
f 1660//72 1658//72 1548//72
f 1658//72 1656//72 1548//72
f 1548//72 1656//72 1654//72
f 1481//72 1604//72 1675//72
f 1604//72 1602//72 1675//72
f 1675//72 1602//72 1677//72
f 1602//72 1600//72 1677//72
f 1677//72 1600//72 1679//72
f 1600//72 1598//72 1679//72
f 1679//72 1598//72 1681//72
f 1598//72 1596//72 1681//72
f 1681//72 1596//72 1683//72
f 1596//72 1594//72 1683//72
f 1683//72 1594//72 1467//72
f 1594//72 1592//72 1467//72
f 1467//72 1592//72 1590//72
f 1626//72 1624//72 1638//72
f 1624//72 1622//72 1638//72
f 1638//72 1622//72 1640//72
f 1622//72 1620//72 1640//72
f 1640//72 1620//72 1642//72
f 1620//72 1644//72 1642//72
f 1672//72 1670//72 1540//72
f 1670//72 1668//72 1540//72
f 1540//72 1668//72 1542//72
f 1668//72 1666//72 1542//72
f 1542//72 1666//72 1544//72
f 1666//72 1664//72 1544//72
f 1544//72 1664//72 1546//72
f 1664//72 1662//72 1546//72
f 1546//72 1662//72 1660//72
f 1552//72 1550//72 1481//72
f 1550//72 1548//72 1481//72
f 1481//72 1548//72 1652//72
f 1548//72 1654//72 1652//72
f 1612//72 1610//72 1652//72
f 1610//72 1608//72 1652//72
f 1652//72 1608//72 1481//72
f 1608//72 1606//72 1481//72
f 1481//72 1606//72 1604//72
f 401//456 1074//456 403//456
f 1074//457 1073//457 403//457
f 403//458 1073//458 405//458
f 1073//458 1001//458 405//458
f 405//459 1001//459 407//459
f 1001//459 1000//459 407//459
f 407//460 1000//460 409//460
f 1000//460 1085//460 409//460
f 409//461 1085//461 411//461
f 1085//462 1084//462 411//462
f 411//463 1084//463 413//463
f 1084//464 1083//464 413//464
f 413//465 1083//465 415//465
f 1083//465 1082//465 415//465
f 415//466 1082//466 417//466
f 1082//466 1081//466 417//466
f 417//467 1081//467 419//467
f 1081//467 1086//467 419//467
f 419//468 1086//468 421//468
f 1086//469 1088//469 421//469
f 421//470 1088//470 423//470
f 1088//471 1092//471 423//471
f 423//472 1092//472 425//472
f 1092//472 1091//472 425//472
f 425//473 1091//473 427//473
f 1091//473 1089//473 427//473
f 427//474 1089//474 429//474
f 1089//474 1004//474 429//474
f 429//475 1004//475 431//475
f 1004//475 1003//475 431//475
f 431//476 1003//476 433//476
f 1003//476 1067//476 433//476
f 433//477 1067//477 387//477
f 1067//478 1072//478 387//478
f 387//479 1072//479 389//479
f 1072//480 1071//480 389//480
f 389//481 1071//481 391//481
f 1071//481 1069//481 391//481
f 391//482 1069//482 393//482
f 1069//482 1068//482 393//482
f 393//483 1068//483 395//483
f 1068//483 1077//483 395//483
f 395//484 1077//484 397//484
f 1077//484 1079//484 397//484
f 397//485 1079//485 399//485
f 1079//485 1076//485 399//485
f 399//486 1076//486 401//486
f 1076//487 1074//487 401//487
f 353//488 1094//488 355//488
f 1094//489 1093//489 355//489
f 355//490 1093//490 357//490
f 1093//491 1119//491 357//491
f 357//492 1119//492 359//492
f 1119//493 1118//493 359//493
f 359//494 1118//494 361//494
f 1118//494 1122//494 361//494
f 361//495 1122//495 363//495
f 1122//496 1121//496 363//496
f 363//497 1121//497 365//497
f 1121//498 1120//498 365//498
f 365//499 1120//499 367//499
f 1120//499 1115//499 367//499
f 367//500 1115//500 369//500
f 1115//500 1114//500 369//500
f 369//501 1114//501 371//501
f 1114//502 1113//502 371//502
f 371//503 1113//503 373//503
f 1113//504 1112//504 373//504
f 373//505 1112//505 375//505
f 1112//506 1110//506 375//506
f 375//507 1110//507 377//507
f 1110//508 1109//508 377//508
f 377//509 1109//509 379//509
f 1109//510 1102//510 379//510
f 379//511 1102//511 381//511
f 1102//512 1104//512 381//512
f 381//513 1104//513 383//513
f 1104//513 1105//513 383//513
f 383//514 1105//514 385//514
f 1105//514 1108//514 385//514
f 385//515 1108//515 339//515
f 1108//516 1107//516 339//516
f 339//517 1107//517 341//517
f 1107//518 1106//518 341//518
f 341//519 1106//519 343//519
f 1106//519 1101//519 343//519
f 343//520 1101//520 345//520
f 1101//521 1100//521 345//521
f 345//522 1100//522 347//522
f 1100//523 1099//523 347//523
f 347//524 1099//524 349//524
f 1099//525 1097//525 349//525
f 349//526 1097//526 351//526
f 1097//527 1096//527 351//527
f 351//528 1096//528 353//528
f 1096//529 1094//529 353//529
f 449//530 1050//530 451//530
f 1050//531 1046//531 451//531
f 451//532 1046//532 453//532
f 1046//491 1044//491 453//491
f 453//533 1044//533 455//533
f 1044//533 1043//533 455//533
f 455//534 1043//534 457//534
f 1043//534 1063//534 457//534
f 457//535 1063//535 459//535
f 1063//496 1065//496 459//496
f 459//536 1065//536 461//536
f 1065//498 1066//498 461//498
f 461//537 1066//537 463//537
f 1066//537 1062//537 463//537
f 463//538 1062//538 465//538
f 1062//539 1060//539 465//539
f 465//540 1060//540 467//540
f 1060//541 1059//541 467//541
f 467//542 1059//542 469//542
f 1059//543 1058//543 469//543
f 469//506 1058//506 471//506
f 1058//505 1056//505 471//505
f 471//544 1056//544 473//544
f 1056//545 1055//545 473//545
f 473//546 1055//546 475//546
f 1055//547 1039//547 475//547
f 475//548 1039//548 477//548
f 1039//512 1038//512 477//512
f 477//549 1038//549 479//549
f 1038//550 1042//550 479//550
f 479//551 1042//551 481//551
f 1042//551 1041//551 481//551
f 481//552 1041//552 435//552
f 1041//516 1040//516 435//516
f 435//553 1040//553 437//553
f 1040//518 1054//518 437//518
f 437//554 1054//554 439//554
f 1054//554 1053//554 439//554
f 439//555 1053//555 441//555
f 1053//555 1049//555 441//555
f 441//556 1049//556 443//556
f 1049//557 1048//557 443//557
f 443//558 1048//558 445//558
f 1048//559 1052//559 445//559
f 445//527 1052//527 447//527
f 1052//526 1051//526 447//526
f 447//560 1051//560 449//560
f 1051//561 1050//561 449//561
f 497//457 1024//457 499//457
f 1024//457 1023//457 499//457
f 499//458 1023//458 501//458
f 1023//458 1021//458 501//458
f 501//562 1021//562 503//562
f 1021//563 1027//563 503//563
f 503//564 1027//564 505//564
f 1027//565 1026//565 505//565
f 505//461 1026//461 507//461
f 1026//566 1025//566 507//566
f 507//567 1025//567 509//567
f 1025//568 1029//568 509//568
f 509//569 1029//569 511//569
f 1029//570 1028//570 511//570
f 511//571 1028//571 513//571
f 1028//572 1007//572 513//572
f 513//467 1007//467 515//467
f 1007//467 1006//467 515//467
f 515//573 1006//573 517//573
f 1006//573 1037//573 517//573
f 517//574 1037//574 519//574
f 1037//471 1036//471 519//471
f 519//472 1036//472 521//472
f 1036//472 1034//472 521//472
f 521//473 1034//473 523//473
f 1034//473 1033//473 523//473
f 523//474 1033//474 525//474
f 1033//474 1031//474 525//474
f 525//575 1031//575 527//575
f 1031//576 1030//576 527//576
f 527//577 1030//577 529//577
f 1030//578 1014//578 529//578
f 529//477 1014//477 483//477
f 1014//478 1013//478 483//478
f 483//479 1013//479 485//479
f 1013//480 1011//480 485//480
f 485//579 1011//579 487//579
f 1011//580 1010//580 487//580
f 487//581 1010//581 489//581
f 1010//582 1019//582 489//582
f 489//483 1019//483 491//483
f 1019//483 1018//483 491//483
f 491//484 1018//484 493//484
f 1018//484 1016//484 493//484
f 493//485 1016//485 495//485
f 1016//485 1015//485 495//485
f 495//583 1015//583 497//583
f 1015//584 1024//584 497//584
f 260//585 262//585 1328//585
f 1455//585 1430//585 1426//585
f 1426//585 1417//585 1455//585
f 1417//585 1335//585 1455//585
f 1455//585 1335//585 311//585
f 1328//585 1430//585 260//585
f 1430//585 1455//585 260//585
f 260//586 1455//586 258//586
f 1455//586 1457//586 258//586
f 258//587 1457//587 256//587
f 1457//587 1459//587 256//587
f 256//588 1459//588 254//588
f 1459//588 1461//588 254//588
f 254//589 1461//589 252//589
f 1461//589 1463//589 252//589
f 252//590 1463//590 250//590
f 1463//590 1465//590 250//590
f 1157//591 263//591 261//591
f 251//592 1466//592 1464//592
f 1456//591 310//591 1151//591
f 1151//591 1240//591 1456//591
f 1240//591 1242//591 1456//591
f 1456//591 1242//591 1267//591
f 251//592 1464//592 253//592
f 1464//593 1462//593 253//593
f 253//593 1462//593 255//593
f 1462//594 1460//594 255//594
f 255//594 1460//594 257//594
f 1460//595 1458//595 257//595
f 257//595 1458//595 259//595
f 1458//596 1456//596 259//596
f 259//596 1456//596 261//596
f 1456//591 1267//591 261//591
f 261//591 1267//591 1157//591
f 1284//597 331//597 329//597
f 269//597 1309//597 1685//597
f 1309//597 1439//597 1685//597
f 1685//597 1439//597 1440//597
f 1284//597 329//597 1285//597
f 1440//597 1285//597 1685//597
f 1285//597 329//597 1685//597
f 1685//598 329//598 1686//598
f 329//598 327//598 1686//598
f 1686//599 327//599 1687//599
f 327//599 325//599 1687//599
f 1687//600 325//600 1688//600
f 325//600 323//600 1688//600
f 1688//601 323//601 1689//601
f 323//601 321//601 1689//601
f 1689//602 321//602 1690//602
f 321//602 319//602 1690//602
f 1691//603 318//603 320//603
f 330//604 1275//604 328//604
f 1275//604 1274//604 328//604
f 1691//603 320//603 1692//603
f 320//605 322//605 1692//605
f 1692//605 322//605 1693//605
f 322//606 324//606 1693//606
f 1693//606 324//606 1694//606
f 324//607 326//607 1694//607
f 1694//607 326//607 1695//607
f 326//608 328//608 1695//608
f 1695//608 328//608 1696//608
f 328//604 1274//604 1696//604
f 1696//604 1274//604 1273//604
f 1273//604 1272//604 1696//604
f 1272//604 1130//604 1696//604
f 1696//604 1130//604 270//604
f 1697//59 1698//59 1699//59
f 1700//59 1701//59 1702//59
f 1701//59 1703//59 1702//59
f 1704//59 1705//59 1690//59
f 1706//59 1707//59 319//59
f 1708//59 1699//59 1709//59
f 1699//59 1710//59 1709//59
f 1698//59 1711//59 1699//59
f 1711//59 1712//59 1699//59
f 1699//59 1712//59 1713//59
f 1712//59 1714//59 1713//59
f 1713//59 1714//59 1715//59
f 1700//59 1716//59 1701//59
f 1716//59 1717//59 1701//59
f 1701//59 1717//59 1718//59
f 1703//59 1701//59 1719//59
f 1701//59 1720//59 1719//59
f 1719//59 1720//59 1721//59
f 1721//59 1722//59 1719//59
f 1722//59 1723//59 1719//59
f 1719//59 1723//59 1724//59
f 1725//59 1726//59 1699//59
f 1715//59 1727//59 1713//59
f 1727//59 1728//59 1713//59
f 1713//59 1728//59 1729//59
f 1728//59 1730//59 1729//59
f 1729//59 1730//59 1731//59
f 1730//59 1732//59 1731//59
f 1731//59 1732//59 1733//59
f 1733//59 1732//59 1734//59
f 1732//59 1735//59 1734//59
f 1734//59 1735//59 1736//59
f 1735//59 1737//59 1736//59
f 1736//59 1737//59 317//59
f 1737//59 1738//59 317//59
f 317//59 1738//59 319//59
f 1738//59 1739//59 319//59
f 319//59 1739//59 1740//59
f 1704//59 1690//59 1741//59
f 1742//59 1743//59 1690//59
f 1708//59 1744//59 1699//59
f 1744//59 1701//59 1699//59
f 1699//59 1701//59 1697//59
f 1701//59 1718//59 1697//59
f 1707//59 1745//59 319//59
f 1745//59 1746//59 319//59
f 319//59 1746//59 1690//59
f 1746//59 1747//59 1690//59
f 1690//59 1747//59 1741//59
f 1699//59 1726//59 1710//59
f 1726//59 1748//59 1710//59
f 1710//59 1748//59 1749//59
f 1749//59 1750//59 1710//59
f 1750//59 1751//59 1710//59
f 1710//59 1751//59 1752//59
f 1753//59 1705//59 1754//59
f 1705//59 1755//59 1754//59
f 1754//59 1755//59 1756//59
f 1740//59 1757//59 319//59
f 1757//59 1758//59 319//59
f 319//59 1758//59 1719//59
f 1753//59 1759//59 1705//59
f 1759//59 1760//59 1705//59
f 1705//59 1760//59 1690//59
f 1760//59 1761//59 1690//59
f 1690//59 1761//59 1742//59
f 1762//59 1763//59 1690//59
f 1724//59 1764//59 1719//59
f 1764//59 1765//59 1719//59
f 1719//59 1765//59 319//59
f 1765//59 1766//59 319//59
f 319//59 1766//59 1706//59
f 1767//59 1768//59 1699//59
f 1768//59 1769//59 1699//59
f 1699//59 1769//59 1725//59
f 1756//59 1755//59 1770//59
f 1755//59 1771//59 1770//59
f 1770//59 1771//59 1752//59
f 1771//59 1772//59 1752//59
f 1752//59 1772//59 1710//59
f 1773//59 1762//59 1774//59
f 1762//59 1690//59 1774//59
f 1774//59 1690//59 1775//59
f 1690//59 1743//59 1775//59
f 1763//59 1776//59 1690//59
f 1776//59 1777//59 1690//59
f 1690//59 1777//59 1778//59
f 1779//59 1699//59 1780//59
f 1699//59 1781//59 1780//59
f 1780//59 1781//59 1782//59
f 1781//59 1783//59 1782//59
f 1782//59 1783//59 1784//59
f 1783//59 1785//59 1784//59
f 1784//59 1785//59 1786//59
f 1785//59 1787//59 1786//59
f 1786//59 1787//59 1788//59
f 1787//59 1789//59 1788//59
f 1788//59 1789//59 1790//59
f 1789//59 1791//59 1790//59
f 1779//59 1792//59 1699//59
f 1792//59 1793//59 1699//59
f 1699//59 1793//59 1767//59
f 1778//59 1794//59 1690//59
f 1794//59 1795//59 1690//59
f 1690//59 1795//59 1791//59
f 1795//59 1796//59 1791//59
f 1791//59 1796//59 1790//59
f 1793//59 1797//59 1767//59
f 1797//59 1798//59 1767//59
f 1767//59 1798//59 1799//59
f 1798//59 1800//59 1799//59
f 1799//59 1800//59 1801//59
f 1800//59 1802//59 1801//59
f 1801//59 1802//59 1803//59
f 1802//59 1804//59 1803//59
f 1803//59 1804//59 1774//59
f 1804//59 1805//59 1774//59
f 1774//59 1805//59 1773//59
f 1806//72 1807//72 1808//72
f 1809//72 1810//72 1811//72
f 1812//72 1813//72 318//72
f 1809//72 1811//72 1808//72
f 1811//72 1814//72 1808//72
f 1808//72 1814//72 1806//72
f 1813//72 1815//72 318//72
f 1815//72 1816//72 318//72
f 318//72 1816//72 316//72
f 1817//72 1818//72 1819//72
f 1818//72 1820//72 1819//72
f 1821//72 1822//72 1691//72
f 1822//72 1823//72 1691//72
f 1823//72 1824//72 1691//72
f 1824//72 1825//72 1691//72
f 1691//72 1825//72 318//72
f 1825//72 1826//72 318//72
f 318//72 1826//72 1812//72
f 1827//72 1828//72 1691//72
f 1829//72 1691//72 1830//72
f 1691//72 1831//72 1830//72
f 1829//72 1832//72 1691//72
f 1832//72 1833//72 1691//72
f 1691//72 1833//72 1817//72
f 1807//72 1834//72 1808//72
f 1834//72 1835//72 1808//72
f 1808//72 1835//72 1836//72
f 1827//72 1691//72 1837//72
f 1817//72 1819//72 1691//72
f 1819//72 1838//72 1691//72
f 1691//72 1838//72 1839//72
f 1816//72 1840//72 316//72
f 1840//72 1841//72 316//72
f 316//72 1841//72 1842//72
f 1841//72 1843//72 1842//72
f 1844//72 1845//72 1846//72
f 1845//72 1847//72 1846//72
f 1846//72 1847//72 1848//72
f 1847//72 1849//72 1848//72
f 1848//72 1849//72 1843//72
f 1849//72 1850//72 1843//72
f 1843//72 1850//72 1842//72
f 1810//72 1851//72 1811//72
f 1851//72 1852//72 1811//72
f 1811//72 1852//72 1853//72
f 1854//72 1855//72 1844//72
f 1839//72 1856//72 1691//72
f 1856//72 1808//72 1691//72
f 1691//72 1808//72 1821//72
f 1808//72 1836//72 1821//72
f 1855//72 1857//72 1844//72
f 1857//72 1858//72 1844//72
f 1844//72 1858//72 1859//72
f 1858//72 1860//72 1859//72
f 1859//72 1860//72 1861//72
f 1820//72 1862//72 1819//72
f 1862//72 1863//72 1819//72
f 1819//72 1863//72 1864//72
f 1865//72 1866//72 1867//72
f 1859//72 1868//72 1869//72
f 1846//72 1870//72 1844//72
f 1870//72 1871//72 1844//72
f 1844//72 1871//72 1811//72
f 1865//72 1867//72 1872//72
f 1861//72 1873//72 1859//72
f 1873//72 1867//72 1859//72
f 1859//72 1867//72 1868//72
f 1867//72 1866//72 1868//72
f 1828//72 1874//72 1691//72
f 1874//72 1875//72 1691//72
f 1691//72 1875//72 1831//72
f 1875//72 1876//72 1831//72
f 1853//72 1877//72 1811//72
f 1877//72 1878//72 1811//72
f 1811//72 1878//72 1844//72
f 1878//72 1879//72 1844//72
f 1844//72 1879//72 1854//72
f 1869//72 1880//72 1859//72
f 1880//72 1881//72 1859//72
f 1859//72 1881//72 1882//72
f 1883//72 1884//72 1691//72
f 1884//72 1885//72 1691//72
f 1691//72 1885//72 1837//72
f 1864//72 1863//72 1886//72
f 1863//72 1887//72 1886//72
f 1886//72 1887//72 1888//72
f 1887//72 1889//72 1888//72
f 1888//72 1889//72 1867//72
f 1889//72 1890//72 1867//72
f 1867//72 1890//72 1872//72
f 1876//72 1891//72 1831//72
f 1891//72 1892//72 1831//72
f 1831//72 1892//72 1893//72
f 1892//72 1894//72 1893//72
f 1893//72 1894//72 1895//72
f 1894//72 1896//72 1895//72
f 1895//72 1896//72 1897//72
f 1896//72 1898//72 1897//72
f 1897//72 1898//72 1882//72
f 1899//72 1859//72 1900//72
f 1859//72 1882//72 1900//72
f 1900//72 1882//72 1901//72
f 1882//72 1898//72 1901//72
f 1899//72 1902//72 1859//72
f 1902//72 1903//72 1859//72
f 1859//72 1903//72 1904//72
f 1903//72 1905//72 1904//72
f 1904//72 1905//72 1906//72
f 1905//72 1907//72 1906//72
f 1906//72 1907//72 1908//72
f 1907//72 1909//72 1908//72
f 1908//72 1909//72 1910//72
f 1909//72 1911//72 1910//72
f 1910//72 1911//72 1912//72
f 1911//72 1913//72 1912//72
f 1912//72 1913//72 1883//72
f 1913//72 1914//72 1883//72
f 1883//72 1914//72 1884//72
f 1699//450 1859//450 1904//450
f 1699//450 1904//450 1781//450
f 1904//451 1906//451 1781//451
f 1781//451 1906//451 1783//451
f 1906//452 1908//452 1783//452
f 1783//452 1908//452 1785//452
f 1908//453 1910//453 1785//453
f 1785//453 1910//453 1787//453
f 1910//454 1912//454 1787//454
f 1787//454 1912//454 1789//454
f 1912//455 1883//455 1789//455
f 1789//455 1883//455 1791//455
f 1761//416 1833//416 1742//416
f 1833//416 1832//416 1742//416
f 1742//439 1832//439 1743//439
f 1832//439 1829//439 1743//439
f 1743//418 1829//418 1775//418
f 1829//418 1830//418 1775//418
f 1775//440 1830//440 1774//440
f 1830//440 1831//440 1774//440
f 1774//441 1831//441 1803//441
f 1831//441 1893//441 1803//441
f 1803//421 1893//421 1801//421
f 1893//421 1895//421 1801//421
f 1801//422 1895//422 1799//422
f 1895//422 1897//422 1799//422
f 1799//413 1897//413 1767//413
f 1897//413 1882//413 1767//413
f 1767//442 1882//442 1768//442
f 1882//442 1881//442 1768//442
f 1768//425 1881//425 1769//425
f 1881//425 1880//425 1769//425
f 1769//443 1880//443 1725//443
f 1880//443 1869//443 1725//443
f 1725//427 1869//427 1726//427
f 1869//427 1868//427 1726//427
f 1726//428 1868//428 1748//428
f 1868//428 1866//428 1748//428
f 1748//444 1866//444 1749//444
f 1866//444 1865//444 1749//444
f 1749//430 1865//430 1750//430
f 1865//430 1872//430 1750//430
f 1750//445 1872//445 1751//445
f 1872//445 1890//445 1751//445
f 1751//446 1890//446 1752//446
f 1890//446 1889//446 1752//446
f 1752//432 1889//432 1770//432
f 1889//432 1887//432 1770//432
f 1770//433 1887//433 1756//433
f 1887//433 1863//433 1756//433
f 1756//447 1863//447 1754//447
f 1863//447 1862//447 1754//447
f 1754//448 1862//448 1753//448
f 1862//448 1820//448 1753//448
f 1753//436 1820//436 1759//436
f 1820//436 1818//436 1759//436
f 1759//449 1818//449 1760//449
f 1818//449 1817//449 1760//449
f 1760//438 1817//438 1761//438
f 1817//438 1833//438 1761//438
f 1776//416 1874//416 1777//416
f 1874//416 1828//416 1777//416
f 1777//417 1828//417 1778//417
f 1828//417 1827//417 1778//417
f 1778//418 1827//418 1794//418
f 1827//418 1837//418 1794//418
f 1794//419 1837//419 1795//419
f 1837//419 1885//419 1795//419
f 1795//420 1885//420 1796//420
f 1885//420 1884//420 1796//420
f 1796//421 1884//421 1790//421
f 1884//421 1914//421 1790//421
f 1790//422 1914//422 1788//422
f 1914//422 1913//422 1788//422
f 1788//423 1913//423 1786//423
f 1913//423 1911//423 1786//423
f 1786//424 1911//424 1784//424
f 1911//424 1909//424 1784//424
f 1784//425 1909//425 1782//425
f 1909//425 1907//425 1782//425
f 1782//426 1907//426 1780//426
f 1907//426 1905//426 1780//426
f 1780//427 1905//427 1779//427
f 1905//427 1903//427 1779//427
f 1779//428 1903//428 1792//428
f 1903//428 1902//428 1792//428
f 1792//429 1902//429 1793//429
f 1902//429 1899//429 1793//429
f 1793//430 1899//430 1797//430
f 1899//430 1900//430 1797//430
f 1797//431 1900//431 1798//431
f 1900//431 1901//431 1798//431
f 1798//402 1901//402 1800//402
f 1901//402 1898//402 1800//402
f 1800//432 1898//432 1802//432
f 1898//432 1896//432 1802//432
f 1802//433 1896//433 1804//433
f 1896//433 1894//433 1804//433
f 1804//434 1894//434 1805//434
f 1894//434 1892//434 1805//434
f 1805//435 1892//435 1773//435
f 1892//435 1891//435 1773//435
f 1773//436 1891//436 1762//436
f 1891//436 1876//436 1762//436
f 1762//437 1876//437 1763//437
f 1876//437 1875//437 1763//437
f 1763//438 1875//438 1776//438
f 1875//438 1874//438 1776//438
f 1746//410 1808//410 1747//410
f 1808//410 1856//410 1747//410
f 1747//411 1856//411 1741//411
f 1856//411 1839//411 1741//411
f 1741//388 1839//388 1704//388
f 1839//388 1838//388 1704//388
f 1704//389 1838//389 1705//389
f 1838//389 1819//389 1705//389
f 1705//412 1819//412 1755//412
f 1819//412 1864//412 1755//412
f 1755//391 1864//391 1771//391
f 1864//391 1886//391 1771//391
f 1771//392 1886//392 1772//392
f 1886//392 1888//392 1772//392
f 1772//413 1888//413 1710//413
f 1888//413 1867//413 1710//413
f 1710//394 1867//394 1709//394
f 1867//394 1873//394 1709//394
f 1709//395 1873//395 1708//395
f 1873//395 1861//395 1708//395
f 1708//414 1861//414 1744//414
f 1861//414 1860//414 1744//414
f 1744//415 1860//415 1701//415
f 1860//415 1858//415 1701//415
f 1701//398 1858//398 1720//398
f 1858//398 1857//398 1720//398
f 1720//399 1857//399 1721//399
f 1857//399 1855//399 1721//399
f 1721//400 1855//400 1722//400
f 1855//400 1854//400 1722//400
f 1722//401 1854//401 1723//401
f 1854//401 1879//401 1723//401
f 1723//402 1879//402 1724//402
f 1879//402 1878//402 1724//402
f 1724//403 1878//403 1764//403
f 1878//403 1877//403 1764//403
f 1764//404 1877//404 1765//404
f 1877//404 1853//404 1765//404
f 1765//405 1853//405 1766//405
f 1853//405 1852//405 1766//405
f 1766//406 1852//406 1706//406
f 1852//406 1851//406 1706//406
f 1706//407 1851//407 1707//407
f 1851//407 1810//407 1707//407
f 1707//408 1810//408 1745//408
f 1810//408 1809//408 1745//408
f 1745//409 1809//409 1746//409
f 1809//409 1808//409 1746//409
f 1719//386 1826//386 1703//386
f 1826//386 1825//386 1703//386
f 1703//387 1825//387 1702//387
f 1825//387 1824//387 1702//387
f 1702//388 1824//388 1700//388
f 1824//388 1823//388 1700//388
f 1700//389 1823//389 1716//389
f 1823//389 1822//389 1716//389
f 1716//390 1822//390 1717//390
f 1822//390 1821//390 1717//390
f 1717//391 1821//391 1718//391
f 1821//391 1836//391 1718//391
f 1718//392 1836//392 1697//392
f 1836//392 1835//392 1697//392
f 1697//393 1835//393 1698//393
f 1835//393 1834//393 1698//393
f 1698//394 1834//394 1711//394
f 1834//394 1807//394 1711//394
f 1711//395 1807//395 1712//395
f 1807//395 1806//395 1712//395
f 1712//396 1806//396 1714//396
f 1806//396 1814//396 1714//396
f 1714//397 1814//397 1715//397
f 1814//397 1811//397 1715//397
f 1715//398 1811//398 1727//398
f 1811//398 1871//398 1727//398
f 1727//399 1871//399 1728//399
f 1871//399 1870//399 1728//399
f 1728//400 1870//400 1730//400
f 1870//400 1846//400 1730//400
f 1730//401 1846//401 1732//401
f 1846//401 1848//401 1732//401
f 1732//402 1848//402 1735//402
f 1848//402 1843//402 1735//402
f 1735//403 1843//403 1737//403
f 1843//403 1841//403 1737//403
f 1737//404 1841//404 1738//404
f 1841//404 1840//404 1738//404
f 1738//405 1840//405 1739//405
f 1840//405 1816//405 1739//405
f 1739//406 1816//406 1740//406
f 1816//406 1815//406 1740//406
f 1740//407 1815//407 1757//407
f 1815//407 1813//407 1757//407
f 1757//408 1813//408 1758//408
f 1813//408 1812//408 1758//408
f 1758//409 1812//409 1719//409
f 1812//409 1826//409 1719//409
f 1791//1 1883//1 1690//1
f 1883//1 1691//1 1690//1
f 1690//1 1691//1 1689//1
f 1691//1 1692//1 1689//1
f 1689//1 1692//1 1688//1
f 1692//1 1693//1 1688//1
f 1688//1 1693//1 1687//1
f 1693//1 1694//1 1687//1
f 1687//1 1694//1 1686//1
f 1694//1 1695//1 1686//1
f 1686//1 1695//1 1685//1
f 1695//1 1696//1 1685//1
f 1685//1 1696//1 269//1
f 1696//1 270//1 269//1
f 317//380 316//380 1842//380
f 317//380 1842//380 1736//380
f 1842//381 1850//381 1736//381
f 1736//381 1850//381 1734//381
f 1850//382 1849//382 1734//382
f 1734//382 1849//382 1733//382
f 1849//383 1847//383 1733//383
f 1733//383 1847//383 1731//383
f 1847//384 1845//384 1731//384
f 1731//384 1845//384 1729//384
f 1845//385 1844//385 1729//385
f 1729//385 1844//385 1713//385
f 1713//3 1844//3 1699//3
f 1844//3 1859//3 1699//3
f 243//609 242//609 1327//609
f 243//609 1327//609 1158//609
f 1327//610 1329//610 1158//610
f 1158//610 1329//610 1152//610
f 1329//611 1330//611 1152//611
f 1152//611 1330//611 1156//611
f 1330//612 1331//612 1156//612
f 1156//612 1331//612 1155//612
f 1331//613 1332//613 1155//613
f 1155//613 1332//613 1154//613
f 1332//614 264//614 1154//614
f 1154//614 264//614 265//614
f 966//615 967//615 1179//615
f 966//615 1179//615 1293//615
f 1179//616 1177//616 1293//616
f 1293//616 1177//616 1350//616
f 1177//617 1180//617 1350//617
f 1350//617 1180//617 1351//617
f 1180//618 1182//618 1351//618
f 1351//618 1182//618 1354//618
f 1182//619 1181//619 1354//619
f 1354//619 1181//619 1353//619
f 1181//620 336//620 1353//620
f 1353//620 336//620 337//620
f 246//609 247//609 1320//609
f 247//609 1165//609 1320//609
f 1320//610 1165//610 1325//610
f 1165//610 1164//610 1325//610
f 1325//621 1164//621 1326//621
f 1164//621 1163//621 1326//621
f 1326//612 1163//612 1323//612
f 1163//612 1162//612 1323//612
f 1323//151 1162//151 1324//151
f 1162//151 1159//151 1324//151
f 1324//622 1159//622 227//622
f 1159//622 228//622 227//622
f 173//623 174//623 1418//623
f 174//623 1241//623 1418//623
f 1418//624 1241//624 1419//624
f 1241//624 1251//624 1419//624
f 1419//625 1251//625 1425//625
f 1251//625 1250//625 1425//625
f 1425//626 1250//626 1420//626
f 1250//626 1249//626 1420//626
f 1420//627 1249//627 1421//627
f 1249//627 1248//627 1421//627
f 1421//628 1248//628 1422//628
f 1248//628 1247//628 1422//628
f 1422//629 1247//629 1423//629
f 1247//629 1246//629 1423//629
f 1423//630 1246//630 1424//630
f 1246//630 1245//630 1424//630
f 1424//631 1245//631 1415//631
f 1245//631 1244//631 1415//631
f 1415//632 1244//632 1416//632
f 1244//632 1243//632 1416//632
f 1416//633 1243//633 1287//633
f 1243//633 1253//633 1287//633
f 1287//634 1253//634 978//634
f 1253//634 979//634 978//634
f 963//615 962//615 1171//615
f 962//615 1355//615 1171//615
f 1171//616 1355//616 1175//616
f 1355//616 1317//616 1175//616
f 1175//635 1317//635 1176//635
f 1317//635 1316//635 1176//635
f 1176//618 1316//618 1172//618
f 1316//618 1315//618 1172//618
f 1172//206 1315//206 1173//206
f 1315//206 1313//206 1173//206
f 1173//636 1313//636 232//636
f 1313//636 233//636 232//636
f 183//637 184//637 1401//637
f 184//637 1220//637 1401//637
f 1401//638 1220//638 1402//638
f 1220//638 1217//638 1402//638
f 1402//639 1217//639 1391//639
f 1217//639 1216//639 1391//639
f 1391//640 1216//640 1392//640
f 1216//640 1226//640 1392//640
f 1392//641 1226//641 1393//641
f 1226//641 1225//641 1393//641
f 1393//642 1225//642 1394//642
f 1225//642 1219//642 1394//642
f 1394//643 1219//643 1396//643
f 1219//643 1218//643 1396//643
f 1396//644 1218//644 1397//644
f 1218//644 1224//644 1397//644
f 1397//645 1224//645 1398//645
f 1224//645 1223//645 1398//645
f 1398//646 1223//646 1399//646
f 1223//646 1222//646 1399//646
f 1399//647 1222//647 1400//647
f 1222//647 1221//647 1400//647
f 1400//648 1221//648 968//648
f 1221//648 969//648 968//648
f 215//649 216//649 1364//649
f 216//649 1140//649 1364//649
f 1364//650 1140//650 1363//650
f 1140//650 1189//650 1363//650
f 1363//651 1189//651 1360//651
f 1189//651 1188//651 1360//651
f 1360//652 1188//652 1361//652
f 1188//652 1187//652 1361//652
f 1361//653 1187//653 1362//653
f 1187//653 1186//653 1362//653
f 1362//634 1186//634 1359//634
f 1186//634 1192//634 1359//634
f 1359//654 1192//654 1358//654
f 1192//654 1191//654 1358//654
f 1358//655 1191//655 1356//655
f 1191//655 1190//655 1356//655
f 1356//359 1190//359 1357//359
f 1190//359 1185//359 1357//359
f 1357//656 1185//656 1453//656
f 1185//656 1184//656 1453//656
f 1453//657 1184//657 1454//657
f 1184//657 1183//657 1454//657
f 1454//658 1183//658 217//658
f 1183//658 218//658 217//658
f 977//339 976//339 1404//339
f 976//339 993//339 1404//339
f 1404//659 993//659 1405//659
f 993//659 1227//659 1405//659
f 1405//660 1227//660 1406//660
f 1227//660 1230//660 1406//660
f 1406//661 1230//661 1409//661
f 1230//661 1229//661 1409//661
f 1409//662 1229//662 1410//662
f 1229//662 1228//662 1410//662
f 1410//663 1228//663 1411//663
f 1228//663 1231//663 1411//663
f 1411//664 1231//664 1412//664
f 1231//664 1236//664 1412//664
f 1412//665 1236//665 1413//665
f 1236//665 1235//665 1413//665
f 1413//666 1235//666 1414//666
f 1235//666 1234//666 1414//666
f 1414//667 1234//667 1408//667
f 1234//667 1233//667 1408//667
f 1408//668 1233//668 1444//668
f 1233//668 1238//668 1444//668
f 1444//669 1238//669 175//669
f 1238//669 176//669 175//669
f 1915//670 1916//670 1917//670
f 1916//670 1918//670 1917//670
f 1917//671 1918//671 1919//671
f 1918//671 1920//671 1919//671
f 1919//672 1920//672 1921//672
f 1920//672 1922//672 1921//672
f 1921//673 1922//673 1923//673
f 1922//673 1924//673 1923//673
f 1923//674 1924//674 1925//674
f 1924//674 1926//674 1925//674
f 1925//675 1926//675 1927//675
f 1926//675 1928//675 1927//675
f 1927//676 1928//676 1929//676
f 1928//676 1930//676 1929//676
f 1929//677 1930//677 1931//677
f 1930//677 1932//677 1931//677
f 1931//678 1932//678 1933//678
f 1932//678 1934//678 1933//678
f 1933//679 1934//679 1935//679
f 1934//679 1936//679 1935//679
f 1935//680 1936//680 1937//680
f 1936//680 1938//680 1937//680
f 1937//681 1938//681 1939//681
f 1938//681 1940//681 1939//681
f 1939//682 1940//682 1941//682
f 1940//682 1942//682 1941//682
f 1941//683 1942//683 1943//683
f 1942//683 1944//683 1943//683
f 1943//684 1944//684 1945//684
f 1944//684 1946//684 1945//684
f 1945//685 1946//685 1947//685
f 1946//685 1948//685 1947//685
f 1947//686 1948//686 1949//686
f 1948//686 1950//686 1949//686
f 1949//687 1950//687 1951//687
f 1950//687 1952//687 1951//687
f 1951//688 1952//688 1953//688
f 1952//688 1954//688 1953//688
f 1953//689 1954//689 1955//689
f 1954//689 1956//689 1955//689
f 1955//690 1956//690 1957//690
f 1956//690 1958//690 1957//690
f 1957//691 1958//691 1959//691
f 1958//691 1960//691 1959//691
f 1959//692 1960//692 1961//692
f 1960//692 1962//692 1961//692
f 1961//693 1962//693 1915//693
f 1962//693 1916//693 1915//693
f 1963//694 1964//694 1965//694
f 1964//695 1966//695 1965//695
f 1965//695 1966//695 1967//695
f 1966//696 1968//696 1967//696
f 1967//696 1968//696 1969//696
f 1968//697 1970//697 1969//697
f 1969//697 1970//697 1971//697
f 1970//698 1972//698 1971//698
f 1971//698 1972//698 1973//698
f 1972//699 1974//699 1973//699
f 1973//699 1974//699 1975//699
f 1974//700 1976//700 1975//700
f 1975//700 1976//700 1977//700
f 1976//701 1978//701 1977//701
f 1977//701 1978//701 1979//701
f 1978//702 1980//702 1979//702
f 1979//702 1980//702 1981//702
f 1980//703 1982//703 1981//703
f 1981//703 1982//703 1983//703
f 1982//704 1984//704 1983//704
f 1983//704 1984//704 1985//704
f 1984//705 1986//705 1985//705
f 1985//705 1986//705 1987//705
f 1986//706 1988//706 1987//706
f 1987//706 1988//706 1989//706
f 1988//707 1990//707 1989//707
f 1989//707 1990//707 1991//707
f 1990//708 1992//708 1991//708
f 1991//708 1992//708 1993//708
f 1992//709 1994//709 1993//709
f 1993//709 1994//709 1995//709
f 1994//710 1996//710 1995//710
f 1995//710 1996//710 1997//710
f 1996//711 1998//711 1997//711
f 1997//711 1998//711 1999//711
f 1998//712 2000//712 1999//712
f 1999//712 2000//712 2001//712
f 2000//713 2002//713 2001//713
f 2001//713 2002//713 2003//713
f 2002//714 2004//714 2003//714
f 2003//714 2004//714 2005//714
f 2004//715 2006//715 2005//715
f 2005//715 2006//715 2007//715
f 2006//716 2008//716 2007//716
f 2007//716 2008//716 2009//716
f 2008//717 2010//717 2009//717
f 2009//717 2010//717 1963//717
f 2010//694 1964//694 1963//694
f 1946//3 1993//3 1948//3
f 1993//3 1995//3 1948//3
f 1948//3 1995//3 1950//3
f 1995//3 1997//3 1950//3
f 1950//3 1997//3 1952//3
f 1997//3 1999//3 1952//3
f 1952//3 1999//3 1954//3
f 1999//3 2001//3 1954//3
f 1954//3 2001//3 1956//3
f 2001//3 2003//3 1956//3
f 1956//3 2003//3 1958//3
f 2003//3 2005//3 1958//3
f 1958//3 2005//3 1960//3
f 2005//3 2007//3 1960//3
f 1960//3 2007//3 1962//3
f 2007//3 2009//3 1962//3
f 1962//3 2009//3 1916//3
f 2009//3 1963//3 1916//3
f 1916//3 1963//3 1918//3
f 1963//3 1965//3 1918//3
f 1918//3 1965//3 1920//3
f 1965//3 1967//3 1920//3
f 1920//3 1967//3 1922//3
f 1967//3 1969//3 1922//3
f 1922//3 1969//3 1924//3
f 1969//3 1971//3 1924//3
f 1924//3 1971//3 1926//3
f 1971//3 1973//3 1926//3
f 1926//3 1973//3 1928//3
f 1973//3 1975//3 1928//3
f 1928//3 1975//3 1930//3
f 1975//3 1977//3 1930//3
f 1930//3 1977//3 1932//3
f 1977//3 1979//3 1932//3
f 1932//3 1979//3 1934//3
f 1979//3 1981//3 1934//3
f 1934//3 1981//3 1936//3
f 1981//3 1983//3 1936//3
f 1936//3 1983//3 1938//3
f 1983//3 1985//3 1938//3
f 1938//3 1985//3 1940//3
f 1985//3 1987//3 1940//3
f 1940//3 1987//3 1942//3
f 1987//3 1989//3 1942//3
f 1942//3 1989//3 1944//3
f 1989//3 1991//3 1944//3
f 1944//3 1991//3 1946//3
f 1991//3 1993//3 1946//3
f 1921//58 1968//58 1919//58
f 1968//58 1966//58 1919//58
f 1919//58 1966//58 1917//58
f 1966//58 1964//58 1917//58
f 1917//58 1964//58 1915//58
f 1964//58 2010//58 1915//58
f 1915//58 2010//58 1961//58
f 2010//58 2008//58 1961//58
f 1961//58 2008//58 1959//58
f 2008//58 2006//58 1959//58
f 1959//58 2006//58 1957//58
f 2006//58 2004//58 1957//58
f 1957//58 2004//58 1955//58
f 2004//58 2002//58 1955//58
f 1955//58 2002//58 1953//58
f 2002//58 2000//58 1953//58
f 1953//58 2000//58 1951//58
f 2000//58 1998//58 1951//58
f 1951//58 1998//58 1949//58
f 1998//58 1996//58 1949//58
f 1949//58 1996//58 1947//58
f 1996//58 1994//58 1947//58
f 1947//58 1994//58 1945//58
f 1994//58 1992//58 1945//58
f 1945//58 1992//58 1943//58
f 1992//58 1990//58 1943//58
f 1943//58 1990//58 1941//58
f 1990//58 1988//58 1941//58
f 1941//58 1988//58 1939//58
f 1988//58 1986//58 1939//58
f 1939//58 1986//58 1937//58
f 1986//58 1984//58 1937//58
f 1937//58 1984//58 1935//58
f 1984//58 1982//58 1935//58
f 1935//58 1982//58 1933//58
f 1982//58 1980//58 1933//58
f 1933//58 1980//58 1931//58
f 1980//58 1978//58 1931//58
f 1931//58 1978//58 1929//58
f 1978//58 1976//58 1929//58
f 1929//58 1976//58 1927//58
f 1976//58 1974//58 1927//58
f 1927//58 1974//58 1925//58
f 1974//58 1972//58 1925//58
f 1925//58 1972//58 1923//58
f 1972//58 1970//58 1923//58
f 1923//58 1970//58 1921//58
f 1970//58 1968//58 1921//58
f 2011//718 2012//718 2013//718
f 2013//719 2012//719 2014//719
f 2015//720 2016//720 2017//720
f 2016//721 2018//721 2017//721
f 2017//722 2018//722 2019//722
f 2018//722 2020//722 2019//722
f 2019//723 2020//723 2021//723
f 2020//724 2022//724 2021//724
f 2015//725 2017//725 2012//725
f 2017//726 2023//726 2012//726
f 2012//727 2023//727 2014//727
f 2024//728 2025//728 2026//728
f 2022//729 2020//729 2027//729
f 2020//730 2028//730 2027//730
f 2027//731 2028//731 2029//731
f 2029//732 2030//732 2027//732
f 2030//733 2031//733 2027//733
f 2027//734 2031//734 2032//734
f 2032//735 2033//735 2027//735
f 2033//736 2034//736 2027//736
f 2027//737 2034//737 2035//737
f 2011//738 2013//738 2026//738
f 2013//739 2036//739 2026//739
f 2026//740 2036//740 2024//740
f 2037//741 2038//741 2039//741
f 2040//742 2041//742 2042//742
f 2042//743 2043//743 2040//743
f 2043//744 2044//744 2040//744
f 2040//744 2044//744 2045//744
f 2044//745 2046//745 2045//745
f 2045//745 2046//745 2047//745
f 2048//746 2049//746 2050//746
f 2051//747 2052//747 2053//747
f 2052//748 2054//748 2053//748
f 2053//749 2054//749 2055//749
f 2051//750 2056//750 2052//750
f 2056//751 2057//751 2052//751
f 2052//752 2057//752 2058//752
f 2059//753 2060//753 2061//753
f 2060//754 2062//754 2061//754
f 2063//755 2064//755 2065//755
f 2064//756 2061//756 2065//756
f 2065//757 2061//757 2066//757
f 2061//758 2062//758 2066//758
f 2067//759 2068//759 2054//759
f 2068//760 2069//760 2054//760
f 2054//761 2069//761 2055//761
f 2070//762 2071//762 2072//762
f 2071//763 2073//763 2072//763
f 2073//764 2074//764 2072//764
f 2074//765 2075//765 2072//765
f 2072//766 2075//766 2076//766
f 2075//767 2077//767 2076//767
f 2076//768 2077//768 2054//768
f 2077//769 2078//769 2054//769
f 2054//770 2078//770 2067//770
f 2039//771 2038//771 2079//771
f 2038//772 2080//772 2079//772
f 2079//773 2080//773 2081//773
f 2081//774 2082//774 2079//774
f 2082//775 2083//775 2079//775
f 2079//776 2083//776 2084//776
f 2084//777 2085//777 2086//777
f 2085//778 2087//778 2086//778
f 2087//779 2088//779 2086//779
f 2088//780 2089//780 2086//780
f 2086//781 2089//781 2072//781
f 2089//782 2090//782 2072//782
f 2072//783 2090//783 2070//783
f 2091//784 2092//784 2039//784
f 2092//785 2093//785 2039//785
f 2039//786 2093//786 2037//786
f 2063//787 2094//787 2064//787
f 2094//788 2095//788 2064//788
f 2064//789 2095//789 2096//789
f 2096//790 2097//790 2064//790
f 2097//791 2098//791 2064//791
f 2064//792 2098//792 2099//792
f 2098//793 2100//793 2099//793
f 2099//794 2100//794 2039//794
f 2100//795 2101//795 2039//795
f 2039//796 2101//796 2091//796
f 2084//776 2086//776 2079//776
f 2086//797 2102//797 2079//797
f 2079//797 2102//797 2103//797
f 2102//678 2104//678 2103//678
f 2103//678 2104//678 2105//678
f 2104//798 2106//798 2105//798
f 2105//798 2106//798 2107//798
f 2106//799 2108//799 2107//799
f 2107//799 2108//799 2109//799
f 2108//800 2110//800 2109//800
f 2109//800 2110//800 2111//800
f 2110//801 2112//801 2111//801
f 2111//801 2112//801 2113//801
f 2112//802 2114//802 2113//802
f 2113//802 2114//802 2115//802
f 2114//803 2116//803 2115//803
f 2115//803 2116//803 2117//803
f 2116//804 2118//804 2117//804
f 2117//804 2118//804 2119//804
f 2118//805 2120//805 2119//805
f 2119//805 2120//805 2121//805
f 2120//806 2122//806 2121//806
f 2121//806 2122//806 2123//806
f 2122//807 2124//807 2123//807
f 2123//807 2124//807 2125//807
f 2124//808 2126//808 2125//808
f 2125//808 2126//808 2127//808
f 2126//702 2042//702 2127//702
f 2127//702 2042//702 2128//702
f 2042//809 2041//809 2128//809
f 2128//809 2041//809 2129//809
f 2047//810 2046//810 2050//810
f 2046//811 2130//811 2050//811
f 2050//746 2130//746 2048//746
f 2130//812 2131//812 2048//812
f 2048//812 2131//812 2132//812
f 2131//813 2052//813 2132//813
f 2132//813 2052//813 2061//813
f 2052//814 2058//814 2061//814
f 2061//814 2058//814 2059//814
f 2133//815 2134//815 2135//815
f 2134//815 2136//815 2135//815
f 2135//816 2136//816 2137//816
f 2136//816 2138//816 2137//816
f 2137//817 2138//817 2139//817
f 2138//817 2140//817 2139//817
f 2139//818 2140//818 2141//818
f 2140//818 2142//818 2141//818
f 2141//819 2142//819 2143//819
f 2142//819 2144//819 2143//819
f 2143//820 2144//820 2145//820
f 2144//820 2146//820 2145//820
f 2145//821 2146//821 2147//821
f 2146//821 2148//821 2147//821
f 2147//822 2148//822 2149//822
f 2148//822 2150//822 2149//822
f 2149//823 2150//823 2151//823
f 2150//823 2152//823 2151//823
f 2151//824 2152//824 2153//824
f 2152//824 2154//824 2153//824
f 2153//825 2154//825 2155//825
f 2154//825 2156//825 2155//825
f 2155//800 2156//800 2157//800
f 2156//800 2158//800 2157//800
f 2157//826 2158//826 2159//826
f 2158//826 2160//826 2159//826
f 2159//827 2160//827 2161//827
f 2160//827 2162//827 2161//827
f 2161//828 2162//828 2163//828
f 2162//828 2164//828 2163//828
f 2163//829 2164//829 2165//829
f 2164//829 2166//829 2165//829
f 2165//830 2166//830 2167//830
f 2166//830 2168//830 2167//830
f 2167//831 2168//831 2169//831
f 2168//831 2170//831 2169//831
f 2169//832 2170//832 2171//832
f 2170//832 2172//832 2171//832
f 2171//833 2172//833 2173//833
f 2172//833 2174//833 2173//833
f 2173//834 2174//834 2175//834
f 2174//834 2176//834 2175//834
f 2175//835 2176//835 2177//835
f 2176//835 2178//835 2177//835
f 2177//836 2178//836 2179//836
f 2178//836 2180//836 2179//836
f 2179//745 2180//745 2133//745
f 2180//745 2134//745 2133//745
f 2138//58 2136//58 2181//58
f 2136//58 2134//58 2181//58
f 2181//58 2134//58 2180//58
f 2144//58 2142//58 2181//58
f 2142//58 2140//58 2181//58
f 2181//58 2140//58 2138//58
f 2150//58 2148//58 2181//58
f 2148//58 2146//58 2181//58
f 2181//58 2146//58 2144//58
f 2156//58 2154//58 2181//58
f 2154//58 2152//58 2181//58
f 2181//58 2152//58 2150//58
f 2162//58 2160//58 2181//58
f 2160//58 2158//58 2181//58
f 2181//58 2158//58 2156//58
f 2168//58 2166//58 2181//58
f 2166//58 2164//58 2181//58
f 2181//58 2164//58 2162//58
f 2174//58 2172//58 2181//58
f 2172//58 2170//58 2181//58
f 2181//58 2170//58 2168//58
f 2180//58 2178//58 2181//58
f 2178//58 2176//58 2181//58
f 2181//58 2176//58 2174//58
f 2182//837 2183//837 2184//837
f 2183//838 2185//838 2184//838
f 2184//839 2185//839 2186//839
f 2185//840 2187//840 2186//840
f 2186//841 2187//841 2188//841
f 2187//841 2189//841 2188//841
f 2188//678 2189//678 2190//678
f 2189//678 2191//678 2190//678
f 2190//842 2191//842 2192//842
f 2191//842 2193//842 2192//842
f 2192//843 2193//843 2194//843
f 2193//843 2195//843 2194//843
f 2194//844 2195//844 2196//844
f 2195//844 2197//844 2196//844
f 2196//845 2197//845 2198//845
f 2197//845 2199//845 2198//845
f 2198//846 2199//846 2200//846
f 2199//846 2201//846 2200//846
f 2200//847 2201//847 2202//847
f 2201//847 2203//847 2202//847
f 2202//848 2203//848 2204//848
f 2203//848 2205//848 2204//848
f 2204//849 2205//849 2206//849
f 2205//849 2207//849 2206//849
f 2206//850 2207//850 2208//850
f 2207//850 2209//850 2208//850
f 2208//851 2209//851 2210//851
f 2209//851 2211//851 2210//851
f 2210//852 2211//852 2212//852
f 2211//852 2213//852 2212//852
f 2212//853 2213//853 2214//853
f 2213//853 2215//853 2214//853
f 2214//854 2215//854 2216//854
f 2215//854 2217//854 2216//854
f 2216//855 2217//855 2218//855
f 2217//855 2219//855 2218//855
f 2218//699 2219//699 2220//699
f 2219//699 2221//699 2220//699
f 2220//856 2221//856 2222//856
f 2221//856 2223//856 2222//856
f 2222//857 2223//857 2224//857
f 2223//857 2225//857 2224//857
f 2224//858 2225//858 2226//858
f 2225//858 2227//858 2226//858
f 2226//859 2227//859 2228//859
f 2227//859 2229//859 2228//859
f 2228//860 2229//860 2230//860
f 2229//860 2182//860 2230//860
f 2230//837 2182//837 2184//837
f 2214//58 2216//58 2231//58
f 2216//58 2218//58 2231//58
f 2231//58 2218//58 2220//58
f 2208//58 2210//58 2231//58
f 2210//58 2212//58 2231//58
f 2231//58 2212//58 2214//58
f 2202//58 2204//58 2231//58
f 2204//58 2206//58 2231//58
f 2231//58 2206//58 2208//58
f 2196//58 2198//58 2231//58
f 2198//58 2200//58 2231//58
f 2231//58 2200//58 2202//58
f 2190//58 2192//58 2231//58
f 2192//58 2194//58 2231//58
f 2231//58 2194//58 2196//58
f 2184//58 2186//58 2231//58
f 2186//58 2188//58 2231//58
f 2231//58 2188//58 2190//58
f 2226//58 2228//58 2231//58
f 2228//58 2230//58 2231//58
f 2231//58 2230//58 2184//58
f 2220//58 2222//58 2231//58
f 2222//58 2224//58 2231//58
f 2231//58 2224//58 2226//58
f 2232//745 2233//745 2234//745
f 2233//861 2235//861 2234//861
f 2234//862 2235//862 2236//862
f 2235//863 2237//863 2236//863
f 2236//835 2237//835 2238//835
f 2237//835 2239//835 2238//835
f 2238//864 2239//864 2240//864
f 2239//864 2241//864 2240//864
f 2240//833 2241//833 2242//833
f 2241//833 2243//833 2242//833
f 2242//832 2243//832 2244//832
f 2243//832 2245//832 2244//832
f 2244//831 2245//831 2246//831
f 2245//831 2247//831 2246//831
f 2246//865 2247//865 2248//865
f 2247//865 2249//865 2248//865
f 2248//829 2249//829 2250//829
f 2249//829 2251//829 2250//829
f 2250//866 2251//866 2252//866
f 2251//866 2253//866 2252//866
f 2252//867 2253//867 2254//867
f 2253//867 2255//867 2254//867
f 2254//826 2255//826 2256//826
f 2255//826 2257//826 2256//826
f 2256//800 2257//800 2258//800
f 2257//800 2259//800 2258//800
f 2258//868 2259//868 2260//868
f 2259//868 2261//868 2260//868
f 2260//869 2261//869 2262//869
f 2261//869 2263//869 2262//869
f 2262//870 2263//870 2264//870
f 2263//870 2265//870 2264//870
f 2264//822 2265//822 2266//822
f 2265//822 2267//822 2266//822
f 2266//821 2267//821 2268//821
f 2267//821 2269//821 2268//821
f 2268//820 2269//820 2270//820
f 2269//820 2271//820 2270//820
f 2270//871 2271//871 2272//871
f 2271//871 2273//871 2272//871
f 2272//872 2273//872 2274//872
f 2273//872 2275//872 2274//872
f 2274//873 2275//873 2276//873
f 2275//873 2277//873 2276//873
f 2276//874 2277//874 2278//874
f 2277//874 2279//874 2278//874
f 2278//875 2279//875 2280//875
f 2279//875 2232//875 2280//875
f 2280//745 2232//745 2234//745
f 2276//58 2278//58 2281//58
f 2278//58 2280//58 2281//58
f 2281//58 2280//58 2234//58
f 2270//58 2272//58 2281//58
f 2272//58 2274//58 2281//58
f 2281//58 2274//58 2276//58
f 2264//58 2266//58 2281//58
f 2266//58 2268//58 2281//58
f 2281//58 2268//58 2270//58
f 2258//58 2260//58 2281//58
f 2260//58 2262//58 2281//58
f 2281//58 2262//58 2264//58
f 2252//58 2254//58 2281//58
f 2254//58 2256//58 2281//58
f 2281//58 2256//58 2258//58
f 2246//58 2248//58 2281//58
f 2248//58 2250//58 2281//58
f 2281//58 2250//58 2252//58
f 2240//58 2242//58 2281//58
f 2242//58 2244//58 2281//58
f 2281//58 2244//58 2246//58
f 2234//58 2236//58 2281//58
f 2236//58 2238//58 2281//58
f 2281//58 2238//58 2240//58
f 2282//876 2283//876 2284//876
f 2283//877 2285//877 2284//877
f 2284//878 2285//878 2286//878
f 2285//879 2287//879 2286//879
f 2286//818 2287//818 2288//818
f 2287//818 2289//818 2288//818
f 2288//702 2289//702 2290//702
f 2289//702 2291//702 2290//702
f 2290//880 2291//880 2292//880
f 2291//880 2293//880 2292//880
f 2292//855 2293//855 2294//855
f 2293//855 2295//855 2294//855
f 2294//881 2295//881 2296//881
f 2295//881 2297//881 2296//881
f 2296//882 2297//882 2298//882
f 2297//882 2299//882 2298//882
f 2298//883 2299//883 2300//883
f 2299//883 2301//883 2300//883
f 2300//884 2301//884 2302//884
f 2301//884 2303//884 2302//884
f 2302//885 2303//885 2304//885
f 2303//885 2305//885 2304//885
f 2304//886 2305//886 2306//886
f 2305//886 2307//886 2306//886
f 2306//887 2307//887 2308//887
f 2307//887 2309//887 2308//887
f 2308//888 2309//888 2310//888
f 2309//888 2311//888 2310//888
f 2310//841 2311//841 2312//841
f 2311//841 2313//841 2312//841
f 2312//678 2313//678 2314//678
f 2313//678 2315//678 2314//678
f 2314//889 2315//889 2316//889
f 2315//889 2317//889 2316//889
f 2316//890 2317//890 2318//890
f 2317//890 2319//890 2318//890
f 2318//844 2319//844 2320//844
f 2319//844 2321//844 2320//844
f 2320//674 2321//674 2322//674
f 2321//674 2323//674 2322//674
f 2322//891 2323//891 2324//891
f 2323//891 2325//891 2324//891
f 2324//892 2325//892 2326//892
f 2325//892 2327//892 2326//892
f 2326//893 2327//893 2328//893
f 2327//893 2329//893 2328//893
f 2328//894 2329//894 2330//894
f 2329//894 2282//894 2330//894
f 2330//876 2282//876 2284//876
f 2290//58 2292//58 2331//58
f 2292//58 2294//58 2331//58
f 2331//58 2294//58 2296//58
f 2284//58 2286//58 2331//58
f 2286//58 2288//58 2331//58
f 2331//58 2288//58 2290//58
f 2326//58 2328//58 2331//58
f 2328//58 2330//58 2331//58
f 2331//58 2330//58 2284//58
f 2320//58 2322//58 2331//58
f 2322//58 2324//58 2331//58
f 2331//58 2324//58 2326//58
f 2314//58 2316//58 2331//58
f 2316//58 2318//58 2331//58
f 2331//58 2318//58 2320//58
f 2308//58 2310//58 2331//58
f 2310//58 2312//58 2331//58
f 2331//58 2312//58 2314//58
f 2302//58 2304//58 2331//58
f 2304//58 2306//58 2331//58
f 2331//58 2306//58 2308//58
f 2296//58 2298//58 2331//58
f 2298//58 2300//58 2331//58
f 2331//58 2300//58 2302//58
f 2332//800 2333//800 2334//800
f 2333//895 2335//895 2334//895
f 2334//896 2335//896 2336//896
f 2335//897 2337//897 2336//897
f 2336//824 2337//824 2338//824
f 2337//824 2339//824 2338//824
f 2338//823 2339//823 2340//823
f 2339//823 2341//823 2340//823
f 2340//822 2341//822 2342//822
f 2341//822 2343//822 2342//822
f 2342//821 2343//821 2344//821
f 2343//821 2345//821 2344//821
f 2344//820 2345//820 2346//820
f 2345//820 2347//820 2346//820
f 2346//898 2347//898 2348//898
f 2347//898 2349//898 2348//898
f 2348//818 2349//818 2350//818
f 2349//818 2351//818 2350//818
f 2350//899 2351//899 2352//899
f 2351//899 2353//899 2352//899
f 2352//874 2353//874 2354//874
f 2353//874 2355//874 2354//874
f 2354//875 2355//875 2356//875
f 2355//875 2357//875 2356//875
f 2356//745 2357//745 2358//745
f 2357//745 2359//745 2358//745
f 2358//900 2359//900 2360//900
f 2359//900 2361//900 2360//900
f 2360//901 2361//901 2362//901
f 2361//901 2363//901 2362//901
f 2362//902 2363//902 2364//902
f 2363//902 2365//902 2364//902
f 2364//833 2365//833 2366//833
f 2365//833 2367//833 2366//833
f 2366//832 2367//832 2368//832
f 2367//832 2369//832 2368//832
f 2368//831 2369//831 2370//831
f 2369//831 2371//831 2370//831
f 2370//903 2371//903 2372//903
f 2371//903 2373//903 2372//903
f 2372//904 2373//904 2374//904
f 2373//904 2375//904 2374//904
f 2374//905 2375//905 2376//905
f 2375//905 2377//905 2376//905
f 2376//867 2377//867 2378//867
f 2377//867 2379//867 2378//867
f 2378//826 2379//826 2380//826
f 2379//826 2332//826 2380//826
f 2380//800 2332//800 2334//800
f 2352//58 2354//58 2381//58
f 2354//58 2356//58 2381//58
f 2381//58 2356//58 2358//58
f 2346//58 2348//58 2381//58
f 2348//58 2350//58 2381//58
f 2381//58 2350//58 2352//58
f 2340//58 2342//58 2381//58
f 2342//58 2344//58 2381//58
f 2381//58 2344//58 2346//58
f 2334//58 2336//58 2381//58
f 2336//58 2338//58 2381//58
f 2381//58 2338//58 2340//58
f 2376//58 2378//58 2381//58
f 2378//58 2380//58 2381//58
f 2381//58 2380//58 2334//58
f 2370//58 2372//58 2381//58
f 2372//58 2374//58 2381//58
f 2381//58 2374//58 2376//58
f 2364//58 2366//58 2381//58
f 2366//58 2368//58 2381//58
f 2381//58 2368//58 2370//58
f 2358//58 2360//58 2381//58
f 2360//58 2362//58 2381//58
f 2381//58 2362//58 2364//58
f 2020//906 2018//906 2058//906
f 2018//906 2059//906 2058//906
f 2059//907 2018//907 2060//907
f 2018//908 2016//908 2060//908
f 2060//909 2016//909 2062//909
f 2062//910 2016//910 2066//910
f 2016//911 2015//911 2066//911
f 2066//912 2015//912 2065//912
f 2065//913 2015//913 2063//913
f 2015//914 2012//914 2063//914
f 2063//915 2012//915 2094//915
f 2012//916 2011//916 2094//916
f 2094//917 2011//917 2095//917
f 2095//918 2011//918 2096//918
f 2011//919 2026//919 2096//919
f 2096//920 2026//920 2097//920
f 2097//921 2026//921 2098//921
f 2026//922 2025//922 2098//922
f 2098//923 2025//923 2100//923
f 2100//924 2025//924 2101//924
f 2025//925 2024//925 2101//925
f 2101//926 2024//926 2091//926
f 2091//927 2024//927 2092//927
f 2024//928 2036//928 2092//928
f 2092//929 2036//929 2093//929
f 2036//930 2013//930 2093//930
f 2093//931 2013//931 2037//931
f 2013//932 2014//932 2037//932
f 2037//933 2014//933 2038//933
f 2023//934 2017//934 2083//934
f 2083//935 2082//935 2023//935
f 2082//936 2081//936 2023//936
f 2023//937 2081//937 2014//937
f 2081//938 2080//938 2014//938
f 2014//939 2080//939 2038//939
f 2084//940 2019//940 2085//940
f 2019//941 2021//941 2085//941
f 2085//942 2021//942 2087//942
f 2087//943 2021//943 2088//943
f 2021//944 2022//944 2088//944
f 2088//945 2022//945 2089//945
f 2089//946 2022//946 2090//946
f 2022//947 2027//947 2090//947
f 2090//948 2027//948 2070//948
f 2027//949 2035//949 2070//949
f 2070//950 2035//950 2071//950
f 2071//951 2035//951 2073//951
f 2035//952 2034//952 2073//952
f 2073//953 2034//953 2074//953
f 2074//954 2034//954 2075//954
f 2034//955 2033//955 2075//955
f 2075//956 2033//956 2077//956
f 2077//957 2033//957 2078//957
f 2033//958 2032//958 2078//958
f 2078//959 2032//959 2067//959
f 2067//960 2032//960 2068//960
f 2032//961 2031//961 2068//961
f 2068//962 2031//962 2069//962
f 2031//963 2030//963 2069//963
f 2069//964 2030//964 2055//964
f 2030//965 2029//965 2055//965
f 2055//966 2029//966 2053//966
f 2028//967 2020//967 2058//967
f 2058//968 2057//968 2028//968
f 2057//969 2056//969 2028//969
f 2028//970 2056//970 2029//970
f 2056//971 2051//971 2029//971
f 2029//972 2051//972 2053//972
f 2019//973 2084//973 2017//973
f 2084//973 2083//973 2017//973
f 2050//974 2049//974 2041//974
f 2049//974 2129//974 2041//974
f 2050//58 2041//58 2047//58
f 2041//58 2040//58 2047//58
f 2047//58 2040//58 2045//58
f 2382//58 2383//58 2384//58
f 2383//58 2385//58 2384//58
f 2384//58 2385//58 2386//58
f 2387//58 2388//58 2384//58
f 2388//58 2389//58 2384//58
f 2384//58 2389//58 2382//58
f 2390//58 2391//58 2384//58
f 2391//58 2392//58 2384//58
f 2384//58 2392//58 2387//58
f 2393//58 2394//58 2384//58
f 2394//58 2395//58 2384//58
f 2384//58 2395//58 2390//58
f 2396//58 2397//58 2384//58
f 2397//58 2398//58 2384//58
f 2384//58 2398//58 2393//58
f 2399//58 2400//58 2384//58
f 2400//58 2401//58 2384//58
f 2384//58 2401//58 2396//58
f 2402//58 2403//58 2384//58
f 2403//58 2404//58 2384//58
f 2384//58 2404//58 2399//58
f 2386//58 2405//58 2384//58
f 2405//58 2406//58 2384//58
f 2384//58 2406//58 2402//58
f 2407//975 2385//975 2408//975
f 2385//975 2383//975 2408//975
f 2408//976 2383//976 2409//976
f 2383//976 2382//976 2409//976
f 2409//702 2382//702 2410//702
f 2382//702 2389//702 2410//702
f 2410//818 2389//818 2411//818
f 2389//818 2388//818 2411//818
f 2411//977 2388//977 2412//977
f 2388//977 2387//977 2412//977
f 2412//876 2387//876 2413//876
f 2387//876 2392//876 2413//876
f 2413//894 2392//894 2414//894
f 2392//894 2391//894 2414//894
f 2414//978 2391//978 2415//978
f 2391//978 2390//978 2415//978
f 2415//979 2390//979 2416//979
f 2390//979 2395//979 2416//979
f 2416//980 2395//980 2417//980
f 2395//980 2394//980 2417//980
f 2417//981 2394//981 2418//981
f 2394//981 2393//981 2418//981
f 2418//844 2393//844 2419//844
f 2393//844 2398//844 2419//844
f 2419//982 2398//982 2420//982
f 2398//982 2397//982 2420//982
f 2420//889 2397//889 2421//889
f 2397//889 2396//889 2421//889
f 2421//678 2396//678 2422//678
f 2396//678 2401//678 2422//678
f 2422//841 2401//841 2423//841
f 2401//841 2400//841 2423//841
f 2423//983 2400//983 2424//983
f 2400//983 2399//983 2424//983
f 2424//984 2399//984 2425//984
f 2399//984 2404//984 2425//984
f 2425//886 2404//886 2426//886
f 2404//886 2403//886 2426//886
f 2426//985 2403//985 2427//985
f 2403//985 2402//985 2427//985
f 2427//884 2402//884 2428//884
f 2402//884 2406//884 2428//884
f 2428//986 2406//986 2429//986
f 2406//986 2405//986 2429//986
f 2429//987 2405//987 2430//987
f 2405//987 2386//987 2430//987
f 2430//699 2386//699 2407//699
f 2386//699 2385//699 2407//699
f 2431//58 2432//58 2433//58
f 2432//58 2434//58 2433//58
f 2433//58 2434//58 2435//58
f 2436//58 2437//58 2433//58
f 2437//58 2438//58 2433//58
f 2433//58 2438//58 2431//58
f 2439//58 2440//58 2433//58
f 2440//58 2441//58 2433//58
f 2433//58 2441//58 2436//58
f 2442//58 2443//58 2433//58
f 2443//58 2444//58 2433//58
f 2433//58 2444//58 2439//58
f 2445//58 2446//58 2433//58
f 2446//58 2447//58 2433//58
f 2433//58 2447//58 2442//58
f 2448//58 2449//58 2433//58
f 2449//58 2450//58 2433//58
f 2433//58 2450//58 2445//58
f 2451//58 2452//58 2433//58
f 2452//58 2453//58 2433//58
f 2433//58 2453//58 2448//58
f 2435//58 2454//58 2433//58
f 2454//58 2455//58 2433//58
f 2433//58 2455//58 2451//58
f 2456//875 2434//875 2457//875
f 2434//875 2432//875 2457//875
f 2457//816 2432//816 2458//816
f 2432//816 2431//816 2458//816
f 2458//817 2431//817 2459//817
f 2431//817 2438//817 2459//817
f 2459//818 2438//818 2460//818
f 2438//818 2437//818 2460//818
f 2460//819 2437//819 2461//819
f 2437//819 2436//819 2461//819
f 2461//820 2436//820 2462//820
f 2436//820 2441//820 2462//820
f 2462//821 2441//821 2463//821
f 2441//821 2440//821 2463//821
f 2463//822 2440//822 2464//822
f 2440//822 2439//822 2464//822
f 2464//988 2439//988 2465//988
f 2439//988 2444//988 2465//988
f 2465//824 2444//824 2466//824
f 2444//824 2443//824 2466//824
f 2466//989 2443//989 2467//989
f 2443//989 2442//989 2467//989
f 2467//800 2442//800 2468//800
f 2442//800 2447//800 2468//800
f 2468//990 2447//990 2469//990
f 2447//990 2446//990 2469//990
f 2469//827 2446//827 2470//827
f 2446//827 2445//827 2470//827
f 2470//828 2445//828 2471//828
f 2445//828 2450//828 2471//828
f 2471//904 2450//904 2472//904
f 2450//904 2449//904 2472//904
f 2472//991 2449//991 2473//991
f 2449//991 2448//991 2473//991
f 2473//831 2448//831 2474//831
f 2448//831 2453//831 2474//831
f 2474//832 2453//832 2475//832
f 2453//832 2452//832 2475//832
f 2475//833 2452//833 2476//833
f 2452//833 2451//833 2476//833
f 2476//864 2451//864 2477//864
f 2451//864 2455//864 2477//864
f 2477//901 2455//901 2478//901
f 2455//901 2454//901 2478//901
f 2478//992 2454//992 2479//992
f 2454//992 2435//992 2479//992
f 2479//745 2435//745 2456//745
f 2435//745 2434//745 2456//745
f 2480//58 2481//58 2482//58
f 2481//58 2483//58 2482//58
f 2482//58 2483//58 2484//58
f 2485//58 2486//58 2482//58
f 2486//58 2487//58 2482//58
f 2482//58 2487//58 2480//58
f 2488//58 2489//58 2482//58
f 2489//58 2490//58 2482//58
f 2482//58 2490//58 2485//58
f 2491//58 2492//58 2482//58
f 2492//58 2493//58 2482//58
f 2482//58 2493//58 2488//58
f 2494//58 2495//58 2482//58
f 2495//58 2496//58 2482//58
f 2482//58 2496//58 2491//58
f 2497//58 2498//58 2482//58
f 2498//58 2499//58 2482//58
f 2482//58 2499//58 2494//58
f 2500//58 2501//58 2482//58
f 2501//58 2502//58 2482//58
f 2482//58 2502//58 2497//58
f 2484//58 2503//58 2482//58
f 2503//58 2504//58 2482//58
f 2482//58 2504//58 2500//58
f 2505//975 2483//975 2506//975
f 2483//975 2481//975 2506//975
f 2506//880 2481//880 2507//880
f 2481//880 2480//880 2507//880
f 2507//702 2480//702 2508//702
f 2480//702 2487//702 2508//702
f 2508//993 2487//993 2509//993
f 2487//993 2486//993 2509//993
f 2509//994 2486//994 2510//994
f 2486//994 2485//994 2510//994
f 2510//876 2485//876 2511//876
f 2485//876 2490//876 2511//876
f 2511//894 2490//894 2512//894
f 2490//894 2489//894 2512//894
f 2512//978 2489//978 2513//978
f 2489//978 2488//978 2513//978
f 2513//979 2488//979 2514//979
f 2488//979 2493//979 2514//979
f 2514//980 2493//980 2515//980
f 2493//980 2492//980 2515//980
f 2515//981 2492//981 2516//981
f 2492//981 2491//981 2516//981
f 2516//844 2491//844 2517//844
f 2491//844 2496//844 2517//844
f 2517//982 2496//982 2518//982
f 2496//982 2495//982 2518//982
f 2518//995 2495//995 2519//995
f 2495//995 2494//995 2519//995
f 2519//678 2494//678 2520//678
f 2494//678 2499//678 2520//678
f 2520//841 2499//841 2521//841
f 2499//841 2498//841 2521//841
f 2521//996 2498//996 2522//996
f 2498//996 2497//996 2522//996
f 2522//887 2497//887 2523//887
f 2497//887 2502//887 2523//887
f 2523//886 2502//886 2524//886
f 2502//886 2501//886 2524//886
f 2524//985 2501//985 2525//985
f 2501//985 2500//985 2525//985
f 2525//884 2500//884 2526//884
f 2500//884 2504//884 2526//884
f 2526//997 2504//997 2527//997
f 2504//997 2503//997 2527//997
f 2527//998 2503//998 2528//998
f 2503//998 2484//998 2528//998
f 2528//699 2484//699 2505//699
f 2484//699 2483//699 2505//699
f 2529//999 2530//999 2531//999
f 2530//1000 2532//1000 2531//1000
f 2531//1001 2532//1001 2533//1001
f 2532//1002 2534//1002 2533//1002
f 2535//1003 2536//1003 2534//1003
f 2536//1004 2339//1004 2534//1004
f 2534//1005 2339//1005 2533//1005
f 2537//1006 2538//1006 2539//1006
f 2538//1007 2540//1007 2539//1007
f 2539//1008 2540//1008 2541//1008
f 2540//1009 2542//1009 2541//1009
f 2541//1010 2542//1010 2543//1010
f 2542//1011 2535//1011 2543//1011
f 2543//1012 2535//1012 2544//1012
f 2535//1013 2534//1013 2544//1013
f 2537//1014 2539//1014 2545//1014
f 2539//1015 2546//1015 2545//1015
f 2545//1016 2546//1016 2547//1016
f 2546//1017 2548//1017 2547//1017
f 2547//1018 2548//1018 2289//1018
f 2549//1019 2550//1019 2551//1019
f 2550//1020 2552//1020 2551//1020
f 2551//1021 2552//1021 2553//1021
f 2552//1022 2554//1022 2553//1022
f 2553//1023 2554//1023 2555//1023
f 2554//1024 2556//1024 2555//1024
f 2555//1025 2556//1025 2557//1025
f 2556//1026 2558//1026 2557//1026
f 2557//1027 2558//1027 2548//1027
f 2558//1028 2559//1028 2548//1028
f 2548//1029 2559//1029 2289//1029
f 2560//1030 2239//1030 2561//1030
f 2239//1031 2562//1031 2561//1031
f 2561//1032 2562//1032 2549//1032
f 2562//1033 2563//1033 2549//1033
f 2549//1034 2563//1034 2550//1034
f 2560//1035 2561//1035 2564//1035
f 2561//1036 2565//1036 2564//1036
f 2564//1037 2565//1037 2566//1037
f 2565//1038 2567//1038 2566//1038
f 2566//1039 2567//1039 2568//1039
f 2567//1040 2569//1040 2568//1040
f 2568//1041 2569//1041 2570//1041
f 2569//1042 2571//1042 2570//1042
f 2570//1043 2571//1043 2572//1043
f 2571//1044 2573//1044 2572//1044
f 2572//1045 2573//1045 2574//1045
f 2529//1046 2575//1046 2530//1046
f 2575//1047 2576//1047 2530//1047
f 2530//1048 2576//1048 2577//1048
f 2576//1049 2578//1049 2577//1049
f 2577//1050 2578//1050 2579//1050
f 2578//1051 2580//1051 2579//1051
f 2579//1052 2580//1052 2581//1052
f 2580//1053 2582//1053 2581//1053
f 2581//1054 2582//1054 2583//1054
f 2582//1055 2189//1055 2583//1055
f 2583//1056 2189//1056 2573//1056
f 2189//1057 2584//1057 2573//1057
f 2573//1058 2584//1058 2574//1058
f 2577//1059 2585//1059 2530//1059
f 2585//1060 2586//1060 2530//1060
f 2530//1060 2586//1060 2532//1060
f 2586//1061 2587//1061 2532//1061
f 2532//1061 2587//1061 2534//1061
f 2587//1062 2588//1062 2534//1062
f 2534//1062 2588//1062 2544//1062
f 2588//1063 2589//1063 2544//1063
f 2544//1063 2589//1063 2543//1063
f 2589//1064 2590//1064 2543//1064
f 2543//1064 2590//1064 2541//1064
f 2590//1065 2591//1065 2541//1065
f 2541//1065 2591//1065 2539//1065
f 2591//1066 2592//1066 2539//1066
f 2539//1066 2592//1066 2546//1066
f 2592//1067 2593//1067 2546//1067
f 2546//1067 2593//1067 2548//1067
f 2593//1068 2594//1068 2548//1068
f 2548//1068 2594//1068 2557//1068
f 2594//1069 2595//1069 2557//1069
f 2557//1069 2595//1069 2555//1069
f 2595//1070 2596//1070 2555//1070
f 2555//1070 2596//1070 2553//1070
f 2596//1071 2597//1071 2553//1071
f 2553//1071 2597//1071 2551//1071
f 2597//1072 2598//1072 2551//1072
f 2551//1072 2598//1072 2549//1072
f 2598//1073 2599//1073 2549//1073
f 2549//1073 2599//1073 2561//1073
f 2599//1074 2600//1074 2561//1074
f 2561//1074 2600//1074 2565//1074
f 2600//1075 2601//1075 2565//1075
f 2565//1075 2601//1075 2567//1075
f 2601//1076 2602//1076 2567//1076
f 2567//1076 2602//1076 2569//1076
f 2602//1077 2603//1077 2569//1077
f 2569//1077 2603//1077 2571//1077
f 2603//1078 2604//1078 2571//1078
f 2571//1078 2604//1078 2573//1078
f 2604//1079 2605//1079 2573//1079
f 2573//1079 2605//1079 2583//1079
f 2605//1080 2606//1080 2583//1080
f 2583//1080 2606//1080 2581//1080
f 2606//1081 2607//1081 2581//1081
f 2581//1081 2607//1081 2579//1081
f 2607//1082 2608//1082 2579//1082
f 2579//1082 2608//1082 2577//1082
f 2608//1059 2585//1059 2577//1059
f 2609//3 2598//3 2610//3
f 2598//3 2597//3 2610//3
f 2610//3 2597//3 2611//3
f 2597//3 2596//3 2611//3
f 2611//3 2596//3 2612//3
f 2596//3 2595//3 2612//3
f 2612//3 2595//3 2613//3
f 2595//3 2594//3 2613//3
f 2613//3 2594//3 2614//3
f 2594//3 2593//3 2614//3
f 2614//3 2593//3 2615//3
f 2593//3 2592//3 2615//3
f 2615//3 2592//3 2616//3
f 2592//3 2591//3 2616//3
f 2616//3 2591//3 2617//3
f 2591//3 2590//3 2617//3
f 2617//3 2590//3 2618//3
f 2590//3 2589//3 2618//3
f 2618//3 2589//3 2619//3
f 2589//3 2588//3 2619//3
f 2619//3 2588//3 2620//3
f 2588//3 2587//3 2620//3
f 2620//3 2587//3 2621//3
f 2587//3 2586//3 2621//3
f 2621//3 2586//3 2622//3
f 2586//3 2585//3 2622//3
f 2622//3 2585//3 2623//3
f 2585//3 2608//3 2623//3
f 2623//3 2608//3 2624//3
f 2608//3 2607//3 2624//3
f 2624//3 2607//3 2625//3
f 2607//3 2606//3 2625//3
f 2625//3 2606//3 2626//3
f 2606//3 2605//3 2626//3
f 2626//3 2605//3 2627//3
f 2605//3 2604//3 2627//3
f 2627//3 2604//3 2628//3
f 2604//3 2603//3 2628//3
f 2628//3 2603//3 2629//3
f 2603//3 2602//3 2629//3
f 2629//3 2602//3 2630//3
f 2602//3 2601//3 2630//3
f 2630//3 2601//3 2631//3
f 2601//3 2600//3 2631//3
f 2631//3 2600//3 2632//3
f 2600//3 2599//3 2632//3
f 2632//3 2599//3 2609//3
f 2599//3 2598//3 2609//3
f 2623//687 2633//687 2622//687
f 2633//1083 2634//1083 2622//1083
f 2622//1083 2634//1083 2621//1083
f 2634//1084 2635//1084 2621//1084
f 2621//1084 2635//1084 2620//1084
f 2635//1085 2636//1085 2620//1085
f 2620//1085 2636//1085 2619//1085
f 2636//1086 2637//1086 2619//1086
f 2619//1086 2637//1086 2618//1086
f 2637//1087 2638//1087 2618//1087
f 2618//1087 2638//1087 2617//1087
f 2638//1088 2639//1088 2617//1088
f 2617//1088 2639//1088 2616//1088
f 2639//1089 2640//1089 2616//1089
f 2616//1089 2640//1089 2615//1089
f 2640//1090 2641//1090 2615//1090
f 2615//1090 2641//1090 2614//1090
f 2641//1091 2642//1091 2614//1091
f 2614//1091 2642//1091 2613//1091
f 2642//1092 2643//1092 2613//1092
f 2613//1092 2643//1092 2612//1092
f 2643//1093 2644//1093 2612//1093
f 2612//1093 2644//1093 2611//1093
f 2644//675 2645//675 2611//675
f 2611//675 2645//675 2610//675
f 2645//1094 2646//1094 2610//1094
f 2610//1094 2646//1094 2609//1094
f 2646//1095 2647//1095 2609//1095
f 2609//1095 2647//1095 2632//1095
f 2647//1096 2648//1096 2632//1096
f 2632//1096 2648//1096 2631//1096
f 2648//1097 2649//1097 2631//1097
f 2631//1097 2649//1097 2630//1097
f 2649//1098 2650//1098 2630//1098
f 2630//1098 2650//1098 2629//1098
f 2650//1099 2651//1099 2629//1099
f 2629//1099 2651//1099 2628//1099
f 2651//1100 2652//1100 2628//1100
f 2628//1100 2652//1100 2627//1100
f 2652//1101 2653//1101 2627//1101
f 2627//1101 2653//1101 2626//1101
f 2653//1102 2654//1102 2626//1102
f 2626//1102 2654//1102 2625//1102
f 2654//1103 2655//1103 2625//1103
f 2625//1103 2655//1103 2624//1103
f 2655//1104 2656//1104 2624//1104
f 2624//1104 2656//1104 2623//1104
f 2656//687 2633//687 2623//687
f 2655//58 2657//58 2656//58
f 2657//58 2658//58 2656//58
f 2656//58 2658//58 2633//58
f 2658//58 2659//58 2633//58
f 2633//58 2659//58 2634//58
f 2659//58 2660//58 2634//58
f 2634//58 2660//58 2635//58
f 2660//58 2661//58 2635//58
f 2635//58 2661//58 2636//58
f 2661//58 2662//58 2636//58
f 2636//58 2662//58 2637//58
f 2662//58 2663//58 2637//58
f 2637//58 2663//58 2638//58
f 2663//58 2664//58 2638//58
f 2638//58 2664//58 2639//58
f 2664//58 2665//58 2639//58
f 2639//58 2665//58 2640//58
f 2665//58 2666//58 2640//58
f 2640//58 2666//58 2641//58
f 2666//58 2667//58 2641//58
f 2641//58 2667//58 2642//58
f 2667//58 2668//58 2642//58
f 2642//58 2668//58 2643//58
f 2668//58 2669//58 2643//58
f 2643//58 2669//58 2644//58
f 2669//58 2670//58 2644//58
f 2644//58 2670//58 2645//58
f 2670//58 2671//58 2645//58
f 2645//58 2671//58 2646//58
f 2671//58 2672//58 2646//58
f 2646//58 2672//58 2647//58
f 2672//58 2673//58 2647//58
f 2647//58 2673//58 2648//58
f 2673//58 2674//58 2648//58
f 2648//58 2674//58 2649//58
f 2674//58 2675//58 2649//58
f 2649//58 2675//58 2650//58
f 2675//58 2676//58 2650//58
f 2650//58 2676//58 2651//58
f 2676//58 2677//58 2651//58
f 2651//58 2677//58 2652//58
f 2677//58 2678//58 2652//58
f 2652//58 2678//58 2653//58
f 2678//58 2679//58 2653//58
f 2653//58 2679//58 2654//58
f 2679//58 2680//58 2654//58
f 2654//58 2680//58 2655//58
f 2680//58 2657//58 2655//58
f 2658//1059 2681//1059 2659//1059
f 2681//1060 2682//1060 2659//1060
f 2659//1060 2682//1060 2660//1060
f 2682//1061 2683//1061 2660//1061
f 2660//1061 2683//1061 2661//1061
f 2683//1062 2684//1062 2661//1062
f 2661//1062 2684//1062 2662//1062
f 2684//1063 2685//1063 2662//1063
f 2662//1063 2685//1063 2663//1063
f 2685//1064 2686//1064 2663//1064
f 2663//1064 2686//1064 2664//1064
f 2686//1065 2687//1065 2664//1065
f 2664//1065 2687//1065 2665//1065
f 2687//1066 2688//1066 2665//1066
f 2665//1066 2688//1066 2666//1066
f 2688//1067 2689//1067 2666//1067
f 2666//1067 2689//1067 2667//1067
f 2689//1068 2690//1068 2667//1068
f 2667//1068 2690//1068 2668//1068
f 2690//1069 2691//1069 2668//1069
f 2668//1069 2691//1069 2669//1069
f 2691//1070 2692//1070 2669//1070
f 2669//1070 2692//1070 2670//1070
f 2692//1071 2693//1071 2670//1071
f 2670//1071 2693//1071 2671//1071
f 2693//1072 2694//1072 2671//1072
f 2671//1072 2694//1072 2672//1072
f 2694//1073 2695//1073 2672//1073
f 2672//1073 2695//1073 2673//1073
f 2695//1074 2696//1074 2673//1074
f 2673//1074 2696//1074 2674//1074
f 2696//1075 2697//1075 2674//1075
f 2674//1075 2697//1075 2675//1075
f 2697//1076 2698//1076 2675//1076
f 2675//1076 2698//1076 2676//1076
f 2698//1077 2699//1077 2676//1077
f 2676//1077 2699//1077 2677//1077
f 2699//1078 2700//1078 2677//1078
f 2677//1078 2700//1078 2678//1078
f 2700//1079 2701//1079 2678//1079
f 2678//1079 2701//1079 2679//1079
f 2701//1080 2702//1080 2679//1080
f 2679//1080 2702//1080 2680//1080
f 2702//1081 2703//1081 2680//1081
f 2680//1081 2703//1081 2657//1081
f 2703//1082 2704//1082 2657//1082
f 2657//1082 2704//1082 2658//1082
f 2704//1059 2681//1059 2658//1059
f 2692//1105 2705//1105 2693//1105
f 2705//1106 2706//1106 2693//1106
f 2693//1107 2706//1107 2694//1107
f 2706//1108 2707//1108 2694//1108
f 2694//1109 2707//1109 2695//1109
f 2707//1110 2708//1110 2695//1110
f 2695//1111 2708//1111 2696//1111
f 2708//1112 2709//1112 2696//1112
f 2696//1113 2709//1113 2697//1113
f 2709//1114 2710//1114 2697//1114
f 2697//1115 2710//1115 2698//1115
f 2710//1116 2711//1116 2698//1116
f 2698//1117 2711//1117 2699//1117
f 2711//1118 2712//1118 2699//1118
f 2699//1119 2712//1119 2700//1119
f 2712//1120 2713//1120 2700//1120
f 2700//1121 2713//1121 2701//1121
f 2713//1122 2714//1122 2701//1122
f 2701//1123 2714//1123 2702//1123
f 2714//1124 2715//1124 2702//1124
f 2702//1125 2715//1125 2703//1125
f 2715//1126 2716//1126 2703//1126
f 2703//1127 2716//1127 2704//1127
f 2716//1128 2717//1128 2704//1128
f 2704//1129 2717//1129 2681//1129
f 2717//1130 2718//1130 2681//1130
f 2681//1131 2718//1131 2682//1131
f 2718//1132 2719//1132 2682//1132
f 2682//1133 2719//1133 2683//1133
f 2719//1134 2720//1134 2683//1134
f 2683//1135 2720//1135 2684//1135
f 2720//1136 2721//1136 2684//1136
f 2684//1137 2721//1137 2685//1137
f 2721//1138 2722//1138 2685//1138
f 2685//1139 2722//1139 2686//1139
f 2722//1140 2723//1140 2686//1140
f 2686//1141 2723//1141 2687//1141
f 2723//1142 2724//1142 2687//1142
f 2687//1143 2724//1143 2688//1143
f 2724//1144 2725//1144 2688//1144
f 2688//1145 2725//1145 2689//1145
f 2725//1146 2726//1146 2689//1146
f 2689//1147 2726//1147 2690//1147
f 2726//1148 2727//1148 2690//1148
f 2690//1149 2727//1149 2691//1149
f 2727//1150 2728//1150 2691//1150
f 2691//1151 2728//1151 2692//1151
f 2728//1152 2705//1152 2692//1152
f 2729//3 2722//3 2730//3
f 2722//3 2721//3 2730//3
f 2730//3 2721//3 2731//3
f 2721//3 2720//3 2731//3
f 2731//3 2720//3 2732//3
f 2720//3 2719//3 2732//3
f 2732//3 2719//3 2733//3
f 2719//3 2718//3 2733//3
f 2733//3 2718//3 2734//3
f 2718//3 2717//3 2734//3
f 2734//3 2717//3 2735//3
f 2717//3 2716//3 2735//3
f 2735//3 2716//3 2736//3
f 2716//3 2715//3 2736//3
f 2736//3 2715//3 2737//3
f 2715//3 2714//3 2737//3
f 2737//3 2714//3 2738//3
f 2714//3 2713//3 2738//3
f 2738//3 2713//3 2739//3
f 2713//3 2712//3 2739//3
f 2739//3 2712//3 2740//3
f 2712//3 2711//3 2740//3
f 2740//3 2711//3 2741//3
f 2711//3 2710//3 2741//3
f 2741//3 2710//3 2742//3
f 2710//3 2709//3 2742//3
f 2742//3 2709//3 2743//3
f 2709//3 2708//3 2743//3
f 2743//3 2708//3 2744//3
f 2708//3 2707//3 2744//3
f 2744//3 2707//3 2745//3
f 2707//3 2706//3 2745//3
f 2745//3 2706//3 2746//3
f 2706//3 2705//3 2746//3
f 2746//3 2705//3 2747//3
f 2705//3 2728//3 2747//3
f 2747//3 2728//3 2748//3
f 2728//3 2727//3 2748//3
f 2748//3 2727//3 2749//3
f 2727//3 2726//3 2749//3
f 2749//3 2726//3 2750//3
f 2726//3 2725//3 2750//3
f 2750//3 2725//3 2751//3
f 2725//3 2724//3 2751//3
f 2751//3 2724//3 2752//3
f 2724//3 2723//3 2752//3
f 2752//3 2723//3 2729//3
f 2723//3 2722//3 2729//3
f 2735//1153 2753//1153 2734//1153
f 2753//1154 2754//1154 2734//1154
f 2734//1154 2754//1154 2733//1154
f 2754//1155 2755//1155 2733//1155
f 2733//1155 2755//1155 2732//1155
f 2755//1156 2756//1156 2732//1156
f 2732//1156 2756//1156 2731//1156
f 2756//1157 2757//1157 2731//1157
f 2731//1157 2757//1157 2730//1157
f 2757//1158 2758//1158 2730//1158
f 2730//1158 2758//1158 2729//1158
f 2758//1159 2759//1159 2729//1159
f 2729//1159 2759//1159 2752//1159
f 2759//1160 2760//1160 2752//1160
f 2752//1160 2760//1160 2751//1160
f 2760//1161 2761//1161 2751//1161
f 2751//1161 2761//1161 2750//1161
f 2761//1162 2762//1162 2750//1162
f 2750//1162 2762//1162 2749//1162
f 2762//1163 2763//1163 2749//1163
f 2749//1163 2763//1163 2748//1163
f 2763//1164 2764//1164 2748//1164
f 2748//1164 2764//1164 2747//1164
f 2764//1165 2765//1165 2747//1165
f 2747//1165 2765//1165 2746//1165
f 2765//1166 2766//1166 2746//1166
f 2746//1166 2766//1166 2745//1166
f 2766//1167 2767//1167 2745//1167
f 2745//1167 2767//1167 2744//1167
f 2767//1168 2768//1168 2744//1168
f 2744//1168 2768//1168 2743//1168
f 2768//1169 2769//1169 2743//1169
f 2743//1169 2769//1169 2742//1169
f 2769//1170 2770//1170 2742//1170
f 2742//1170 2770//1170 2741//1170
f 2770//1171 2771//1171 2741//1171
f 2741//1171 2771//1171 2740//1171
f 2771//1172 2772//1172 2740//1172
f 2740//1172 2772//1172 2739//1172
f 2772//1173 2773//1173 2739//1173
f 2739//1173 2773//1173 2738//1173
f 2773//1174 2774//1174 2738//1174
f 2738//1174 2774//1174 2737//1174
f 2774//1175 2775//1175 2737//1175
f 2737//1175 2775//1175 2736//1175
f 2775//1176 2776//1176 2736//1176
f 2736//1176 2776//1176 2735//1176
f 2776//1153 2753//1153 2735//1153
f 2777//3 2753//3 2778//3
f 2753//3 2776//3 2778//3
f 2778//3 2776//3 2779//3
f 2776//3 2775//3 2779//3
f 2779//3 2775//3 2780//3
f 2775//3 2774//3 2780//3
f 2780//3 2774//3 2781//3
f 2774//3 2773//3 2781//3
f 2781//3 2773//3 2782//3
f 2773//3 2772//3 2782//3
f 2782//3 2772//3 2783//3
f 2772//3 2771//3 2783//3
f 2783//3 2771//3 2784//3
f 2771//3 2770//3 2784//3
f 2784//3 2770//3 2785//3
f 2770//3 2769//3 2785//3
f 2785//3 2769//3 2786//3
f 2769//3 2768//3 2786//3
f 2786//3 2768//3 2787//3
f 2768//3 2767//3 2787//3
f 2787//3 2767//3 2788//3
f 2767//3 2766//3 2788//3
f 2788//3 2766//3 2789//3
f 2766//3 2765//3 2789//3
f 2789//3 2765//3 2790//3
f 2765//3 2764//3 2790//3
f 2790//3 2764//3 2791//3
f 2764//3 2763//3 2791//3
f 2791//3 2763//3 2792//3
f 2763//3 2762//3 2792//3
f 2792//3 2762//3 2793//3
f 2762//3 2761//3 2793//3
f 2793//3 2761//3 2794//3
f 2761//3 2760//3 2794//3
f 2794//3 2760//3 2795//3
f 2760//3 2759//3 2795//3
f 2795//3 2759//3 2796//3
f 2759//3 2758//3 2796//3
f 2796//3 2758//3 2797//3
f 2758//3 2757//3 2797//3
f 2797//3 2757//3 2798//3
f 2757//3 2756//3 2798//3
f 2798//3 2756//3 2799//3
f 2756//3 2755//3 2799//3
f 2799//3 2755//3 2800//3
f 2755//3 2754//3 2800//3
f 2800//3 2754//3 2777//3
f 2754//3 2753//3 2777//3
f 2778//1177 2801//1177 2777//1177
f 2801//1178 2802//1178 2777//1178
f 2777//1178 2802//1178 2800//1178
f 2802//1179 2803//1179 2800//1179
f 2800//1179 2803//1179 2799//1179
f 2803//1180 2804//1180 2799//1180
f 2799//1180 2804//1180 2798//1180
f 2804//1181 2805//1181 2798//1181
f 2798//1181 2805//1181 2797//1181
f 2805//886 2806//886 2797//886
f 2797//886 2806//886 2796//886
f 2806//1182 2807//1182 2796//1182
f 2796//1182 2807//1182 2795//1182
f 2807//1183 2808//1183 2795//1183
f 2795//1183 2808//1183 2794//1183
f 2808//1184 2809//1184 2794//1184
f 2794//1184 2809//1184 2793//1184
f 2809//1185 2810//1185 2793//1185
f 2793//1185 2810//1185 2792//1185
f 2810//1186 2811//1186 2792//1186
f 2792//1186 2811//1186 2791//1186
f 2811//1187 2812//1187 2791//1187
f 2791//1187 2812//1187 2790//1187
f 2812//1188 2813//1188 2790//1188
f 2790//1188 2813//1188 2789//1188
f 2813//1189 2814//1189 2789//1189
f 2789//1189 2814//1189 2788//1189
f 2814//1190 2815//1190 2788//1190
f 2788//1190 2815//1190 2787//1190
f 2815//1191 2816//1191 2787//1191
f 2787//1191 2816//1191 2786//1191
f 2816//1192 2817//1192 2786//1192
f 2786//1192 2817//1192 2785//1192
f 2817//894 2818//894 2785//894
f 2785//894 2818//894 2784//894
f 2818//1193 2819//1193 2784//1193
f 2784//1193 2819//1193 2783//1193
f 2819//1194 2820//1194 2783//1194
f 2783//1194 2820//1194 2782//1194
f 2820//1195 2821//1195 2782//1195
f 2782//1195 2821//1195 2781//1195
f 2821//1196 2822//1196 2781//1196
f 2781//1196 2822//1196 2780//1196
f 2822//1197 2823//1197 2780//1197
f 2780//1197 2823//1197 2779//1197
f 2823//1198 2824//1198 2779//1198
f 2779//1198 2824//1198 2778//1198
f 2824//1177 2801//1177 2778//1177
f 2802//3 2801//3 2825//3
f 2801//3 2824//3 2825//3
f 2825//3 2824//3 2823//3
f 2805//3 2804//3 2825//3
f 2804//3 2803//3 2825//3
f 2825//3 2803//3 2802//3
f 2808//3 2807//3 2825//3
f 2807//3 2806//3 2825//3
f 2825//3 2806//3 2805//3
f 2811//3 2810//3 2825//3
f 2810//3 2809//3 2825//3
f 2825//3 2809//3 2808//3
f 2814//3 2813//3 2825//3
f 2813//3 2812//3 2825//3
f 2825//3 2812//3 2811//3
f 2817//3 2816//3 2825//3
f 2816//3 2815//3 2825//3
f 2825//3 2815//3 2814//3
f 2820//3 2819//3 2825//3
f 2819//3 2818//3 2825//3
f 2825//3 2818//3 2817//3
f 2823//3 2822//3 2825//3
f 2822//3 2821//3 2825//3
f 2825//3 2821//3 2820//3
f 2103//58 2105//58 2048//58
f 2127//58 2105//58 2125//58
f 2105//58 2123//58 2125//58
f 2049//58 2048//58 2129//58
f 2048//58 2105//58 2129//58
f 2129//58 2105//58 2128//58
f 2105//58 2127//58 2128//58
f 2111//58 2113//58 2115//58
f 2105//58 2107//58 2123//58
f 2107//58 2109//58 2123//58
f 2123//58 2109//58 2121//58
f 2109//58 2119//58 2121//58
f 2064//58 2099//58 2061//58
f 2099//58 2039//58 2061//58
f 2061//58 2039//58 2132//58
f 2132//58 2039//58 2048//58
f 2039//58 2079//58 2048//58
f 2048//58 2079//58 2103//58
f 2111//58 2115//58 2109//58
f 2115//58 2117//58 2109//58
f 2109//58 2117//58 2119//58
f 2470//58 2471//58 2566//58
f 2826//58 2423//58 2424//58
f 2428//58 2429//58 2556//58
f 2429//58 2430//58 2556//58
f 2556//58 2430//58 2558//58
f 2430//58 2407//58 2558//58
f 2558//58 2407//58 2408//58
f 2295//58 2293//58 2559//58
f 2293//58 2291//58 2559//58
f 2559//58 2291//58 2289//58
f 2289//58 2287//58 2547//58
f 2287//58 2285//58 2547//58
f 2547//58 2285//58 2283//58
f 2323//58 2321//58 2545//58
f 2408//58 2307//58 2558//58
f 2307//58 2305//58 2558//58
f 2558//58 2305//58 2303//58
f 2424//58 2425//58 2826//58
f 2425//58 2426//58 2826//58
f 2826//58 2426//58 2556//58
f 2426//58 2427//58 2556//58
f 2556//58 2427//58 2428//58
f 2323//58 2545//58 2325//58
f 2420//58 2421//58 2826//58
f 2421//58 2422//58 2826//58
f 2826//58 2422//58 2423//58
f 2321//58 2319//58 2412//58
f 2319//58 2317//58 2412//58
f 2412//58 2317//58 2411//58
f 2317//58 2315//58 2411//58
f 2411//58 2315//58 2410//58
f 2315//58 2313//58 2410//58
f 2410//58 2313//58 2409//58
f 2313//58 2311//58 2409//58
f 2409//58 2311//58 2408//58
f 2311//58 2309//58 2408//58
f 2408//58 2309//58 2307//58
f 2415//58 2416//58 2537//58
f 2303//58 2301//58 2558//58
f 2301//58 2299//58 2558//58
f 2558//58 2299//58 2559//58
f 2299//58 2297//58 2559//58
f 2559//58 2297//58 2295//58
f 2321//58 2412//58 2545//58
f 2412//58 2413//58 2545//58
f 2545//58 2413//58 2537//58
f 2413//58 2414//58 2537//58
f 2537//58 2414//58 2415//58
f 2416//58 2417//58 2537//58
f 2417//58 2418//58 2537//58
f 2537//58 2418//58 2826//58
f 2418//58 2419//58 2826//58
f 2826//58 2419//58 2420//58
f 2283//58 2282//58 2547//58
f 2282//58 2329//58 2547//58
f 2547//58 2329//58 2545//58
f 2329//58 2327//58 2545//58
f 2545//58 2327//58 2325//58
f 2347//58 2345//58 2536//58
f 2537//58 2137//58 2139//58
f 2537//58 2357//58 2355//58
f 2345//58 2343//58 2536//58
f 2343//58 2341//58 2536//58
f 2536//58 2341//58 2339//58
f 2332//58 2379//58 2533//58
f 2177//58 2826//58 2175//58
f 2826//58 2173//58 2175//58
f 2177//58 2179//58 2826//58
f 2179//58 2133//58 2826//58
f 2826//58 2133//58 2537//58
f 2133//58 2135//58 2537//58
f 2537//58 2135//58 2137//58
f 2159//58 2161//58 2529//58
f 2161//58 2163//58 2529//58
f 2529//58 2163//58 2165//58
f 2347//58 2536//58 2349//58
f 2536//58 2535//58 2349//58
f 2349//58 2535//58 2351//58
f 2535//58 2542//58 2351//58
f 2351//58 2542//58 2353//58
f 2542//58 2540//58 2353//58
f 2353//58 2540//58 2355//58
f 2540//58 2538//58 2355//58
f 2355//58 2538//58 2537//58
f 2165//58 2167//58 2529//58
f 2167//58 2169//58 2529//58
f 2529//58 2169//58 2826//58
f 2169//58 2171//58 2826//58
f 2826//58 2171//58 2173//58
f 2369//58 2155//58 2371//58
f 2155//58 2373//58 2371//58
f 2533//58 2339//58 2337//58
f 2533//58 2379//58 2531//58
f 2379//58 2377//58 2531//58
f 2531//58 2377//58 2529//58
f 2377//58 2375//58 2529//58
f 2529//58 2375//58 2373//58
f 2373//58 2155//58 2529//58
f 2155//58 2157//58 2529//58
f 2529//58 2157//58 2159//58
f 2337//58 2335//58 2533//58
f 2335//58 2333//58 2533//58
f 2533//58 2333//58 2332//58
f 2369//58 2367//58 2155//58
f 2367//58 2365//58 2155//58
f 2155//58 2365//58 2153//58
f 2359//58 2357//58 2149//58
f 2149//58 2357//58 2147//58
f 2139//58 2141//58 2537//58
f 2141//58 2143//58 2537//58
f 2537//58 2143//58 2357//58
f 2143//58 2145//58 2357//58
f 2357//58 2145//58 2147//58
f 2153//58 2365//58 2151//58
f 2365//58 2363//58 2151//58
f 2151//58 2363//58 2149//58
f 2363//58 2361//58 2149//58
f 2149//58 2361//58 2359//58
f 2195//58 2193//58 2582//58
f 2193//58 2191//58 2582//58
f 2582//58 2191//58 2189//58
f 2578//58 2213//58 2211//58
f 2211//58 2209//58 2578//58
f 2209//58 2207//58 2578//58
f 2578//58 2207//58 2205//58
f 2189//58 2187//58 2584//58
f 2187//58 2185//58 2584//58
f 2584//58 2185//58 2183//58
f 2102//58 2086//58 2826//58
f 2183//58 2182//58 2584//58
f 2182//58 2229//58 2584//58
f 2584//58 2229//58 2574//58
f 2229//58 2227//58 2574//58
f 2227//58 2225//58 2574//58
f 2574//58 2225//58 2223//58
f 2506//58 2507//58 2566//58
f 2102//58 2826//58 2104//58
f 2205//58 2203//58 2578//58
f 2203//58 2201//58 2578//58
f 2578//58 2201//58 2580//58
f 2201//58 2199//58 2580//58
f 2580//58 2199//58 2582//58
f 2199//58 2197//58 2582//58
f 2582//58 2197//58 2195//58
f 2506//58 2566//58 2505//58
f 2120//58 2118//58 2566//58
f 2510//58 2130//58 2509//58
f 2130//58 2046//58 2509//58
f 2509//58 2046//58 2044//58
f 2570//58 2572//58 2524//58
f 2524//58 2572//58 2523//58
f 2572//58 2574//58 2523//58
f 2523//58 2574//58 2522//58
f 2574//58 2223//58 2522//58
f 2522//58 2223//58 2521//58
f 2223//58 2221//58 2521//58
f 2521//58 2221//58 2520//58
f 2221//58 2219//58 2520//58
f 2520//58 2219//58 2519//58
f 2219//58 2217//58 2519//58
f 2519//58 2217//58 2518//58
f 2054//58 2529//58 2076//58
f 2529//58 2826//58 2076//58
f 2076//58 2826//58 2072//58
f 2826//58 2086//58 2072//58
f 2524//58 2525//58 2570//58
f 2525//58 2526//58 2570//58
f 2570//58 2526//58 2568//58
f 2526//58 2527//58 2568//58
f 2568//58 2527//58 2566//58
f 2527//58 2528//58 2566//58
f 2566//58 2528//58 2505//58
f 2044//58 2043//58 2509//58
f 2043//58 2042//58 2509//58
f 2509//58 2042//58 2508//58
f 2042//58 2126//58 2508//58
f 2508//58 2126//58 2507//58
f 2126//58 2124//58 2507//58
f 2507//58 2124//58 2566//58
f 2124//58 2122//58 2566//58
f 2566//58 2122//58 2120//58
f 2118//58 2116//58 2566//58
f 2116//58 2114//58 2566//58
f 2566//58 2114//58 2112//58
f 2215//58 2516//58 2217//58
f 2516//58 2517//58 2217//58
f 2217//58 2517//58 2518//58
f 2112//58 2110//58 2566//58
f 2110//58 2108//58 2566//58
f 2566//58 2108//58 2826//58
f 2108//58 2106//58 2826//58
f 2826//58 2106//58 2104//58
f 2054//58 2052//58 2529//58
f 2052//58 2131//58 2529//58
f 2529//58 2131//58 2130//58
f 2510//58 2511//58 2130//58
f 2511//58 2512//58 2130//58
f 2130//58 2512//58 2529//58
f 2512//58 2513//58 2529//58
f 2529//58 2513//58 2575//58
f 2513//58 2576//58 2575//58
f 2513//58 2514//58 2576//58
f 2514//58 2515//58 2576//58
f 2576//58 2515//58 2578//58
f 2515//58 2516//58 2578//58
f 2578//58 2516//58 2213//58
f 2516//58 2215//58 2213//58
f 2550//58 2563//58 2277//58
f 2277//58 2563//58 2279//58
f 2563//58 2562//58 2279//58
f 2279//58 2562//58 2232//58
f 2562//58 2239//58 2237//58
f 2552//58 2459//58 2554//58
f 2459//58 2460//58 2554//58
f 2554//58 2460//58 2556//58
f 2460//58 2461//58 2556//58
f 2556//58 2461//58 2826//58
f 2461//58 2462//58 2826//58
f 2826//58 2462//58 2463//58
f 2479//58 2456//58 2550//58
f 2456//58 2457//58 2550//58
f 2550//58 2457//58 2552//58
f 2457//58 2458//58 2552//58
f 2552//58 2458//58 2459//58
f 2245//58 2243//58 2560//58
f 2243//58 2241//58 2560//58
f 2560//58 2241//58 2239//58
f 2463//58 2464//58 2826//58
f 2464//58 2465//58 2826//58
f 2826//58 2465//58 2466//58
f 2237//58 2235//58 2562//58
f 2235//58 2233//58 2562//58
f 2562//58 2233//58 2232//58
f 2277//58 2275//58 2550//58
f 2275//58 2273//58 2550//58
f 2550//58 2273//58 2479//58
f 2273//58 2271//58 2479//58
f 2479//58 2271//58 2269//58
f 2471//58 2472//58 2566//58
f 2472//58 2473//58 2566//58
f 2566//58 2473//58 2564//58
f 2473//58 2474//58 2564//58
f 2564//58 2474//58 2475//58
f 2253//58 2251//58 2564//58
f 2251//58 2249//58 2564//58
f 2564//58 2249//58 2560//58
f 2249//58 2247//58 2560//58
f 2560//58 2247//58 2245//58
f 2466//58 2467//58 2826//58
f 2467//58 2468//58 2826//58
f 2826//58 2468//58 2566//58
f 2468//58 2469//58 2566//58
f 2566//58 2469//58 2470//58
f 2269//58 2267//58 2479//58
f 2267//58 2265//58 2479//58
f 2479//58 2265//58 2478//58
f 2478//58 2265//58 2477//58
f 2265//58 2263//58 2477//58
f 2477//58 2263//58 2476//58
f 2263//58 2261//58 2476//58
f 2476//58 2261//58 2475//58
f 2261//58 2259//58 2475//58
f 2259//58 2257//58 2475//58
f 2475//58 2257//58 2564//58
f 2257//58 2255//58 2564//58
f 2564//58 2255//58 2253//58
f 2827//2 2828//2 2829//2
f 2828//2 2830//2 2829//2
f 2831//2 2832//2 2828//2
f 2832//2 2833//2 2828//2
f 2828//2 2833//2 2830//2
f 2834//2 2835//2 2836//2
f 2837//2 2838//2 2839//2
f 2838//2 2840//2 2839//2
f 2839//2 2840//2 2841//2
f 2839//2 2842//2 2843//2
f 2844//2 2845//2 2846//2
f 2845//2 2847//2 2829//2
f 2847//2 2848//2 2829//2
f 2829//2 2848//2 2836//2
f 2848//2 2849//2 2836//2
f 2849//2 2850//2 2836//2
f 2836//2 2850//2 2834//2
f 2850//2 2851//2 2834//2
f 2841//2 2852//2 2839//2
f 2852//2 2853//2 2839//2
f 2839//2 2853//2 2842//2
f 2851//2 2854//2 2834//2
f 2854//2 2855//2 2834//2
f 2834//2 2855//2 2839//2
f 2855//2 2856//2 2839//2
f 2839//2 2856//2 2837//2
f 2857//2 2858//2 2859//2
f 2858//2 2860//2 2859//2
f 2859//2 2860//2 2861//2
f 2861//2 2862//2 2859//2
f 2862//2 2863//2 2859//2
f 2859//2 2863//2 2828//2
f 2863//2 2864//2 2828//2
f 2828//2 2864//2 2831//2
f 2865//2 2866//2 2867//2
f 2866//2 2868//2 2867//2
f 2869//2 2870//2 2843//2
f 2870//2 2871//2 2843//2
f 2843//2 2871//2 2839//2
f 2871//2 2872//2 2839//2
f 2839//2 2872//2 2859//2
f 2872//2 2873//2 2859//2
f 2859//2 2873//2 2857//2
f 2869//2 2843//2 2867//2
f 2843//2 2874//2 2867//2
f 2867//2 2874//2 2865//2
f 2830//2 2875//2 2829//2
f 2875//2 2876//2 2829//2
f 2829//2 2876//2 2845//2
f 2876//2 2877//2 2845//2
f 2845//2 2877//2 2846//2
f 2844//2 2846//2 2878//2
f 2846//2 2879//2 2878//2
f 2878//2 2879//2 2880//2
f 2879//2 2881//2 2880//2
f 2880//2 2881//2 2868//2
f 2881//2 2882//2 2868//2
f 2868//2 2882//2 2867//2
f 2883//1 2884//1 2885//1
f 2884//1 2886//1 2885//1
f 2885//1 2886//1 2887//1
f 2886//1 2888//1 2887//1
f 2887//1 2888//1 2889//1
f 2885//1 2890//1 2883//1
f 2890//1 2891//1 2883//1
f 2883//1 2891//1 2892//1
f 2891//1 2893//1 2892//1
f 2892//1 2893//1 2889//1
f 2893//1 2894//1 2889//1
f 2889//1 2894//1 2887//1
f 2894//1 2895//1 2887//1
f 2894//1 2896//1 2895//1
f 2896//1 2897//1 2895//1
f 2895//1 2897//1 2890//1
f 2897//1 2898//1 2890//1
f 2890//1 2898//1 2891//1
f 2899//58 2900//58 2901//58
f 2901//58 2900//58 2902//58
f 2900//58 2903//58 2902//58
f 2903//58 2904//58 2902//58
f 2902//58 2904//58 2905//58
f 2906//58 2907//58 2908//58
f 2907//58 2909//58 2908//58
f 2908//58 2909//58 2910//58
f 2911//58 2912//58 2913//58
f 2912//58 2914//58 2913//58
f 2913//58 2914//58 2915//58
f 2913//58 2916//58 2911//58
f 2916//58 2907//58 2911//58
f 2911//58 2907//58 2917//58
f 2907//58 2906//58 2917//58
f 2917//58 2906//58 2918//58
f 2906//58 2887//58 2918//58
f 2918//58 2887//58 2919//58
f 2887//58 2895//58 2919//58
f 2919//58 2895//58 2914//58
f 2895//58 2920//58 2914//58
f 2909//58 2921//58 2910//58
f 2921//58 2915//58 2910//58
f 2910//58 2915//58 2901//58
f 2915//58 2914//58 2901//58
f 2901//58 2914//58 2899//58
f 2914//58 2920//58 2899//58
f 2899//58 2920//58 2922//58
f 2920//58 2923//58 2922//58
f 2922//58 2923//58 2924//58
f 2923//58 2925//58 2924//58
f 2924//58 2925//58 2904//58
f 2925//58 2926//58 2904//58
f 2904//58 2926//58 2905//58
f 2926//58 2927//58 2905//58
f 2905//58 2927//58 2895//58
f 2927//58 2928//58 2895//58
f 2895//58 2928//58 2920//58
f 2929//1 2906//1 2908//1
f 2930//1 2931//1 2932//1
f 2931//1 2933//1 2932//1
f 2934//1 2935//1 2936//1
f 2935//1 2937//1 2936//1
f 2902//1 2905//1 2938//1
f 2935//1 2902//1 2937//1
f 2902//1 2938//1 2937//1
f 2937//1 2938//1 2933//1
f 2938//1 2929//1 2933//1
f 2933//1 2929//1 2932//1
f 2929//1 2908//1 2932//1
f 2939//59 2932//59 2940//59
f 2941//59 2940//59 2942//59
f 2932//59 2943//59 2940//59
f 2943//59 2944//59 2940//59
f 2940//59 2944//59 2945//59
f 2908//59 2910//59 2946//59
f 2946//59 2947//59 2908//59
f 2947//59 2948//59 2908//59
f 2908//59 2948//59 2932//59
f 2948//59 2949//59 2932//59
f 2949//59 2950//59 2932//59
f 2932//59 2950//59 2943//59
f 2950//59 2951//59 2943//59
f 2951//59 2946//59 2943//59
f 2946//59 2910//59 2943//59
f 2943//59 2910//59 2952//59
f 2910//59 2953//59 2952//59
f 2952//59 2953//59 2945//59
f 2953//59 2954//59 2945//59
f 2945//59 2954//59 2940//59
f 2955//59 2956//59 2954//59
f 2956//59 2957//59 2954//59
f 2954//59 2957//59 2940//59
f 2957//59 2958//59 2940//59
f 2940//59 2958//59 2942//59
f 2958//59 2959//59 2942//59
f 2942//59 2959//59 2960//59
f 2959//59 2961//59 2960//59
f 2960//59 2961//59 2954//59
f 2961//59 2955//59 2954//59
f 2941//59 2962//59 2940//59
f 2962//59 2963//59 2940//59
f 2940//59 2963//59 2964//59
f 2963//59 2965//59 2964//59
f 2964//59 2965//59 2966//59
f 2965//59 2967//59 2966//59
f 2966//59 2967//59 2942//59
f 2967//59 2968//59 2942//59
f 2942//59 2968//59 2941//59
f 2939//59 2969//59 2932//59
f 2969//59 2970//59 2932//59
f 2932//59 2970//59 2930//59
f 2970//59 2971//59 2930//59
f 2930//59 2971//59 2964//59
f 2971//59 2972//59 2964//59
f 2964//59 2972//59 2940//59
f 2972//59 2973//59 2940//59
f 2940//59 2973//59 2939//59
f 2974//1199 2975//1199 2976//1199
f 2975//1199 2977//1199 2976//1199
f 2976//1200 2977//1200 2978//1200
f 2977//1200 2979//1200 2978//1200
f 2978//1201 2979//1201 2980//1201
f 2979//1201 2981//1201 2980//1201
f 2980//1202 2981//1202 2982//1202
f 2981//1202 2983//1202 2982//1202
f 2982//1203 2983//1203 2984//1203
f 2983//1203 2985//1203 2984//1203
f 2984//1204 2985//1204 2986//1204
f 2985//1204 2987//1204 2986//1204
f 2986//1205 2987//1205 2988//1205
f 2987//1205 2989//1205 2988//1205
f 2988//1206 2989//1206 2990//1206
f 2989//1206 2991//1206 2990//1206
f 2990//1207 2991//1207 2992//1207
f 2991//1207 2993//1207 2992//1207
f 2992//1208 2993//1208 2994//1208
f 2993//1208 2995//1208 2994//1208
f 2994//437 2995//437 2996//437
f 2995//437 2997//437 2996//437
f 2996//1209 2997//1209 2998//1209
f 2997//1209 2999//1209 2998//1209
f 2998//1210 2999//1210 3000//1210
f 2999//1210 3001//1210 3000//1210
f 3000//439 3001//439 3002//439
f 3001//439 3003//439 3002//439
f 3002//1211 3003//1211 3004//1211
f 3003//1211 3005//1211 3004//1211
f 3004//1212 3005//1212 3006//1212
f 3005//1212 3007//1212 3006//1212
f 3006//1213 3007//1213 3008//1213
f 3007//1213 3009//1213 3008//1213
f 3008//1214 3009//1214 3010//1214
f 3009//1214 3011//1214 3010//1214
f 3010//1215 3011//1215 3012//1215
f 3011//1215 3013//1215 3012//1215
f 3012//1216 3013//1216 3014//1216
f 3013//1216 3015//1216 3014//1216
f 3014//1217 3015//1217 3016//1217
f 3015//1217 3017//1217 3016//1217
f 3016//1218 3017//1218 3018//1218
f 3017//1218 3019//1218 3018//1218
f 3018//1219 3019//1219 3020//1219
f 3019//1219 3021//1219 3020//1219
f 3020//1220 3021//1220 2974//1220
f 3021//1220 2975//1220 2974//1220
f 3022//1221 3023//1221 3024//1221
f 3023//1221 3025//1221 3024//1221
f 3024//1200 3025//1200 3026//1200
f 3025//1200 3027//1200 3026//1200
f 3026//1201 3027//1201 3028//1201
f 3027//1201 3029//1201 3028//1201
f 3028//1222 3029//1222 3030//1222
f 3029//1222 3031//1222 3030//1222
f 3030//1223 3031//1223 3032//1223
f 3031//1223 3033//1223 3032//1223
f 3032//1224 3033//1224 3034//1224
f 3033//1224 3035//1224 3034//1224
f 3034//1205 3035//1205 3036//1205
f 3035//1205 3037//1205 3036//1205
f 3036//1225 3037//1225 3038//1225
f 3037//1225 3039//1225 3038//1225
f 3038//1226 3039//1226 3040//1226
f 3039//1226 3041//1226 3040//1226
f 3040//1208 3041//1208 3042//1208
f 3041//1208 3043//1208 3042//1208
f 3042//1227 3043//1227 3044//1227
f 3043//1227 3045//1227 3044//1227
f 3044//1228 3045//1228 3046//1228
f 3045//1228 3047//1228 3046//1228
f 3046//1229 3047//1229 3048//1229
f 3047//1229 3049//1229 3048//1229
f 3048//1230 3049//1230 3050//1230
f 3049//1230 3051//1230 3050//1230
f 3050//1211 3051//1211 3052//1211
f 3051//1211 3053//1211 3052//1211
f 3052//1231 3053//1231 3054//1231
f 3053//1231 3055//1231 3054//1231
f 3054//1232 3055//1232 3056//1232
f 3055//1232 3057//1232 3056//1232
f 3056//1233 3057//1233 3058//1233
f 3057//1233 3059//1233 3058//1233
f 3058//1234 3059//1234 3060//1234
f 3059//1234 3061//1234 3060//1234
f 3060//1235 3061//1235 3062//1235
f 3061//1235 3063//1235 3062//1235
f 3062//1236 3063//1236 3064//1236
f 3063//1236 3065//1236 3064//1236
f 3064//1218 3065//1218 3066//1218
f 3065//1218 3067//1218 3066//1218
f 3066//1219 3067//1219 3068//1219
f 3067//1219 3069//1219 3068//1219
f 3068//1237 3069//1237 3022//1237
f 3069//1237 3023//1237 3022//1237
f 3070//72 3071//72 3072//72
f 3073//72 3074//72 3075//72
f 3074//72 3076//72 3075//72
f 3075//72 3076//72 3072//72
f 3076//72 3077//72 3072//72
f 3072//72 3077//72 3070//72
f 3074//72 3078//72 3070//72
f 3078//72 3079//72 3070//72
f 3079//72 3080//72 3070//72
f 3080//72 3081//72 3070//72
f 3070//72 3081//72 3082//72
f 3082//72 3083//72 3070//72
f 3083//72 3084//72 3070//72
f 3070//72 3084//72 3071//72
f 3084//72 3085//72 3071//72
f 3071//72 3085//72 3086//72
f 3086//72 3087//72 3071//72
f 3087//72 3088//72 3071//72
f 3071//72 3088//72 3089//72
f 3090//72 3073//72 3091//72
f 3073//72 3092//72 3091//72
f 3093//72 3094//72 3074//72
f 3094//72 3095//72 3074//72
f 3074//72 3095//72 3078//72
f 3089//72 3096//72 3071//72
f 3096//72 3097//72 3071//72
f 3071//72 3097//72 3073//72
f 3097//72 3098//72 3073//72
f 3073//72 3098//72 3092//72
f 3090//72 3099//72 3073//72
f 3099//72 3100//72 3073//72
f 3073//72 3100//72 3074//72
f 3100//72 3101//72 3074//72
f 3074//72 3101//72 3093//72
f 3102//72 3103//72 3104//72
f 3105//72 3106//72 3107//72
f 3108//72 3109//72 3072//72
f 3109//72 3110//72 3072//72
f 3107//72 3111//72 3105//72
f 3111//72 3112//72 3105//72
f 3105//72 3112//72 3113//72
f 3102//72 3104//72 3114//72
f 3103//72 3115//72 3104//72
f 3115//72 3116//72 3104//72
f 3104//72 3116//72 3105//72
f 3116//72 3117//72 3105//72
f 3105//72 3117//72 3106//72
f 3113//72 3118//72 3105//72
f 3118//72 3119//72 3105//72
f 3105//72 3119//72 3071//72
f 3119//72 3120//72 3071//72
f 3071//72 3120//72 3121//72
f 3121//72 3122//72 3071//72
f 3122//72 3123//72 3071//72
f 3071//72 3123//72 3124//72
f 3124//72 3125//72 3071//72
f 3125//72 3126//72 3071//72
f 3071//72 3126//72 3072//72
f 3126//72 3127//72 3072//72
f 3072//72 3127//72 3108//72
f 3128//72 3129//72 3130//72
f 3131//72 3072//72 3132//72
f 3072//72 3128//72 3132//72
f 3132//72 3128//72 3133//72
f 3128//72 3130//72 3133//72
f 3131//72 3134//72 3072//72
f 3134//72 3135//72 3072//72
f 3072//72 3135//72 3136//72
f 3136//72 3137//72 3072//72
f 3137//72 3138//72 3072//72
f 3072//72 3138//72 3075//72
f 3138//72 3139//72 3075//72
f 3075//72 3139//72 3140//72
f 3140//72 3141//72 3075//72
f 3141//72 3142//72 3075//72
f 3075//72 3142//72 3143//72
f 3144//72 3145//72 3146//72
f 3145//72 3147//72 3146//72
f 3144//72 3148//72 3145//72
f 3148//72 3149//72 3145//72
f 3145//72 3149//72 3128//72
f 3149//72 3150//72 3128//72
f 3128//72 3150//72 3129//72
f 3143//72 3151//72 3075//72
f 3151//72 3152//72 3075//72
f 3075//72 3152//72 3145//72
f 3152//72 3153//72 3145//72
f 3145//72 3153//72 3147//72
f 3154//72 3155//72 3104//72
f 3155//72 3156//72 3104//72
f 3156//72 3157//72 3104//72
f 3104//72 3157//72 3158//72
f 3072//72 3159//72 3160//72
f 3110//72 3114//72 3072//72
f 3114//72 3104//72 3072//72
f 3072//72 3104//72 3159//72
f 3104//72 3158//72 3159//72
f 3160//72 3161//72 3072//72
f 3161//72 3162//72 3072//72
f 3072//72 3162//72 3163//72
f 3164//72 3165//72 3166//72
f 3167//72 3128//72 3168//72
f 3128//72 3072//72 3168//72
f 3168//72 3072//72 3169//72
f 3072//72 3163//72 3169//72
f 3167//72 3170//72 3128//72
f 3170//72 3171//72 3128//72
f 3128//72 3171//72 3172//72
f 3172//72 3173//72 3128//72
f 3173//72 3174//72 3128//72
f 3128//72 3174//72 3164//72
f 3174//72 3175//72 3164//72
f 3164//72 3175//72 3165//72
f 3166//72 3176//72 3164//72
f 3176//72 3177//72 3164//72
f 3164//72 3177//72 3104//72
f 3177//72 3178//72 3104//72
f 3104//72 3178//72 3154//72
f 2976//59 2978//59 3179//59
f 2978//59 2980//59 3179//59
f 3012//59 3014//59 3180//59
f 3014//59 3016//59 3180//59
f 2980//59 2982//59 3179//59
f 2982//59 2984//59 3179//59
f 3179//59 2984//59 2986//59
f 3004//59 3006//59 3181//59
f 3006//59 3008//59 3181//59
f 3181//59 3008//59 3180//59
f 3008//59 3010//59 3180//59
f 3180//59 3010//59 3012//59
f 3016//59 3018//59 3180//59
f 3018//59 3020//59 3180//59
f 3180//59 3020//59 3179//59
f 3020//59 2974//59 3179//59
f 3179//59 2974//59 2976//59
f 2998//59 3000//59 3181//59
f 3000//59 3002//59 3181//59
f 3181//59 3002//59 3004//59
f 2988//59 2990//59 3182//59
f 2990//59 2992//59 3182//59
f 2992//59 2994//59 3182//59
f 2994//59 2996//59 3182//59
f 3182//59 2996//59 2998//59
f 3182//59 3183//59 3184//59
f 3184//59 3185//59 3182//59
f 3185//59 3186//59 3182//59
f 3182//59 3186//59 3187//59
f 3188//59 3189//59 3181//59
f 3190//59 3191//59 3192//59
f 3191//59 3182//59 3192//59
f 3192//59 3182//59 3193//59
f 3182//59 3187//59 3193//59
f 3190//59 3194//59 3191//59
f 3194//59 3195//59 3191//59
f 3191//59 3195//59 3196//59
f 3197//59 3198//59 3199//59
f 2998//59 3181//59 3182//59
f 3181//59 3200//59 3182//59
f 3182//59 3200//59 3183//59
f 3196//59 3201//59 3191//59
f 3201//59 3202//59 3191//59
f 3191//59 3202//59 3197//59
f 3202//59 3203//59 3197//59
f 3197//59 3203//59 3198//59
f 3199//59 3204//59 3197//59
f 3204//59 3205//59 3197//59
f 3197//59 3205//59 3181//59
f 3205//59 3206//59 3181//59
f 3181//59 3206//59 3188//59
f 3189//59 3207//59 3181//59
f 3207//59 3208//59 3181//59
f 3181//59 3208//59 3200//59
f 3209//59 3210//59 3182//59
f 3210//59 3211//59 3182//59
f 3060//59 3212//59 3058//59
f 3212//59 3209//59 3058//59
f 3058//59 3209//59 3056//59
f 3060//59 3062//59 3212//59
f 3062//59 3064//59 3212//59
f 3212//59 3064//59 3066//59
f 3068//59 3022//59 3213//59
f 3022//59 3024//59 3213//59
f 3024//59 3026//59 3213//59
f 3026//59 3028//59 3213//59
f 3213//59 3028//59 3030//59
f 3066//59 3068//59 3212//59
f 3068//59 3213//59 3212//59
f 3212//59 3213//59 3211//59
f 3213//59 3179//59 3211//59
f 3211//59 3179//59 3182//59
f 3179//59 2986//59 3182//59
f 3182//59 2986//59 2988//59
f 3042//59 3214//59 3040//59
f 3214//59 3038//59 3040//59
f 3030//59 3032//59 3213//59
f 3032//59 3034//59 3213//59
f 3213//59 3034//59 3214//59
f 3034//59 3036//59 3214//59
f 3214//59 3036//59 3038//59
f 3050//59 3052//59 3209//59
f 3052//59 3054//59 3209//59
f 3209//59 3054//59 3056//59
f 3042//59 3044//59 3214//59
f 3044//59 3046//59 3214//59
f 3214//59 3046//59 3209//59
f 3046//59 3048//59 3209//59
f 3209//59 3048//59 3050//59
f 3214//59 3215//59 3216//59
f 3216//59 3217//59 3214//59
f 3217//59 3218//59 3214//59
f 3214//59 3218//59 3219//59
f 3220//59 3221//59 3182//59
f 3219//59 3222//59 3214//59
f 3222//59 3223//59 3214//59
f 3214//59 3223//59 3224//59
f 3223//59 3225//59 3224//59
f 3224//59 3225//59 3226//59
f 3226//59 3227//59 3224//59
f 3227//59 3228//59 3224//59
f 3224//59 3228//59 3229//59
f 3209//59 3182//59 3214//59
f 3182//59 3230//59 3214//59
f 3214//59 3230//59 3215//59
f 3229//59 3231//59 3224//59
f 3231//59 3232//59 3224//59
f 3224//59 3232//59 3191//59
f 3232//59 3233//59 3191//59
f 3191//59 3233//59 3234//59
f 3234//59 3235//59 3191//59
f 3235//59 3236//59 3191//59
f 3191//59 3236//59 3182//59
f 3236//59 3237//59 3182//59
f 3182//59 3237//59 3220//59
f 3221//59 3238//59 3182//59
f 3238//59 3239//59 3182//59
f 3182//59 3239//59 3230//59
f 3240//72 2901//72 3241//72
f 3240//72 3241//72 3242//72
f 3243//72 3244//72 2935//72
f 3244//72 3245//72 2935//72
f 2935//72 3245//72 2902//72
f 3245//72 3246//72 2902//72
f 3247//72 3248//72 3249//72
f 3248//72 3250//72 3249//72
f 3249//72 3250//72 2935//72
f 3243//72 2935//72 3251//72
f 2935//72 3250//72 3251//72
f 3251//72 3250//72 3252//72
f 3250//72 3241//72 3252//72
f 3252//72 3241//72 3246//72
f 3241//72 2901//72 3246//72
f 3246//72 2901//72 2902//72
f 3253//72 3254//72 2934//72
f 3254//72 3255//72 2934//72
f 2934//72 3255//72 2935//72
f 3255//72 3256//72 2935//72
f 3256//72 3257//72 2935//72
f 2935//72 3257//72 3249//72
f 3257//72 3258//72 3249//72
f 3249//72 3258//72 3253//72
f 3258//72 3259//72 3253//72
f 3253//72 3259//72 3254//72
f 3260//72 3261//72 3249//72
f 3261//72 3242//72 3249//72
f 3249//72 3242//72 3247//72
f 3242//72 3241//72 3247//72
f 3261//72 3262//72 3242//72
f 3262//72 3263//72 3242//72
f 3242//72 3263//72 3264//72
f 3263//72 3265//72 3264//72
f 3264//72 3265//72 3266//72
f 3260//72 3249//72 3266//72
f 3249//72 3267//72 3266//72
f 3266//72 3267//72 3264//72
f 3249//72 3268//72 3267//72
f 3268//72 3269//72 3267//72
f 3267//72 3269//72 3270//72
f 3269//72 3271//72 3270//72
f 3271//72 3272//72 3270//72
f 3270//72 3272//72 3253//72
f 3272//72 3273//72 3253//72
f 3253//72 3273//72 3249//72
f 3273//72 3274//72 3249//72
f 3249//72 3274//72 3268//72
f 3275//1238 3276//1238 3277//1238
f 3276//1238 3278//1238 3277//1238
f 3277//1239 3278//1239 3279//1239
f 3278//1239 3280//1239 3279//1239
f 3279//1240 3280//1240 3281//1240
f 3280//1240 3282//1240 3281//1240
f 3281//1241 3282//1241 3283//1241
f 3282//1241 3284//1241 3283//1241
f 3283//1242 3284//1242 3285//1242
f 3284//1242 3286//1242 3285//1242
f 3285//1243 3286//1243 3287//1243
f 3286//1243 3288//1243 3287//1243
f 3287//1244 3288//1244 3289//1244
f 3288//1244 3290//1244 3289//1244
f 3289//610 3290//610 3291//610
f 3290//610 3292//610 3291//610
f 3291//1245 3292//1245 3293//1245
f 3292//1245 3294//1245 3293//1245
f 3293//1246 3294//1246 3295//1246
f 3294//1246 3296//1246 3295//1246
f 3295//1247 3296//1247 3297//1247
f 3296//1247 3298//1247 3297//1247
f 3297//1248 3298//1248 3299//1248
f 3298//1248 3300//1248 3299//1248
f 3299//1249 3300//1249 3301//1249
f 3300//1249 3302//1249 3301//1249
f 3301//1250 3302//1250 3303//1250
f 3302//1250 3304//1250 3303//1250
f 3303//1251 3304//1251 3305//1251
f 3304//1251 3306//1251 3305//1251
f 3305//1252 3306//1252 3307//1252
f 3306//1252 3308//1252 3307//1252
f 3307//616 3308//616 3309//616
f 3308//616 3310//616 3309//616
f 3309//1253 3310//1253 3311//1253
f 3310//1253 3312//1253 3311//1253
f 3311//1254 3312//1254 3313//1254
f 3312//1254 3314//1254 3313//1254
f 3313//1255 3314//1255 3315//1255
f 3314//1255 3316//1255 3315//1255
f 3315//1256 3316//1256 3317//1256
f 3316//1256 3318//1256 3317//1256
f 3317//1257 3318//1257 3319//1257
f 3318//1257 3320//1257 3319//1257
f 3319//1258 3320//1258 3321//1258
f 3320//1258 3322//1258 3321//1258
f 3321//1259 3322//1259 3275//1259
f 3322//1259 3276//1259 3275//1259
f 3323//1260 3324//1260 3325//1260
f 3324//1260 3326//1260 3325//1260
f 3325//1261 3326//1261 3327//1261
f 3326//1261 3328//1261 3327//1261
f 3327//1262 3328//1262 3329//1262
f 3328//1262 3330//1262 3329//1262
f 3329//1263 3330//1263 3331//1263
f 3330//1263 3332//1263 3331//1263
f 3331//1264 3332//1264 3333//1264
f 3332//1264 3334//1264 3333//1264
f 3333//1265 3334//1265 3335//1265
f 3334//1265 3336//1265 3335//1265
f 3335//1266 3336//1266 3337//1266
f 3336//1266 3338//1266 3337//1266
f 3337//1267 3338//1267 3339//1267
f 3338//1267 3340//1267 3339//1267
f 3339//1268 3340//1268 3341//1268
f 3340//1268 3342//1268 3341//1268
f 3341//1269 3342//1269 3343//1269
f 3342//1269 3344//1269 3343//1269
f 3343//1270 3344//1270 3345//1270
f 3344//1270 3346//1270 3345//1270
f 3345//1271 3346//1271 3347//1271
f 3346//1271 3348//1271 3347//1271
f 3347//1272 3348//1272 3349//1272
f 3348//1272 3350//1272 3349//1272
f 3349//1273 3350//1273 3351//1273
f 3350//1273 3352//1273 3351//1273
f 3351//1274 3352//1274 3353//1274
f 3352//1274 3354//1274 3353//1274
f 3353//1275 3354//1275 3355//1275
f 3354//1275 3356//1275 3355//1275
f 3355//1276 3356//1276 3357//1276
f 3356//1276 3358//1276 3357//1276
f 3357//1277 3358//1277 3359//1277
f 3358//1277 3360//1277 3359//1277
f 3359//1278 3360//1278 3361//1278
f 3360//1278 3362//1278 3361//1278
f 3361//1279 3362//1279 3363//1279
f 3362//1279 3364//1279 3363//1279
f 3363//1280 3364//1280 3365//1280
f 3364//1280 3366//1280 3365//1280
f 3365//1281 3366//1281 3367//1281
f 3366//1281 3368//1281 3367//1281
f 3367//1282 3368//1282 3369//1282
f 3368//1282 3370//1282 3369//1282
f 3369//1283 3370//1283 3323//1283
f 3370//1283 3324//1283 3323//1283
f 3371//1284 3372//1284 3373//1284
f 3372//1284 3374//1284 3373//1284
f 3373//1285 3374//1285 3375//1285
f 3374//1285 3376//1285 3375//1285
f 3375//1240 3376//1240 3377//1240
f 3376//1240 3378//1240 3377//1240
f 3377//1241 3378//1241 3379//1241
f 3378//1241 3380//1241 3379//1241
f 3379//1242 3380//1242 3381//1242
f 3380//1242 3382//1242 3381//1242
f 3381//1243 3382//1243 3383//1243
f 3382//1243 3384//1243 3383//1243
f 3383//1244 3384//1244 3385//1244
f 3384//1244 3386//1244 3385//1244
f 3385//610 3386//610 3387//610
f 3386//610 3388//610 3387//610
f 3387//1245 3388//1245 3389//1245
f 3388//1245 3390//1245 3389//1245
f 3389//1246 3390//1246 3391//1246
f 3390//1246 3392//1246 3391//1246
f 3391//1286 3392//1286 3393//1286
f 3392//1286 3394//1286 3393//1286
f 3393//1287 3394//1287 3395//1287
f 3394//1287 3396//1287 3395//1287
f 3395//1288 3396//1288 3397//1288
f 3396//1288 3398//1288 3397//1288
f 3397//1289 3398//1289 3399//1289
f 3398//1289 3400//1289 3399//1289
f 3399//1251 3400//1251 3401//1251
f 3400//1251 3402//1251 3401//1251
f 3401//1252 3402//1252 3403//1252
f 3402//1252 3404//1252 3403//1252
f 3403//616 3404//616 3405//616
f 3404//616 3406//616 3405//616
f 3405//1253 3406//1253 3407//1253
f 3406//1253 3408//1253 3407//1253
f 3407//1254 3408//1254 3409//1254
f 3408//1254 3410//1254 3409//1254
f 3409//1255 3410//1255 3411//1255
f 3410//1255 3412//1255 3411//1255
f 3411//1256 3412//1256 3413//1256
f 3412//1256 3414//1256 3413//1256
f 3413//1257 3414//1257 3415//1257
f 3414//1257 3416//1257 3415//1257
f 3415//1290 3416//1290 3417//1290
f 3416//1290 3418//1290 3417//1290
f 3417//1291 3418//1291 3371//1291
f 3418//1291 3372//1291 3371//1291
f 3419//1292 3420//1292 3421//1292
f 3420//1292 3422//1292 3421//1292
f 3421//1261 3422//1261 3423//1261
f 3422//1261 3424//1261 3423//1261
f 3423//1262 3424//1262 3425//1262
f 3424//1262 3426//1262 3425//1262
f 3425//1293 3426//1293 3427//1293
f 3426//1293 3428//1293 3427//1293
f 3427//1264 3428//1264 3429//1264
f 3428//1264 3430//1264 3429//1264
f 3429//1294 3430//1294 3431//1294
f 3430//1294 3432//1294 3431//1294
f 3431//1295 3432//1295 3433//1295
f 3432//1295 3434//1295 3433//1295
f 3433//1267 3434//1267 3435//1267
f 3434//1267 3436//1267 3435//1267
f 3435//1296 3436//1296 3437//1296
f 3436//1296 3438//1296 3437//1296
f 3437//1269 3438//1269 3439//1269
f 3438//1269 3440//1269 3439//1269
f 3439//1270 3440//1270 3441//1270
f 3440//1270 3442//1270 3441//1270
f 3441//1297 3442//1297 3443//1297
f 3442//1297 3444//1297 3443//1297
f 3443//1298 3444//1298 3445//1298
f 3444//1298 3446//1298 3445//1298
f 3445//1273 3446//1273 3447//1273
f 3446//1273 3448//1273 3447//1273
f 3447//1274 3448//1274 3449//1274
f 3448//1274 3450//1274 3449//1274
f 3449//1299 3450//1299 3451//1299
f 3450//1299 3452//1299 3451//1299
f 3451//1276 3452//1276 3453//1276
f 3452//1276 3454//1276 3453//1276
f 3453//1300 3454//1300 3455//1300
f 3454//1300 3456//1300 3455//1300
f 3455//1301 3456//1301 3457//1301
f 3456//1301 3458//1301 3457//1301
f 3457//1279 3458//1279 3459//1279
f 3458//1279 3460//1279 3459//1279
f 3459//1302 3460//1302 3461//1302
f 3460//1302 3462//1302 3461//1302
f 3461//1281 3462//1281 3463//1281
f 3462//1281 3464//1281 3463//1281
f 3463//1282 3464//1282 3465//1282
f 3464//1282 3466//1282 3465//1282
f 3465//1303 3466//1303 3419//1303
f 3466//1303 3420//1303 3419//1303
f 3343//3 3345//3 3240//3
f 3345//3 3347//3 3240//3
f 3240//3 3347//3 2953//3
f 3301//3 3303//3 2953//3
f 3409//3 3411//3 2859//3
f 3411//3 3413//3 2859//3
f 2859//3 3413//3 3415//3
f 3363//3 3365//3 2859//3
f 3301//3 2953//3 3299//3
f 3445//3 3447//3 2953//3
f 2859//3 3461//3 3463//3
f 3311//3 3313//3 3421//3
f 3313//3 3315//3 3421//3
f 3421//3 3315//3 3317//3
f 3407//3 3409//3 3419//3
f 3409//3 2859//3 3419//3
f 3419//3 2859//3 3465//3
f 2859//3 3463//3 3465//3
f 3375//3 3359//3 3373//3
f 3359//3 3361//3 3373//3
f 3373//3 3361//3 3371//3
f 3365//3 3367//3 2859//3
f 3367//3 3369//3 2859//3
f 2859//3 3369//3 2839//3
f 3335//3 3337//3 3240//3
f 3405//3 3407//3 3275//3
f 3407//3 3419//3 3275//3
f 3275//3 3419//3 3321//3
f 3419//3 3421//3 3321//3
f 3321//3 3421//3 3319//3
f 3421//3 3317//3 3319//3
f 3351//3 3353//3 3381//3
f 3145//3 2960//3 3075//3
f 2960//3 2954//3 3075//3
f 3075//3 2954//3 3073//3
f 2954//3 2953//3 3073//3
f 3073//3 2953//3 3453//3
f 3453//3 3455//3 3073//3
f 3455//3 3457//3 3073//3
f 3073//3 3457//3 2859//3
f 3457//3 3459//3 2859//3
f 2859//3 3459//3 3461//3
f 3337//3 3339//3 3240//3
f 3339//3 3341//3 3240//3
f 3240//3 3341//3 3343//3
f 3399//3 3401//3 3275//3
f 3401//3 3403//3 3275//3
f 3275//3 3403//3 3405//3
f 3299//3 2953//3 3297//3
f 2953//3 3347//3 3297//3
f 3297//3 3347//3 3295//3
f 3447//3 3449//3 2953//3
f 3449//3 3451//3 2953//3
f 2953//3 3451//3 3453//3
f 3415//3 3417//3 2859//3
f 3417//3 3371//3 2859//3
f 2859//3 3371//3 3363//3
f 3371//3 3361//3 3363//3
f 3351//3 3381//3 3349//3
f 3381//3 3383//3 3349//3
f 3349//3 3383//3 3385//3
f 3395//3 3347//3 3393//3
f 3347//3 3349//3 3393//3
f 3393//3 3349//3 3391//3
f 3399//3 3275//3 3397//3
f 3275//3 3277//3 3397//3
f 3397//3 3277//3 3395//3
f 3277//3 3279//3 3395//3
f 3395//3 3279//3 3347//3
f 3279//3 3281//3 3347//3
f 3347//3 3281//3 3283//3
f 3283//3 3285//3 3347//3
f 3285//3 3287//3 3347//3
f 3347//3 3287//3 3289//3
f 3303//3 3435//3 3437//3
f 3369//3 3323//3 2839//3
f 3323//3 3325//3 2839//3
f 2839//3 3325//3 3327//3
f 3264//3 3180//3 3242//3
f 3180//3 3179//3 3242//3
f 3242//3 3179//3 3240//3
f 3179//3 3213//3 3240//3
f 3240//3 3213//3 3335//3
f 3385//3 3387//3 3349//3
f 3387//3 3389//3 3349//3
f 3349//3 3389//3 3391//3
f 3353//3 3355//3 3381//3
f 3355//3 3357//3 3381//3
f 3381//3 3357//3 3379//3
f 3357//3 3359//3 3379//3
f 3379//3 3359//3 3377//3
f 3359//3 3375//3 3377//3
f 3289//3 3291//3 3347//3
f 3291//3 3293//3 3347//3
f 3347//3 3293//3 3295//3
f 3421//3 3423//3 3311//3
f 3423//3 3425//3 3311//3
f 3311//3 3425//3 3427//3
f 3327//3 3329//3 2839//3
f 3329//3 3331//3 2839//3
f 2839//3 3331//3 3213//3
f 3331//3 3333//3 3213//3
f 3213//3 3333//3 3335//3
f 3437//3 3439//3 3303//3
f 3439//3 3441//3 3303//3
f 3303//3 3441//3 2953//3
f 3441//3 3443//3 2953//3
f 2953//3 3443//3 3445//3
f 3427//3 3429//3 3311//3
f 3429//3 3431//3 3311//3
f 3311//3 3431//3 3309//3
f 3431//3 3433//3 3309//3
f 3309//3 3433//3 3307//3
f 3433//3 3435//3 3307//3
f 3307//3 3435//3 3305//3
f 3435//3 3303//3 3305//3
f 2964//58 2966//58 3164//58
f 2827//58 2931//58 2828//58
f 2931//58 2930//58 2828//58
f 2828//58 2930//58 3105//58
f 2930//58 2964//58 3105//58
f 3105//58 2964//58 3104//58
f 2964//58 3164//58 3104//58
f 3467//59 3468//59 3469//59
f 3468//59 3470//59 3469//59
f 3469//59 3470//59 3471//59
f 3470//59 3472//59 3471//59
f 3471//59 3472//59 3473//59
f 3473//59 3474//59 3471//59
f 3474//59 3475//59 3471//59
f 3471//59 3475//59 3476//59
f 3475//59 3477//59 3476//59
f 3478//59 3479//59 3480//59
f 3477//59 3481//59 3476//59
f 3481//59 3482//59 3476//59
f 3476//59 3482//59 3478//59
f 3482//59 3483//59 3478//59
f 3478//59 3483//59 3479//59
f 3484//59 3485//59 3486//59
f 3485//59 3487//59 3486//59
f 3486//59 3487//59 3488//59
f 3487//59 3489//59 3488//59
f 3488//59 3489//59 3490//59
f 3490//59 3491//59 3488//59
f 3491//59 3492//59 3488//59
f 3488//59 3492//59 3469//59
f 3492//59 3493//59 3469//59
f 3469//59 3493//59 3467//59
f 3480//59 3494//59 3478//59
f 3494//59 3495//59 3478//59
f 3478//59 3495//59 3486//59
f 3495//59 3496//59 3486//59
f 3486//59 3496//59 3484//59
f 3497//59 3498//59 3499//59
f 3500//59 3501//59 3502//59
f 3498//59 3503//59 3499//59
f 3503//59 3504//59 3499//59
f 3499//59 3504//59 3505//59
f 3504//59 3506//59 3505//59
f 3505//59 3506//59 3507//59
f 3501//59 3500//59 3508//59
f 3500//59 3509//59 3508//59
f 3508//59 3509//59 3510//59
f 3507//59 3511//59 3505//59
f 3511//59 3512//59 3505//59
f 3505//59 3512//59 3513//59
f 3512//59 3514//59 3513//59
f 3515//59 3516//59 3517//59
f 3502//59 3518//59 3500//59
f 3518//59 3519//59 3500//59
f 3500//59 3519//59 3499//59
f 3519//59 3520//59 3499//59
f 3499//59 3520//59 3497//59
f 3514//59 3521//59 3513//59
f 3521//59 3522//59 3513//59
f 3513//59 3522//59 3517//59
f 3522//59 3523//59 3517//59
f 3517//59 3523//59 3515//59
f 3516//59 3524//59 3517//59
f 3524//59 3525//59 3517//59
f 3517//59 3525//59 3509//59
f 3525//59 3526//59 3509//59
f 3509//59 3526//59 3510//59
f 3527//72 3528//72 3529//72
f 3528//72 3530//72 3529//72
f 3531//72 3532//72 3533//72
f 3532//72 3528//72 3533//72
f 3533//72 3528//72 3534//72
f 3528//72 3527//72 3534//72
f 3535//72 3536//72 3537//72
f 3530//72 3528//72 3538//72
f 3528//72 3539//72 3538//72
f 3538//72 3539//72 3540//72
f 3531//72 3541//72 3532//72
f 3541//72 3542//72 3532//72
f 3532//72 3542//72 3543//72
f 3542//72 3544//72 3543//72
f 3543//72 3544//72 3545//72
f 3545//72 3546//72 3543//72
f 3546//72 3547//72 3543//72
f 3543//72 3547//72 3548//72
f 3547//72 3549//72 3548//72
f 3548//72 3549//72 3550//72
f 3550//72 3551//72 3548//72
f 3551//72 3552//72 3548//72
f 3548//72 3552//72 3537//72
f 3552//72 3553//72 3537//72
f 3537//72 3553//72 3535//72
f 3536//72 3554//72 3537//72
f 3554//72 3555//72 3537//72
f 3537//72 3555//72 3539//72
f 3555//72 3556//72 3539//72
f 3539//72 3556//72 3540//72
f 3557//72 3558//72 3559//72
f 3560//72 3561//72 3562//72
f 3561//72 3563//72 3562//72
f 3562//72 3563//72 3559//72
f 3563//72 3564//72 3559//72
f 3559//72 3564//72 3557//72
f 3558//72 3565//72 3559//72
f 3565//72 3566//72 3559//72
f 3559//72 3566//72 3567//72
f 3566//72 3568//72 3567//72
f 3568//72 3569//72 3567//72
f 3569//72 3570//72 3567//72
f 3567//72 3570//72 3571//72
f 3570//72 3572//72 3571//72
f 3571//72 3572//72 3573//72
f 3573//72 3574//72 3571//72
f 3574//72 3575//72 3571//72
f 3571//72 3575//72 3576//72
f 3575//72 3577//72 3576//72
f 3576//72 3577//72 3578//72
f 3578//72 3579//72 3576//72
f 3579//72 3580//72 3576//72
f 3576//72 3580//72 3581//72
f 3580//72 3582//72 3581//72
f 3581//72 3582//72 3583//72
f 3583//72 3584//72 3581//72
f 3584//72 3585//72 3581//72
f 3581//72 3585//72 3562//72
f 3585//72 3586//72 3562//72
f 3562//72 3586//72 3560//72
f 3567//1 3256//1 3559//1
f 3256//1 3255//1 3559//1
f 3559//1304 3255//1304 3562//1304
f 3255//1304 3254//1304 3562//1304
f 3562//1305 3254//1305 3581//1305
f 3254//1305 3259//1305 3581//1305
f 3581//2 3259//2 3576//2
f 3259//2 3258//2 3576//2
f 3576//1306 3258//1306 3571//1306
f 3258//1306 3257//1306 3571//1306
f 3571//1307 3257//1307 3567//1307
f 3257//1307 3256//1307 3567//1307
f 3528//2 3271//2 3539//2
f 3271//2 3269//2 3539//2
f 3539//1306 3269//1306 3537//1306
f 3269//1306 3268//1306 3537//1306
f 3537//1307 3268//1307 3548//1307
f 3268//1307 3274//1307 3548//1307
f 3548//1 3274//1 3543//1
f 3274//1 3273//1 3543//1
f 3543//1304 3273//1304 3532//1304
f 3273//1304 3272//1304 3532//1304
f 3532//1305 3272//1305 3528//1305
f 3272//1305 3271//1305 3528//1305
f 3478//1305 3486//1305 2971//1305
f 3486//1305 2972//1305 2971//1305
f 3476//1304 3478//1304 2970//1304
f 3478//1304 2971//1304 2970//1304
f 3471//1 3476//1 2969//1
f 3476//1 2970//1 2969//1
f 3469//1307 3471//1307 2939//1307
f 3471//1307 2969//1307 2939//1307
f 3488//1306 3469//1306 2973//1306
f 3469//1306 2939//1306 2973//1306
f 3486//2 3488//2 2972//2
f 3488//2 2973//2 2972//2
f 3499//1307 3505//1307 2941//1307
f 3505//1307 2962//1307 2941//1307
f 3500//1306 3499//1306 2968//1306
f 3499//1306 2941//1306 2968//1306
f 3509//2 3500//2 2967//2
f 3500//2 2968//2 2967//2
f 3517//1305 3509//1305 2965//1305
f 3509//1305 2967//1305 2965//1305
f 3513//1304 3517//1304 2963//1304
f 3517//1304 2965//1304 2963//1304
f 3505//1 3513//1 2962//1
f 3513//1 2963//1 2962//1
f 3467//1308 3125//1308 3468//1308
f 3125//1308 3124//1308 3468//1308
f 3468//1309 3124//1309 3470//1309
f 3124//1309 3123//1309 3470//1309
f 3470//1310 3123//1310 3472//1310
f 3123//1310 3122//1310 3472//1310
f 3472//1311 3122//1311 3473//1311
f 3122//1311 3121//1311 3473//1311
f 3473//1312 3121//1312 3474//1312
f 3121//1312 3120//1312 3474//1312
f 3474//1313 3120//1313 3475//1313
f 3120//1313 3119//1313 3475//1313
f 3475//1314 3119//1314 3477//1314
f 3119//1314 3118//1314 3477//1314
f 3477//1315 3118//1315 3481//1315
f 3118//1315 3113//1315 3481//1315
f 3481//1316 3113//1316 3482//1316
f 3113//1316 3112//1316 3482//1316
f 3482//1317 3112//1317 3483//1317
f 3112//1317 3111//1317 3483//1317
f 3483//1318 3111//1318 3479//1318
f 3111//1318 3107//1318 3479//1318
f 3479//1319 3107//1319 3480//1319
f 3107//1319 3106//1319 3480//1319
f 3480//1320 3106//1320 3494//1320
f 3106//1320 3117//1320 3494//1320
f 3494//1321 3117//1321 3495//1321
f 3117//1321 3116//1321 3495//1321
f 3495//1322 3116//1322 3496//1322
f 3116//1322 3115//1322 3496//1322
f 3496//1323 3115//1323 3484//1323
f 3115//1323 3103//1323 3484//1323
f 3484//1324 3103//1324 3485//1324
f 3103//1324 3102//1324 3485//1324
f 3485//1325 3102//1325 3487//1325
f 3102//1325 3114//1325 3487//1325
f 3487//1326 3114//1326 3489//1326
f 3114//1326 3110//1326 3489//1326
f 3489//1327 3110//1327 3490//1327
f 3110//1327 3109//1327 3490//1327
f 3490//1328 3109//1328 3491//1328
f 3109//1328 3108//1328 3491//1328
f 3491//1329 3108//1329 3492//1329
f 3108//1329 3127//1329 3492//1329
f 3492//1330 3127//1330 3493//1330
f 3127//1330 3126//1330 3493//1330
f 3493//1331 3126//1331 3467//1331
f 3126//1331 3125//1331 3467//1331
f 3498//1332 3168//1332 3503//1332
f 3168//1332 3169//1332 3503//1332
f 3503//1309 3169//1309 3504//1309
f 3169//1309 3163//1309 3504//1309
f 3504//1310 3163//1310 3506//1310
f 3163//1310 3162//1310 3506//1310
f 3506//1333 3162//1333 3507//1333
f 3162//1333 3161//1333 3507//1333
f 3507//1334 3161//1334 3511//1334
f 3161//1334 3160//1334 3511//1334
f 3511//1313 3160//1313 3512//1313
f 3160//1313 3159//1313 3512//1313
f 3512//1314 3159//1314 3514//1314
f 3159//1314 3158//1314 3514//1314
f 3514//1335 3158//1335 3521//1335
f 3158//1335 3157//1335 3521//1335
f 3521//1336 3157//1336 3522//1336
f 3157//1336 3156//1336 3522//1336
f 3522//1317 3156//1317 3523//1317
f 3156//1317 3155//1317 3523//1317
f 3523//1318 3155//1318 3515//1318
f 3155//1318 3154//1318 3515//1318
f 3515//1337 3154//1337 3516//1337
f 3154//1337 3178//1337 3516//1337
f 3516//1338 3178//1338 3524//1338
f 3178//1338 3177//1338 3524//1338
f 3524//1321 3177//1321 3525//1321
f 3177//1321 3176//1321 3525//1321
f 3525//1322 3176//1322 3526//1322
f 3176//1322 3166//1322 3526//1322
f 3526//1323 3166//1323 3510//1323
f 3166//1323 3165//1323 3510//1323
f 3510//1324 3165//1324 3508//1324
f 3165//1324 3175//1324 3508//1324
f 3508//1325 3175//1325 3501//1325
f 3175//1325 3174//1325 3501//1325
f 3501//1326 3174//1326 3502//1326
f 3174//1326 3173//1326 3502//1326
f 3502//1327 3173//1327 3518//1327
f 3173//1327 3172//1327 3518//1327
f 3518//1328 3172//1328 3519//1328
f 3172//1328 3171//1328 3519//1328
f 3519//1329 3171//1329 3520//1329
f 3171//1329 3170//1329 3520//1329
f 3520//1330 3170//1330 3497//1330
f 3170//1330 3167//1330 3497//1330
f 3497//1339 3167//1339 3498//1339
f 3167//1339 3168//1339 3498//1339
f 3183//1332 3536//1332 3184//1332
f 3536//1332 3535//1332 3184//1332
f 3184//1309 3535//1309 3185//1309
f 3535//1309 3553//1309 3185//1309
f 3185//1310 3553//1310 3186//1310
f 3553//1310 3552//1310 3186//1310
f 3186//1333 3552//1333 3187//1333
f 3552//1333 3551//1333 3187//1333
f 3187//1334 3551//1334 3193//1334
f 3551//1334 3550//1334 3193//1334
f 3193//1313 3550//1313 3192//1313
f 3550//1313 3549//1313 3192//1313
f 3192//1314 3549//1314 3190//1314
f 3549//1314 3547//1314 3190//1314
f 3190//1335 3547//1335 3194//1335
f 3547//1335 3546//1335 3194//1335
f 3194//1336 3546//1336 3195//1336
f 3546//1336 3545//1336 3195//1336
f 3195//1317 3545//1317 3196//1317
f 3545//1317 3544//1317 3196//1317
f 3196//1318 3544//1318 3201//1318
f 3544//1318 3542//1318 3201//1318
f 3201//1337 3542//1337 3202//1337
f 3542//1337 3541//1337 3202//1337
f 3202//1338 3541//1338 3203//1338
f 3541//1338 3531//1338 3203//1338
f 3203//1321 3531//1321 3198//1321
f 3531//1321 3533//1321 3198//1321
f 3198//1322 3533//1322 3199//1322
f 3533//1322 3534//1322 3199//1322
f 3199//1323 3534//1323 3204//1323
f 3534//1323 3527//1323 3204//1323
f 3204//1324 3527//1324 3205//1324
f 3527//1324 3529//1324 3205//1324
f 3205//1325 3529//1325 3206//1325
f 3529//1325 3530//1325 3206//1325
f 3206//1326 3530//1326 3188//1326
f 3530//1326 3538//1326 3188//1326
f 3188//1327 3538//1327 3189//1327
f 3538//1327 3540//1327 3189//1327
f 3189//1328 3540//1328 3207//1328
f 3540//1328 3556//1328 3207//1328
f 3207//1329 3556//1329 3208//1329
f 3556//1329 3555//1329 3208//1329
f 3208//1330 3555//1330 3200//1330
f 3555//1330 3554//1330 3200//1330
f 3200//1339 3554//1339 3183//1339
f 3554//1339 3536//1339 3183//1339
f 3215//1308 3574//1308 3216//1308
f 3574//1308 3573//1308 3216//1308
f 3216//1309 3573//1309 3217//1309
f 3573//1309 3572//1309 3217//1309
f 3217//1310 3572//1310 3218//1310
f 3572//1310 3570//1310 3218//1310
f 3218//1311 3570//1311 3219//1311
f 3570//1311 3569//1311 3219//1311
f 3219//1312 3569//1312 3222//1312
f 3569//1312 3568//1312 3222//1312
f 3222//1313 3568//1313 3223//1313
f 3568//1313 3566//1313 3223//1313
f 3223//1314 3566//1314 3225//1314
f 3566//1314 3565//1314 3225//1314
f 3225//1315 3565//1315 3226//1315
f 3565//1315 3558//1315 3226//1315
f 3226//1316 3558//1316 3227//1316
f 3558//1316 3557//1316 3227//1316
f 3227//1317 3557//1317 3228//1317
f 3557//1317 3564//1317 3228//1317
f 3228//1318 3564//1318 3229//1318
f 3564//1318 3563//1318 3229//1318
f 3229//1319 3563//1319 3231//1319
f 3563//1319 3561//1319 3231//1319
f 3231//1320 3561//1320 3232//1320
f 3561//1320 3560//1320 3232//1320
f 3232//1321 3560//1321 3233//1321
f 3560//1321 3586//1321 3233//1321
f 3233//1322 3586//1322 3234//1322
f 3586//1322 3585//1322 3234//1322
f 3234//1323 3585//1323 3235//1323
f 3585//1323 3584//1323 3235//1323
f 3235//1324 3584//1324 3236//1324
f 3584//1324 3583//1324 3236//1324
f 3236//1325 3583//1325 3237//1325
f 3583//1325 3582//1325 3237//1325
f 3237//1326 3582//1326 3220//1326
f 3582//1326 3580//1326 3220//1326
f 3220//1327 3580//1327 3221//1327
f 3580//1327 3579//1327 3221//1327
f 3221//1328 3579//1328 3238//1328
f 3579//1328 3578//1328 3238//1328
f 3238//1329 3578//1329 3239//1329
f 3578//1329 3577//1329 3239//1329
f 3239//1330 3577//1330 3230//1330
f 3577//1330 3575//1330 3230//1330
f 3230//1331 3575//1331 3215//1331
f 3575//1331 3574//1331 3215//1331
f 2934//58 2936//58 2835//58
f 3197//58 3270//58 3191//58
f 3270//58 3253//58 3191//58
f 3191//58 3253//58 3224//58
f 3253//58 2934//58 3224//58
f 3224//58 2934//58 2834//58
f 2934//58 2835//58 2834//58
f 2960//1 3145//1 2942//1
f 3145//1 3128//1 2942//1
f 2942//1 3128//1 2966//1
f 3128//1 3164//1 2966//1
f 3180//1 3264//1 3181//1
f 3264//1 3267//1 3181//1
f 3181//1 3267//1 3197//1
f 3267//1 3270//1 3197//1
f 2910//1 2901//1 2953//1
f 2901//1 3240//1 2953//1
f 3073//1340 2859//1340 3071//1340
f 2859//1340 2828//1340 3071//1340
f 3071//1340 2828//1340 3105//1340
f 2839//1341 3213//1341 2834//1341
f 3213//1341 3214//1341 2834//1341
f 2834//1341 3214//1341 3224//1341
f 2836//58 2937//58 2829//58
f 2937//58 2933//58 2829//58
f 2836//72 2835//72 2937//72
f 2835//72 2936//72 2937//72
f 2829//59 2933//59 2827//59
f 2933//59 2931//59 2827//59
f 3587//72 3588//72 2913//72
f 3588//72 2916//72 2913//72
f 3589//1342 3587//1342 2915//1342
f 3587//1342 2913//1342 2915//1342
f 3590//1343 3589//1343 2921//1343
f 3589//1343 2915//1343 2921//1343
f 3591//59 3590//59 2909//59
f 3590//59 2921//59 2909//59
f 3592//1344 3591//1344 2907//1344
f 3591//1344 2909//1344 2907//1344
f 3588//1345 3592//1345 2916//1345
f 3592//1345 2907//1345 2916//1345
f 3444//58 3442//58 3589//58
f 3588//58 3430//58 3428//58
f 3422//58 3592//58 3424//58
f 3592//58 3588//58 3424//58
f 3424//58 3588//58 3426//58
f 3588//58 3428//58 3426//58
f 3589//58 3442//58 3587//58
f 3442//58 3440//58 3587//58
f 3587//58 3440//58 3438//58
f 3438//58 3436//58 3587//58
f 3436//58 3434//58 3587//58
f 3587//58 3434//58 3588//58
f 3434//58 3432//58 3588//58
f 3588//58 3432//58 3430//58
f 3422//58 3420//58 3592//58
f 3420//58 3466//58 3592//58
f 3592//58 3466//58 3591//58
f 3466//58 3464//58 3591//58
f 3591//58 3464//58 3462//58
f 3590//58 3448//58 3589//58
f 3448//58 3446//58 3589//58
f 3589//58 3446//58 3444//58
f 3454//58 3452//58 3590//58
f 3452//58 3450//58 3590//58
f 3590//58 3450//58 3448//58
f 3462//58 3460//58 3591//58
f 3460//58 3458//58 3591//58
f 3591//58 3458//58 3590//58
f 3458//58 3456//58 3590//58
f 3590//58 3456//58 3454//58
f 3593//2 3594//2 3265//2
f 3594//2 3266//2 3265//2
f 3595//1306 3593//1306 3263//1306
f 3593//1306 3265//1306 3263//1306
f 3017//72 3015//72 3593//72
f 2985//72 2983//72 3596//72
f 3015//72 3013//72 3593//72
f 3013//72 3011//72 3593//72
f 3593//72 3011//72 3594//72
f 3011//72 3009//72 3594//72
f 3594//72 3009//72 3007//72
f 3007//72 3005//72 3594//72
f 3005//72 3003//72 3594//72
f 3594//72 3003//72 3597//72
f 3003//72 3001//72 3597//72
f 3001//72 2999//72 3597//72
f 2999//72 2997//72 3597//72
f 3597//72 2997//72 3598//72
f 2997//72 2995//72 3598//72
f 3598//72 2995//72 2993//72
f 2993//72 2991//72 3598//72
f 2991//72 2989//72 3598//72
f 3598//72 2989//72 3596//72
f 2989//72 2987//72 3596//72
f 3596//72 2987//72 2985//72
f 2983//72 2981//72 3596//72
f 2981//72 2979//72 3596//72
f 3596//72 2979//72 3595//72
f 2979//72 2977//72 3595//72
f 2977//72 2975//72 3595//72
f 2975//72 3021//72 3595//72
f 3595//72 3021//72 3593//72
f 3021//72 3019//72 3593//72
f 3593//72 3019//72 3017//72
f 3599//1346 3600//1346 2950//1346
f 3600//1346 2951//1346 2950//1346
f 3600//2 3601//2 2951//2
f 3601//2 2946//2 2951//2
f 3601//1347 3602//1347 2946//1347
f 3602//1347 2947//1347 2946//1347
f 3602//1348 3603//1348 2947//1348
f 3603//1348 2948//1348 2947//1348
f 3603//1 3604//1 2948//1
f 3604//1 2949//1 2948//1
f 3604//1349 3599//1349 2949//1349
f 3599//1349 2950//1349 2949//1349
f 3605//59 3606//59 3601//59
f 3607//59 3608//59 3603//59
f 3606//59 3609//59 3601//59
f 3609//59 3610//59 3601//59
f 3601//59 3610//59 3602//59
f 3610//59 3611//59 3602//59
f 3611//59 3612//59 3602//59
f 3612//59 3613//59 3602//59
f 3602//59 3613//59 3603//59
f 3613//59 3614//59 3603//59
f 3603//59 3614//59 3607//59
f 3615//59 3616//59 3600//59
f 3616//59 3617//59 3600//59
f 3600//59 3617//59 3601//59
f 3617//59 3618//59 3601//59
f 3601//59 3618//59 3605//59
f 3608//59 3619//59 3603//59
f 3619//59 3620//59 3603//59
f 3603//59 3620//59 3604//59
f 3620//59 3621//59 3604//59
f 3604//59 3621//59 3622//59
f 3622//59 3623//59 3604//59
f 3623//59 3624//59 3604//59
f 3604//59 3624//59 3599//59
f 3624//59 3625//59 3599//59
f 3625//59 3626//59 3599//59
f 3626//59 3627//59 3599//59
f 3599//59 3627//59 3600//59
f 3627//59 3628//59 3600//59
f 3600//59 3628//59 3615//59
f 3629//1307 3630//1307 2955//1307
f 3630//1307 2956//1307 2955//1307
f 3630//1 3631//1 2956//1
f 3631//1 2957//1 2956//1
f 3631//1350 3632//1350 2957//1350
f 3632//1350 2958//1350 2957//1350
f 3632//1351 3633//1351 2958//1351
f 3633//1351 2959//1351 2958//1351
f 3633//2 3634//2 2959//2
f 3634//2 2961//2 2959//2
f 3634//1306 3629//1306 2961//1306
f 3629//1306 2955//1306 2961//1306
f 3635//59 3630//59 3636//59
f 3630//59 3637//59 3636//59
f 3637//59 3630//59 3638//59
f 3630//59 3629//59 3638//59
f 3638//59 3629//59 3639//59
f 3640//59 3641//59 3634//59
f 3635//59 3642//59 3630//59
f 3642//59 3643//59 3630//59
f 3630//59 3643//59 3631//59
f 3643//59 3644//59 3631//59
f 3631//59 3644//59 3645//59
f 3646//59 3647//59 3633//59
f 3647//59 3648//59 3633//59
f 3633//59 3648//59 3634//59
f 3648//59 3649//59 3634//59
f 3634//59 3649//59 3640//59
f 3641//59 3650//59 3634//59
f 3650//59 3651//59 3634//59
f 3634//59 3651//59 3629//59
f 3651//59 3652//59 3629//59
f 3629//59 3652//59 3639//59
f 3645//59 3653//59 3631//59
f 3653//59 3654//59 3631//59
f 3631//59 3654//59 3632//59
f 3654//59 3655//59 3632//59
f 3655//59 3656//59 3632//59
f 3656//59 3657//59 3632//59
f 3632//59 3657//59 3633//59
f 3657//59 3658//59 3633//59
f 3633//59 3658//59 3646//59
f 2890//58 2885//58 2938//58
f 2885//58 2929//58 2938//58
f 2895//59 2890//59 2905//59
f 2890//59 2938//59 2905//59
f 2885//72 2887//72 2929//72
f 2887//72 2906//72 2929//72
f 3659//1352 2897//1352 3660//1352
f 2897//1352 2896//1352 3660//1352
f 3660//58 2896//58 3661//58
f 2896//58 2894//58 3661//58
f 3661//1353 2894//1353 3662//1353
f 2894//1353 2893//1353 3662//1353
f 3661//1 3663//1 3664//1
f 3662//1 3665//1 3666//1
f 3665//1 3662//1 3667//1
f 3662//1 3668//1 3667//1
f 3667//1 3668//1 3669//1
f 3664//1 3670//1 3661//1
f 3670//1 3671//1 3661//1
f 3661//1 3671//1 3660//1
f 3671//1 3672//1 3660//1
f 3660//1 3672//1 3673//1
f 3673//1 3674//1 3660//1
f 3674//1 3675//1 3660//1
f 3660//1 3675//1 3659//1
f 3675//1 3676//1 3659//1
f 3659//1 3676//1 3677//1
f 3678//1 3679//1 3680//1
f 3679//1 3681//1 3680//1
f 3680//1 3681//1 3668//1
f 3681//1 3682//1 3668//1
f 3668//1 3682//1 3669//1
f 3666//1 3683//1 3662//1
f 3683//1 3684//1 3662//1
f 3662//1 3684//1 3661//1
f 3684//1 3685//1 3661//1
f 3661//1 3685//1 3663//1
f 3677//1 3686//1 3659//1
f 3686//1 3687//1 3659//1
f 3659//1 3687//1 3680//1
f 3687//1 3688//1 3680//1
f 3680//1 3688//1 3678//1
f 2881//1354 3689//1354 2882//1354
f 3689//1354 3690//1354 2882//1354
f 2882//1355 3690//1355 2867//1355
f 3690//1355 3691//1355 2867//1355
f 2867//1356 3691//1356 2869//1356
f 3691//1356 3692//1356 2869//1356
f 2869//1357 3692//1357 2870//1357
f 3692//1357 3693//1357 2870//1357
f 2870//1358 3693//1358 2871//1358
f 3693//1358 3694//1358 2871//1358
f 2871//1359 3694//1359 2872//1359
f 3694//1359 3695//1359 2872//1359
f 2872//1360 3695//1360 2873//1360
f 3695//1360 3696//1360 2873//1360
f 2873//1361 3696//1361 2857//1361
f 3696//1361 3697//1361 2857//1361
f 2857//1362 3697//1362 2858//1362
f 3697//1362 3698//1362 2858//1362
f 2858//1363 3698//1363 2860//1363
f 3698//1363 3699//1363 2860//1363
f 2860//1364 3699//1364 2861//1364
f 3699//1364 3700//1364 2861//1364
f 2861//1365 3700//1365 2862//1365
f 3700//1365 3701//1365 2862//1365
f 2862//1366 3701//1366 2863//1366
f 3701//1366 3702//1366 2863//1366
f 2863//1367 3702//1367 2864//1367
f 3702//1367 3703//1367 2864//1367
f 2864//1368 3703//1368 2831//1368
f 3703//1368 3704//1368 2831//1368
f 2831//1369 3704//1369 2832//1369
f 3704//1369 3705//1369 2832//1369
f 2832//1370 3705//1370 2833//1370
f 3705//1370 3706//1370 2833//1370
f 2833//1371 3706//1371 2830//1371
f 3706//1371 3707//1371 2830//1371
f 2830//1372 3707//1372 2875//1372
f 3707//1372 3708//1372 2875//1372
f 2875//1373 3708//1373 2876//1373
f 3708//1373 3709//1373 2876//1373
f 2876//1374 3709//1374 2877//1374
f 3709//1374 3710//1374 2877//1374
f 2877//1375 3710//1375 2846//1375
f 3710//1375 3711//1375 2846//1375
f 2846//1376 3711//1376 2879//1376
f 3711//1376 3712//1376 2879//1376
f 2879//1377 3712//1377 2881//1377
f 3712//1377 3689//1377 2881//1377
f 2837//1354 3677//1354 2838//1354
f 3677//1354 3676//1354 2838//1354
f 2838//1355 3676//1355 2840//1355
f 3676//1355 3675//1355 2840//1355
f 2840//1356 3675//1356 2841//1356
f 3675//1356 3674//1356 2841//1356
f 2841//1378 3674//1378 2852//1378
f 3674//1378 3673//1378 2852//1378
f 2852//1379 3673//1379 2853//1379
f 3673//1379 3672//1379 2853//1379
f 2853//1359 3672//1359 2842//1359
f 3672//1359 3671//1359 2842//1359
f 2842//1360 3671//1360 2843//1360
f 3671//1360 3670//1360 2843//1360
f 2843//1380 3670//1380 2874//1380
f 3670//1380 3664//1380 2874//1380
f 2874//1381 3664//1381 2865//1381
f 3664//1381 3663//1381 2865//1381
f 2865//1363 3663//1363 2866//1363
f 3663//1363 3685//1363 2866//1363
f 2866//1364 3685//1364 2868//1364
f 3685//1364 3684//1364 2868//1364
f 2868//1365 3684//1365 2880//1365
f 3684//1365 3683//1365 2880//1365
f 2880//1366 3683//1366 2878//1366
f 3683//1366 3666//1366 2878//1366
f 2878//1367 3666//1367 2844//1367
f 3666//1367 3665//1367 2844//1367
f 2844//1368 3665//1368 2845//1368
f 3665//1368 3667//1368 2845//1368
f 2845//1382 3667//1382 2847//1382
f 3667//1382 3669//1382 2847//1382
f 2847//1383 3669//1383 2848//1383
f 3669//1383 3682//1383 2848//1383
f 2848//1371 3682//1371 2849//1371
f 3682//1371 3681//1371 2849//1371
f 2849//1372 3681//1372 2850//1372
f 3681//1372 3679//1372 2850//1372
f 2850//1384 3679//1384 2851//1384
f 3679//1384 3678//1384 2851//1384
f 2851//1385 3678//1385 2854//1385
f 3678//1385 3688//1385 2854//1385
f 2854//1375 3688//1375 2855//1375
f 3688//1375 3687//1375 2855//1375
f 2855//1376 3687//1376 2856//1376
f 3687//1376 3686//1376 2856//1376
f 2856//1377 3686//1377 2837//1377
f 3686//1377 3677//1377 2837//1377
f 3680//1386 2898//1386 3659//1386
f 2898//1386 2897//1386 3659//1386
f 3668//3 2891//3 3680//3
f 2891//3 2898//3 3680//3
f 3662//1387 2893//1387 3668//1387
f 2893//1387 2891//1387 3668//1387
f 3713//1 3709//1 3708//1
f 3714//1 3695//1 3715//1
f 3695//1 3694//1 3715//1
f 3715//1 3694//1 3693//1
f 3713//1 3708//1 3716//1
f 3708//1 3707//1 3716//1
f 3716//1 3707//1 3706//1
f 3693//1 3692//1 3715//1
f 3692//1 3691//1 3715//1
f 3715//1 3691//1 3717//1
f 3691//1 3690//1 3717//1
f 3717//1 3690//1 3689//1
f 3689//1 3712//1 3717//1
f 3712//1 3711//1 3717//1
f 3717//1 3711//1 3713//1
f 3711//1 3710//1 3713//1
f 3713//1 3710//1 3709//1
f 3698//1 3697//1 3714//1
f 3697//1 3696//1 3714//1
f 3714//1 3696//1 3695//1
f 3706//1 3705//1 3716//1
f 3705//1 3704//1 3716//1
f 3716//1 3704//1 3718//1
f 3704//1 3703//1 3718//1
f 3718//1 3703//1 3702//1
f 3702//1 3701//1 3718//1
f 3701//1 3700//1 3718//1
f 3718//1 3700//1 3714//1
f 3700//1 3699//1 3714//1
f 3714//1 3699//1 3698//1
f 3716//1387 3718//1387 2884//1387
f 3718//1387 2886//1387 2884//1387
f 3718//1353 3714//1353 2886//1353
f 3714//1353 2888//1353 2886//1353
f 3714//58 3715//58 2888//58
f 3715//58 2889//58 2888//58
f 3715//1352 3717//1352 2889//1352
f 3717//1352 2892//1352 2889//1352
f 3717//1386 3713//1386 2892//1386
f 3713//1386 2883//1386 2892//1386
f 3713//3 3716//3 2883//3
f 3716//3 2884//3 2883//3
f 3594//1351 3597//1351 3266//1351
f 3597//1351 3260//1351 3266//1351
f 3597//1350 3598//1350 3260//1350
f 3598//1350 3261//1350 3260//1350
f 3598//1 3596//1 3261//1
f 3596//1 3262//1 3261//1
f 3596//1307 3595//1307 3262//1307
f 3595//1307 3263//1307 3262//1307
f 3033//72 3031//72 3719//72
f 3720//72 3043//72 3041//72
f 3057//72 3055//72 3721//72
f 3043//72 3720//72 3045//72
f 3720//72 3722//72 3045//72
f 3045//72 3722//72 3047//72
f 3041//72 3039//72 3720//72
f 3039//72 3037//72 3720//72
f 3720//72 3037//72 3719//72
f 3037//72 3035//72 3719//72
f 3719//72 3035//72 3033//72
f 3055//72 3053//72 3721//72
f 3053//72 3051//72 3721//72
f 3721//72 3051//72 3722//72
f 3051//72 3049//72 3722//72
f 3722//72 3049//72 3047//72
f 3065//72 3063//72 3723//72
f 3063//72 3061//72 3723//72
f 3723//72 3061//72 3721//72
f 3061//72 3059//72 3721//72
f 3721//72 3059//72 3057//72
f 3031//72 3029//72 3719//72
f 3029//72 3027//72 3719//72
f 3719//72 3027//72 3724//72
f 3027//72 3025//72 3724//72
f 3025//72 3023//72 3724//72
f 3023//72 3069//72 3724//72
f 3724//72 3069//72 3723//72
f 3069//72 3067//72 3723//72
f 3723//72 3067//72 3065//72
f 3722//1349 3720//1349 3243//1349
f 3720//1349 3244//1349 3243//1349
f 3720//1 3719//1 3244//1
f 3719//1 3245//1 3244//1
f 3719//1348 3724//1348 3245//1348
f 3724//1348 3246//1348 3245//1348
f 3724//1347 3723//1347 3246//1347
f 3723//1347 3252//1347 3246//1347
f 3723//2 3721//2 3252//2
f 3721//2 3251//2 3252//2
f 3721//1346 3722//1346 3251//1346
f 3722//1346 3243//1346 3251//1346
f 3612//1221 3100//1221 3613//1221
f 3100//1221 3099//1221 3613//1221
f 3613//1200 3099//1200 3614//1200
f 3099//1200 3090//1200 3614//1200
f 3614//1201 3090//1201 3607//1201
f 3090//1201 3091//1201 3607//1201
f 3607//1222 3091//1222 3608//1222
f 3091//1222 3092//1222 3608//1222
f 3608//1223 3092//1223 3619//1223
f 3092//1223 3098//1223 3619//1223
f 3619//1224 3098//1224 3620//1224
f 3098//1224 3097//1224 3620//1224
f 3620//1205 3097//1205 3621//1205
f 3097//1205 3096//1205 3621//1205
f 3621//1225 3096//1225 3622//1225
f 3096//1225 3089//1225 3622//1225
f 3622//1226 3089//1226 3623//1226
f 3089//1226 3088//1226 3623//1226
f 3623//1208 3088//1208 3624//1208
f 3088//1208 3087//1208 3624//1208
f 3624//1227 3087//1227 3625//1227
f 3087//1227 3086//1227 3625//1227
f 3625//1228 3086//1228 3626//1228
f 3086//1228 3085//1228 3626//1228
f 3626//1229 3085//1229 3627//1229
f 3085//1229 3084//1229 3627//1229
f 3627//1230 3084//1230 3628//1230
f 3084//1230 3083//1230 3628//1230
f 3628//1211 3083//1211 3615//1211
f 3083//1211 3082//1211 3615//1211
f 3615//1231 3082//1231 3616//1231
f 3082//1231 3081//1231 3616//1231
f 3616//1232 3081//1232 3617//1232
f 3081//1232 3080//1232 3617//1232
f 3617//1233 3080//1233 3618//1233
f 3080//1233 3079//1233 3618//1233
f 3618//1234 3079//1234 3605//1234
f 3079//1234 3078//1234 3605//1234
f 3605//1235 3078//1235 3606//1235
f 3078//1235 3095//1235 3606//1235
f 3606//1236 3095//1236 3609//1236
f 3095//1236 3094//1236 3609//1236
f 3609//1218 3094//1218 3610//1218
f 3094//1218 3093//1218 3610//1218
f 3610//1219 3093//1219 3611//1219
f 3093//1219 3101//1219 3611//1219
f 3611//1237 3101//1237 3612//1237
f 3101//1237 3100//1237 3612//1237
f 3639//1199 3152//1199 3638//1199
f 3152//1199 3151//1199 3638//1199
f 3638//1200 3151//1200 3637//1200
f 3151//1200 3143//1200 3637//1200
f 3637//1201 3143//1201 3636//1201
f 3143//1201 3142//1201 3636//1201
f 3636//1202 3142//1202 3635//1202
f 3142//1202 3141//1202 3635//1202
f 3635//1203 3141//1203 3642//1203
f 3141//1203 3140//1203 3642//1203
f 3642//1204 3140//1204 3643//1204
f 3140//1204 3139//1204 3643//1204
f 3643//1205 3139//1205 3644//1205
f 3139//1205 3138//1205 3644//1205
f 3644//1206 3138//1206 3645//1206
f 3138//1206 3137//1206 3645//1206
f 3645//1207 3137//1207 3653//1207
f 3137//1207 3136//1207 3653//1207
f 3653//1208 3136//1208 3654//1208
f 3136//1208 3135//1208 3654//1208
f 3654//437 3135//437 3655//437
f 3135//437 3134//437 3655//437
f 3655//1209 3134//1209 3656//1209
f 3134//1209 3131//1209 3656//1209
f 3656//1210 3131//1210 3657//1210
f 3131//1210 3132//1210 3657//1210
f 3657//439 3132//439 3658//439
f 3132//439 3133//439 3658//439
f 3658//1211 3133//1211 3646//1211
f 3133//1211 3130//1211 3646//1211
f 3646//1212 3130//1212 3647//1212
f 3130//1212 3129//1212 3647//1212
f 3647//1213 3129//1213 3648//1213
f 3129//1213 3150//1213 3648//1213
f 3648//1214 3150//1214 3649//1214
f 3150//1214 3149//1214 3649//1214
f 3649//1215 3149//1215 3640//1215
f 3149//1215 3148//1215 3640//1215
f 3640//1216 3148//1216 3641//1216
f 3148//1216 3144//1216 3641//1216
f 3641//1217 3144//1217 3650//1217
f 3144//1217 3146//1217 3650//1217
f 3650//1218 3146//1218 3651//1218
f 3146//1218 3147//1218 3651//1218
f 3651//1219 3147//1219 3652//1219
f 3147//1219 3153//1219 3652//1219
f 3652//1220 3153//1220 3639//1220
f 3153//1220 3152//1220 3639//1220
f 2943//1 2952//1 3070//1
f 2952//1 3074//1 3070//1
f 2952//58 2945//58 3074//58
f 2945//58 3076//58 3074//58
f 2945//2 2944//2 3076//2
f 2944//2 3077//2 3076//2
f 2943//3 3070//3 2944//3
f 3070//3 3077//3 2944//3
f 3250//3 3248//3 3209//3
f 3248//3 3210//3 3209//3
f 3247//2 3211//2 3248//2
f 3211//2 3210//2 3248//2
f 3241//58 3212//58 3247//58
f 3212//58 3211//58 3247//58
f 3250//1 3209//1 3241//1
f 3209//1 3212//1 3241//1
f 3300//58 3298//58 3725//58
f 3726//58 3286//58 3284//58
f 3278//58 3727//58 3280//58
f 3727//58 3726//58 3280//58
f 3280//58 3726//58 3282//58
f 3726//58 3284//58 3282//58
f 3725//58 3298//58 3728//58
f 3298//58 3296//58 3728//58
f 3728//58 3296//58 3294//58
f 3278//58 3276//58 3727//58
f 3276//58 3322//58 3727//58
f 3727//58 3322//58 3729//58
f 3322//58 3320//58 3729//58
f 3729//58 3320//58 3318//58
f 3294//58 3292//58 3728//58
f 3292//58 3290//58 3728//58
f 3728//58 3290//58 3726//58
f 3290//58 3288//58 3726//58
f 3726//58 3288//58 3286//58
f 3318//58 3316//58 3729//58
f 3316//58 3314//58 3729//58
f 3729//58 3314//58 3730//58
f 3314//58 3312//58 3730//58
f 3312//58 3310//58 3730//58
f 3730//58 3310//58 3308//58
f 3308//58 3306//58 3730//58
f 3306//58 3304//58 3730//58
f 3730//58 3304//58 3725//58
f 3304//58 3302//58 3725//58
f 3725//58 3302//58 3300//58
f 3730//1388 3725//1388 2912//1388
f 3725//1388 2914//1388 2912//1388
f 3725//1389 3728//1389 2914//1389
f 3728//1389 2919//1389 2914//1389
f 3728//72 3726//72 2919//72
f 3726//72 2918//72 2919//72
f 3726//1390 3727//1390 2918//1390
f 3727//1390 2917//1390 2918//1390
f 3727//1391 3729//1391 2917//1391
f 3729//1391 2911//1391 2917//1391
f 3729//59 3730//59 2911//59
f 3730//59 2912//59 2911//59
f 3348//58 3346//58 3731//58
f 3732//58 3336//58 3733//58
f 3336//58 3334//58 3733//58
f 3733//58 3334//58 3332//58
f 3326//58 3734//58 3328//58
f 3734//58 3733//58 3328//58
f 3328//58 3733//58 3330//58
f 3733//58 3332//58 3330//58
f 3731//58 3346//58 3732//58
f 3346//58 3344//58 3732//58
f 3732//58 3344//58 3342//58
f 3342//58 3340//58 3732//58
f 3340//58 3338//58 3732//58
f 3732//58 3338//58 3336//58
f 3326//58 3324//58 3734//58
f 3324//58 3370//58 3734//58
f 3734//58 3370//58 3735//58
f 3356//58 3354//58 3736//58
f 3354//58 3352//58 3736//58
f 3736//58 3352//58 3731//58
f 3352//58 3350//58 3731//58
f 3731//58 3350//58 3348//58
f 3370//58 3368//58 3735//58
f 3368//58 3366//58 3735//58
f 3735//58 3366//58 3364//58
f 3364//58 3362//58 3735//58
f 3362//58 3360//58 3735//58
f 3735//58 3360//58 3736//58
f 3360//58 3358//58 3736//58
f 3736//58 3358//58 3356//58
f 3732//72 3733//72 2900//72
f 3733//72 2903//72 2900//72
f 3733//1345 3734//1345 2903//1345
f 3734//1345 2904//1345 2903//1345
f 3734//1344 3735//1344 2904//1344
f 3735//1344 2924//1344 2904//1344
f 3735//59 3736//59 2924//59
f 3736//59 2922//59 2924//59
f 3736//1343 3731//1343 2922//1343
f 3731//1343 2899//1343 2922//1343
f 3731//1342 3732//1342 2899//1342
f 3732//1342 2900//1342 2899//1342
f 3396//58 3394//58 3737//58
f 3738//58 3382//58 3380//58
f 3374//58 3739//58 3376//58
f 3739//58 3738//58 3376//58
f 3376//58 3738//58 3378//58
f 3738//58 3380//58 3378//58
f 3414//58 3412//58 3740//58
f 3737//58 3394//58 3741//58
f 3394//58 3392//58 3741//58
f 3741//58 3392//58 3390//58
f 3374//58 3372//58 3739//58
f 3372//58 3418//58 3739//58
f 3739//58 3418//58 3740//58
f 3418//58 3416//58 3740//58
f 3740//58 3416//58 3414//58
f 3390//58 3388//58 3741//58
f 3388//58 3386//58 3741//58
f 3741//58 3386//58 3738//58
f 3386//58 3384//58 3738//58
f 3738//58 3384//58 3382//58
f 3412//58 3410//58 3740//58
f 3410//58 3408//58 3740//58
f 3740//58 3408//58 3742//58
f 3408//58 3406//58 3742//58
f 3742//58 3406//58 3404//58
f 3404//58 3402//58 3742//58
f 3402//58 3400//58 3742//58
f 3742//58 3400//58 3737//58
f 3400//58 3398//58 3737//58
f 3737//58 3398//58 3396//58
f 3738//1390 3739//1390 2925//1390
f 3739//1390 2926//1390 2925//1390
f 3739//1391 3740//1391 2926//1391
f 3740//1391 2927//1391 2926//1391
f 3740//59 3742//59 2927//59
f 3742//59 2928//59 2927//59
f 3742//1388 3737//1388 2928//1388
f 3737//1388 2920//1388 2928//1388
f 3737//1389 3741//1389 2920//1389
f 3741//1389 2923//1389 2920//1389
f 3741//72 3738//72 2923//72
f 3738//72 2925//72 2923//72
f 3743//2 3744//2 3745//2
f 3744//2 3746//2 3745//2
f 3745//2 3746//2 3747//2
f 3748//2 3749//2 3750//2
f 3749//2 3751//2 3750//2
f 3750//2 3751//2 3752//2
f 3753//1 3754//1 3755//1
f 3754//1 3756//1 3755//1
f 3755//1 3756//1 3757//1
f 3758//3 3755//3 3759//3
f 3755//3 3750//3 3759//3
f 3759//3 3750//3 3760//3
f 3761//3 3762//3 3752//3
f 3762//3 3763//3 3752//3
f 3758//3 3764//3 3755//3
f 3764//3 3765//3 3755//3
f 3755//3 3765//3 3766//3
f 3753//3 3767//3 3768//3
f 3768//3 3769//3 3753//3
f 3769//3 3770//3 3753//3
f 3753//3 3770//3 3752//3
f 3770//3 3771//3 3752//3
f 3752//3 3771//3 3761//3
f 3766//3 3772//3 3755//3
f 3772//3 3773//3 3755//3
f 3755//3 3773//3 3753//3
f 3773//3 3774//3 3753//3
f 3753//3 3774//3 3767//3
f 3750//3 3775//3 3776//3
f 3763//3 3777//3 3752//3
f 3777//3 3778//3 3752//3
f 3752//3 3778//3 3750//3
f 3778//3 3779//3 3750//3
f 3750//3 3779//3 3775//3
f 3776//3 3780//3 3750//3
f 3780//3 3781//3 3750//3
f 3750//3 3781//3 3760//3
f 3782//6 3783//6 3784//6
f 3748//4 3785//4 3786//4
f 3787//4 3788//4 3757//4
f 3757//9 3756//9 3749//9
f 3756//10 3754//10 3749//10
f 3749//10 3754//10 3751//10
f 3754//11 3753//11 3751//11
f 3751//11 3753//11 3752//11
f 3789//6 3790//6 3747//6
f 3747//5 3746//5 3791//5
f 3746//7 3744//7 3791//7
f 3791//7 3744//7 3792//7
f 3744//8 3743//8 3792//8
f 3792//8 3743//8 3793//8
f 3749//9 3748//9 3757//9
f 3748//4 3786//4 3757//4
f 3757//4 3786//4 3787//4
f 3786//12 3794//12 3787//12
f 3787//12 3794//12 3795//12
f 3794//13 3796//13 3795//13
f 3795//13 3796//13 3797//13
f 3796//14 3798//14 3797//14
f 3797//14 3798//14 3799//14
f 3798//15 3789//15 3799//15
f 3799//15 3789//15 3784//15
f 3789//6 3747//6 3784//6
f 3784//6 3747//6 3782//6
f 3747//5 3791//5 3782//5
f 3790//16 3800//16 3747//16
f 3800//16 3745//16 3747//16
f 3801//17 3785//17 3750//17
f 3785//17 3748//17 3750//17
f 3782//1 3791//1 3802//1
f 3791//1 3792//1 3802//1
f 3802//1 3792//1 3793//1
f 3755//17 3757//17 3803//17
f 3757//17 3788//17 3803//17
f 3782//16 3802//16 3783//16
f 3802//16 3804//16 3783//16
f 3805//1392 3759//1392 3806//1392
f 3759//1392 3760//1392 3806//1392
f 3806//1393 3760//1393 3807//1393
f 3760//1393 3781//1393 3807//1393
f 3807//1394 3781//1394 3808//1394
f 3781//1394 3780//1394 3808//1394
f 3808//1395 3780//1395 3809//1395
f 3780//1395 3776//1395 3809//1395
f 3809//1396 3776//1396 3810//1396
f 3776//1396 3775//1396 3810//1396
f 3810//1397 3775//1397 3811//1397
f 3775//1397 3779//1397 3811//1397
f 3811//1398 3779//1398 3812//1398
f 3779//1398 3778//1398 3812//1398
f 3812//1399 3778//1399 3813//1399
f 3778//1399 3777//1399 3813//1399
f 3813//1400 3777//1400 3814//1400
f 3777//1400 3763//1400 3814//1400
f 3814//1401 3763//1401 3815//1401
f 3763//1401 3762//1401 3815//1401
f 3815//1402 3762//1402 3816//1402
f 3762//1402 3761//1402 3816//1402
f 3816//1403 3761//1403 3817//1403
f 3761//1403 3771//1403 3817//1403
f 3817//1404 3771//1404 3818//1404
f 3771//1404 3770//1404 3818//1404
f 3818//1405 3770//1405 3819//1405
f 3770//1405 3769//1405 3819//1405
f 3819//1406 3769//1406 3820//1406
f 3769//1406 3768//1406 3820//1406
f 3820//1407 3768//1407 3821//1407
f 3768//1407 3767//1407 3821//1407
f 3821//1408 3767//1408 3822//1408
f 3767//1408 3774//1408 3822//1408
f 3822//1409 3774//1409 3823//1409
f 3774//1409 3773//1409 3823//1409
f 3823//1410 3773//1410 3824//1410
f 3773//1410 3772//1410 3824//1410
f 3824//1411 3772//1411 3825//1411
f 3772//1411 3766//1411 3825//1411
f 3825//1412 3766//1412 3826//1412
f 3766//1412 3765//1412 3826//1412
f 3826//1413 3765//1413 3827//1413
f 3765//1413 3764//1413 3827//1413
f 3827//1414 3764//1414 3828//1414
f 3764//1414 3758//1414 3828//1414
f 3828//1415 3758//1415 3805//1415
f 3758//1415 3759//1415 3805//1415
f 3829//1392 3830//1392 3831//1392
f 3830//1392 3832//1392 3831//1392
f 3831//1416 3832//1416 3833//1416
f 3832//1416 3834//1416 3833//1416
f 3833//1417 3834//1417 3835//1417
f 3834//1417 3836//1417 3835//1417
f 3835//1395 3836//1395 3837//1395
f 3836//1395 3838//1395 3837//1395
f 3837//1396 3838//1396 3839//1396
f 3838//1396 3840//1396 3839//1396
f 3839//1418 3840//1418 3841//1418
f 3840//1418 3842//1418 3841//1418
f 3841//1419 3842//1419 3843//1419
f 3842//1419 3844//1419 3843//1419
f 3843//1399 3844//1399 3845//1399
f 3844//1399 3846//1399 3845//1399
f 3845//1400 3846//1400 3847//1400
f 3846//1400 3848//1400 3847//1400
f 3847//1420 3848//1420 3849//1420
f 3848//1420 3850//1420 3849//1420
f 3849//1421 3850//1421 3851//1421
f 3850//1421 3852//1421 3851//1421
f 3851//1403 3852//1403 3853//1403
f 3852//1403 3854//1403 3853//1403
f 3853//1404 3854//1404 3855//1404
f 3854//1404 3856//1404 3855//1404
f 3855//1422 3856//1422 3857//1422
f 3856//1422 3858//1422 3857//1422
f 3857//1423 3858//1423 3859//1423
f 3858//1423 3860//1423 3859//1423
f 3859//1407 3860//1407 3861//1407
f 3860//1407 3862//1407 3861//1407
f 3861//1408 3862//1408 3863//1408
f 3862//1408 3864//1408 3863//1408
f 3863//1424 3864//1424 3865//1424
f 3864//1424 3866//1424 3865//1424
f 3865//1425 3866//1425 3867//1425
f 3866//1425 3868//1425 3867//1425
f 3867//1411 3868//1411 3869//1411
f 3868//1411 3870//1411 3869//1411
f 3869//1412 3870//1412 3871//1412
f 3870//1412 3872//1412 3871//1412
f 3871//1426 3872//1426 3873//1426
f 3872//1426 3874//1426 3873//1426
f 3873//1427 3874//1427 3875//1427
f 3874//1427 3876//1427 3875//1427
f 3875//1415 3876//1415 3829//1415
f 3876//1415 3830//1415 3829//1415
f 3851//58 3853//58 3877//58
f 3857//58 3859//58 3878//58
f 3877//58 3853//58 3878//58
f 3853//58 3855//58 3878//58
f 3878//58 3855//58 3857//58
f 3867//58 3869//58 3879//58
f 3869//58 3871//58 3879//58
f 3879//58 3871//58 3873//58
f 3873//58 3875//58 3879//58
f 3875//58 3829//58 3879//58
f 3879//58 3829//58 3880//58
f 3829//58 3831//58 3880//58
f 3831//58 3833//58 3880//58
f 3833//58 3835//58 3880//58
f 3880//58 3835//58 3837//58
f 3859//58 3861//58 3878//58
f 3861//58 3863//58 3878//58
f 3878//58 3863//58 3879//58
f 3863//58 3865//58 3879//58
f 3879//58 3865//58 3867//58
f 3845//58 3847//58 3877//58
f 3847//58 3849//58 3877//58
f 3877//58 3849//58 3851//58
f 3837//58 3839//58 3880//58
f 3839//58 3841//58 3880//58
f 3880//58 3841//58 3877//58
f 3841//58 3843//58 3877//58
f 3877//58 3843//58 3845//58
f 3800//59 3877//59 3745//59
f 3877//59 3878//59 3745//59
f 3745//59 3878//59 3802//59
f 3878//59 3804//59 3802//59
f 3878//2 3879//2 3804//2
f 3879//2 3881//2 3804//2
f 3795//2 3882//2 3883//2
f 3884//2 3803//2 3885//2
f 3803//2 3788//2 3885//2
f 3885//2 3788//2 3883//2
f 3788//2 3787//2 3883//2
f 3883//2 3787//2 3795//2
f 3886//2 3887//2 3888//2
f 3887//2 3803//2 3888//2
f 3888//2 3803//2 3889//2
f 3803//2 3884//2 3889//2
f 3881//2 3890//2 3804//2
f 3890//2 3891//2 3804//2
f 3804//2 3891//2 3783//2
f 3891//2 3892//2 3783//2
f 3783//2 3892//2 3784//2
f 3892//2 3893//2 3784//2
f 3784//2 3893//2 3799//2
f 3893//2 3882//2 3799//2
f 3799//2 3882//2 3797//2
f 3882//2 3795//2 3797//2
f 3894//1 3895//1 3801//1
f 3895//1 3896//1 3801//1
f 3896//1 3897//1 3801//1
f 3897//1 3898//1 3801//1
f 3801//1 3898//1 3785//1
f 3898//1 3899//1 3785//1
f 3785//1 3899//1 3786//1
f 3899//1 3900//1 3786//1
f 3786//1 3900//1 3794//1
f 3900//1 3901//1 3794//1
f 3794//1 3901//1 3796//1
f 3880//1 3877//1 3902//1
f 3877//1 3800//1 3902//1
f 3902//1 3800//1 3903//1
f 3796//1 3901//1 3798//1
f 3901//1 3904//1 3798//1
f 3798//1 3904//1 3789//1
f 3789//1 3904//1 3790//1
f 3904//1 3905//1 3790//1
f 3790//1 3905//1 3800//1
f 3905//1 3906//1 3800//1
f 3800//1 3906//1 3903//1
f 3818//58 3886//58 3817//58
f 3886//58 3895//58 3817//58
f 3817//58 3895//58 3816//58
f 3805//58 3894//58 3887//58
f 3812//58 3813//58 3895//58
f 3818//58 3819//58 3886//58
f 3819//58 3820//58 3886//58
f 3886//58 3820//58 3821//58
f 3887//58 3825//58 3826//58
f 3813//58 3814//58 3895//58
f 3814//58 3815//58 3895//58
f 3895//58 3815//58 3816//58
f 3826//58 3827//58 3887//58
f 3827//58 3828//58 3887//58
f 3887//58 3828//58 3805//58
f 3805//58 3806//58 3894//58
f 3806//58 3807//58 3894//58
f 3894//58 3807//58 3808//58
f 3821//58 3822//58 3886//58
f 3822//58 3823//58 3886//58
f 3886//58 3823//58 3887//58
f 3823//58 3824//58 3887//58
f 3887//58 3824//58 3825//58
f 3808//58 3809//58 3894//58
f 3809//58 3810//58 3894//58
f 3894//58 3810//58 3895//58
f 3810//58 3811//58 3895//58
f 3895//58 3811//58 3812//58
f 3895//71 3886//71 3896//71
f 3886//71 3888//71 3896//71
f 3896//70 3888//70 3897//70
f 3888//70 3889//70 3897//70
f 3897//69 3889//69 3898//69
f 3889//69 3884//69 3898//69
f 3898//68 3884//68 3899//68
f 3884//68 3885//68 3899//68
f 3899//67 3885//67 3900//67
f 3885//67 3883//67 3900//67
f 3900//66 3883//66 3901//66
f 3883//66 3882//66 3901//66
f 3901//65 3882//65 3904//65
f 3882//65 3893//65 3904//65
f 3904//64 3893//64 3905//64
f 3893//64 3892//64 3905//64
f 3905//63 3892//63 3906//63
f 3892//63 3891//63 3906//63
f 3906//62 3891//62 3903//62
f 3891//62 3890//62 3903//62
f 3903//61 3890//61 3902//61
f 3890//61 3881//61 3902//61
f 3902//60 3881//60 3880//60
f 3881//60 3879//60 3880//60
f 3755//72 3803//72 3887//72
f 3755//72 3887//72 3750//72
f 3887//72 3894//72 3750//72
f 3750//72 3894//72 3801//72
f 3876//3 3793//3 3830//3
f 3793//3 3743//3 3830//3
f 3830//3 3743//3 3832//3
f 3876//3 3874//3 3793//3
f 3874//3 3872//3 3793//3
f 3793//3 3872//3 3870//3
f 3864//3 3802//3 3866//3
f 3802//3 3793//3 3866//3
f 3866//3 3793//3 3868//3
f 3793//3 3870//3 3868//3
f 3864//3 3862//3 3802//3
f 3862//3 3860//3 3802//3
f 3802//3 3860//3 3858//3
f 3852//3 3745//3 3854//3
f 3745//3 3802//3 3854//3
f 3854//3 3802//3 3856//3
f 3802//3 3858//3 3856//3
f 3852//3 3850//3 3745//3
f 3850//3 3848//3 3745//3
f 3745//3 3848//3 3846//3
f 3838//3 3836//3 3743//3
f 3836//3 3834//3 3743//3
f 3743//3 3834//3 3832//3
f 3846//3 3844//3 3745//3
f 3844//3 3842//3 3745//3
f 3745//3 3842//3 3743//3
f 3842//3 3840//3 3743//3
f 3743//3 3840//3 3838//3
f 3907//1428 3908//1428 3909//1428
f 3908//1428 3910//1428 3909//1428
f 3909//1429 3910//1429 3911//1429
f 3910//1429 3912//1429 3911//1429
f 3911//1430 3912//1430 3913//1430
f 3912//1430 3914//1430 3913//1430
f 3913//1431 3914//1431 3915//1431
f 3914//1431 3916//1431 3915//1431
f 3915//1432 3916//1432 3917//1432
f 3916//1432 3918//1432 3917//1432
f 3917//1433 3918//1433 3919//1433
f 3918//1434 3920//1434 3919//1434
f 3919//1435 3920//1435 3921//1435
f 3920//1436 3922//1436 3921//1436
f 3921//1437 3922//1437 3923//1437
f 3922//1437 3924//1437 3923//1437
f 3923//1438 3924//1438 3925//1438
f 3924//1438 3926//1438 3925//1438
f 3925//1439 3926//1439 3927//1439
f 3926//1439 3928//1439 3927//1439
f 3927//1440 3928//1440 3929//1440
f 3928//1440 3930//1440 3929//1440
f 3929//1441 3930//1441 3931//1441
f 3930//1441 3932//1441 3931//1441
f 3931//1442 3932//1442 3933//1442
f 3932//1442 3934//1442 3933//1442
f 3933//1443 3934//1443 3935//1443
f 3934//1443 3936//1443 3935//1443
f 3935//1444 3936//1444 3937//1444
f 3936//1444 3938//1444 3937//1444
f 3937//1445 3938//1445 3939//1445
f 3938//1445 3940//1445 3939//1445
f 3939//1446 3940//1446 3941//1446
f 3940//1446 3942//1446 3941//1446
f 3941//1447 3942//1447 3943//1447
f 3942//1448 3944//1448 3943//1448
f 3943//1449 3944//1449 3945//1449
f 3944//1450 3946//1450 3945//1450
f 3945//1451 3946//1451 3947//1451
f 3946//1451 3948//1451 3947//1451
f 3947//1452 3948//1452 3949//1452
f 3948//1452 3950//1452 3949//1452
f 3949//1453 3950//1453 3951//1453
f 3950//1453 3952//1453 3951//1453
f 3951//1454 3952//1454 3953//1454
f 3952//1454 3954//1454 3953//1454
f 3953//1455 3954//1455 3907//1455
f 3954//1455 3908//1455 3907//1455
f 3955//58 3956//58 3957//58
f 3958//58 3959//58 3960//58
f 3961//58 3962//58 3963//58
f 3962//58 3964//58 3963//58
f 3965//58 3966//58 3963//58
f 3967//58 3968//58 3969//58
f 3970//58 3971//58 3972//58
f 3971//58 3973//58 3972//58
f 3974//58 3975//58 3960//58
f 3976//58 3977//58 3960//58
f 3960//58 3959//58 3974//58
f 3959//58 3978//58 3974//58
f 3974//58 3978//58 3979//58
f 3978//58 3980//58 3979//58
f 3979//58 3980//58 3981//58
f 3982//58 3983//58 3984//58
f 3985//58 3955//58 3986//58
f 3955//58 3987//58 3986//58
f 3977//58 3988//58 3960//58
f 3988//58 3989//58 3960//58
f 3960//58 3989//58 3958//58
f 3990//58 3984//58 3991//58
f 3984//58 3992//58 3991//58
f 3993//58 3994//58 3973//58
f 3994//58 3995//58 3973//58
f 3973//58 3995//58 3972//58
f 3996//58 3997//58 3998//58
f 3997//58 3999//58 3998//58
f 3998//58 3999//58 3968//58
f 3999//58 4000//58 3968//58
f 3968//58 4000//58 3969//58
f 4001//58 4002//58 4003//58
f 4002//58 4004//58 4003//58
f 4003//58 4004//58 4005//58
f 3968//58 4006//58 3998//58
f 4006//58 4007//58 3998//58
f 3998//58 4007//58 4008//58
f 4007//58 4009//58 4008//58
f 4009//58 4010//58 4008//58
f 4010//58 4011//58 4008//58
f 4008//58 4011//58 4012//58
f 4012//58 4013//58 4008//58
f 4013//58 4014//58 4008//58
f 4008//58 4014//58 3957//58
f 4014//58 4015//58 3957//58
f 3957//58 4015//58 3955//58
f 4015//58 4016//58 3955//58
f 3955//58 4016//58 3987//58
f 3981//58 3982//58 3979//58
f 3982//58 3984//58 3979//58
f 3979//58 3984//58 4017//58
f 3984//58 3990//58 4017//58
f 3983//58 4018//58 3984//58
f 4018//58 4019//58 3984//58
f 3984//58 4019//58 3998//58
f 4019//58 4020//58 3998//58
f 3998//58 4020//58 3996//58
f 4021//58 4022//58 3963//58
f 4005//58 4023//58 4003//58
f 4023//58 4024//58 4003//58
f 4003//58 4024//58 3969//58
f 4024//58 4025//58 3969//58
f 3969//58 4025//58 3967//58
f 4026//58 4027//58 4028//58
f 4027//58 4029//58 4028//58
f 3993//58 4030//58 3994//58
f 4030//58 4031//58 3994//58
f 3994//58 4031//58 4032//58
f 4033//58 4034//58 3994//58
f 4034//58 4035//58 3994//58
f 3994//58 4035//58 3964//58
f 4035//58 4036//58 3964//58
f 4022//58 4037//58 3963//58
f 4037//58 4038//58 3963//58
f 3963//58 4038//58 3965//58
f 3985//58 4039//58 3955//58
f 4039//58 4040//58 3955//58
f 3955//58 4040//58 4001//58
f 3965//58 4041//58 3966//58
f 4041//58 4042//58 3966//58
f 3966//58 4042//58 4043//58
f 4029//58 4027//58 4044//58
f 4027//58 4045//58 4044//58
f 4044//58 4045//58 4032//58
f 4003//58 4046//58 4001//58
f 4046//58 4047//58 4001//58
f 4001//58 4047//58 3955//58
f 4047//58 4048//58 3955//58
f 3955//58 4048//58 3960//58
f 4048//58 4049//58 3960//58
f 3960//58 4049//58 3976//58
f 4050//58 4051//58 3966//58
f 4051//58 4052//58 3966//58
f 3966//58 4052//58 3992//58
f 4052//58 4053//58 3992//58
f 3992//58 4053//58 4054//58
f 3972//58 4055//58 3970//58
f 4055//58 4056//58 3970//58
f 3970//58 4056//58 4057//58
f 4056//58 3991//58 4057//58
f 4057//58 3991//58 4058//58
f 3991//58 3992//58 4058//58
f 4058//58 3992//58 4059//58
f 3992//58 4054//58 4059//58
f 4032//58 4045//58 3994//58
f 4045//58 4060//58 3994//58
f 3994//58 4060//58 4033//58
f 4036//58 4061//58 3964//58
f 4061//58 4062//58 3964//58
f 3964//58 4062//58 4063//58
f 4064//58 4065//58 4066//58
f 4065//58 4050//58 4066//58
f 4066//58 4050//58 4067//58
f 4050//58 3966//58 4067//58
f 4067//58 3966//58 4068//58
f 3966//58 4043//58 4068//58
f 4063//58 4069//58 3964//58
f 4069//58 4070//58 3964//58
f 3964//58 4070//58 3963//58
f 4070//58 4071//58 3963//58
f 3963//58 4071//58 4021//58
f 4026//58 4072//58 4027//58
f 4072//58 4073//58 4027//58
f 4027//58 4073//58 4066//58
f 4073//58 4074//58 4066//58
f 4066//58 4074//58 4064//58
f 4075//3 4076//3 4077//3
f 4078//3 4079//3 4080//3
f 4081//3 4082//3 4083//3
f 4084//3 4085//3 4086//3
f 4087//3 4088//3 4089//3
f 4090//3 4091//3 4092//3
f 4093//3 4094//3 4095//3
f 4093//3 4095//3 4096//3
f 4097//3 4098//3 4099//3
f 4098//3 4100//3 4099//3
f 4099//3 4100//3 4101//3
f 4101//3 4102//3 4099//3
f 4102//3 4103//3 4099//3
f 4099//3 4103//3 4095//3
f 4103//3 4104//3 4095//3
f 4095//3 4104//3 4096//3
f 4105//3 4106//3 4107//3
f 4105//3 4107//3 4108//3
f 4109//3 4110//3 4111//3
f 4110//3 4112//3 4111//3
f 4111//3 4112//3 4113//3
f 4114//3 4115//3 4116//3
f 4115//3 4117//3 4116//3
f 4116//3 4117//3 4111//3
f 4117//3 4118//3 4111//3
f 4111//3 4118//3 4109//3
f 4119//3 4120//3 4092//3
f 4120//3 4121//3 4092//3
f 4092//3 4121//3 4090//3
f 4122//3 4123//3 4124//3
f 4123//3 4125//3 4124//3
f 4124//3 4125//3 4126//3
f 4125//3 4127//3 4126//3
f 4127//3 4128//3 4126//3
f 4126//3 4128//3 4129//3
f 4130//3 4131//3 4132//3
f 4131//3 4130//3 4133//3
f 4130//3 4134//3 4133//3
f 4133//3 4134//3 4135//3
f 4135//3 4134//3 4136//3
f 4134//3 4137//3 4136//3
f 4136//3 4137//3 4138//3
f 4139//3 4140//3 4141//3
f 4142//3 4143//3 4138//3
f 4143//3 4144//3 4138//3
f 4138//3 4144//3 4136//3
f 4144//3 4145//3 4136//3
f 4136//3 4145//3 4141//3
f 4145//3 4146//3 4141//3
f 4141//3 4146//3 4139//3
f 4147//3 4148//3 4149//3
f 4140//3 4150//3 4141//3
f 4150//3 4151//3 4141//3
f 4141//3 4151//3 4147//3
f 4151//3 4152//3 4147//3
f 4147//3 4152//3 4148//3
f 4149//3 4153//3 4147//3
f 4153//3 4154//3 4147//3
f 4147//3 4154//3 4155//3
f 4154//3 4087//3 4155//3
f 4087//3 4089//3 4156//3
f 4089//3 4157//3 4156//3
f 4156//3 4157//3 4158//3
f 4158//3 4159//3 4160//3
f 4159//3 4161//3 4160//3
f 4160//3 4161//3 4162//3
f 4161//3 4163//3 4162//3
f 4162//3 4163//3 4164//3
f 4163//3 4165//3 4164//3
f 4164//3 4165//3 4166//3
f 4167//3 4168//3 4166//3
f 4168//3 4169//3 4166//3
f 4170//3 4171//3 4172//3
f 4171//3 4173//3 4172//3
f 4173//3 4174//3 4172//3
f 4172//3 4174//3 4175//3
f 4176//3 4168//3 4177//3
f 4168//3 4167//3 4177//3
f 4177//3 4167//3 4178//3
f 4167//3 4166//3 4178//3
f 4178//3 4166//3 4179//3
f 4166//3 4165//3 4179//3
f 4176//3 4180//3 4168//3
f 4180//3 4181//3 4168//3
f 4168//3 4181//3 4172//3
f 4181//3 4182//3 4172//3
f 4172//3 4182//3 4170//3
f 4183//3 4086//3 4175//3
f 4086//3 4085//3 4175//3
f 4175//3 4085//3 4172//3
f 4106//3 4105//3 4113//3
f 4105//3 4184//3 4113//3
f 4113//3 4184//3 4111//3
f 4184//3 4185//3 4111//3
f 4111//3 4185//3 4186//3
f 4187//3 4188//3 4189//3
f 4188//3 4190//3 4189//3
f 4189//3 4190//3 4191//3
f 4192//3 4193//3 4163//3
f 4193//3 4194//3 4163//3
f 4163//3 4194//3 4165//3
f 4191//3 4195//3 4189//3
f 4195//3 4196//3 4189//3
f 4189//3 4196//3 4163//3
f 4196//3 4197//3 4163//3
f 4163//3 4197//3 4192//3
f 4174//3 4198//3 4175//3
f 4198//3 4199//3 4175//3
f 4175//3 4199//3 4200//3
f 4129//3 4128//3 4201//3
f 4128//3 4202//3 4201//3
f 4201//3 4202//3 4203//3
f 4203//3 4204//3 4201//3
f 4204//3 4205//3 4201//3
f 4201//3 4205//3 4206//3
f 4205//3 4207//3 4206//3
f 4206//3 4207//3 4208//3
f 4209//3 4210//3 4211//3
f 4212//3 4213//3 4214//3
f 4213//3 4215//3 4214//3
f 4214//3 4215//3 4216//3
f 4216//3 4217//3 4214//3
f 4217//3 4218//3 4214//3
f 4214//3 4218//3 4211//3
f 4218//3 4219//3 4211//3
f 4211//3 4219//3 4209//3
f 4208//3 4220//3 4206//3
f 4220//3 4221//3 4206//3
f 4206//3 4221//3 4222//3
f 4221//3 4223//3 4222//3
f 4222//3 4223//3 4224//3
f 4154//3 4225//3 4087//3
f 4225//3 4226//3 4087//3
f 4087//3 4226//3 4088//3
f 4226//3 4227//3 4088//3
f 4088//3 4227//3 4228//3
f 4229//3 4230//3 4231//3
f 4230//3 4232//3 4231//3
f 4228//3 4233//3 4088//3
f 4233//3 4234//3 4088//3
f 4088//3 4234//3 4231//3
f 4234//3 4235//3 4231//3
f 4231//3 4235//3 4229//3
f 4083//3 4082//3 4077//3
f 4082//3 4236//3 4077//3
f 4077//3 4236//3 4237//3
f 4237//3 4238//3 4077//3
f 4238//3 4239//3 4077//3
f 4077//3 4239//3 4240//3
f 4083//3 4241//3 4081//3
f 4241//3 4242//3 4081//3
f 4081//3 4242//3 4243//3
f 4084//3 4086//3 4244//3
f 4086//3 4245//3 4244//3
f 4244//3 4245//3 4246//3
f 4247//3 4248//3 4249//3
f 4250//3 4251//3 4252//3
f 4251//3 4253//3 4252//3
f 4252//3 4253//3 4132//3
f 4253//3 4254//3 4132//3
f 4132//3 4254//3 4130//3
f 4255//3 4256//3 4250//3
f 4256//3 4257//3 4250//3
f 4250//3 4257//3 4251//3
f 4258//3 4259//3 4260//3
f 4259//3 4261//3 4260//3
f 4260//3 4261//3 4262//3
f 4263//3 4264//3 4265//3
f 4183//3 4175//3 4266//3
f 4175//3 4200//3 4266//3
f 4266//3 4200//3 4267//3
f 4200//3 4247//3 4267//3
f 4267//3 4247//3 4239//3
f 4247//3 4249//3 4239//3
f 4239//3 4249//3 4240//3
f 4249//3 4268//3 4240//3
f 4240//3 4268//3 4262//3
f 4268//3 4269//3 4262//3
f 4262//3 4269//3 4270//3
f 4270//3 4269//3 4271//3
f 4269//3 4272//3 4271//3
f 4271//3 4272//3 4273//3
f 4157//3 4274//3 4275//3
f 4158//3 4157//3 4159//3
f 4157//3 4275//3 4159//3
f 4159//3 4275//3 4276//3
f 4277//3 4278//3 4279//3
f 4277//3 4250//3 4280//3
f 4250//3 4252//3 4280//3
f 4280//3 4252//3 4281//3
f 4252//3 4132//3 4281//3
f 4281//3 4132//3 4282//3
f 4132//3 4131//3 4282//3
f 4282//3 4131//3 4283//3
f 4131//3 4222//3 4283//3
f 4283//3 4222//3 4284//3
f 4222//3 4224//3 4284//3
f 4279//3 4278//3 4285//3
f 4278//3 4286//3 4285//3
f 4285//3 4286//3 4287//3
f 4286//3 4288//3 4287//3
f 4287//3 4288//3 4289//3
f 4288//3 4290//3 4289//3
f 4289//3 4290//3 4291//3
f 4290//3 4292//3 4291//3
f 4291//3 4292//3 4293//3
f 4292//3 4294//3 4293//3
f 4293//3 4294//3 4076//3
f 4294//3 4295//3 4076//3
f 4076//3 4295//3 4077//3
f 4295//3 4296//3 4077//3
f 4077//3 4296//3 4083//3
f 4296//3 4297//3 4083//3
f 4083//3 4297//3 4241//3
f 4297//3 4298//3 4241//3
f 4241//3 4298//3 4242//3
f 4298//3 4299//3 4242//3
f 4242//3 4299//3 4092//3
f 4299//3 4300//3 4092//3
f 4092//3 4300//3 4119//3
f 4300//3 4301//3 4119//3
f 4119//3 4301//3 4302//3
f 4301//3 4303//3 4302//3
f 4302//3 4303//3 4304//3
f 4303//3 4305//3 4304//3
f 4304//3 4305//3 4306//3
f 4305//3 4307//3 4306//3
f 4306//3 4307//3 4308//3
f 4307//3 4309//3 4308//3
f 4308//3 4309//3 4284//3
f 4309//3 4310//3 4284//3
f 4284//3 4310//3 4283//3
f 4262//3 4261//3 4240//3
f 4261//3 4311//3 4240//3
f 4240//3 4311//3 4312//3
f 4277//3 4279//3 4250//3
f 4279//3 4313//3 4250//3
f 4250//3 4313//3 4314//3
f 4315//3 4316//3 4261//3
f 4316//3 4317//3 4261//3
f 4261//3 4317//3 4318//3
f 4318//3 4319//3 4261//3
f 4319//3 4320//3 4261//3
f 4261//3 4320//3 4311//3
f 4312//3 4321//3 4240//3
f 4321//3 4322//3 4240//3
f 4240//3 4322//3 4323//3
f 4323//3 4324//3 4240//3
f 4324//3 4325//3 4240//3
f 4240//3 4325//3 4077//3
f 4325//3 4326//3 4077//3
f 4077//3 4326//3 4075//3
f 4314//3 4315//3 4250//3
f 4315//3 4261//3 4250//3
f 4250//3 4261//3 4255//3
f 4261//3 4259//3 4255//3
f 4255//3 4259//3 4327//3
f 4259//3 4138//3 4327//3
f 4327//3 4138//3 4328//3
f 4138//3 4137//3 4328//3
f 4263//3 4329//3 4330//3
f 4331//3 4332//3 4089//3
f 4332//3 4333//3 4089//3
f 4089//3 4333//3 4334//3
f 4335//3 4336//3 4263//3
f 4336//3 4337//3 4263//3
f 4263//3 4337//3 4329//3
f 4338//3 4339//3 4231//3
f 4339//3 4340//3 4231//3
f 4341//3 4342//3 4088//3
f 4342//3 4343//3 4088//3
f 4274//3 4157//3 4265//3
f 4157//3 4089//3 4265//3
f 4265//3 4089//3 4263//3
f 4089//3 4334//3 4263//3
f 4263//3 4334//3 4335//3
f 4330//3 4344//3 4263//3
f 4344//3 4345//3 4263//3
f 4263//3 4345//3 4231//3
f 4345//3 4346//3 4231//3
f 4231//3 4346//3 4338//3
f 4343//3 4347//3 4088//3
f 4347//3 4348//3 4088//3
f 4088//3 4348//3 4089//3
f 4348//3 4349//3 4089//3
f 4089//3 4349//3 4331//3
f 4340//3 4350//3 4231//3
f 4350//3 4351//3 4231//3
f 4231//3 4351//3 4088//3
f 4351//3 4352//3 4088//3
f 4088//3 4352//3 4341//3
f 4232//3 4142//3 4231//3
f 4142//3 4138//3 4231//3
f 4231//3 4138//3 4263//3
f 4138//3 4259//3 4263//3
f 4263//3 4259//3 4264//3
f 4259//3 4258//3 4264//3
f 4353//3 4354//3 4355//3
f 4356//3 4357//3 4358//3
f 4357//3 4359//3 4358//3
f 4359//3 4360//3 4358//3
f 4358//3 4360//3 4211//3
f 4360//3 4361//3 4211//3
f 4211//3 4361//3 4362//3
f 4355//3 4363//3 4353//3
f 4363//3 4364//3 4353//3
f 4353//3 4364//3 4365//3
f 4366//3 4367//3 4358//3
f 4367//3 4368//3 4358//3
f 4358//3 4368//3 4356//3
f 4354//3 4353//3 4369//3
f 4353//3 4214//3 4369//3
f 4369//3 4214//3 4370//3
f 4371//3 4372//3 4211//3
f 4373//3 4374//3 4214//3
f 4374//3 4375//3 4214//3
f 4214//3 4375//3 4370//3
f 4211//3 4372//3 4214//3
f 4372//3 4376//3 4214//3
f 4214//3 4376//3 4373//3
f 4362//3 4377//3 4211//3
f 4377//3 4378//3 4211//3
f 4211//3 4378//3 4371//3
f 4224//3 4212//3 4284//3
f 4212//3 4214//3 4284//3
f 4284//3 4214//3 4308//3
f 4214//3 4353//3 4308//3
f 4308//3 4353//3 4306//3
f 4353//3 4379//3 4306//3
f 4306//3 4379//3 4304//3
f 4379//3 4380//3 4304//3
f 4304//3 4380//3 4302//3
f 4380//3 4381//3 4302//3
f 4302//3 4381//3 4119//3
f 4365//3 4366//3 4353//3
f 4366//3 4358//3 4353//3
f 4353//3 4358//3 4379//3
f 4358//3 4382//3 4379//3
f 4379//3 4382//3 4380//3
f 4382//3 4383//3 4380//3
f 4380//3 4383//3 4381//3
f 4383//3 4384//3 4381//3
f 4385//3 4386//3 4163//3
f 4387//3 4388//3 4189//3
f 4388//3 4389//3 4189//3
f 4189//3 4389//3 4390//3
f 4161//3 4391//3 4392//3
f 4386//3 4393//3 4163//3
f 4393//3 4394//3 4163//3
f 4163//3 4394//3 4189//3
f 4394//3 4395//3 4189//3
f 4189//3 4395//3 4387//3
f 4390//3 4396//3 4189//3
f 4396//3 4397//3 4189//3
f 4189//3 4397//3 4080//3
f 4397//3 4398//3 4080//3
f 4080//3 4398//3 4399//3
f 4399//3 4400//3 4080//3
f 4400//3 4401//3 4080//3
f 4080//3 4401//3 4402//3
f 4392//3 4403//3 4161//3
f 4403//3 4404//3 4161//3
f 4161//3 4404//3 4163//3
f 4404//3 4405//3 4163//3
f 4163//3 4405//3 4385//3
f 4406//3 4407//3 4161//3
f 4407//3 4408//3 4161//3
f 4161//3 4408//3 4391//3
f 4402//3 4406//3 4080//3
f 4406//3 4161//3 4080//3
f 4080//3 4161//3 4078//3
f 4161//3 4159//3 4078//3
f 4078//3 4159//3 4409//3
f 4159//3 4276//3 4409//3
f 4079//3 4248//3 4080//3
f 4248//3 4247//3 4080//3
f 4080//3 4247//3 4189//3
f 4247//3 4200//3 4189//3
f 4189//3 4200//3 4187//3
f 4200//3 4199//3 4187//3
f 4410//3 4411//3 4095//3
f 4412//3 4099//3 4413//3
f 4099//3 4414//3 4413//3
f 4412//3 4415//3 4099//3
f 4415//3 4416//3 4099//3
f 4099//3 4416//3 4384//3
f 4416//3 4417//3 4384//3
f 4384//3 4417//3 4418//3
f 4411//3 4419//3 4095//3
f 4419//3 4420//3 4095//3
f 4095//3 4420//3 4421//3
f 4421//3 4422//3 4095//3
f 4422//3 4423//3 4095//3
f 4095//3 4423//3 4099//3
f 4423//3 4424//3 4099//3
f 4099//3 4424//3 4414//3
f 4425//3 4410//3 4381//3
f 4410//3 4095//3 4381//3
f 4381//3 4095//3 4119//3
f 4095//3 4094//3 4119//3
f 4119//3 4094//3 4120//3
f 4426//3 4427//3 4384//3
f 4428//3 4429//3 4381//3
f 4429//3 4430//3 4381//3
f 4381//3 4430//3 4425//3
f 4384//3 4427//3 4381//3
f 4427//3 4431//3 4381//3
f 4381//3 4431//3 4428//3
f 4418//3 4432//3 4384//3
f 4432//3 4433//3 4384//3
f 4384//3 4433//3 4426//3
f 4210//3 4122//3 4211//3
f 4122//3 4124//3 4211//3
f 4211//3 4124//3 4358//3
f 4124//3 4434//3 4358//3
f 4358//3 4434//3 4382//3
f 4434//3 4435//3 4382//3
f 4382//3 4435//3 4383//3
f 4435//3 4436//3 4383//3
f 4383//3 4436//3 4384//3
f 4436//3 4437//3 4384//3
f 4384//3 4437//3 4099//3
f 4437//3 4108//3 4099//3
f 4099//3 4108//3 4097//3
f 4108//3 4107//3 4097//3
f 4114//3 4116//3 4091//3
f 4116//3 4438//3 4091//3
f 4091//3 4438//3 4092//3
f 4438//3 4246//3 4092//3
f 4092//3 4246//3 4242//3
f 4246//3 4245//3 4242//3
f 4242//3 4245//3 4243//3
f 4186//3 4439//3 4111//3
f 4439//3 4440//3 4111//3
f 4111//3 4440//3 4116//3
f 4440//3 4441//3 4116//3
f 4116//3 4441//3 4438//3
f 4441//3 4442//3 4438//3
f 4438//3 4442//3 4246//3
f 4442//3 4443//3 4246//3
f 4246//3 4443//3 4244//3
f 4443//3 4444//3 4244//3
f 4244//3 4444//3 4084//3
f 4445//58 4446//58 4447//58
f 4446//58 3073//58 4447//58
f 4448//58 4449//58 3213//58
f 4449//58 4450//58 3213//58
f 3213//58 3335//58 3333//58
f 3329//58 3327//58 2839//58
f 3327//58 3325//58 2839//58
f 2839//58 3325//58 3323//58
f 3281//58 3279//58 2839//58
f 3427//58 3425//58 2839//58
f 3297//58 3371//58 3417//58
f 4451//58 3443//58 4452//58
f 3443//58 4450//58 4452//58
f 3315//58 3431//58 3317//58
f 3431//58 3319//58 3317//58
f 3297//58 3417//58 3299//58
f 3417//58 3415//58 3299//58
f 3299//58 3415//58 3413//58
f 3213//58 3333//58 2839//58
f 3333//58 3331//58 2839//58
f 2839//58 3331//58 3329//58
f 3425//58 3423//58 2839//58
f 3423//58 3421//58 2839//58
f 2839//58 3421//58 2859//58
f 3369//58 3379//58 3377//58
f 3319//58 3431//58 3321//58
f 3431//58 3429//58 3321//58
f 3321//58 3429//58 3275//58
f 3421//58 3419//58 2859//58
f 3419//58 3465//58 2859//58
f 2859//58 3465//58 3463//58
f 3451//58 4447//58 3453//58
f 4447//58 3073//58 3453//58
f 3453//58 3073//58 3455//58
f 3451//58 3449//58 4447//58
f 3449//58 3447//58 4447//58
f 4447//58 3447//58 4451//58
f 3447//58 3445//58 4451//58
f 4451//58 3445//58 3443//58
f 3297//58 3295//58 3371//58
f 3295//58 3293//58 3371//58
f 3371//58 3293//58 3291//58
f 3377//58 3375//58 3369//58
f 3375//58 3373//58 3369//58
f 3369//58 3373//58 3323//58
f 3373//58 3371//58 3323//58
f 3307//58 3435//58 3433//58
f 3307//58 3305//58 3435//58
f 3305//58 3303//58 3435//58
f 3435//58 3303//58 3437//58
f 4450//58 3345//58 3343//58
f 3279//58 3277//58 2839//58
f 3277//58 3275//58 2839//58
f 2839//58 3275//58 3427//58
f 3275//58 3429//58 3427//58
f 3291//58 3289//58 3371//58
f 3289//58 3287//58 3371//58
f 3371//58 3287//58 3323//58
f 3287//58 3285//58 3323//58
f 3323//58 3285//58 2839//58
f 3285//58 3283//58 2839//58
f 2839//58 3283//58 3281//58
f 3315//58 3313//58 3431//58
f 3313//58 3311//58 3431//58
f 3431//58 3311//58 3433//58
f 3311//58 3309//58 3433//58
f 3433//58 3309//58 3307//58
f 3343//58 3341//58 4450//58
f 3341//58 3339//58 4450//58
f 4450//58 3339//58 3213//58
f 3339//58 3337//58 3213//58
f 3213//58 3337//58 3335//58
f 3463//58 3461//58 2859//58
f 3461//58 3459//58 2859//58
f 2859//58 3459//58 3073//58
f 3459//58 3457//58 3073//58
f 3073//58 3457//58 3455//58
f 3389//58 3387//58 3365//58
f 3387//58 3385//58 3365//58
f 3365//58 3385//58 3367//58
f 3385//58 3383//58 3367//58
f 3367//58 3383//58 3369//58
f 3383//58 3381//58 3369//58
f 3369//58 3381//58 3379//58
f 3413//58 3411//58 3299//58
f 3411//58 3409//58 3299//58
f 3299//58 3409//58 3407//58
f 3389//58 3365//58 3391//58
f 3365//58 3363//58 3391//58
f 3391//58 3363//58 3361//58
f 3401//58 3443//58 3403//58
f 3443//58 3405//58 3403//58
f 3407//58 3405//58 3299//58
f 3405//58 3443//58 3299//58
f 3299//58 3443//58 3301//58
f 3443//58 3441//58 3301//58
f 3301//58 3441//58 3303//58
f 3441//58 3439//58 3303//58
f 3303//58 3439//58 3437//58
f 3401//58 3399//58 3443//58
f 3399//58 3397//58 3443//58
f 3443//58 3397//58 4450//58
f 3397//58 3395//58 4450//58
f 4450//58 3395//58 3393//58
f 3353//58 3351//58 3393//58
f 3351//58 3349//58 3393//58
f 3393//58 3349//58 4450//58
f 3349//58 3347//58 4450//58
f 4450//58 3347//58 3345//58
f 3361//58 3359//58 3391//58
f 3359//58 3357//58 3391//58
f 3391//58 3357//58 3393//58
f 3357//58 3355//58 3393//58
f 3393//58 3355//58 3353//58
f 4453//1456 4454//1456 4455//1456
f 4455//1457 4456//1457 4453//1457
f 4456//1458 4457//1458 4453//1458
f 4453//1458 4457//1458 4458//1458
f 4458//1459 4457//1459 4459//1459
f 4457//1460 4460//1460 4459//1460
f 4459//1461 4460//1461 4255//1461
f 4461//1462 4462//1462 4463//1462
f 4463//185 4464//185 4461//185
f 4464//1463 4465//1463 4461//1463
f 4461//1463 4465//1463 4466//1463
f 4465//1464 4467//1464 4466//1464
f 4466//1464 4467//1464 4468//1464
f 4468//1465 4467//1465 4469//1465
f 4467//1466 4470//1466 4469//1466
f 4469//1467 4470//1467 4278//1467
f 4471//1468 4472//1468 4473//1468
f 4473//1469 4474//1469 4471//1469
f 4474//1470 4475//1470 4471//1470
f 4471//1470 4475//1470 4476//1470
f 4475//1471 4477//1471 4476//1471
f 4476//1471 4477//1471 4478//1471
f 4478//1472 4477//1472 4479//1472
f 4477//1473 4480//1473 4479//1473
f 4479//1474 4480//1474 4236//1474
f 4481//1475 4482//1475 4483//1475
f 4483//1476 4484//1476 4481//1476
f 4484//1477 4485//1477 4481//1477
f 4481//1477 4485//1477 4486//1477
f 4269//1478 4268//1478 4487//1478
f 4236//1474 4480//1474 4237//1474
f 4480//171 4483//171 4237//171
f 4237//171 4483//171 4238//171
f 4483//1479 4482//1479 4238//1479
f 4238//1479 4482//1479 4239//1479
f 4278//1467 4470//1467 4286//1467
f 4470//1480 4488//1480 4286//1480
f 4286//1480 4488//1480 4288//1480
f 4488//1481 4489//1481 4288//1481
f 4288//1482 4489//1482 4290//1482
f 4489//1483 4490//1483 4290//1483
f 4290//1484 4490//1484 4292//1484
f 4490//1485 4473//1485 4292//1485
f 4292//1485 4473//1485 4294//1485
f 4473//1486 4472//1486 4294//1486
f 4294//1486 4472//1486 4295//1486
f 4255//1461 4460//1461 4256//1461
f 4460//186 4463//186 4256//186
f 4256//186 4463//186 4257//186
f 4463//1487 4462//1487 4257//1487
f 4257//1487 4462//1487 4251//1487
f 4486//1488 4485//1488 4487//1488
f 4485//1489 4491//1489 4487//1489
f 4487//1478 4491//1478 4269//1478
f 4491//1490 4492//1490 4269//1490
f 4269//1490 4492//1490 4272//1490
f 4492//1491 4493//1491 4272//1491
f 4272//1492 4493//1492 4273//1492
f 4493//1493 4494//1493 4273//1493
f 4273//1494 4494//1494 4271//1494
f 4494//1495 4455//1495 4271//1495
f 4271//1495 4455//1495 4270//1495
f 4455//1496 4454//1496 4270//1496
f 4270//1496 4454//1496 4262//1496
f 4296//2 4295//2 4472//2
f 4495//2 4299//2 4298//2
f 4495//2 4298//2 4472//2
f 4298//2 4297//2 4472//2
f 4472//2 4297//2 4296//2
f 4081//1 4243//1 4496//1
f 4081//1 4496//1 4082//1
f 4496//1 4479//1 4082//1
f 4082//1 4479//1 4236//1
f 4156//1 3998//1 4087//1
f 3998//1 4008//1 4087//1
f 4087//1 4008//1 4155//1
f 4497//1497 4498//1497 3957//1497
f 4498//1497 4448//1497 3957//1497
f 3957//1498 4448//1498 4135//1498
f 4448//1499 4133//1499 4135//1499
f 4135//1500 4136//1500 3957//1500
f 4136//1501 4141//1501 3957//1501
f 3957//1502 4141//1502 4008//1502
f 4141//1503 4147//1503 4008//1503
f 4008//1504 4147//1504 4155//1504
f 4439//72 4186//72 3073//72
f 4439//72 3073//72 4440//72
f 4446//72 4443//72 4442//72
f 4446//72 4442//72 3073//72
f 4442//72 4441//72 3073//72
f 3073//72 4441//72 4440//72
f 3213//59 4129//59 4201//59
f 4201//59 4206//59 3213//59
f 4206//59 4222//59 3213//59
f 3213//59 4222//59 4448//59
f 4222//59 4131//59 4448//59
f 4448//59 4131//59 4133//59
f 4185//2 4184//2 2859//2
f 4184//2 4105//2 2859//2
f 2859//2 4105//2 4108//2
f 4126//2 2839//2 4124//2
f 2839//2 4434//2 4124//2
f 4108//2 4437//2 2859//2
f 4437//2 4436//2 2859//2
f 2859//2 4436//2 2839//2
f 4436//2 4435//2 2839//2
f 2839//2 4435//2 4434//2
f 4499//1505 4500//1505 3961//1505
f 4172//1506 3961//1506 4168//1506
f 3961//1507 3963//1507 4168//1507
f 4168//1508 3963//1508 4169//1508
f 4443//1509 4446//1509 4444//1509
f 4446//1509 4499//1509 4444//1509
f 4444//1510 4499//1510 4084//1510
f 4499//1511 3961//1511 4084//1511
f 4084//1512 3961//1512 4085//1512
f 3961//1513 4172//1513 4085//1513
f 3966//1 4162//1 4164//1
f 3966//1 4164//1 3963//1
f 4164//1 4166//1 3963//1
f 3963//1 4166//1 4169//1
f 4160//1514 4162//1514 3992//1514
f 4162//1514 3966//1514 3992//1514
f 3998//1515 4156//1515 3984//1515
f 4156//1515 4158//1515 3984//1515
f 4158//1 4160//1 3984//1
f 4160//1 3992//1 3984//1
f 4501//58 4484//58 4502//58
f 4484//58 4483//58 4502//58
f 4502//58 4483//58 4503//58
f 4483//58 4480//58 4503//58
f 4503//58 4480//58 4504//58
f 4480//58 4477//58 4504//58
f 4504//58 4477//58 4505//58
f 4477//58 4475//58 4505//58
f 4505//58 4475//58 4506//58
f 4475//58 4474//58 4506//58
f 4506//58 4474//58 4507//58
f 4474//58 4473//58 4507//58
f 4507//58 4473//58 4508//58
f 4473//58 4490//58 4508//58
f 4508//58 4490//58 4509//58
f 4490//58 4489//58 4509//58
f 4509//58 4489//58 4510//58
f 4489//58 4488//58 4510//58
f 4510//58 4488//58 4511//58
f 4488//58 4470//58 4511//58
f 4511//58 4470//58 4512//58
f 4470//58 4467//58 4512//58
f 4512//58 4467//58 4513//58
f 4467//58 4465//58 4513//58
f 4513//58 4465//58 4514//58
f 4465//58 4464//58 4514//58
f 4514//58 4464//58 4515//58
f 4464//58 4463//58 4515//58
f 4515//58 4463//58 4516//58
f 4463//58 4460//58 4516//58
f 4516//58 4460//58 4517//58
f 4460//58 4457//58 4517//58
f 4517//58 4457//58 4518//58
f 4457//58 4456//58 4518//58
f 4518//58 4456//58 4519//58
f 4456//58 4455//58 4519//58
f 4519//58 4455//58 4520//58
f 4455//58 4494//58 4520//58
f 4520//58 4494//58 4521//58
f 4494//58 4493//58 4521//58
f 4521//58 4493//58 4522//58
f 4493//58 4492//58 4522//58
f 4522//58 4492//58 4523//58
f 4492//58 4491//58 4523//58
f 4523//58 4491//58 4524//58
f 4491//58 4485//58 4524//58
f 4524//58 4485//58 4501//58
f 4485//58 4484//58 4501//58
f 2859//1340 3073//1340 4185//1340
f 3073//1340 4186//1340 4185//1340
f 3213//1341 2839//1341 4129//1341
f 2839//1341 4126//1341 4129//1341
f 4199//1292 4036//1292 4187//1292
f 4036//1292 4035//1292 4187//1292
f 4187//1516 4035//1516 4188//1516
f 4035//1516 4034//1516 4188//1516
f 4188//1517 4034//1517 4190//1517
f 4034//1517 4033//1517 4190//1517
f 4190//1518 4033//1518 4191//1518
f 4033//1518 4060//1518 4191//1518
f 4191//1519 4060//1519 4195//1519
f 4060//1519 4045//1519 4195//1519
f 4195//1294 4045//1294 4196//1294
f 4045//1294 4027//1294 4196//1294
f 4196//1295 4027//1295 4197//1295
f 4027//1295 4066//1295 4197//1295
f 4197//1520 4066//1520 4192//1520
f 4066//1520 4067//1520 4192//1520
f 4192//1521 4067//1521 4193//1521
f 4067//1521 4068//1521 4193//1521
f 4193//1522 4068//1522 4194//1522
f 4068//1522 4043//1522 4194//1522
f 4194//1523 4043//1523 4165//1523
f 4043//1523 4042//1523 4165//1523
f 4165//1297 4042//1297 4179//1297
f 4042//1297 4041//1297 4179//1297
f 4179//1298 4041//1298 4178//1298
f 4041//1298 3965//1298 4178//1298
f 4178//1524 3965//1524 4177//1524
f 3965//1524 4038//1524 4177//1524
f 4177//1525 4038//1525 4176//1525
f 4038//1525 4037//1525 4176//1525
f 4176//1526 4037//1526 4180//1526
f 4037//1526 4022//1526 4180//1526
f 4180//1527 4022//1527 4181//1527
f 4022//1527 4021//1527 4181//1527
f 4181//1300 4021//1300 4182//1300
f 4021//1300 4071//1300 4182//1300
f 4182//1301 4071//1301 4170//1301
f 4071//1301 4070//1301 4170//1301
f 4170//1528 4070//1528 4171//1528
f 4070//1528 4069//1528 4171//1528
f 4171//1529 4069//1529 4173//1529
f 4069//1529 4063//1529 4173//1529
f 4173//1530 4063//1530 4174//1530
f 4063//1530 4062//1530 4174//1530
f 4174//1531 4062//1531 4198//1531
f 4062//1531 4061//1531 4198//1531
f 4198//1303 4061//1303 4199//1303
f 4061//1303 4036//1303 4199//1303
f 4416//1238 3275//1238 4417//1238
f 3275//1238 3277//1238 4417//1238
f 4417//1239 3277//1239 4418//1239
f 3277//1239 3279//1239 4418//1239
f 4418//1240 3279//1240 4432//1240
f 3279//1240 3281//1240 4432//1240
f 4432//1241 3281//1241 4433//1241
f 3281//1241 3283//1241 4433//1241
f 4433//1242 3283//1242 4426//1242
f 3283//1242 3285//1242 4426//1242
f 4426//1243 3285//1243 4427//1243
f 3285//1243 3287//1243 4427//1243
f 4427//1244 3287//1244 4431//1244
f 3287//1244 3289//1244 4431//1244
f 4431//610 3289//610 4428//610
f 3289//610 3291//610 4428//610
f 4428//1245 3291//1245 4429//1245
f 3291//1245 3293//1245 4429//1245
f 4429//1246 3293//1246 4430//1246
f 3293//1246 3295//1246 4430//1246
f 4430//1247 3295//1247 4425//1247
f 3295//1247 3297//1247 4425//1247
f 4425//1248 3297//1248 4410//1248
f 3297//1248 3299//1248 4410//1248
f 4410//1249 3299//1249 4411//1249
f 3299//1249 3301//1249 4411//1249
f 4411//1250 3301//1250 4419//1250
f 3301//1250 3303//1250 4419//1250
f 4419//1251 3303//1251 4420//1251
f 3303//1251 3305//1251 4420//1251
f 4420//1252 3305//1252 4421//1252
f 3305//1252 3307//1252 4421//1252
f 4421//616 3307//616 4422//616
f 3307//616 3309//616 4422//616
f 4422//1253 3309//1253 4423//1253
f 3309//1253 3311//1253 4423//1253
f 4423//1254 3311//1254 4424//1254
f 3311//1254 3313//1254 4424//1254
f 4424//1255 3313//1255 4414//1255
f 3313//1255 3315//1255 4414//1255
f 4414//1256 3315//1256 4413//1256
f 3315//1256 3317//1256 4413//1256
f 4413//1257 3317//1257 4412//1257
f 3317//1257 3319//1257 4412//1257
f 4412//1258 3319//1258 4415//1258
f 3319//1258 3321//1258 4415//1258
f 4415//1259 3321//1259 4416//1259
f 3321//1259 3275//1259 4416//1259
f 4125//1260 3323//1260 4127//1260
f 3323//1260 3325//1260 4127//1260
f 4127//1261 3325//1261 4128//1261
f 3325//1261 3327//1261 4128//1261
f 4128//1262 3327//1262 4202//1262
f 3327//1262 3329//1262 4202//1262
f 4202//1263 3329//1263 4203//1263
f 3329//1263 3331//1263 4203//1263
f 4203//1264 3331//1264 4204//1264
f 3331//1264 3333//1264 4204//1264
f 4204//1265 3333//1265 4205//1265
f 3333//1265 3335//1265 4205//1265
f 4205//1266 3335//1266 4207//1266
f 3335//1266 3337//1266 4207//1266
f 4207//1267 3337//1267 4208//1267
f 3337//1267 3339//1267 4208//1267
f 4208//1268 3339//1268 4220//1268
f 3339//1268 3341//1268 4220//1268
f 4220//1269 3341//1269 4221//1269
f 3341//1269 3343//1269 4221//1269
f 4221//1270 3343//1270 4223//1270
f 3343//1270 3345//1270 4223//1270
f 4223//1271 3345//1271 4224//1271
f 3345//1271 3347//1271 4224//1271
f 4224//1272 3347//1272 4212//1272
f 3347//1272 3349//1272 4212//1272
f 4212//1273 3349//1273 4213//1273
f 3349//1273 3351//1273 4213//1273
f 4213//1274 3351//1274 4215//1274
f 3351//1274 3353//1274 4215//1274
f 4215//1275 3353//1275 4216//1275
f 3353//1275 3355//1275 4216//1275
f 4216//1276 3355//1276 4217//1276
f 3355//1276 3357//1276 4217//1276
f 4217//1277 3357//1277 4218//1277
f 3357//1277 3359//1277 4218//1277
f 4218//1278 3359//1278 4219//1278
f 3359//1278 3361//1278 4219//1278
f 4219//1279 3361//1279 4209//1279
f 3361//1279 3363//1279 4209//1279
f 4209//1280 3363//1280 4210//1280
f 3363//1280 3365//1280 4210//1280
f 4210//1281 3365//1281 4122//1281
f 3365//1281 3367//1281 4122//1281
f 4122//1282 3367//1282 4123//1282
f 3367//1282 3369//1282 4123//1282
f 4123//1283 3369//1283 4125//1283
f 3369//1283 3323//1283 4125//1283
f 4360//1284 3371//1284 4361//1284
f 3371//1284 3373//1284 4361//1284
f 4361//1285 3373//1285 4362//1285
f 3373//1285 3375//1285 4362//1285
f 4362//1240 3375//1240 4377//1240
f 3375//1240 3377//1240 4377//1240
f 4377//1241 3377//1241 4378//1241
f 3377//1241 3379//1241 4378//1241
f 4378//1242 3379//1242 4371//1242
f 3379//1242 3381//1242 4371//1242
f 4371//1243 3381//1243 4372//1243
f 3381//1243 3383//1243 4372//1243
f 4372//1244 3383//1244 4376//1244
f 3383//1244 3385//1244 4376//1244
f 4376//610 3385//610 4373//610
f 3385//610 3387//610 4373//610
f 4373//1245 3387//1245 4374//1245
f 3387//1245 3389//1245 4374//1245
f 4374//1246 3389//1246 4375//1246
f 3389//1246 3391//1246 4375//1246
f 4375//1286 3391//1286 4370//1286
f 3391//1286 3393//1286 4370//1286
f 4370//1287 3393//1287 4369//1287
f 3393//1287 3395//1287 4369//1287
f 4369//1288 3395//1288 4354//1288
f 3395//1288 3397//1288 4354//1288
f 4354//1289 3397//1289 4355//1289
f 3397//1289 3399//1289 4355//1289
f 4355//1251 3399//1251 4363//1251
f 3399//1251 3401//1251 4363//1251
f 4363//1252 3401//1252 4364//1252
f 3401//1252 3403//1252 4364//1252
f 4364//616 3403//616 4365//616
f 3403//616 3405//616 4365//616
f 4365//1253 3405//1253 4366//1253
f 3405//1253 3407//1253 4366//1253
f 4366//1254 3407//1254 4367//1254
f 3407//1254 3409//1254 4367//1254
f 4367//1255 3409//1255 4368//1255
f 3409//1255 3411//1255 4368//1255
f 4368//1256 3411//1256 4356//1256
f 3411//1256 3413//1256 4356//1256
f 4356//1257 3413//1257 4357//1257
f 3413//1257 3415//1257 4357//1257
f 4357//1290 3415//1290 4359//1290
f 3415//1290 3417//1290 4359//1290
f 4359//1291 3417//1291 4360//1291
f 3417//1291 3371//1291 4360//1291
f 4397//1532 4032//1532 4398//1532
f 4032//1532 4031//1532 4398//1532
f 4398//1239 4031//1239 4399//1239
f 4031//1239 4030//1239 4399//1239
f 4399//1240 4030//1240 4400//1240
f 4030//1240 3993//1240 4400//1240
f 4400//1241 3993//1241 4401//1241
f 3993//1241 3973//1241 4401//1241
f 4401//1242 3973//1242 4402//1242
f 3973//1242 3971//1242 4402//1242
f 4402//1243 3971//1243 4406//1243
f 3971//1243 3970//1243 4406//1243
f 4406//1244 3970//1244 4407//1244
f 3970//1244 4057//1244 4407//1244
f 4407//610 4057//610 4408//610
f 4057//610 4058//610 4408//610
f 4408//1245 4058//1245 4391//1245
f 4058//1245 4059//1245 4391//1245
f 4391//1246 4059//1246 4392//1246
f 4059//1246 4054//1246 4392//1246
f 4392//1247 4054//1247 4403//1247
f 4054//1247 4053//1247 4403//1247
f 4403//1533 4053//1533 4404//1533
f 4053//1533 4052//1533 4404//1533
f 4404//1534 4052//1534 4405//1534
f 4052//1534 4051//1534 4405//1534
f 4405//1250 4051//1250 4385//1250
f 4051//1250 4050//1250 4385//1250
f 4385//1251 4050//1251 4386//1251
f 4050//1251 4065//1251 4386//1251
f 4386//1252 4065//1252 4393//1252
f 4065//1252 4064//1252 4393//1252
f 4393//616 4064//616 4394//616
f 4064//616 4074//616 4394//616
f 4394//1253 4074//1253 4395//1253
f 4074//1253 4073//1253 4395//1253
f 4395//1254 4073//1254 4387//1254
f 4073//1254 4072//1254 4387//1254
f 4387//1255 4072//1255 4388//1255
f 4072//1255 4026//1255 4388//1255
f 4388//1256 4026//1256 4389//1256
f 4026//1256 4028//1256 4389//1256
f 4389//1257 4028//1257 4390//1257
f 4028//1257 4029//1257 4390//1257
f 4390//1258 4029//1258 4396//1258
f 4029//1258 4044//1258 4396//1258
f 4396//1535 4044//1535 4397//1535
f 4044//1535 4032//1535 4397//1535
f 4345//1536 3977//1536 4346//1536
f 3977//1536 3976//1536 4346//1536
f 4346//1285 3976//1285 4338//1285
f 3976//1285 4049//1285 4338//1285
f 4338//1240 4049//1240 4339//1240
f 4049//1240 4048//1240 4339//1240
f 4339//1241 4048//1241 4340//1241
f 4048//1241 4047//1241 4340//1241
f 4340//1242 4047//1242 4350//1242
f 4047//1242 4046//1242 4350//1242
f 4350//1243 4046//1243 4351//1243
f 4046//1243 4003//1243 4351//1243
f 4351//1244 4003//1244 4352//1244
f 4003//1244 3969//1244 4352//1244
f 4352//610 3969//610 4341//610
f 3969//610 4000//610 4341//610
f 4341//1245 4000//1245 4342//1245
f 4000//1245 3999//1245 4342//1245
f 4342//1246 3999//1246 4343//1246
f 3999//1246 3997//1246 4343//1246
f 4343//1286 3997//1286 4347//1286
f 3997//1286 3996//1286 4347//1286
f 4347//1537 3996//1537 4348//1537
f 3996//1537 4020//1537 4348//1537
f 4348//1538 4020//1538 4349//1538
f 4020//1538 4019//1538 4349//1538
f 4349//1289 4019//1289 4331//1289
f 4019//1289 4018//1289 4331//1289
f 4331//1251 4018//1251 4332//1251
f 4018//1251 3983//1251 4332//1251
f 4332//1252 3983//1252 4333//1252
f 3983//1252 3982//1252 4333//1252
f 4333//616 3982//616 4334//616
f 3982//616 3981//616 4334//616
f 4334//1253 3981//1253 4335//1253
f 3981//1253 3980//1253 4335//1253
f 4335//1254 3980//1254 4336//1254
f 3980//1254 3978//1254 4336//1254
f 4336//1255 3978//1255 4337//1255
f 3978//1255 3959//1255 4337//1255
f 4337//1256 3959//1256 4329//1256
f 3959//1256 3958//1256 4329//1256
f 4329//1257 3958//1257 4330//1257
f 3958//1257 3989//1257 4330//1257
f 4330//1290 3989//1290 4344//1290
f 3989//1290 3988//1290 4344//1290
f 4344//1539 3988//1539 4345//1539
f 3988//1539 3977//1539 4345//1539
f 4144//1260 4040//1260 4145//1260
f 4040//1260 4039//1260 4145//1260
f 4145//1516 4039//1516 4146//1516
f 4039//1516 3985//1516 4146//1516
f 4146//1517 3985//1517 4139//1517
f 3985//1517 3986//1517 4139//1517
f 4139//1540 3986//1540 4140//1540
f 3986//1540 3987//1540 4140//1540
f 4140//1519 3987//1519 4150//1519
f 3987//1519 4016//1519 4150//1519
f 4150//1265 4016//1265 4151//1265
f 4016//1265 4015//1265 4151//1265
f 4151//1266 4015//1266 4152//1266
f 4015//1266 4014//1266 4152//1266
f 4152//1520 4014//1520 4148//1520
f 4014//1520 4013//1520 4148//1520
f 4148//1541 4013//1541 4149//1541
f 4013//1541 4012//1541 4149//1541
f 4149//1522 4012//1522 4153//1522
f 4012//1522 4011//1522 4153//1522
f 4153//1523 4011//1523 4154//1523
f 4011//1523 4010//1523 4154//1523
f 4154//1271 4010//1271 4225//1271
f 4010//1271 4009//1271 4225//1271
f 4225//1272 4009//1272 4226//1272
f 4009//1272 4007//1272 4226//1272
f 4226//1524 4007//1524 4227//1524
f 4007//1524 4006//1524 4227//1524
f 4227//1525 4006//1525 4228//1525
f 4006//1525 3968//1525 4228//1525
f 4228//1542 3968//1542 4233//1542
f 3968//1542 3967//1542 4233//1542
f 4233//1527 3967//1527 4234//1527
f 3967//1527 4025//1527 4234//1527
f 4234//1277 4025//1277 4235//1277
f 4025//1277 4024//1277 4235//1277
f 4235//1278 4024//1278 4229//1278
f 4024//1278 4023//1278 4229//1278
f 4229//1528 4023//1528 4230//1528
f 4023//1528 4005//1528 4230//1528
f 4230//1543 4005//1543 4232//1543
f 4005//1543 4004//1543 4232//1543
f 4232//1530 4004//1530 4142//1530
f 4004//1530 4002//1530 4142//1530
f 4142//1531 4002//1531 4143//1531
f 4002//1531 4001//1531 4143//1531
f 4143//1283 4001//1283 4144//1283
f 4001//1283 4040//1283 4144//1283
f 4327//1544 3960//1544 3975//1544
f 4525//1545 4459//1545 3975//1545
f 4459//1545 4255//1545 3975//1545
f 3975//1546 4255//1546 4327//1546
f 4262//1547 4454//1547 4260//1547
f 4454//1548 4526//1548 4260//1548
f 4260//1549 4526//1549 4258//1549
f 4526//1550 3974//1550 4258//1550
f 4258//1551 3974//1551 4264//1551
f 3974//1552 3979//1552 4264//1552
f 4264//1553 3979//1553 4265//1553
f 3975//1554 3974//1554 4525//1554
f 3974//1554 4526//1554 4525//1554
f 4487//58 4527//58 4486//58
f 4527//58 4528//58 4486//58
f 4486//58 4528//58 4481//58
f 4528//58 4482//58 4481//58
f 4078//1555 4055//1555 4079//1555
f 4055//1556 3972//1556 4079//1556
f 4487//1557 4268//1557 4527//1557
f 4268//1558 4249//1558 4527//1558
f 4527//1559 4249//1559 3972//1559
f 4249//1560 4248//1560 3972//1560
f 3972//1561 4248//1561 4079//1561
f 3994//1562 4267//1562 3995//1562
f 4267//1563 4239//1563 3995//1563
f 3995//1564 4239//1564 4528//1564
f 4239//1564 4482//1564 4528//1564
f 4527//1565 3972//1565 4528//1565
f 3972//1565 3995//1565 4528//1565
f 3964//2 4086//2 4183//2
f 3964//2 4183//2 3994//2
f 4183//2 4266//2 3994//2
f 3994//2 4266//2 4267//2
f 4137//2 3955//2 4328//2
f 3955//2 3960//2 4328//2
f 4328//2 3960//2 4327//2
f 3991//2 4276//2 3990//2
f 4276//2 4275//2 3990//2
f 4529//58 3936//58 4530//58
f 3936//58 3934//58 4530//58
f 4530//58 3934//58 4531//58
f 3934//58 3932//58 4531//58
f 4531//58 3932//58 4532//58
f 3932//58 3930//58 4532//58
f 4532//58 3930//58 4533//58
f 3930//58 3928//58 4533//58
f 4533//58 3928//58 4534//58
f 3928//58 3926//58 4534//58
f 4534//58 3926//58 4535//58
f 3926//58 3924//58 4535//58
f 4535//58 3924//58 4536//58
f 3924//58 3922//58 4536//58
f 4536//58 3922//58 4537//58
f 3922//58 3920//58 4537//58
f 4537//58 3920//58 4538//58
f 3920//58 3918//58 4538//58
f 4538//58 3918//58 4539//58
f 3918//58 3916//58 4539//58
f 4539//58 3916//58 4540//58
f 3916//58 3914//58 4540//58
f 4540//58 3914//58 4541//58
f 3914//58 3912//58 4541//58
f 4541//58 3912//58 4542//58
f 3912//58 3910//58 4542//58
f 4542//58 3910//58 4543//58
f 3910//58 3908//58 4543//58
f 4543//58 3908//58 4544//58
f 3908//58 3954//58 4544//58
f 4544//58 3954//58 4545//58
f 3954//58 3952//58 4545//58
f 4545//58 3952//58 4546//58
f 3952//58 3950//58 4546//58
f 4546//58 3950//58 4547//58
f 3950//58 3948//58 4547//58
f 4547//58 3948//58 4548//58
f 3948//58 3946//58 4548//58
f 4548//58 3946//58 4549//58
f 3946//58 3944//58 4549//58
f 4549//58 3944//58 4550//58
f 3944//58 3942//58 4550//58
f 4550//58 3942//58 4551//58
f 3942//58 3940//58 4551//58
f 4551//58 3940//58 4552//58
f 3940//58 3938//58 4552//58
f 4552//58 3938//58 4529//58
f 3938//58 3936//58 4529//58
f 3929//1566 4504//1566 3927//1566
f 4504//1567 4505//1567 3927//1567
f 3927//1568 4505//1568 3925//1568
f 4505//1569 4506//1569 3925//1569
f 3925//1570 4506//1570 3923//1570
f 4506//1571 4507//1571 3923//1571
f 3923//1572 4507//1572 3921//1572
f 4507//1573 4508//1573 3921//1573
f 3921//1574 4508//1574 3919//1574
f 4508//1575 4509//1575 3919//1575
f 3919//1576 4509//1576 3917//1576
f 4509//1577 4510//1577 3917//1577
f 3917//1578 4510//1578 3915//1578
f 4510//1579 4511//1579 3915//1579
f 3915//1580 4511//1580 3913//1580
f 4511//1581 4512//1581 3913//1581
f 3913//1582 4512//1582 3911//1582
f 4512//1583 4513//1583 3911//1583
f 3911//1584 4513//1584 3909//1584
f 4513//1585 4514//1585 3909//1585
f 3909//1586 4514//1586 3907//1586
f 4514//1587 4515//1587 3907//1587
f 3907//1588 4515//1588 3953//1588
f 4515//1589 4516//1589 3953//1589
f 3953//1590 4516//1590 3951//1590
f 4516//1591 4517//1591 3951//1591
f 3951//1592 4517//1592 3949//1592
f 4517//1593 4518//1593 3949//1593
f 3949//1594 4518//1594 3947//1594
f 4518//1595 4519//1595 3947//1595
f 3947//1596 4519//1596 3945//1596
f 4519//1597 4520//1597 3945//1597
f 3945//1598 4520//1598 3943//1598
f 4520//1599 4521//1599 3943//1599
f 3943//1600 4521//1600 3941//1600
f 4521//1601 4522//1601 3941//1601
f 3941//1602 4522//1602 3939//1602
f 4522//1603 4523//1603 3939//1603
f 3939//1604 4523//1604 3937//1604
f 4523//1605 4524//1605 3937//1605
f 3937//1606 4524//1606 3935//1606
f 4524//1607 4501//1607 3935//1607
f 3935//1608 4501//1608 3933//1608
f 4501//1609 4502//1609 3933//1609
f 3933//1610 4502//1610 3931//1610
f 4502//1611 4503//1611 3931//1611
f 3931//1612 4503//1612 3929//1612
f 4503//1613 4504//1613 3929//1613
f 4543//1614 4315//1614 4542//1614
f 4315//1614 4314//1614 4542//1614
f 4542//1615 4314//1615 4541//1615
f 4314//1615 4313//1615 4541//1615
f 4541//1616 4313//1616 4540//1616
f 4313//1616 4279//1616 4540//1616
f 4540//1617 4279//1617 4539//1617
f 4279//1617 4285//1617 4539//1617
f 4539//1618 4285//1618 4538//1618
f 4285//1618 4287//1618 4538//1618
f 4538//1619 4287//1619 4537//1619
f 4287//1620 4289//1620 4537//1620
f 4537//1621 4289//1621 4536//1621
f 4289//1622 4291//1622 4536//1622
f 4536//1623 4291//1623 4535//1623
f 4291//1623 4293//1623 4535//1623
f 4535//1624 4293//1624 4534//1624
f 4293//1624 4076//1624 4534//1624
f 4534//1625 4076//1625 4533//1625
f 4076//1625 4075//1625 4533//1625
f 4533//1626 4075//1626 4532//1626
f 4075//1626 4326//1626 4532//1626
f 4532//1627 4326//1627 4531//1627
f 4326//1627 4325//1627 4531//1627
f 4531//1628 4325//1628 4530//1628
f 4325//1628 4324//1628 4530//1628
f 4530//1629 4324//1629 4529//1629
f 4324//1629 4323//1629 4529//1629
f 4529//1630 4323//1630 4552//1630
f 4323//1630 4322//1630 4552//1630
f 4552//1631 4322//1631 4551//1631
f 4322//1631 4321//1631 4551//1631
f 4551//1632 4321//1632 4550//1632
f 4321//1632 4312//1632 4550//1632
f 4550//1633 4312//1633 4549//1633
f 4312//1634 4311//1634 4549//1634
f 4549//1635 4311//1635 4548//1635
f 4311//1636 4320//1636 4548//1636
f 4548//1637 4320//1637 4547//1637
f 4320//1637 4319//1637 4547//1637
f 4547//1638 4319//1638 4546//1638
f 4319//1638 4318//1638 4546//1638
f 4546//1639 4318//1639 4545//1639
f 4318//1639 4317//1639 4545//1639
f 4545//1640 4317//1640 4544//1640
f 4317//1640 4316//1640 4544//1640
f 4544//1641 4316//1641 4543//1641
f 4316//1641 4315//1641 4543//1641
f 4301//1 4300//1 4451//1
f 4283//1 4310//1 4452//1
f 4310//1 4309//1 4452//1
f 4309//1 4307//1 4452//1
f 4307//1 4305//1 4452//1
f 4452//1 4305//1 4451//1
f 4305//1 4303//1 4451//1
f 4451//1 4303//1 4301//1
f 4265//1642 3979//1642 4274//1642
f 3979//1642 4017//1642 4274//1642
f 4274//1643 4017//1643 4275//1643
f 4017//1643 3990//1643 4275//1643
f 4276//1644 3991//1644 4409//1644
f 3991//1644 4056//1644 4409//1644
f 4409//1645 4056//1645 4078//1645
f 4056//1645 4055//1645 4078//1645
f 4525//58 4526//58 4454//58
f 4454//58 4453//58 4525//58
f 4453//58 4458//58 4525//58
f 4525//58 4458//58 4459//58
f 4553//2 4447//2 4554//2
f 4447//2 4451//2 4554//2
f 4300//59 4299//59 4451//59
f 4299//59 4495//59 4451//59
f 4451//59 4495//59 4554//59
f 4555//2 4452//2 4556//2
f 4452//2 4450//2 4556//2
f 4555//72 4557//72 4452//72
f 4557//72 4282//72 4452//72
f 4452//72 4282//72 4283//72
f 4558//1646 4134//1646 4559//1646
f 4134//1646 4130//1646 4559//1646
f 4449//2 4448//2 4560//2
f 4448//2 4498//2 4560//2
f 3955//1647 4137//1647 3956//1647
f 4137//1648 4134//1648 3956//1648
f 3956//1649 4134//1649 4561//1649
f 4134//1649 4558//1649 4561//1649
f 4497//1 3957//1 4561//1
f 3957//1 3956//1 4561//1
f 4243//1650 4245//1650 4496//1650
f 4245//1650 4562//1650 4496//1650
f 4086//1651 3964//1651 3962//1651
f 4563//1652 4562//1652 3962//1652
f 4562//1652 4245//1652 3962//1652
f 3962//1653 4245//1653 4086//1653
f 4563//1 3962//1 4500//1
f 3962//1 3961//1 4500//1
f 4499//2 4446//2 4564//2
f 4446//2 4445//2 4564//2
f 4556//59 4450//59 4560//59
f 4450//59 4449//59 4560//59
f 4251//1 4462//1 4253//1
f 4462//1 4559//1 4253//1
f 4253//1 4559//1 4254//1
f 4559//1 4130//1 4254//1
f 4278//2 4277//2 4469//2
f 4277//2 4280//2 4469//2
f 4469//2 4280//2 4557//2
f 4280//2 4281//2 4557//2
f 4557//2 4281//2 4282//2
f 4557//58 4558//58 4559//58
f 4469//58 4557//58 4468//58
f 4557//58 4466//58 4468//58
f 4497//58 4561//58 4498//58
f 4561//58 4558//58 4498//58
f 4498//58 4558//58 4560//58
f 4558//58 4557//58 4560//58
f 4560//58 4557//58 4556//58
f 4557//58 4555//58 4556//58
f 4559//58 4462//58 4557//58
f 4462//58 4461//58 4557//58
f 4557//58 4461//58 4466//58
f 4445//72 4447//72 4564//72
f 4447//72 4553//72 4564//72
f 4553//58 4554//58 4564//58
f 4554//58 4495//58 4564//58
f 4562//58 4563//58 4500//58
f 4478//58 4479//58 4496//58
f 4476//58 4495//58 4471//58
f 4495//58 4472//58 4471//58
f 4476//58 4478//58 4495//58
f 4478//58 4496//58 4495//58
f 4495//58 4496//58 4564//58
f 4496//58 4562//58 4564//58
f 4564//58 4562//58 4499//58
f 4562//58 4500//58 4499//58
f 4107//1292 3419//1292 4097//1292
f 3419//1292 3421//1292 4097//1292
f 4097//1261 3421//1261 4098//1261
f 3421//1261 3423//1261 4098//1261
f 4098//1262 3423//1262 4100//1262
f 3423//1262 3425//1262 4100//1262
f 4100//1293 3425//1293 4101//1293
f 3425//1293 3427//1293 4101//1293
f 4101//1264 3427//1264 4102//1264
f 3427//1264 3429//1264 4102//1264
f 4102//1294 3429//1294 4103//1294
f 3429//1294 3431//1294 4103//1294
f 4103//1295 3431//1295 4104//1295
f 3431//1295 3433//1295 4104//1295
f 4104//1267 3433//1267 4096//1267
f 3433//1267 3435//1267 4096//1267
f 4096//1296 3435//1296 4093//1296
f 3435//1296 3437//1296 4093//1296
f 4093//1269 3437//1269 4094//1269
f 3437//1269 3439//1269 4094//1269
f 4094//1270 3439//1270 4120//1270
f 3439//1270 3441//1270 4120//1270
f 4120//1297 3441//1297 4121//1297
f 3441//1297 3443//1297 4121//1297
f 4121//1298 3443//1298 4090//1298
f 3443//1298 3445//1298 4090//1298
f 4090//1273 3445//1273 4091//1273
f 3445//1273 3447//1273 4091//1273
f 4091//1274 3447//1274 4114//1274
f 3447//1274 3449//1274 4114//1274
f 4114//1299 3449//1299 4115//1299
f 3449//1299 3451//1299 4115//1299
f 4115//1276 3451//1276 4117//1276
f 3451//1276 3453//1276 4117//1276
f 4117//1300 3453//1300 4118//1300
f 3453//1300 3455//1300 4118//1300
f 4118//1301 3455//1301 4109//1301
f 3455//1301 3457//1301 4109//1301
f 4109//1279 3457//1279 4110//1279
f 3457//1279 3459//1279 4110//1279
f 4110//1302 3459//1302 4112//1302
f 3459//1302 3461//1302 4112//1302
f 4112//1281 3461//1281 4113//1281
f 3461//1281 3463//1281 4113//1281
f 4113//1282 3463//1282 4106//1282
f 3463//1282 3465//1282 4106//1282
f 4106//1303 3465//1303 4107//1303
f 3465//1303 3419//1303 4107//1303
f 4565//58 4566//58 4567//58
f 4566//58 4568//58 4567//58
f 4567//58 4568//58 4569//58
f 4568//58 4570//58 4569//58
f 4569//58 4570//58 4571//58
f 4572//58 4573//58 4574//58
f 4573//58 4575//58 4574//58
f 4574//58 4575//58 4576//58
f 4575//58 4566//58 4576//58
f 4566//58 4565//58 4576//58
f 4576//58 4565//58 4577//58
f 4565//58 4578//58 4577//58
f 4577//58 4578//58 4579//58
f 4578//58 4580//58 4579//58
f 4579//58 4580//58 4581//58
f 4580//58 4571//58 4581//58
f 4581//58 4571//58 4582//58
f 4571//58 4570//58 4582//58
f 4582//58 4570//58 4572//58
f 4570//58 4583//58 4572//58
f 4572//58 4583//58 4573//58
f 4584//58 4585//58 4586//58
f 4585//58 4587//58 4586//58
f 4586//58 4587//58 4588//58
f 4589//58 4590//58 4591//58
f 4590//58 4592//58 4591//58
f 4591//58 4592//58 4593//58
f 4592//58 4594//58 4593//58
f 4593//58 4594//58 4595//58
f 4594//58 4588//58 4595//58
f 4595//58 4588//58 4596//58
f 4588//58 4587//58 4596//58
f 4596//58 4587//58 4597//58
f 4587//58 4598//58 4597//58
f 4597//58 4598//58 4599//58
f 4589//58 4597//58 4590//58
f 4597//58 4599//58 4590//58
f 4590//58 4599//58 4600//58
f 4599//58 4601//58 4600//58
f 4600//58 4601//58 4584//58
f 4601//58 4602//58 4584//58
f 4584//58 4602//58 4585//58
f 4603//1654 4604//1654 4605//1654
f 4604//1654 4606//1654 4605//1654
f 4607//1655 4608//1655 4609//1655
f 4608//1655 4610//1655 4609//1655
f 4581//1656 4582//1656 3998//1656
f 3998//1657 3984//1657 4581//1657
f 3984//1658 4606//1658 4581//1658
f 4581//1658 4606//1658 4611//1658
f 4606//1658 4604//1658 4611//1658
f 4611//1658 4604//1658 4612//1658
f 3966//1514 4586//1514 3992//1514
f 4586//1659 4588//1659 3992//1659
f 4613//1660 4614//1660 4608//1660
f 4613//1660 4608//1660 4588//1660
f 4608//1660 4607//1660 4588//1660
f 4588//1660 4607//1660 3992//1660
f 4605//1643 3990//1643 4017//1643
f 4579//1661 4615//1661 4616//1661
f 4017//1642 3979//1642 4577//1642
f 4616//1643 4617//1643 4603//1643
f 4577//1662 4579//1662 4017//1662
f 4579//1661 4616//1661 4017//1661
f 4017//1643 4616//1643 4605//1643
f 4616//1643 4603//1643 4605//1643
f 4610//1644 4618//1644 4619//1644
f 4619//1663 4620//1663 4594//1663
f 4056//1644 3991//1644 4609//1644
f 4592//1664 4055//1664 4594//1664
f 4055//1665 4056//1665 4594//1665
f 4594//1663 4056//1663 4619//1663
f 4056//1644 4609//1644 4619//1644
f 4619//1644 4609//1644 4610//1644
f 4604//1 4608//1 4612//1
f 4608//1 4614//1 4612//1
f 4610//2 4603//2 4618//2
f 4603//2 4617//2 4618//2
f 4621//1666 4622//1666 4623//1666
f 4622//166 916//166 4623//166
f 4623//167 916//167 4624//167
f 916//167 918//167 4624//167
f 4624//309 918//309 4625//309
f 918//309 920//309 4625//309
f 4625//310 920//310 4626//310
f 920//310 922//310 4626//310
f 4626//311 922//311 4627//311
f 922//311 924//311 4627//311
f 4627//312 924//312 4628//312
f 924//312 926//312 4628//312
f 4628//220 926//220 4629//220
f 926//220 928//220 4629//220
f 4629//313 928//313 4630//313
f 928//313 930//313 4630//313
f 4630//314 930//314 4631//314
f 930//314 932//314 4631//314
f 4631//222 932//222 4632//222
f 932//222 934//222 4632//222
f 4632//176 934//176 4633//176
f 934//176 936//176 4633//176
f 4633//315 936//315 4634//315
f 936//1667 4635//1667 4634//1667
f 4634//1668 4635//1668 4636//1668
f 4635//318 940//318 4636//318
f 4636//181 940//181 4637//181
f 940//181 942//181 4637//181
f 4637//227 942//227 4638//227
f 942//227 944//227 4638//227
f 4638//319 944//319 4639//319
f 944//319 946//319 4639//319
f 4639//320 946//320 4640//320
f 946//320 948//320 4640//320
f 4640//229 948//229 4641//229
f 948//229 950//229 4641//229
f 4641//321 950//321 4642//321
f 950//321 952//321 4642//321
f 4642//322 952//322 4643//322
f 952//322 954//322 4643//322
f 4643//323 954//323 4644//323
f 954//323 956//323 4644//323
f 4644//324 956//324 4645//324
f 956//324 958//324 4645//324
f 4645//190 958//190 4646//190
f 958//190 960//190 4646//190
f 4646//191 960//191 4621//191
f 960//1669 4622//1669 4621//1669
f 4637//3 4638//3 4608//3
f 4638//3 4639//3 4608//3
f 4639//3 4640//3 4608//3
f 4608//3 4640//3 4610//3
f 4640//3 4641//3 4610//3
f 4610//3 4641//3 4642//3
f 4642//3 4643//3 4610//3
f 4643//3 4644//3 4610//3
f 4610//3 4644//3 4645//3
f 4624//3 4625//3 4603//3
f 4625//3 4626//3 4603//3
f 4630//3 4631//3 4604//3
f 4631//3 4632//3 4604//3
f 4645//3 4646//3 4610//3
f 4646//3 4621//3 4610//3
f 4610//3 4621//3 4603//3
f 4621//3 4623//3 4603//3
f 4603//3 4623//3 4624//3
f 4626//3 4627//3 4603//3
f 4627//3 4628//3 4603//3
f 4603//3 4628//3 4604//3
f 4628//3 4629//3 4604//3
f 4604//3 4629//3 4630//3
f 4632//3 4633//3 4604//3
f 4633//3 4634//3 4604//3
f 4604//3 4634//3 4608//3
f 4634//3 4636//3 4608//3
f 4608//3 4636//3 4637//3
f 4616//58 4615//58 4611//58
f 4613//58 4620//58 4614//58
f 4620//58 4619//58 4614//58
f 4614//58 4619//58 4618//58
f 4616//58 4611//58 4617//58
f 4611//58 926//58 4617//58
f 4617//58 926//58 924//58
f 924//58 922//58 4617//58
f 922//58 920//58 4617//58
f 4617//58 920//58 918//58
f 958//58 956//58 4618//58
f 956//58 954//58 4618//58
f 918//58 916//58 4617//58
f 916//58 4622//58 4617//58
f 4617//58 4622//58 4618//58
f 4622//58 960//58 4618//58
f 4618//58 960//58 958//58
f 948//58 4614//58 950//58
f 4614//58 4618//58 950//58
f 950//58 4618//58 952//58
f 4618//58 954//58 952//58
f 948//58 946//58 4614//58
f 946//58 944//58 4614//58
f 4614//58 944//58 942//58
f 934//58 932//58 4612//58
f 932//58 930//58 4612//58
f 4612//58 930//58 4611//58
f 930//58 928//58 4611//58
f 4611//58 928//58 926//58
f 942//58 940//58 4614//58
f 940//58 4635//58 4614//58
f 4614//58 4635//58 4612//58
f 4635//58 936//58 4612//58
f 4612//58 936//58 934//58
f 3959//3 3958//3 3979//3
f 4051//3 4050//3 3966//3
f 3965//3 4038//3 3963//3
f 4038//3 4037//3 3963//3
f 3984//3 3990//3 3992//3
f 3990//3 3991//3 3992//3
f 3988//3 3977//3 3960//3
f 3987//3 4647//3 3986//3
f 4647//3 3985//3 3986//3
f 4071//3 4648//3 4021//3
f 4648//3 3963//3 4021//3
f 4021//3 3963//3 4022//3
f 3963//3 4037//3 4022//3
f 4008//3 4013//3 4012//3
f 4066//3 4050//3 4065//3
f 4035//3 3994//3 4036//3
f 3994//3 4648//3 4036//3
f 3979//3 3958//3 3960//3
f 3958//3 3989//3 3960//3
f 3960//3 3989//3 3988//3
f 3987//3 4016//3 4647//3
f 4016//3 4015//3 4647//3
f 4647//3 4015//3 4008//3
f 4015//3 4014//3 4008//3
f 4008//3 4014//3 4013//3
f 4054//3 4053//3 3966//3
f 4053//3 4052//3 3966//3
f 3966//3 4052//3 4051//3
f 4012//3 4011//3 4008//3
f 4011//3 4010//3 4008//3
f 4008//3 4010//3 3998//3
f 4010//3 4009//3 3998//3
f 4009//3 4007//3 3998//3
f 4007//3 4006//3 3998//3
f 3998//3 4006//3 3968//3
f 3968//3 3969//3 4000//3
f 3997//3 3996//3 3998//3
f 3996//3 4020//3 3998//3
f 3998//3 4020//3 3984//3
f 4020//3 4019//3 3984//3
f 3984//3 4019//3 4018//3
f 4018//3 3983//3 3984//3
f 3983//3 3982//3 3984//3
f 3984//3 3982//3 3990//3
f 3982//3 3981//3 3990//3
f 3990//3 3981//3 4017//3
f 3981//3 3980//3 4017//3
f 4017//3 3980//3 3979//3
f 3980//3 3978//3 3979//3
f 3979//3 3978//3 3959//3
f 4071//3 4070//3 4648//3
f 4070//3 4069//3 4648//3
f 4648//3 4069//3 4063//3
f 4050//3 4066//3 3966//3
f 4066//3 4067//3 3966//3
f 3966//3 4067//3 4068//3
f 4068//3 4043//3 3966//3
f 4043//3 4042//3 3966//3
f 3966//3 4042//3 3963//3
f 4042//3 4041//3 3963//3
f 3963//3 4041//3 3965//3
f 4049//3 4048//3 4024//3
f 4048//3 4047//3 4024//3
f 4063//3 4062//3 4648//3
f 4062//3 4061//3 4648//3
f 4648//3 4061//3 4036//3
f 3993//3 4055//3 4030//3
f 4055//3 3994//3 4030//3
f 4030//3 3994//3 4031//3
f 3993//3 3973//3 4055//3
f 3973//3 3971//3 4055//3
f 4055//3 3971//3 4056//3
f 4004//3 4002//3 3960//3
f 4002//3 4001//3 3960//3
f 4001//3 4040//3 3960//3
f 3960//3 4040//3 4647//3
f 4040//3 4039//3 4647//3
f 4647//3 4039//3 3985//3
f 3968//3 4000//3 3998//3
f 4000//3 3999//3 3998//3
f 3998//3 3999//3 3997//3
f 4045//3 4026//3 4060//3
f 4026//3 4033//3 4060//3
f 4029//3 4044//3 3994//3
f 4044//3 4032//3 3994//3
f 3994//3 4032//3 4031//3
f 3971//3 3970//3 4056//3
f 3970//3 4057//3 4056//3
f 4056//3 4057//3 3991//3
f 3991//3 4057//3 3992//3
f 4057//3 4058//3 3992//3
f 3992//3 4058//3 3966//3
f 4058//3 4059//3 3966//3
f 3966//3 4059//3 4054//3
f 4049//3 4024//3 3976//3
f 4024//3 4023//3 3976//3
f 3976//3 4023//3 3977//3
f 3977//3 4023//3 3960//3
f 4023//3 4005//3 3960//3
f 3960//3 4005//3 4004//3
f 3968//3 3967//3 3969//3
f 3967//3 4025//3 3969//3
f 3969//3 4025//3 4003//3
f 4025//3 4024//3 4003//3
f 4003//3 4024//3 4046//3
f 4024//3 4047//3 4046//3
f 4065//3 4064//3 4066//3
f 4064//3 4074//3 4066//3
f 4066//3 4074//3 4027//3
f 4074//3 4073//3 4027//3
f 4027//3 4073//3 4045//3
f 4073//3 4072//3 4045//3
f 4045//3 4072//3 4026//3
f 4029//3 3994//3 4028//3
f 3994//3 4035//3 4028//3
f 4028//3 4035//3 4026//3
f 4035//3 4034//3 4026//3
f 4026//3 4034//3 4033//3
f 3991//2 4649//2 4609//2
f 4649//2 4650//2 4609//2
f 4609//2 4650//2 4605//2
f 4650//2 4651//2 4605//2
f 4651//2 4652//2 4605//2
f 4605//2 4652//2 3990//2
f 4652//2 4653//2 3990//2
f 3990//2 4653//2 3991//2
f 4653//2 4654//2 3991//2
f 3991//2 4654//2 4649//2
f 4655//1 3984//1 4656//1
f 3984//1 3992//1 4656//1
f 4656//1 3992//1 4657//1
f 4655//1 4658//1 3984//1
f 4658//1 4659//1 3984//1
f 3984//1 4659//1 4660//1
f 4606//1 4661//1 4662//1
f 4663//1 4664//1 4607//1
f 4664//1 4665//1 4607//1
f 4607//1 4665//1 4666//1
f 4662//1 4667//1 4606//1
f 4667//1 4668//1 4606//1
f 4606//1 4668//1 4607//1
f 4668//1 4669//1 4607//1
f 4607//1 4669//1 4663//1
f 4670//1 4671//1 3992//1
f 4671//1 4672//1 3992//1
f 3992//1 4672//1 4657//1
f 4660//1 4673//1 3984//1
f 4673//1 4674//1 3984//1
f 3984//1 4674//1 4606//1
f 4674//1 4675//1 4606//1
f 4606//1 4675//1 4661//1
f 4666//1 4676//1 4607//1
f 4676//1 4677//1 4607//1
f 4607//1 4677//1 3992//1
f 4677//1 4678//1 3992//1
f 3992//1 4678//1 4670//1
f 4605//58 4606//58 4609//58
f 4606//58 4607//58 4609//58
f 4590//2 4600//2 3994//2
f 4600//2 4648//2 3994//2
f 4592//1670 4590//1670 4055//1670
f 4590//1670 3994//1670 4055//1670
f 4584//1 4586//1 3963//1
f 4586//1 3966//1 3963//1
f 4600//1671 4584//1671 4648//1671
f 4584//1671 3963//1671 4648//1671
f 4576//1672 4577//1672 3960//1672
f 4577//1672 3979//1672 3960//1672
f 4574//2 4576//2 4647//2
f 4576//2 3960//2 4647//2
f 4572//1673 4574//1673 4008//1673
f 4574//1673 4647//1673 4008//1673
f 4582//1 4572//1 3998//1
f 4572//1 4008//1 3998//1
f 4679//1674 4680//1674 4580//1674
f 4680//1674 4571//1674 4580//1674
f 4681//59 4679//59 4578//59
f 4679//59 4580//59 4578//59
f 4682//1675 4681//1675 4565//1675
f 4681//1675 4578//1675 4565//1675
f 4683//1676 4682//1676 4567//1676
f 4682//1676 4565//1676 4567//1676
f 4684//72 4683//72 4569//72
f 4683//72 4567//72 4569//72
f 4680//1677 4684//1677 4571//1677
f 4684//1677 4569//1677 4571//1677
f 4685//1678 4599//1678 4686//1678
f 4599//1678 4598//1678 4686//1678
f 4687//58 4688//58 4689//58
f 4690//58 4691//58 4686//58
f 4689//58 4688//58 4692//58
f 4688//58 4693//58 4692//58
f 4692//58 4693//58 4694//58
f 4694//58 4695//58 4692//58
f 4695//58 4696//58 4692//58
f 4692//58 4696//58 4686//58
f 4696//58 4697//58 4686//58
f 4686//58 4697//58 4690//58
f 4698//58 4685//58 4699//58
f 4685//58 4686//58 4699//58
f 4699//58 4686//58 4700//58
f 4686//58 4691//58 4700//58
f 4701//58 4702//58 4703//58
f 4698//58 4704//58 4685//58
f 4704//58 4705//58 4685//58
f 4685//58 4705//58 4703//58
f 4705//58 4706//58 4703//58
f 4703//58 4706//58 4701//58
f 4707//58 4708//58 4709//58
f 4708//58 4710//58 4709//58
f 4709//58 4710//58 4689//58
f 4710//58 4711//58 4689//58
f 4689//58 4711//58 4687//58
f 4702//58 4712//58 4703//58
f 4712//58 4713//58 4703//58
f 4703//58 4713//58 4709//58
f 4713//58 4714//58 4709//58
f 4709//58 4714//58 4707//58
f 4036//1292 4704//1292 4035//1292
f 4704//1292 4698//1292 4035//1292
f 4035//1516 4698//1516 4034//1516
f 4698//1516 4699//1516 4034//1516
f 4034//1517 4699//1517 4033//1517
f 4699//1517 4700//1517 4033//1517
f 4033//1518 4700//1518 4060//1518
f 4700//1518 4691//1518 4060//1518
f 4060//1519 4691//1519 4045//1519
f 4691//1519 4690//1519 4045//1519
f 4045//1294 4690//1294 4027//1294
f 4690//1294 4697//1294 4027//1294
f 4027//1295 4697//1295 4066//1295
f 4697//1295 4696//1295 4066//1295
f 4066//1520 4696//1520 4067//1520
f 4696//1520 4695//1520 4067//1520
f 4067//1521 4695//1521 4068//1521
f 4695//1521 4694//1521 4068//1521
f 4068//1522 4694//1522 4043//1522
f 4694//1522 4693//1522 4043//1522
f 4043//1523 4693//1523 4042//1523
f 4693//1523 4688//1523 4042//1523
f 4042//1297 4688//1297 4041//1297
f 4688//1297 4687//1297 4041//1297
f 4041//1298 4687//1298 3965//1298
f 4687//1298 4711//1298 3965//1298
f 3965//1524 4711//1524 4038//1524
f 4711//1524 4710//1524 4038//1524
f 4038//1525 4710//1525 4037//1525
f 4710//1525 4708//1525 4037//1525
f 4037//1526 4708//1526 4022//1526
f 4708//1526 4707//1526 4022//1526
f 4022//1527 4707//1527 4021//1527
f 4707//1527 4714//1527 4021//1527
f 4021//1300 4714//1300 4071//1300
f 4714//1300 4713//1300 4071//1300
f 4071//1301 4713//1301 4070//1301
f 4713//1301 4712//1301 4070//1301
f 4070//1528 4712//1528 4069//1528
f 4712//1528 4702//1528 4069//1528
f 4069//1529 4702//1529 4063//1529
f 4702//1529 4701//1529 4063//1529
f 4063//1530 4701//1530 4062//1530
f 4701//1530 4706//1530 4062//1530
f 4062//1531 4706//1531 4061//1531
f 4706//1531 4705//1531 4061//1531
f 4061//1303 4705//1303 4036//1303
f 4705//1303 4704//1303 4036//1303
f 4032//1532 4715//1532 4031//1532
f 4715//1532 4716//1532 4031//1532
f 4031//1239 4716//1239 4030//1239
f 4716//1239 4717//1239 4030//1239
f 4030//1240 4717//1240 3993//1240
f 4717//1240 4718//1240 3993//1240
f 3993//1241 4718//1241 3973//1241
f 4718//1241 4719//1241 3973//1241
f 3973//1242 4719//1242 3971//1242
f 4719//1242 4720//1242 3971//1242
f 3971//1243 4720//1243 3970//1243
f 4720//1243 4721//1243 3970//1243
f 3970//1244 4721//1244 4057//1244
f 4721//1244 4722//1244 4057//1244
f 4057//610 4722//610 4058//610
f 4722//610 4723//610 4058//610
f 4058//1245 4723//1245 4059//1245
f 4723//1245 4724//1245 4059//1245
f 4059//1246 4724//1246 4054//1246
f 4724//1246 4725//1246 4054//1246
f 4054//1247 4725//1247 4053//1247
f 4725//1247 4726//1247 4053//1247
f 4053//1533 4726//1533 4052//1533
f 4726//1533 4727//1533 4052//1533
f 4052//1534 4727//1534 4051//1534
f 4727//1534 4728//1534 4051//1534
f 4051//1250 4728//1250 4050//1250
f 4728//1250 4729//1250 4050//1250
f 4050//1251 4729//1251 4065//1251
f 4729//1251 4730//1251 4065//1251
f 4065//1252 4730//1252 4064//1252
f 4730//1252 4731//1252 4064//1252
f 4064//616 4731//616 4074//616
f 4731//616 4732//616 4074//616
f 4074//1253 4732//1253 4073//1253
f 4732//1253 4733//1253 4073//1253
f 4073//1254 4733//1254 4072//1254
f 4733//1254 4734//1254 4072//1254
f 4072//1255 4734//1255 4026//1255
f 4734//1255 4735//1255 4026//1255
f 4026//1256 4735//1256 4028//1256
f 4735//1256 4736//1256 4028//1256
f 4028//1257 4736//1257 4029//1257
f 4736//1257 4737//1257 4029//1257
f 4029//1258 4737//1258 4044//1258
f 4737//1258 4738//1258 4044//1258
f 4044//1535 4738//1535 4032//1535
f 4738//1535 4715//1535 4032//1535
f 4040//1260 4739//1260 4039//1260
f 4739//1260 4740//1260 4039//1260
f 4039//1516 4740//1516 3985//1516
f 4740//1516 4741//1516 3985//1516
f 3985//1517 4741//1517 3986//1517
f 4741//1517 4742//1517 3986//1517
f 3986//1540 4742//1540 3987//1540
f 4742//1540 4743//1540 3987//1540
f 3987//1519 4743//1519 4016//1519
f 4743//1519 4744//1519 4016//1519
f 4016//1265 4744//1265 4015//1265
f 4744//1265 4745//1265 4015//1265
f 4015//1266 4745//1266 4014//1266
f 4745//1266 4746//1266 4014//1266
f 4014//1520 4746//1520 4013//1520
f 4746//1520 4747//1520 4013//1520
f 4013//1541 4747//1541 4012//1541
f 4747//1541 4748//1541 4012//1541
f 4012//1522 4748//1522 4011//1522
f 4748//1522 4749//1522 4011//1522
f 4011//1523 4749//1523 4010//1523
f 4749//1523 4750//1523 4010//1523
f 4010//1271 4750//1271 4009//1271
f 4750//1271 4751//1271 4009//1271
f 4009//1272 4751//1272 4007//1272
f 4751//1272 4752//1272 4007//1272
f 4007//1524 4752//1524 4006//1524
f 4752//1524 4753//1524 4006//1524
f 4006//1525 4753//1525 3968//1525
f 4753//1525 4754//1525 3968//1525
f 3968//1542 4754//1542 3967//1542
f 4754//1542 4755//1542 3967//1542
f 3967//1527 4755//1527 4025//1527
f 4755//1527 4756//1527 4025//1527
f 4025//1277 4756//1277 4024//1277
f 4756//1277 4757//1277 4024//1277
f 4024//1278 4757//1278 4023//1278
f 4757//1278 4758//1278 4023//1278
f 4023//1528 4758//1528 4005//1528
f 4758//1528 4759//1528 4005//1528
f 4005//1543 4759//1543 4004//1543
f 4759//1543 4760//1543 4004//1543
f 4004//1530 4760//1530 4002//1530
f 4760//1530 4761//1530 4002//1530
f 4002//1531 4761//1531 4001//1531
f 4761//1531 4762//1531 4001//1531
f 4001//1283 4762//1283 4040//1283
f 4762//1283 4739//1283 4040//1283
f 3977//1536 4763//1536 3976//1536
f 4763//1536 4764//1536 3976//1536
f 3976//1285 4764//1285 4049//1285
f 4764//1285 4765//1285 4049//1285
f 4049//1240 4765//1240 4048//1240
f 4765//1240 4766//1240 4048//1240
f 4048//1241 4766//1241 4047//1241
f 4766//1241 4767//1241 4047//1241
f 4047//1242 4767//1242 4046//1242
f 4767//1242 4768//1242 4046//1242
f 4046//1243 4768//1243 4003//1243
f 4768//1243 4769//1243 4003//1243
f 4003//1244 4769//1244 3969//1244
f 4769//1244 4770//1244 3969//1244
f 3969//610 4770//610 4000//610
f 4770//610 4771//610 4000//610
f 4000//1245 4771//1245 3999//1245
f 4771//1245 4772//1245 3999//1245
f 3999//1246 4772//1246 3997//1246
f 4772//1246 4773//1246 3997//1246
f 3997//1286 4773//1286 3996//1286
f 4773//1286 4774//1286 3996//1286
f 3996//1537 4774//1537 4020//1537
f 4774//1537 4775//1537 4020//1537
f 4020//1538 4775//1538 4019//1538
f 4775//1538 4776//1538 4019//1538
f 4019//1289 4776//1289 4018//1289
f 4776//1289 4777//1289 4018//1289
f 4018//1251 4777//1251 3983//1251
f 4777//1251 4778//1251 3983//1251
f 3983//1252 4778//1252 3982//1252
f 4778//1252 4779//1252 3982//1252
f 3982//616 4779//616 3981//616
f 4779//616 4780//616 3981//616
f 3981//1253 4780//1253 3980//1253
f 4780//1253 4781//1253 3980//1253
f 3980//1254 4781//1254 3978//1254
f 4781//1254 4782//1254 3978//1254
f 3978//1255 4782//1255 3959//1255
f 4782//1255 4783//1255 3959//1255
f 3959//1256 4783//1256 3958//1256
f 4783//1256 4784//1256 3958//1256
f 3958//1257 4784//1257 3989//1257
f 4784//1257 4785//1257 3989//1257
f 3989//1290 4785//1290 3988//1290
f 4785//1290 4786//1290 3988//1290
f 3988//1539 4786//1539 3977//1539
f 4786//1539 4763//1539 3977//1539
f 4579//1679 4581//1679 4615//1679
f 4581//1679 4611//1679 4615//1679
f 4613//1680 4588//1680 4620//1680
f 4588//1680 4594//1680 4620//1680
f 4787//1681 4788//1681 4651//1681
f 4788//1681 4652//1681 4651//1681
f 4789//3 4787//3 4650//3
f 4787//3 4651//3 4650//3
f 4790//2 4791//2 4792//2
f 4793//2 4787//2 4794//2
f 4787//2 4789//2 4794//2
f 4794//2 4789//2 4795//2
f 4789//2 4796//2 4795//2
f 4792//2 4797//2 4790//2
f 4797//2 4798//2 4790//2
f 4790//2 4798//2 4799//2
f 4798//2 4800//2 4799//2
f 4799//2 4800//2 4801//2
f 4793//2 4802//2 4787//2
f 4802//2 4803//2 4787//2
f 4787//2 4803//2 4788//2
f 4803//2 4804//2 4788//2
f 4788//2 4804//2 4805//2
f 4801//2 4806//2 4799//2
f 4806//2 4807//2 4799//2
f 4799//2 4807//2 4808//2
f 4807//2 4809//2 4808//2
f 4808//2 4809//2 4810//2
f 4810//2 4811//2 4808//2
f 4811//2 4812//2 4808//2
f 4808//2 4812//2 4789//2
f 4812//2 4813//2 4789//2
f 4789//2 4813//2 4796//2
f 4805//2 4814//2 4788//2
f 4814//2 4815//2 4788//2
f 4788//2 4815//2 4790//2
f 4815//2 4816//2 4790//2
f 4790//2 4816//2 4791//2
f 4656//1682 4798//1682 4655//1682
f 4798//1683 4797//1683 4655//1683
f 4655//1684 4797//1684 4658//1684
f 4797//1684 4792//1684 4658//1684
f 4658//1685 4792//1685 4659//1685
f 4792//1685 4791//1685 4659//1685
f 4659//1686 4791//1686 4660//1686
f 4791//1686 4816//1686 4660//1686
f 4660//1687 4816//1687 4673//1687
f 4816//1687 4815//1687 4673//1687
f 4673//1688 4815//1688 4674//1688
f 4815//1688 4814//1688 4674//1688
f 4674//1377 4814//1377 4675//1377
f 4814//1377 4805//1377 4675//1377
f 4675//1689 4805//1689 4661//1689
f 4805//1689 4804//1689 4661//1689
f 4661//1690 4804//1690 4662//1690
f 4804//1690 4803//1690 4662//1690
f 4662//1691 4803//1691 4667//1691
f 4803//1691 4802//1691 4667//1691
f 4667//1692 4802//1692 4668//1692
f 4802//1692 4793//1692 4668//1692
f 4668//1693 4793//1693 4669//1693
f 4793//1693 4794//1693 4669//1693
f 4669//1694 4794//1694 4663//1694
f 4794//1694 4795//1694 4663//1694
f 4663//1695 4795//1695 4664//1695
f 4795//1695 4796//1695 4664//1695
f 4664//1696 4796//1696 4665//1696
f 4796//1696 4813//1696 4665//1696
f 4665//1697 4813//1697 4666//1697
f 4813//1697 4812//1697 4666//1697
f 4666//1698 4812//1698 4676//1698
f 4812//1698 4811//1698 4676//1698
f 4676//1366 4811//1366 4677//1366
f 4811//1366 4810//1366 4677//1366
f 4677//1699 4810//1699 4678//1699
f 4810//1699 4809//1699 4678//1699
f 4678//1700 4809//1700 4670//1700
f 4809//1700 4807//1700 4670//1700
f 4670//1701 4807//1701 4671//1701
f 4807//1701 4806//1701 4671//1701
f 4671//1702 4806//1702 4672//1702
f 4806//1702 4801//1702 4672//1702
f 4672//1703 4801//1703 4657//1703
f 4801//1703 4800//1703 4657//1703
f 4657//1704 4800//1704 4656//1704
f 4800//1705 4798//1705 4656//1705
f 4788//1706 4790//1706 4652//1706
f 4790//1706 4653//1706 4652//1706
f 4790//58 4799//58 4653//58
f 4799//58 4654//58 4653//58
f 4799//1707 4808//1707 4654//1707
f 4808//1707 4649//1707 4654//1707
f 4808//1708 4789//1708 4649//1708
f 4789//1708 4650//1708 4649//1708
f 4703//1709 4601//1709 4685//1709
f 4601//1709 4599//1709 4685//1709
f 4709//59 4602//59 4703//59
f 4602//59 4601//59 4703//59
f 4689//1710 4585//1710 4709//1710
f 4585//1710 4602//1710 4709//1710
f 4692//1711 4587//1711 4689//1711
f 4587//1711 4585//1711 4689//1711
f 4686//72 4598//72 4692//72
f 4598//72 4587//72 4692//72
f 4716//58 4715//58 4817//58
f 4731//58 4730//58 4818//58
f 4720//58 4719//58 4819//58
f 4719//58 4718//58 4819//58
f 4819//58 4718//58 4817//58
f 4718//58 4717//58 4817//58
f 4817//58 4717//58 4716//58
f 4715//58 4738//58 4817//58
f 4738//58 4737//58 4817//58
f 4817//58 4737//58 4820//58
f 4737//58 4736//58 4820//58
f 4820//58 4736//58 4735//58
f 4728//58 4727//58 4821//58
f 4727//58 4726//58 4821//58
f 4821//58 4726//58 4822//58
f 4726//58 4725//58 4822//58
f 4822//58 4725//58 4724//58
f 4724//58 4723//58 4822//58
f 4723//58 4722//58 4822//58
f 4822//58 4722//58 4819//58
f 4722//58 4721//58 4819//58
f 4819//58 4721//58 4720//58
f 4818//58 4730//58 4821//58
f 4730//58 4729//58 4821//58
f 4821//58 4729//58 4728//58
f 4735//58 4734//58 4820//58
f 4734//58 4733//58 4820//58
f 4820//58 4733//58 4818//58
f 4733//58 4732//58 4818//58
f 4818//58 4732//58 4731//58
f 4821//1674 4595//1674 4818//1674
f 4595//1674 4596//1674 4818//1674
f 4822//1677 4593//1677 4821//1677
f 4593//1677 4595//1677 4821//1677
f 4819//72 4591//72 4822//72
f 4591//72 4593//72 4822//72
f 4817//1676 4589//1676 4819//1676
f 4589//1676 4591//1676 4819//1676
f 4820//1675 4597//1675 4817//1675
f 4597//1675 4589//1675 4817//1675
f 4818//59 4596//59 4820//59
f 4596//59 4597//59 4820//59
f 4749//58 4748//58 4823//58
f 4748//58 4747//58 4823//58
f 4823//58 4747//58 4824//58
f 4747//58 4746//58 4824//58
f 4746//58 4745//58 4824//58
f 4745//58 4744//58 4824//58
f 4824//58 4744//58 4825//58
f 4744//58 4743//58 4825//58
f 4825//58 4743//58 4742//58
f 4742//58 4741//58 4825//58
f 4741//58 4740//58 4825//58
f 4825//58 4740//58 4826//58
f 4740//58 4739//58 4826//58
f 4826//58 4739//58 4762//58
f 4753//58 4752//58 4827//58
f 4752//58 4751//58 4827//58
f 4827//58 4751//58 4823//58
f 4751//58 4750//58 4823//58
f 4823//58 4750//58 4749//58
f 4762//58 4761//58 4826//58
f 4761//58 4760//58 4826//58
f 4826//58 4760//58 4828//58
f 4760//58 4759//58 4828//58
f 4759//58 4758//58 4828//58
f 4828//58 4758//58 4757//58
f 4757//58 4756//58 4828//58
f 4756//58 4755//58 4828//58
f 4828//58 4755//58 4827//58
f 4755//58 4754//58 4827//58
f 4827//58 4754//58 4753//58
f 4825//1712 4575//1712 4824//1712
f 4575//1712 4573//1712 4824//1712
f 4826//1 4566//1 4825//1
f 4566//1 4575//1 4825//1
f 4828//1713 4568//1713 4826//1713
f 4568//1713 4566//1713 4826//1713
f 4827//1714 4570//1714 4828//1714
f 4570//1714 4568//1714 4828//1714
f 4823//2 4583//2 4827//2
f 4583//2 4570//2 4827//2
f 4824//1715 4573//1715 4823//1715
f 4573//1715 4583//1715 4823//1715
f 4768//58 4767//58 4683//58
f 4779//58 4778//58 4679//58
f 4763//58 4786//58 4682//58
f 4786//58 4785//58 4682//58
f 4682//58 4785//58 4681//58
f 4785//58 4784//58 4681//58
f 4681//58 4784//58 4783//58
f 4776//58 4775//58 4680//58
f 4775//58 4774//58 4680//58
f 4680//58 4774//58 4684//58
f 4774//58 4773//58 4684//58
f 4684//58 4773//58 4772//58
f 4772//58 4771//58 4684//58
f 4771//58 4770//58 4684//58
f 4684//58 4770//58 4683//58
f 4770//58 4769//58 4683//58
f 4683//58 4769//58 4768//58
f 4767//58 4766//58 4683//58
f 4766//58 4765//58 4683//58
f 4683//58 4765//58 4682//58
f 4765//58 4764//58 4682//58
f 4682//58 4764//58 4763//58
f 4679//58 4778//58 4680//58
f 4778//58 4777//58 4680//58
f 4680//58 4777//58 4776//58
f 4783//58 4782//58 4681//58
f 4782//58 4781//58 4681//58
f 4681//58 4781//58 4679//58
f 4781//58 4780//58 4679//58
f 4679//58 4780//58 4779//58
f 4829//1716 4830//1716 4831//1716
f 4830//1716 4832//1716 4831//1716
f 4831//1717 4832//1717 4833//1717
f 4832//1717 4834//1717 4833//1717
f 4833//1718 4834//1718 4835//1718
f 4834//1718 4836//1718 4835//1718
f 4835//1719 4836//1719 4837//1719
f 4836//1719 4838//1719 4837//1719
f 4837//1720 4838//1720 4839//1720
f 4838//1720 4840//1720 4839//1720
f 4839//1721 4840//1721 4841//1721
f 4840//1721 4842//1721 4841//1721
f 4841//1722 4842//1722 4843//1722
f 4842//1722 4844//1722 4843//1722
f 4843//1723 4844//1723 4845//1723
f 4844//1723 4846//1723 4845//1723
f 4845//1724 4846//1724 4847//1724
f 4846//1724 4848//1724 4847//1724
f 4847//1725 4848//1725 4849//1725
f 4848//1725 4850//1725 4849//1725
f 4849//1726 4850//1726 4851//1726
f 4850//1726 4852//1726 4851//1726
f 4851//1727 4852//1727 4853//1727
f 4852//1727 4854//1727 4853//1727
f 4853//1728 4854//1728 4855//1728
f 4854//1728 4856//1728 4855//1728
f 4855//1729 4856//1729 4857//1729
f 4856//1729 4858//1729 4857//1729
f 4857//1730 4858//1730 4859//1730
f 4858//1730 4860//1730 4859//1730
f 4859//1731 4860//1731 4861//1731
f 4860//1731 4862//1731 4861//1731
f 4861//1732 4862//1732 4863//1732
f 4862//1732 4864//1732 4863//1732
f 4863//1733 4864//1733 4865//1733
f 4864//1733 4866//1733 4865//1733
f 4865//1734 4866//1734 4867//1734
f 4866//1734 4868//1734 4867//1734
f 4867//1735 4868//1735 4869//1735
f 4868//1735 4870//1735 4869//1735
f 4869//1736 4870//1736 4871//1736
f 4870//1736 4872//1736 4871//1736
f 4871//1737 4872//1737 4873//1737
f 4872//1737 4874//1737 4873//1737
f 4873//1738 4874//1738 4875//1738
f 4874//1738 4876//1738 4875//1738
f 4875//1739 4876//1739 4829//1739
f 4876//1739 4830//1739 4829//1739
f 4877//1740 4878//1740 4879//1740
f 4878//1740 4880//1740 4879//1740
f 4879//1741 4880//1741 4881//1741
f 4880//1741 4882//1741 4881//1741
f 4881//1742 4882//1742 4883//1742
f 4882//1742 4884//1742 4883//1742
f 4883//1743 4884//1743 4885//1743
f 4884//1743 4886//1743 4885//1743
f 4885//1744 4886//1744 4887//1744
f 4886//1744 4888//1744 4887//1744
f 4887//1745 4888//1745 4889//1745
f 4888//1745 4890//1745 4889//1745
f 4889//1746 4890//1746 4891//1746
f 4890//1746 4892//1746 4891//1746
f 4891//1747 4892//1747 4893//1747
f 4892//1747 4894//1747 4893//1747
f 4893//1748 4894//1748 4895//1748
f 4894//1748 4896//1748 4895//1748
f 4895//1749 4896//1749 4897//1749
f 4896//1749 4898//1749 4897//1749
f 4897//1750 4898//1750 4899//1750
f 4898//1750 4900//1750 4899//1750
f 4899//1751 4900//1751 4901//1751
f 4900//1751 4902//1751 4901//1751
f 4901//1752 4902//1752 4903//1752
f 4902//1752 4904//1752 4903//1752
f 4903//1753 4904//1753 4905//1753
f 4904//1753 4906//1753 4905//1753
f 4905//1754 4906//1754 4907//1754
f 4906//1754 4908//1754 4907//1754
f 4907//1755 4908//1755 4909//1755
f 4908//1755 4910//1755 4909//1755
f 4909//1756 4910//1756 4911//1756
f 4910//1756 4912//1756 4911//1756
f 4911//1757 4912//1757 4913//1757
f 4912//1757 4914//1757 4913//1757
f 4913//1758 4914//1758 4915//1758
f 4914//1758 4916//1758 4915//1758
f 4915//1759 4916//1759 4917//1759
f 4916//1759 4918//1759 4917//1759
f 4917//1760 4918//1760 4919//1760
f 4918//1760 4920//1760 4919//1760
f 4919//1761 4920//1761 4921//1761
f 4920//1761 4922//1761 4921//1761
f 4921//1762 4922//1762 4923//1762
f 4922//1762 4924//1762 4923//1762
f 4923//1763 4924//1763 4877//1763
f 4924//1763 4878//1763 4877//1763
f 4925//1764 4926//1764 4927//1764
f 4926//1764 4928//1764 4927//1764
f 4927//1765 4928//1765 4929//1765
f 4928//1765 4930//1765 4929//1765
f 4929//1766 4930//1766 4931//1766
f 4930//1766 4932//1766 4931//1766
f 4931//1767 4932//1767 4933//1767
f 4932//1767 4934//1767 4933//1767
f 4933//1768 4934//1768 4935//1768
f 4934//1768 4936//1768 4935//1768
f 4935//1769 4936//1769 4937//1769
f 4936//1769 4938//1769 4937//1769
f 4937//1770 4938//1770 4939//1770
f 4938//1770 4940//1770 4939//1770
f 4939//1771 4940//1771 4941//1771
f 4940//1771 4942//1771 4941//1771
f 4941//1772 4942//1772 4943//1772
f 4942//1772 4944//1772 4943//1772
f 4943//1773 4944//1773 4945//1773
f 4944//1773 4946//1773 4945//1773
f 4945//1774 4946//1774 4947//1774
f 4946//1774 4948//1774 4947//1774
f 4947//1775 4948//1775 4949//1775
f 4948//1775 4950//1775 4949//1775
f 4949//1776 4950//1776 4951//1776
f 4950//1776 4952//1776 4951//1776
f 4951//1777 4952//1777 4953//1777
f 4952//1777 4954//1777 4953//1777
f 4953//1778 4954//1778 4955//1778
f 4954//1778 4956//1778 4955//1778
f 4955//1779 4956//1779 4957//1779
f 4956//1779 4958//1779 4957//1779
f 4957//1780 4958//1780 4959//1780
f 4958//1780 4960//1780 4959//1780
f 4959//1781 4960//1781 4961//1781
f 4960//1781 4962//1781 4961//1781
f 4961//1782 4962//1782 4963//1782
f 4962//1782 4964//1782 4963//1782
f 4963//1783 4964//1783 4965//1783
f 4964//1783 4966//1783 4965//1783
f 4965//1784 4966//1784 4967//1784
f 4966//1784 4968//1784 4967//1784
f 4967//1785 4968//1785 4969//1785
f 4968//1785 4970//1785 4969//1785
f 4969//1786 4970//1786 4971//1786
f 4970//1786 4972//1786 4971//1786
f 4971//1787 4972//1787 4925//1787
f 4972//1787 4926//1787 4925//1787
f 4973//1788 4974//1788 4975//1788
f 4974//1788 4976//1788 4975//1788
f 4975//1789 4976//1789 4977//1789
f 4976//1789 4978//1789 4977//1789
f 4977//273 4978//273 4979//273
f 4978//273 4980//273 4979//273
f 4979//276 4980//276 4981//276
f 4980//276 4982//276 4981//276
f 4981//1790 4982//1790 4983//1790
f 4982//1790 4984//1790 4983//1790
f 4983//1791 4984//1791 4985//1791
f 4984//1791 4986//1791 4985//1791
f 4985//1792 4986//1792 4987//1792
f 4986//1792 4988//1792 4987//1792
f 4987//1793 4988//1793 4989//1793
f 4988//1793 4990//1793 4989//1793
f 4989//1794 4990//1794 4991//1794
f 4990//1794 4992//1794 4991//1794
f 4991//1795 4992//1795 4993//1795
f 4992//1795 4994//1795 4993//1795
f 4993//1796 4994//1796 4995//1796
f 4994//1796 4996//1796 4995//1796
f 4995//133 4996//133 4997//133
f 4996//133 4998//133 4997//133
f 4997//1797 4998//1797 4999//1797
f 4998//1797 5000//1797 4999//1797
f 4999//1798 5000//1798 5001//1798
f 5000//1798 5002//1798 5001//1798
f 5001//287 5002//287 5003//287
f 5002//287 5004//287 5003//287
f 5003//262 5004//262 5005//262
f 5004//262 5006//262 5005//262
f 5005//1799 5006//1799 5007//1799
f 5006//1799 5008//1799 5007//1799
f 5007//1800 5008//1800 5009//1800
f 5008//1800 5010//1800 5009//1800
f 5009//1801 5010//1801 5011//1801
f 5010//1801 5012//1801 5011//1801
f 5011//1802 5012//1802 5013//1802
f 5012//1802 5014//1802 5013//1802
f 5013//1803 5014//1803 5015//1803
f 5014//1803 5016//1803 5015//1803
f 5015//1804 5016//1804 5017//1804
f 5016//1804 5018//1804 5017//1804
f 5017//1805 5018//1805 5019//1805
f 5018//1805 5020//1805 5019//1805
f 5019//1806 5020//1806 4973//1806
f 5020//1806 4974//1806 4973//1806
f 5021//1740 5022//1740 5023//1740
f 5022//1740 5024//1740 5023//1740
f 5023//1807 5024//1807 5025//1807
f 5024//1807 5026//1807 5025//1807
f 5025//1808 5026//1808 5027//1808
f 5026//1808 5028//1808 5027//1808
f 5027//1809 5028//1809 5029//1809
f 5028//1809 5030//1809 5029//1809
f 5029//1768 5030//1768 5031//1768
f 5030//1768 5032//1768 5031//1768
f 5031//1745 5032//1745 5033//1745
f 5032//1745 5034//1745 5033//1745
f 5033//1810 5034//1810 5035//1810
f 5034//1810 5036//1810 5035//1810
f 5035//1771 5036//1771 5037//1771
f 5036//1771 5038//1771 5037//1771
f 5037//1811 5038//1811 5039//1811
f 5038//1811 5040//1811 5039//1811
f 5039//1812 5040//1812 5041//1812
f 5040//1812 5042//1812 5041//1812
f 5041//134 5042//134 5043//134
f 5042//134 5044//134 5043//134
f 5043//1813 5044//1813 5045//1813
f 5044//1813 5046//1813 5045//1813
f 5045//1814 5046//1814 5047//1814
f 5046//1814 5048//1814 5047//1814
f 5047//1777 5048//1777 5049//1777
f 5048//1777 5050//1777 5049//1777
f 5049//1815 5050//1815 5051//1815
f 5050//1815 5052//1815 5051//1815
f 5051//1816 5052//1816 5053//1816
f 5052//1816 5054//1816 5053//1816
f 5053//1817 5054//1817 5055//1817
f 5054//1817 5056//1817 5055//1817
f 5055//1818 5056//1818 5057//1818
f 5056//1818 5058//1818 5057//1818
f 5057//1819 5058//1819 5059//1819
f 5058//1819 5060//1819 5059//1819
f 5059//106 5060//106 5061//106
f 5060//106 5062//106 5061//106
f 5061//1820 5062//1820 5063//1820
f 5062//1820 5064//1820 5063//1820
f 5063//1821 5064//1821 5065//1821
f 5064//1821 5066//1821 5065//1821
f 5065//1786 5066//1786 5067//1786
f 5066//1786 5068//1786 5067//1786
f 5067//1822 5068//1822 5021//1822
f 5068//1822 5022//1822 5021//1822
f 5069//1740 5070//1740 5071//1740
f 5070//1740 5072//1740 5071//1740
f 5071//1765 5072//1765 5073//1765
f 5072//1765 5074//1765 5073//1765
f 5073//1808 5074//1808 5075//1808
f 5074//1808 5076//1808 5075//1808
f 5075//1809 5076//1809 5077//1809
f 5076//1809 5078//1809 5077//1809
f 5077//1823 5078//1823 5079//1823
f 5078//1823 5080//1823 5079//1823
f 5079//1745 5080//1745 5081//1745
f 5080//1745 5082//1745 5081//1745
f 5081//1810 5082//1810 5083//1810
f 5082//1810 5084//1810 5083//1810
f 5083//1771 5084//1771 5085//1771
f 5084//1771 5086//1771 5085//1771
f 5085//1811 5086//1811 5087//1811
f 5086//1811 5088//1811 5087//1811
f 5087//1812 5088//1812 5089//1812
f 5088//1812 5090//1812 5089//1812
f 5089//134 5090//134 5091//134
f 5090//134 5092//134 5091//134
f 5091//1813 5092//1813 5093//1813
f 5092//1813 5094//1813 5093//1813
f 5093//1814 5094//1814 5095//1814
f 5094//1814 5096//1814 5095//1814
f 5095//1824 5096//1824 5097//1824
f 5096//1824 5098//1824 5097//1824
f 5097//1815 5098//1815 5099//1815
f 5098//1815 5100//1815 5099//1815
f 5099//1816 5100//1816 5101//1816
f 5100//1816 5102//1816 5101//1816
f 5101//1780 5102//1780 5103//1780
f 5102//1780 5104//1780 5103//1780
f 5103//1818 5104//1818 5105//1818
f 5104//1818 5106//1818 5105//1818
f 5105//1819 5106//1819 5107//1819
f 5106//1819 5108//1819 5107//1819
f 5107//106 5108//106 5109//106
f 5108//106 5110//106 5109//106
f 5109//1820 5110//1820 5111//1820
f 5110//1820 5112//1820 5111//1820
f 5111//1821 5112//1821 5113//1821
f 5112//1821 5114//1821 5113//1821
f 5113//1786 5114//1786 5115//1786
f 5114//1786 5116//1786 5115//1786
f 5115//1822 5116//1822 5069//1822
f 5116//1822 5070//1822 5069//1822
f 5117//1727 5118//1727 5119//1727
f 5118//1727 5120//1727 5119//1727
f 5119//1825 5120//1825 5121//1825
f 5120//1825 5122//1825 5121//1825
f 5121//1826 5122//1826 5123//1826
f 5122//1826 5124//1826 5123//1826
f 5123//1827 5124//1827 5125//1827
f 5124//1827 5126//1827 5125//1827
f 5125//1828 5126//1828 5127//1828
f 5126//1828 5128//1828 5127//1828
f 5127//1722 5128//1722 5129//1722
f 5128//1722 5130//1722 5129//1722
f 5129//1829 5130//1829 5131//1829
f 5130//1829 5132//1829 5131//1829
f 5131//1830 5132//1830 5133//1830
f 5132//1830 5134//1830 5133//1830
f 5133//1831 5134//1831 5135//1831
f 5134//1831 5136//1831 5135//1831
f 5135//1832 5136//1832 5137//1832
f 5136//1832 5138//1832 5137//1832
f 5137//1833 5138//1833 5139//1833
f 5138//1833 5140//1833 5139//1833
f 5139//1716 5140//1716 5141//1716
f 5140//1716 5142//1716 5141//1716
f 5141//1834 5142//1834 5143//1834
f 5142//1834 5144//1834 5143//1834
f 5143//1835 5144//1835 5145//1835
f 5144//1835 5146//1835 5145//1835
f 5145//1836 5146//1836 5147//1836
f 5146//1836 5148//1836 5147//1836
f 5147//1736 5148//1736 5149//1736
f 5148//1736 5150//1736 5149//1736
f 5149//1837 5150//1837 5151//1837
f 5150//1837 5152//1837 5151//1837
f 5151//1838 5152//1838 5153//1838
f 5152//1838 5154//1838 5153//1838
f 5153//1839 5154//1839 5155//1839
f 5154//1839 5156//1839 5155//1839
f 5155//1840 5156//1840 5157//1840
f 5156//1840 5158//1840 5157//1840
f 5157//1841 5158//1841 5159//1841
f 5158//1841 5160//1841 5159//1841
f 5159//1842 5160//1842 5161//1842
f 5160//1842 5162//1842 5161//1842
f 5161//1843 5162//1843 5163//1843
f 5162//1843 5164//1843 5163//1843
f 5163//1844 5164//1844 5117//1844
f 5164//1844 5118//1844 5117//1844
f 4953//3 5161//3 4951//3
f 5161//3 5163//3 4951//3
f 4951//3 5163//3 4949//3
f 5163//3 5117//3 4949//3
f 4949//3 5117//3 4947//3
f 5117//3 5119//3 4947//3
f 4947//3 5119//3 4945//3
f 5119//3 5121//3 4945//3
f 4945//3 5121//3 4943//3
f 5121//3 5123//3 4943//3
f 4943//3 5123//3 4941//3
f 5123//3 5125//3 4941//3
f 4941//3 5125//3 4939//3
f 5125//3 5127//3 4939//3
f 4939//3 5127//3 4937//3
f 5127//3 5129//3 4937//3
f 4937//3 5129//3 4935//3
f 5129//3 5131//3 4935//3
f 4935//3 5131//3 4933//3
f 5131//3 5133//3 4933//3
f 4933//3 5133//3 4931//3
f 5133//3 5135//3 4931//3
f 4931//3 5135//3 4929//3
f 5135//3 5137//3 4929//3
f 4929//3 5137//3 4927//3
f 5137//3 5139//3 4927//3
f 4927//3 5139//3 4925//3
f 5139//3 5141//3 4925//3
f 4925//3 5141//3 4971//3
f 5141//3 5143//3 4971//3
f 4971//3 5143//3 4969//3
f 5143//3 5145//3 4969//3
f 4969//3 5145//3 4967//3
f 5145//3 5147//3 4967//3
f 4967//3 5147//3 4965//3
f 5147//3 5149//3 4965//3
f 4965//3 5149//3 4963//3
f 5149//3 5151//3 4963//3
f 4963//3 5151//3 4961//3
f 5151//3 5153//3 4961//3
f 4961//3 5153//3 4959//3
f 5153//3 5155//3 4959//3
f 4959//3 5155//3 4957//3
f 5155//3 5157//3 4957//3
f 4957//3 5157//3 4955//3
f 5157//3 5159//3 4955//3
f 4955//3 5159//3 4953//3
f 5159//3 5161//3 4953//3
f 5165//1845 5166//1845 5167//1845
f 5166//1845 5168//1845 5167//1845
f 5167//1750 5168//1750 5169//1750
f 5168//1750 5170//1750 5169//1750
f 5169//1749 5170//1749 5171//1749
f 5170//1749 5172//1749 5171//1749
f 5171//1748 5172//1748 5173//1748
f 5172//1748 5174//1748 5173//1748
f 5173//1747 5174//1747 5175//1747
f 5174//1747 5176//1747 5175//1747
f 5175//1846 5176//1846 5177//1846
f 5176//1846 5178//1846 5177//1846
f 5177//1847 5178//1847 5179//1847
f 5178//1847 5180//1847 5179//1847
f 5179//1848 5180//1848 5181//1848
f 5180//1848 5182//1848 5181//1848
f 5181//1849 5182//1849 5183//1849
f 5182//1849 5184//1849 5183//1849
f 5183//1850 5184//1850 5185//1850
f 5184//1850 5186//1850 5185//1850
f 5185//1851 5186//1851 5187//1851
f 5186//1851 5188//1851 5187//1851
f 5187//1852 5188//1852 5189//1852
f 5188//1852 5190//1852 5189//1852
f 5189//1853 5190//1853 5191//1853
f 5190//1853 5192//1853 5191//1853
f 5191//1762 5192//1762 5193//1762
f 5192//1762 5194//1762 5193//1762
f 5193//1761 5194//1761 5195//1761
f 5194//1761 5196//1761 5195//1761
f 5195//1760 5196//1760 5197//1760
f 5196//1760 5198//1760 5197//1760
f 5197//1759 5198//1759 5199//1759
f 5198//1759 5200//1759 5199//1759
f 5199//1854 5200//1854 5201//1854
f 5200//1854 5202//1854 5201//1854
f 5201//1855 5202//1855 5203//1855
f 5202//1855 5204//1855 5203//1855
f 5203//1856 5204//1856 5205//1856
f 5204//1856 5206//1856 5205//1856
f 5205//1755 5206//1755 5207//1755
f 5206//1755 5208//1755 5207//1755
f 5207//1754 5208//1754 5209//1754
f 5208//1754 5210//1754 5209//1754
f 5209//1857 5210//1857 5211//1857
f 5210//1857 5212//1857 5211//1857
f 5211//1858 5212//1858 5165//1858
f 5212//1858 5166//1858 5165//1858
f 4921//3 5193//3 4919//3
f 5193//3 5195//3 4919//3
f 4919//3 5195//3 4917//3
f 5195//3 5197//3 4917//3
f 4917//3 5197//3 4915//3
f 5197//3 5199//3 4915//3
f 4915//3 5199//3 4913//3
f 5199//3 5201//3 4913//3
f 4913//3 5201//3 4911//3
f 5201//3 5203//3 4911//3
f 4911//3 5203//3 4909//3
f 5203//3 5205//3 4909//3
f 4909//3 5205//3 4907//3
f 5205//3 5207//3 4907//3
f 4907//3 5207//3 4905//3
f 5207//3 5209//3 4905//3
f 4905//3 5209//3 4903//3
f 5209//3 5211//3 4903//3
f 4903//3 5211//3 4901//3
f 5211//3 5165//3 4901//3
f 4901//3 5165//3 4899//3
f 5165//3 5167//3 4899//3
f 4899//3 5167//3 4897//3
f 5167//3 5169//3 4897//3
f 4897//3 5169//3 4895//3
f 5169//3 5171//3 4895//3
f 4895//3 5171//3 4893//3
f 5171//3 5173//3 4893//3
f 4893//3 5173//3 4891//3
f 5173//3 5175//3 4891//3
f 4891//3 5175//3 4889//3
f 5175//3 5177//3 4889//3
f 4889//3 5177//3 4887//3
f 5177//3 5179//3 4887//3
f 4887//3 5179//3 4885//3
f 5179//3 5181//3 4885//3
f 4885//3 5181//3 4883//3
f 5181//3 5183//3 4883//3
f 4883//3 5183//3 4881//3
f 5183//3 5185//3 4881//3
f 4881//3 5185//3 4879//3
f 5185//3 5187//3 4879//3
f 4879//3 5187//3 4877//3
f 5187//3 5189//3 4877//3
f 4877//3 5189//3 4923//3
f 5189//3 5191//3 4923//3
f 4923//3 5191//3 4921//3
f 5191//3 5193//3 4921//3
f 4841//3 5213//3 4839//3
f 5213//3 5214//3 4839//3
f 4839//3 5214//3 4837//3
f 5214//3 5215//3 4837//3
f 4837//3 5215//3 4835//3
f 5215//3 5216//3 4835//3
f 4835//3 5216//3 4833//3
f 5216//3 5217//3 4833//3
f 4833//3 5217//3 4831//3
f 5217//3 5218//3 4831//3
f 4831//3 5218//3 4829//3
f 5218//3 5219//3 4829//3
f 4829//3 5219//3 4875//3
f 5219//3 5220//3 4875//3
f 4875//3 5220//3 4873//3
f 5220//3 5221//3 4873//3
f 4873//3 5221//3 4871//3
f 5221//3 5222//3 4871//3
f 4871//3 5222//3 4869//3
f 5222//3 5223//3 4869//3
f 4869//3 5223//3 4867//3
f 5223//3 5224//3 4867//3
f 4867//3 5224//3 4865//3
f 5224//3 5225//3 4865//3
f 4865//3 5225//3 4863//3
f 5225//3 5226//3 4863//3
f 4863//3 5226//3 4861//3
f 5226//3 5227//3 4861//3
f 4861//3 5227//3 4859//3
f 5227//3 5228//3 4859//3
f 4859//3 5228//3 4857//3
f 5228//3 5229//3 4857//3
f 4857//3 5229//3 4855//3
f 5229//3 5230//3 4855//3
f 4855//3 5230//3 4853//3
f 5230//3 5231//3 4853//3
f 4853//3 5231//3 4851//3
f 5231//3 5232//3 4851//3
f 4851//3 5232//3 4849//3
f 5232//3 5233//3 4849//3
f 4849//3 5233//3 4847//3
f 5233//3 5234//3 4847//3
f 4847//3 5234//3 4845//3
f 5234//3 5235//3 4845//3
f 4845//3 5235//3 4843//3
f 5235//3 5236//3 4843//3
f 4843//3 5236//3 4841//3
f 5236//3 5213//3 4841//3
f 5231//1859 5237//1859 5232//1859
f 5237//1859 5238//1859 5232//1859
f 5232//1825 5238//1825 5233//1825
f 5238//1825 5239//1825 5233//1825
f 5233//1725 5239//1725 5234//1725
f 5239//1725 5240//1725 5234//1725
f 5234//1860 5240//1860 5235//1860
f 5240//1860 5241//1860 5235//1860
f 5235//1828 5241//1828 5236//1828
f 5241//1828 5242//1828 5236//1828
f 5236//1861 5242//1861 5213//1861
f 5242//1861 5243//1861 5213//1861
f 5213//1862 5243//1862 5214//1862
f 5243//1862 5244//1862 5214//1862
f 5214//1863 5244//1863 5215//1863
f 5244//1863 5245//1863 5215//1863
f 5215//1719 5245//1719 5216//1719
f 5245//1719 5246//1719 5216//1719
f 5216//1864 5246//1864 5217//1864
f 5246//1864 5247//1864 5217//1864
f 5217//1865 5247//1865 5218//1865
f 5247//1865 5248//1865 5218//1865
f 5218//1866 5248//1866 5219//1866
f 5248//1866 5249//1866 5219//1866
f 5219//1739 5249//1739 5220//1739
f 5249//1739 5250//1739 5220//1739
f 5220//1835 5250//1835 5221//1835
f 5250//1835 5251//1835 5221//1835
f 5221//1867 5251//1867 5222//1867
f 5251//1867 5252//1867 5222//1867
f 5222//1868 5252//1868 5223//1868
f 5252//1868 5253//1868 5223//1868
f 5223//1837 5253//1837 5224//1837
f 5253//1837 5254//1837 5224//1837
f 5224//1734 5254//1734 5225//1734
f 5254//1734 5255//1734 5225//1734
f 5225//1869 5255//1869 5226//1869
f 5255//1869 5256//1869 5226//1869
f 5226//1870 5256//1870 5227//1870
f 5256//1870 5257//1870 5227//1870
f 5227//1871 5257//1871 5228//1871
f 5257//1871 5258//1871 5228//1871
f 5228//1730 5258//1730 5229//1730
f 5258//1730 5259//1730 5229//1730
f 5229//1872 5259//1872 5230//1872
f 5259//1872 5260//1872 5230//1872
f 5230//1873 5260//1873 5231//1873
f 5260//1873 5237//1873 5231//1873
f 5015//3 5261//3 5013//3
f 5261//3 5262//3 5013//3
f 5013//3 5262//3 5011//3
f 5262//3 5263//3 5011//3
f 5011//3 5263//3 5009//3
f 5263//3 5264//3 5009//3
f 5009//3 5264//3 5007//3
f 5264//3 5265//3 5007//3
f 5007//3 5265//3 5005//3
f 5265//3 5266//3 5005//3
f 5005//3 5266//3 5003//3
f 5266//3 5267//3 5003//3
f 5003//3 5267//3 5001//3
f 5267//3 5268//3 5001//3
f 5001//3 5268//3 4999//3
f 5268//3 5269//3 4999//3
f 4999//3 5269//3 4997//3
f 5269//3 5270//3 4997//3
f 4997//3 5270//3 4995//3
f 5270//3 5271//3 4995//3
f 4995//3 5271//3 4993//3
f 5271//3 5272//3 4993//3
f 4993//3 5272//3 4991//3
f 5272//3 5273//3 4991//3
f 4991//3 5273//3 4989//3
f 5273//3 5274//3 4989//3
f 4989//3 5274//3 4987//3
f 5274//3 5275//3 4987//3
f 4987//3 5275//3 4985//3
f 5275//3 5276//3 4985//3
f 4985//3 5276//3 4983//3
f 5276//3 5277//3 4983//3
f 4983//3 5277//3 4981//3
f 5277//3 5278//3 4981//3
f 4981//3 5278//3 4979//3
f 5278//3 5279//3 4979//3
f 4979//3 5279//3 4977//3
f 5279//3 5280//3 4977//3
f 4977//3 5280//3 4975//3
f 5280//3 5281//3 4975//3
f 4975//3 5281//3 4973//3
f 5281//3 5282//3 4973//3
f 4973//3 5282//3 5019//3
f 5282//3 5283//3 5019//3
f 5019//3 5283//3 5017//3
f 5283//3 5284//3 5017//3
f 5017//3 5284//3 5015//3
f 5284//3 5261//3 5015//3
f 5270//133 5285//133 5271//133
f 5285//133 5286//133 5271//133
f 5271//1796 5286//1796 5272//1796
f 5286//1796 5287//1796 5272//1796
f 5272//1795 5287//1795 5273//1795
f 5287//1795 5288//1795 5273//1795
f 5273//1874 5288//1874 5274//1874
f 5288//1874 5289//1874 5274//1874
f 5274//1875 5289//1875 5275//1875
f 5289//1875 5290//1875 5275//1875
f 5275//1792 5290//1792 5276//1792
f 5290//1792 5291//1792 5276//1792
f 5276//1876 5291//1876 5277//1876
f 5291//1876 5292//1876 5277//1876
f 5277//1632 5292//1632 5278//1632
f 5292//1632 5293//1632 5278//1632
f 5278//1877 5293//1877 5279//1877
f 5293//1877 5294//1877 5279//1877
f 5279//1878 5294//1878 5280//1878
f 5294//1878 5295//1878 5280//1878
f 5280//1637 5295//1637 5281//1637
f 5295//1637 5296//1637 5281//1637
f 5281//1879 5296//1879 5282//1879
f 5296//1879 5297//1879 5282//1879
f 5282//1806 5297//1806 5283//1806
f 5297//1806 5298//1806 5283//1806
f 5283//1880 5298//1880 5284//1880
f 5298//1880 5299//1880 5284//1880
f 5284//1881 5299//1881 5261//1881
f 5299//1881 5300//1881 5261//1881
f 5261//1803 5300//1803 5262//1803
f 5300//1803 5301//1803 5262//1803
f 5262//1802 5301//1802 5263//1802
f 5301//1802 5302//1802 5263//1802
f 5263//1801 5302//1801 5264//1801
f 5302//1801 5303//1801 5264//1801
f 5264//1800 5303//1800 5265//1800
f 5303//1800 5304//1800 5265//1800
f 5265//1882 5304//1882 5266//1882
f 5304//1882 5305//1882 5266//1882
f 5266//262 5305//262 5267//262
f 5305//262 5306//262 5267//262
f 5267//287 5306//287 5268//287
f 5306//287 5307//287 5268//287
f 5268//1883 5307//1883 5269//1883
f 5307//1883 5308//1883 5269//1883
f 5269//1797 5308//1797 5270//1797
f 5308//1797 5285//1797 5270//1797
f 5309//1884 5310//1884 5311//1884
f 5310//1885 5312//1885 5311//1885
f 5311//1886 5312//1886 5313//1886
f 5312//1887 5314//1887 5313//1887
f 5313//1888 5314//1888 5315//1888
f 5314//1889 5316//1889 5315//1889
f 5315//1890 5316//1890 5317//1890
f 5317//1891 5316//1891 5318//1891
f 5316//1892 5319//1892 5318//1892
f 5318//1893 5319//1893 5320//1893
f 5320//1894 5319//1894 5321//1894
f 5319//1895 5322//1895 5321//1895
f 5321//1896 5322//1896 5323//1896
f 5322//1897 5324//1897 5323//1897
f 5323//1898 5324//1898 5325//1898
f 5326//1899 5327//1899 5328//1899
f 5327//1900 5329//1900 5328//1900
f 5328//1901 5329//1901 5330//1901
f 5329//1902 5331//1902 5330//1902
f 5330//1903 5331//1903 5324//1903
f 5331//1904 5332//1904 5324//1904
f 5324//1905 5332//1905 5325//1905
f 5333//1906 5334//1906 5335//1906
f 5334//1907 5336//1907 5335//1907
f 5335//1908 5336//1908 5337//1908
f 5336//1909 5338//1909 5337//1909
f 5337//1910 5338//1910 5339//1910
f 5338//1911 5340//1911 5339//1911
f 5339//1912 5340//1912 5326//1912
f 5340//1913 5341//1913 5326//1913
f 5326//1914 5341//1914 5327//1914
f 5342//1915 5343//1915 5344//1915
f 5343//1916 5345//1916 5344//1916
f 5344//1917 5345//1917 5333//1917
f 5345//1918 5346//1918 5333//1918
f 5333//1919 5346//1919 5334//1919
f 5347//1920 5348//1920 5349//1920
f 5348//1921 5350//1921 5349//1921
f 5349//1922 5350//1922 5351//1922
f 5350//1923 5352//1923 5351//1923
f 5351//1924 5352//1924 5353//1924
f 5352//1925 5354//1925 5353//1925
f 5353//1926 5354//1926 5342//1926
f 5354//1927 5355//1927 5342//1927
f 5342//1928 5355//1928 5343//1928
f 5356//1929 5357//1929 5358//1929
f 5357//1930 5359//1930 5358//1930
f 5358//1931 5359//1931 5347//1931
f 5359//1932 5360//1932 5347//1932
f 5347//1933 5360//1933 5348//1933
f 5361//1934 5362//1934 5356//1934
f 5362//1935 5363//1935 5356//1935
f 5356//1936 5363//1936 5357//1936
f 5309//1937 5364//1937 5310//1937
f 5364//1938 5365//1938 5310//1938
f 5310//1939 5365//1939 5366//1939
f 5365//1940 5367//1940 5366//1940
f 5366//1941 5367//1941 5361//1941
f 5367//1942 5368//1942 5361//1942
f 5361//1943 5368//1943 5362//1943
f 5329//3 5369//3 5331//3
f 5340//3 5370//3 5341//3
f 5345//3 5371//3 5346//3
f 5354//3 5372//3 5355//3
f 5359//3 5373//3 5360//3
f 5362//3 5374//3 5363//3
f 5037//3 5039//3 5375//3
f 5313//3 5375//3 5311//3
f 5318//3 5376//3 5317//3
f 5332//3 5320//3 5325//3
f 5320//3 5321//3 5325//3
f 5325//3 5321//3 5323//3
f 5085//3 5087//3 5332//3
f 5087//3 5089//3 5332//3
f 5089//3 5091//3 5332//3
f 5091//3 5093//3 5332//3
f 5332//3 5093//3 5320//3
f 5093//3 5095//3 5320//3
f 5320//3 5095//3 5097//3
f 5097//3 5099//3 5320//3
f 5099//3 5101//3 5320//3
f 5320//3 5101//3 5318//3
f 5101//3 5103//3 5318//3
f 5103//3 5105//3 5318//3
f 5318//3 5105//3 5376//3
f 5105//3 5107//3 5376//3
f 5376//3 5107//3 5109//3
f 5109//3 5111//3 5376//3
f 5111//3 5113//3 5376//3
f 5376//3 5113//3 5115//3
f 5069//3 5071//3 5369//3
f 5071//3 5073//3 5369//3
f 5369//3 5073//3 5075//3
f 5075//3 5077//3 5369//3
f 5077//3 5079//3 5369//3
f 5369//3 5079//3 5331//3
f 5079//3 5081//3 5331//3
f 5331//3 5081//3 5332//3
f 5081//3 5083//3 5332//3
f 5332//3 5083//3 5085//3
f 5176//3 5174//3 5376//3
f 5174//3 5172//3 5376//3
f 5376//3 5172//3 5317//3
f 5172//3 5170//3 5317//3
f 5317//3 5170//3 5168//3
f 5206//3 5313//3 5208//3
f 5313//3 5315//3 5208//3
f 5190//3 5188//3 5377//3
f 5188//3 5186//3 5377//3
f 5377//3 5186//3 5184//3
f 5184//3 5182//3 5377//3
f 5182//3 5180//3 5377//3
f 5377//3 5180//3 5376//3
f 5180//3 5178//3 5376//3
f 5376//3 5178//3 5176//3
f 5168//3 5166//3 5317//3
f 5166//3 5212//3 5317//3
f 5317//3 5212//3 5315//3
f 5212//3 5210//3 5315//3
f 5315//3 5210//3 5208//3
f 5206//3 5204//3 5313//3
f 5204//3 5202//3 5313//3
f 5313//3 5202//3 5375//3
f 5202//3 5200//3 5375//3
f 5375//3 5200//3 5198//3
f 5198//3 5196//3 5375//3
f 5196//3 5194//3 5375//3
f 5375//3 5194//3 5192//3
f 5057//3 5059//3 5368//3
f 5037//3 5375//3 5035//3
f 5049//3 5051//3 5309//3
f 5051//3 5053//3 5309//3
f 5309//3 5053//3 5055//3
f 5035//3 5375//3 5033//3
f 5375//3 5374//3 5033//3
f 5033//3 5374//3 5031//3
f 5362//3 5368//3 5065//3
f 5025//3 5027//3 5374//3
f 5027//3 5029//3 5374//3
f 5374//3 5029//3 5031//3
f 5039//3 5041//3 5375//3
f 5041//3 5043//3 5375//3
f 5375//3 5043//3 5311//3
f 5043//3 5045//3 5311//3
f 5311//3 5045//3 5309//3
f 5045//3 5047//3 5309//3
f 5309//3 5047//3 5049//3
f 5059//3 5061//3 5368//3
f 5061//3 5063//3 5368//3
f 5368//3 5063//3 5065//3
f 5065//3 5067//3 5362//3
f 5067//3 5021//3 5362//3
f 5362//3 5021//3 5374//3
f 5021//3 5023//3 5374//3
f 5374//3 5023//3 5025//3
f 5055//3 5057//3 5309//3
f 5057//3 5368//3 5309//3
f 5309//3 5368//3 5364//3
f 5368//3 5367//3 5364//3
f 5364//3 5367//3 5365//3
f 5241//3 5240//3 5378//3
f 5240//3 5239//3 5378//3
f 5256//3 5255//3 5363//3
f 5255//3 5254//3 5363//3
f 5363//3 5254//3 5357//3
f 5238//3 5237//3 5374//3
f 5237//3 5260//3 5374//3
f 5254//3 5253//3 5357//3
f 5253//3 5252//3 5357//3
f 5357//3 5252//3 5359//3
f 5252//3 5251//3 5359//3
f 5260//3 5259//3 5374//3
f 5259//3 5258//3 5374//3
f 5374//3 5258//3 5363//3
f 5258//3 5257//3 5363//3
f 5363//3 5257//3 5256//3
f 5248//3 5373//3 5249//3
f 5373//3 5359//3 5249//3
f 5249//3 5359//3 5250//3
f 5359//3 5251//3 5250//3
f 5248//3 5247//3 5373//3
f 5247//3 5246//3 5373//3
f 5373//3 5246//3 5245//3
f 5245//3 5244//3 5373//3
f 5244//3 5243//3 5373//3
f 5373//3 5243//3 5378//3
f 5243//3 5242//3 5378//3
f 5378//3 5242//3 5241//3
f 5379//3 5380//3 5373//3
f 5380//3 5381//3 5373//3
f 5373//3 5381//3 5382//3
f 5383//3 5384//3 5372//3
f 5384//3 5385//3 5372//3
f 5372//3 5385//3 5386//3
f 5387//3 5352//3 5388//3
f 5352//3 5350//3 5388//3
f 5388//3 5350//3 5389//3
f 5382//3 5390//3 5373//3
f 5390//3 5391//3 5373//3
f 5373//3 5391//3 5360//3
f 5391//3 5392//3 5360//3
f 5360//3 5392//3 5348//3
f 5392//3 5393//3 5348//3
f 5348//3 5393//3 5394//3
f 5354//3 5395//3 5372//3
f 5395//3 5396//3 5372//3
f 5372//3 5396//3 5383//3
f 5394//3 5397//3 5348//3
f 5397//3 5398//3 5348//3
f 5348//3 5398//3 5350//3
f 5398//3 5399//3 5350//3
f 5350//3 5399//3 5389//3
f 5387//3 5400//3 5352//3
f 5400//3 5401//3 5352//3
f 5352//3 5401//3 5354//3
f 5401//3 5402//3 5354//3
f 5354//3 5402//3 5395//3
f 5289//3 5288//3 5371//3
f 5288//3 5287//3 5371//3
f 5371//3 5287//3 5286//3
f 5285//3 5308//3 5403//3
f 5308//3 5307//3 5403//3
f 5403//3 5307//3 5306//3
f 5298//3 5297//3 5355//3
f 5297//3 5296//3 5355//3
f 5355//3 5296//3 5343//3
f 5296//3 5295//3 5343//3
f 5295//3 5294//3 5343//3
f 5343//3 5294//3 5345//3
f 5294//3 5293//3 5345//3
f 5293//3 5292//3 5345//3
f 5292//3 5291//3 5345//3
f 5345//3 5291//3 5371//3
f 5291//3 5290//3 5371//3
f 5371//3 5290//3 5289//3
f 5306//3 5305//3 5403//3
f 5305//3 5304//3 5403//3
f 5403//3 5304//3 5372//3
f 5304//3 5303//3 5372//3
f 5372//3 5303//3 5302//3
f 5302//3 5301//3 5372//3
f 5301//3 5300//3 5372//3
f 5372//3 5300//3 5355//3
f 5300//3 5299//3 5355//3
f 5355//3 5299//3 5298//3
f 5404//3 5338//3 5405//3
f 5338//3 5336//3 5405//3
f 5405//3 5336//3 5406//3
f 5404//3 5407//3 5338//3
f 5407//3 5408//3 5338//3
f 5338//3 5408//3 5340//3
f 5409//3 5410//3 5334//3
f 5410//3 5411//3 5334//3
f 5334//3 5411//3 5336//3
f 5411//3 5412//3 5336//3
f 5336//3 5412//3 5406//3
f 5413//3 5414//3 5371//3
f 5415//3 5416//3 5370//3
f 5416//3 5417//3 5370//3
f 5408//3 5418//3 5340//3
f 5418//3 5419//3 5340//3
f 5340//3 5419//3 5370//3
f 5419//3 5420//3 5370//3
f 5370//3 5420//3 5415//3
f 5417//3 5421//3 5370//3
f 5421//3 5422//3 5370//3
f 5370//3 5422//3 5371//3
f 5422//3 5423//3 5371//3
f 5371//3 5423//3 5413//3
f 5414//3 5424//3 5371//3
f 5424//3 5425//3 5371//3
f 5371//3 5425//3 5346//3
f 5425//3 5426//3 5346//3
f 5346//3 5426//3 5334//3
f 5426//3 5427//3 5334//3
f 5334//3 5427//3 5409//3
f 5327//3 5124//3 5329//3
f 5124//3 5122//3 5329//3
f 5122//3 5120//3 5329//3
f 5120//3 5118//3 5329//3
f 5329//3 5118//3 5369//3
f 5118//3 5164//3 5369//3
f 5164//3 5162//3 5369//3
f 5162//3 5160//3 5369//3
f 5369//3 5160//3 5158//3
f 5146//3 5428//3 5148//3
f 5428//3 5150//3 5148//3
f 5144//3 5142//3 5370//3
f 5142//3 5140//3 5370//3
f 5140//3 5138//3 5370//3
f 5138//3 5136//3 5370//3
f 5370//3 5136//3 5341//3
f 5136//3 5134//3 5341//3
f 5341//3 5134//3 5132//3
f 5132//3 5130//3 5341//3
f 5130//3 5128//3 5341//3
f 5341//3 5128//3 5327//3
f 5128//3 5126//3 5327//3
f 5327//3 5126//3 5124//3
f 5158//3 5156//3 5369//3
f 5156//3 5154//3 5369//3
f 5369//3 5154//3 5428//3
f 5154//3 5152//3 5428//3
f 5428//3 5152//3 5150//3
f 5286//3 5285//3 5371//3
f 5285//3 5403//3 5371//3
f 5371//3 5403//3 5370//3
f 5403//3 5428//3 5370//3
f 5370//3 5428//3 5144//3
f 5428//3 5146//3 5144//3
f 5239//3 5238//3 5378//3
f 5238//3 5374//3 5378//3
f 5378//3 5374//3 5377//3
f 5374//3 5375//3 5377//3
f 5377//3 5375//3 5190//3
f 5375//3 5192//3 5190//3
f 5386//3 5379//3 5372//3
f 5379//3 5373//3 5372//3
f 5372//3 5373//3 5403//3
f 5373//3 5378//3 5403//3
f 5403//3 5378//3 5428//3
f 5378//3 5377//3 5428//3
f 5428//3 5377//3 5369//3
f 5377//3 5376//3 5369//3
f 5369//3 5376//3 5069//3
f 5376//3 5115//3 5069//3
f 5429//58 5430//58 5431//58
f 5430//58 5432//58 5431//58
f 5431//58 5432//58 5433//58
f 5434//58 5435//58 5431//58
f 5435//58 5436//58 5431//58
f 5431//58 5436//58 5429//58
f 5437//58 5438//58 5431//58
f 5438//58 5439//58 5431//58
f 5431//58 5439//58 5434//58
f 5440//58 5441//58 5431//58
f 5441//58 5442//58 5431//58
f 5431//58 5442//58 5437//58
f 5443//58 5444//58 5431//58
f 5444//58 5445//58 5431//58
f 5431//58 5445//58 5440//58
f 5446//58 5447//58 5431//58
f 5447//58 5448//58 5431//58
f 5431//58 5448//58 5443//58
f 5449//58 5450//58 5431//58
f 5450//58 5451//58 5431//58
f 5431//58 5451//58 5446//58
f 5433//58 5452//58 5431//58
f 5452//58 5453//58 5431//58
f 5431//58 5453//58 5449//58
f 4906//58 4904//58 5454//58
f 5455//58 5456//58 5457//58
f 5458//58 5459//58 5460//58
f 5461//58 5462//58 5463//58
f 5082//58 5080//58 5464//58
f 5088//58 5086//58 5465//58
f 5086//58 5084//58 5465//58
f 5465//58 5084//58 5466//58
f 5096//58 5467//58 5098//58
f 5467//58 5468//58 5098//58
f 5080//58 5078//58 5464//58
f 5078//58 5076//58 5464//58
f 5464//58 5076//58 5074//58
f 5074//58 5072//58 5464//58
f 5072//58 5070//58 5464//58
f 5464//58 5070//58 5469//58
f 5070//58 5116//58 5469//58
f 5469//58 5116//58 5114//58
f 5114//58 5112//58 5469//58
f 5112//58 5110//58 5469//58
f 5469//58 5110//58 5108//58
f 5470//58 5106//58 5468//58
f 5106//58 5104//58 5468//58
f 5104//58 5102//58 5468//58
f 5102//58 5100//58 5468//58
f 5468//58 5100//58 5098//58
f 5096//58 5094//58 5467//58
f 5094//58 5092//58 5467//58
f 5467//58 5092//58 5465//58
f 5092//58 5090//58 5465//58
f 5465//58 5090//58 5088//58
f 5471//58 5472//58 5473//58
f 5472//58 5474//58 5473//58
f 5084//58 5082//58 5466//58
f 5082//58 5464//58 5466//58
f 5466//58 5464//58 5474//58
f 5464//58 5475//58 5474//58
f 5474//58 5475//58 5473//58
f 5476//58 5477//58 5478//58
f 5477//58 5479//58 5478//58
f 5478//58 5479//58 5480//58
f 5479//58 5481//58 5480//58
f 5482//58 5483//58 5463//58
f 5463//58 5483//58 5461//58
f 5483//58 5484//58 5461//58
f 5461//58 5484//58 5478//58
f 5484//58 5485//58 5478//58
f 5478//58 5485//58 5476//58
f 5481//58 5486//58 5480//58
f 5486//58 5487//58 5480//58
f 5480//58 5487//58 5488//58
f 5487//58 5489//58 5488//58
f 5488//58 5489//58 5490//58
f 5491//58 5492//58 5493//58
f 5492//58 5458//58 5493//58
f 5493//58 5458//58 5494//58
f 5458//58 5460//58 5494//58
f 5491//58 5495//58 5492//58
f 5495//58 5496//58 5492//58
f 5492//58 5496//58 5497//58
f 5496//58 5498//58 5497//58
f 5490//58 5499//58 5488//58
f 5499//58 5500//58 5488//58
f 5488//58 5500//58 5501//58
f 5500//58 5502//58 5501//58
f 5503//58 5504//58 5505//58
f 5504//58 5501//58 5505//58
f 5505//58 5501//58 5506//58
f 5501//58 5502//58 5506//58
f 5506//58 5502//58 5507//58
f 5508//58 5509//58 5510//58
f 5455//58 5457//58 5511//58
f 5457//58 5512//58 5511//58
f 5511//58 5512//58 5513//58
f 5456//58 5514//58 5457//58
f 5514//58 5515//58 5457//58
f 5457//58 5515//58 5516//58
f 5515//58 5517//58 5516//58
f 5510//58 5518//58 5508//58
f 5518//58 5519//58 5508//58
f 5508//58 5519//58 5520//58
f 5519//58 5521//58 5520//58
f 5522//58 5523//58 5524//58
f 5523//58 5525//58 5524//58
f 5524//58 5525//58 5512//58
f 5525//58 5526//58 5512//58
f 5512//58 5526//58 5513//58
f 5527//58 5528//58 5529//58
f 5521//58 5530//58 5520//58
f 5530//58 5531//58 5520//58
f 5520//58 5531//58 5532//58
f 5531//58 5533//58 5532//58
f 5533//58 5534//58 5532//58
f 5534//58 5527//58 5532//58
f 5532//58 5527//58 5535//58
f 5527//58 5529//58 5535//58
f 5535//58 5529//58 5536//58
f 5503//58 5537//58 5524//58
f 5537//58 5538//58 5524//58
f 5524//58 5538//58 5522//58
f 5539//58 5540//58 5541//58
f 5540//58 5516//58 5541//58
f 5541//58 5516//58 5542//58
f 5516//58 5517//58 5542//58
f 5542//58 5517//58 5543//58
f 5541//58 5544//58 5539//58
f 5544//58 5545//58 5539//58
f 5539//58 5545//58 5546//58
f 5545//58 5547//58 5546//58
f 5040//58 5038//58 5548//58
f 5060//58 5549//58 5062//58
f 5549//58 5550//58 5062//58
f 5062//58 5550//58 5064//58
f 5038//58 5036//58 5548//58
f 5036//58 5034//58 5548//58
f 5548//58 5034//58 5545//58
f 5034//58 5032//58 5545//58
f 5052//58 5050//58 5551//58
f 5050//58 5048//58 5551//58
f 5551//58 5048//58 5552//58
f 5060//58 5058//58 5549//58
f 5058//58 5056//58 5549//58
f 5549//58 5056//58 5551//58
f 5056//58 5054//58 5551//58
f 5551//58 5054//58 5052//58
f 5046//58 5044//58 5548//58
f 5044//58 5042//58 5548//58
f 5548//58 5042//58 5040//58
f 5032//58 5030//58 5545//58
f 5030//58 5028//58 5545//58
f 5545//58 5028//58 5026//58
f 5026//58 5024//58 5545//58
f 5024//58 5022//58 5545//58
f 5545//58 5022//58 5547//58
f 5022//58 5068//58 5547//58
f 5547//58 5068//58 5550//58
f 5068//58 5066//58 5550//58
f 5550//58 5066//58 5064//58
f 5454//58 5553//58 5554//58
f 5555//58 5556//58 5557//58
f 5556//58 5553//58 5557//58
f 5553//58 5454//58 5557//58
f 5454//58 4904//58 5557//58
f 5557//58 4904//58 4902//58
f 4902//58 4900//58 5557//58
f 4900//58 5558//58 5557//58
f 5557//58 5558//58 5555//58
f 5558//58 5469//58 5555//58
f 5555//58 5469//58 5470//58
f 5469//58 5108//58 5470//58
f 5470//58 5108//58 5106//58
f 4878//58 4924//58 5559//58
f 4924//58 4922//58 5559//58
f 4922//58 4920//58 5559//58
f 5559//58 4920//58 4918//58
f 4916//58 4914//58 5454//58
f 4914//58 4912//58 5454//58
f 4898//58 4896//58 5560//58
f 4896//58 4894//58 5560//58
f 5560//58 4894//58 4892//58
f 5048//58 5046//58 5552//58
f 5046//58 5548//58 5552//58
f 5552//58 5548//58 5554//58
f 5548//58 5559//58 5554//58
f 5554//58 5559//58 5454//58
f 5559//58 4918//58 5454//58
f 5454//58 4918//58 4916//58
f 4912//58 4910//58 5454//58
f 4910//58 4908//58 5454//58
f 5454//58 4908//58 4906//58
f 4892//58 4890//58 5560//58
f 4890//58 4888//58 5560//58
f 5560//58 4888//58 5561//58
f 4888//58 4886//58 5561//58
f 4880//58 5562//58 4882//58
f 5562//58 5561//58 4882//58
f 4882//58 5561//58 4884//58
f 5561//58 4886//58 4884//58
f 5563//58 5564//58 4856//58
f 4862//58 4860//58 5544//58
f 4860//58 4858//58 5544//58
f 4838//58 4836//58 5542//58
f 4876//58 4874//58 5541//58
f 4874//58 4872//58 5541//58
f 5541//58 4872//58 4870//58
f 4870//58 4868//58 5541//58
f 4868//58 4866//58 5541//58
f 5541//58 4866//58 5544//58
f 4866//58 4864//58 5544//58
f 5544//58 4864//58 4862//58
f 4838//58 5542//58 4840//58
f 4880//58 4878//58 5562//58
f 4878//58 5559//58 5562//58
f 5562//58 5559//58 5565//58
f 5559//58 5548//58 5565//58
f 5565//58 5548//58 5566//58
f 5548//58 5545//58 5566//58
f 5566//58 5545//58 5567//58
f 5545//58 5544//58 5567//58
f 5567//58 5544//58 5564//58
f 5544//58 4858//58 5564//58
f 5564//58 4858//58 4856//58
f 4844//58 5568//58 4846//58
f 5568//58 5569//58 4846//58
f 4846//58 5569//58 4848//58
f 4836//58 4834//58 5542//58
f 4834//58 4832//58 5542//58
f 5542//58 4832//58 5541//58
f 4832//58 4830//58 5541//58
f 5541//58 4830//58 4876//58
f 4856//58 4854//58 5563//58
f 4854//58 4852//58 5563//58
f 5563//58 4852//58 5569//58
f 4852//58 4850//58 5569//58
f 5569//58 4850//58 4848//58
f 4844//58 4842//58 5568//58
f 4842//58 4840//58 5568//58
f 5568//58 4840//58 5570//58
f 4840//58 5542//58 5570//58
f 5570//58 5542//58 5509//58
f 5542//58 5543//58 5509//58
f 5509//58 5543//58 5510//58
f 4974//58 5020//58 5529//58
f 5020//58 5018//58 5529//58
f 5505//58 4984//58 4982//58
f 4976//58 4974//58 5505//58
f 4974//58 5529//58 5505//58
f 5505//58 5529//58 5503//58
f 5529//58 5528//58 5503//58
f 5503//58 5528//58 5537//58
f 4982//58 4980//58 5505//58
f 4980//58 4978//58 5505//58
f 5505//58 4978//58 4976//58
f 5571//58 5008//58 5572//58
f 5008//58 5006//58 5572//58
f 5006//58 5004//58 5572//58
f 5004//58 5002//58 5572//58
f 5572//58 5002//58 5573//58
f 5002//58 5000//58 5573//58
f 4996//58 4994//58 5506//58
f 4994//58 4992//58 5506//58
f 5018//58 5016//58 5529//58
f 5016//58 5014//58 5529//58
f 5529//58 5014//58 5536//58
f 5014//58 5012//58 5536//58
f 5536//58 5012//58 5571//58
f 5012//58 5010//58 5571//58
f 5571//58 5010//58 5008//58
f 5000//58 4998//58 5573//58
f 4998//58 4996//58 5573//58
f 5573//58 4996//58 5574//58
f 4996//58 5506//58 5574//58
f 5574//58 5506//58 5459//58
f 5506//58 5507//58 5459//58
f 5459//58 5507//58 5460//58
f 4992//58 4990//58 5506//58
f 4990//58 4988//58 5506//58
f 5506//58 4988//58 5505//58
f 4988//58 4986//58 5505//58
f 5505//58 4986//58 4984//58
f 5575//58 5576//58 4928//58
f 4928//58 4926//58 5575//58
f 4926//58 4972//58 5575//58
f 5575//58 4972//58 5577//58
f 4972//58 4970//58 5577//58
f 4942//58 4940//58 5462//58
f 5463//58 4932//58 4930//58
f 5498//58 5578//58 5497//58
f 5578//58 5482//58 5497//58
f 5497//58 5482//58 5579//58
f 5482//58 5463//58 5579//58
f 5579//58 5463//58 5576//58
f 5463//58 4930//58 5576//58
f 5576//58 4930//58 4928//58
f 4962//58 4960//58 5580//58
f 4960//58 4958//58 5580//58
f 5580//58 4958//58 4956//58
f 4940//58 4938//58 5462//58
f 4938//58 4936//58 5462//58
f 5462//58 4936//58 5463//58
f 4936//58 4934//58 5463//58
f 5463//58 4934//58 4932//58
f 4970//58 4968//58 5577//58
f 4968//58 4966//58 5577//58
f 5577//58 4966//58 5580//58
f 4966//58 4964//58 5580//58
f 5580//58 4964//58 4962//58
f 4948//58 5462//58 4950//58
f 5462//58 5580//58 4950//58
f 4948//58 4946//58 5462//58
f 4946//58 4944//58 5462//58
f 5462//58 4944//58 4942//58
f 4956//58 4954//58 5580//58
f 4954//58 4952//58 5580//58
f 5580//58 4952//58 4950//58
f 5461//58 5471//58 5462//58
f 5471//58 5473//58 5462//58
f 5462//58 5473//58 5580//58
f 5473//58 5475//58 5580//58
f 5580//58 5475//58 5581//58
f 5475//58 5464//58 5581//58
f 5581//58 5464//58 5582//58
f 5464//58 5469//58 5582//58
f 5582//58 5469//58 5583//58
f 5469//58 5558//58 5583//58
f 5583//58 5558//58 5560//58
f 5558//58 4900//58 5560//58
f 5560//58 4900//58 4898//58
f 5389//1944 5513//1944 5388//1944
f 5513//1944 5526//1944 5388//1944
f 5388//1807 5526//1807 5387//1807
f 5526//1807 5525//1807 5387//1807
f 5387//1945 5525//1945 5400//1945
f 5525//1945 5523//1945 5400//1945
f 5400//1946 5523//1946 5401//1946
f 5523//1946 5522//1946 5401//1946
f 5401//1768 5522//1768 5402//1768
f 5522//1768 5538//1768 5402//1768
f 5402//1947 5538//1947 5395//1947
f 5538//1947 5537//1947 5395//1947
f 5395//1810 5537//1810 5396//1810
f 5537//1810 5528//1810 5396//1810
f 5396//1771 5528//1771 5383//1771
f 5528//1771 5527//1771 5383//1771
f 5383//1948 5527//1948 5384//1948
f 5527//1948 5534//1948 5384//1948
f 5384//1949 5534//1949 5385//1949
f 5534//1949 5533//1949 5385//1949
f 5385//1774 5533//1774 5386//1774
f 5533//1774 5531//1774 5386//1774
f 5386//1813 5531//1813 5379//1813
f 5531//1813 5530//1813 5379//1813
f 5379//1950 5530//1950 5380//1950
f 5530//1950 5521//1950 5380//1950
f 5380//1777 5521//1777 5381//1777
f 5521//1777 5519//1777 5381//1777
f 5381//1951 5519//1951 5382//1951
f 5519//1951 5518//1951 5382//1951
f 5382//1952 5518//1952 5390//1952
f 5518//1952 5510//1952 5390//1952
f 5390//1817 5510//1817 5391//1817
f 5510//1817 5543//1817 5391//1817
f 5391//1953 5543//1953 5392//1953
f 5543//1953 5517//1953 5392//1953
f 5392//1819 5517//1819 5393//1819
f 5517//1819 5515//1819 5393//1819
f 5393//1783 5515//1783 5394//1783
f 5515//1783 5514//1783 5394//1783
f 5394//1954 5514//1954 5397//1954
f 5514//1954 5456//1954 5397//1954
f 5397//1955 5456//1955 5398//1955
f 5456//1955 5455//1955 5398//1955
f 5398//1786 5455//1786 5399//1786
f 5455//1786 5511//1786 5399//1786
f 5399//1822 5511//1822 5389//1822
f 5511//1822 5513//1822 5389//1822
f 5547//1956 5361//1956 5356//1956
f 5547//1957 5550//1957 5361//1957
f 5550//1958 5549//1958 5361//1958
f 5361//1958 5549//1958 5366//1958
f 5549//1959 5551//1959 5366//1959
f 5366//1959 5551//1959 5310//1959
f 5551//1744 5552//1744 5310//1744
f 5310//1744 5552//1744 5312//1744
f 5552//1960 5314//1960 5312//1960
f 5552//1961 5554//1961 5314//1961
f 5554//1962 5553//1962 5314//1962
f 5314//1963 5553//1963 5556//1963
f 5466//1471 5324//1471 5465//1471
f 5324//1964 5322//1964 5465//1964
f 5465//1964 5322//1964 5467//1964
f 5322//1965 5319//1965 5467//1965
f 5467//1965 5319//1965 5468//1965
f 5319//1741 5316//1741 5468//1741
f 5468//1741 5316//1741 5470//1741
f 5316//1966 5314//1966 5470//1966
f 5470//1967 5314//1967 5555//1967
f 5314//1968 5556//1968 5555//1968
f 5474//1969 5328//1969 5466//1969
f 5328//1970 5330//1970 5466//1970
f 5466//1471 5330//1471 5324//1471
f 5474//1971 5472//1971 5328//1971
f 5472//1972 5471//1972 5328//1972
f 5328//1973 5471//1973 5326//1973
f 5471//1974 5461//1974 5326//1974
f 5461//1975 5478//1975 5326//1975
f 5326//1975 5478//1975 5339//1975
f 5478//1758 5480//1758 5339//1758
f 5339//1758 5480//1758 5337//1758
f 5480//1976 5488//1976 5337//1976
f 5337//1976 5488//1976 5335//1976
f 5488//1977 5501//1977 5335//1977
f 5335//1977 5501//1977 5333//1977
f 5501//1978 5504//1978 5333//1978
f 5333//1978 5504//1978 5344//1978
f 5504//1979 5503//1979 5344//1979
f 5344//1979 5503//1979 5342//1979
f 5503//1980 5524//1980 5342//1980
f 5342//1980 5524//1980 5353//1980
f 5524//1981 5512//1981 5353//1981
f 5353//1981 5512//1981 5351//1981
f 5512//1751 5457//1751 5351//1751
f 5351//1751 5457//1751 5349//1751
f 5457//1982 5516//1982 5349//1982
f 5349//1982 5516//1982 5347//1982
f 5516//1983 5540//1983 5347//1983
f 5347//1983 5540//1983 5358//1983
f 5540//1984 5539//1984 5358//1984
f 5358//1985 5539//1985 5356//1985
f 5539//1986 5546//1986 5356//1986
f 5356//1987 5546//1987 5547//1987
f 5441//1988 5440//1988 5535//1988
f 5535//1989 5536//1989 5441//1989
f 5536//1990 5571//1990 5441//1990
f 5441//1991 5571//1991 5442//1991
f 5571//1991 5572//1991 5442//1991
f 5442//1992 5572//1992 5437//1992
f 5572//1992 5573//1992 5437//1992
f 5573//1993 5574//1993 5437//1993
f 5574//1994 5459//1994 5437//1994
f 5437//1995 5459//1995 5438//1995
f 5459//1996 5458//1996 5438//1996
f 5438//1959 5458//1959 5439//1959
f 5458//1959 5492//1959 5439//1959
f 5439//1846 5492//1846 5434//1846
f 5492//1846 5497//1846 5434//1846
f 5497//1997 5579//1997 5434//1997
f 5434//1998 5579//1998 5435//1998
f 5579//1999 5576//1999 5435//1999
f 5576//2000 5575//2000 5435//2000
f 5435//2001 5575//2001 5436//2001
f 5575//2001 5577//2001 5436//2001
f 5436//2002 5577//2002 5429//2002
f 5577//2002 5580//2002 5429//2002
f 5429//2003 5580//2003 5430//2003
f 5580//2003 5581//2003 5430//2003
f 5430//2004 5581//2004 5432//2004
f 5581//2004 5582//2004 5432//2004
f 5432//2005 5582//2005 5433//2005
f 5582//2005 5583//2005 5433//2005
f 5433//2006 5583//2006 5452//2006
f 5583//2006 5560//2006 5452//2006
f 5452//2007 5560//2007 5453//2007
f 5560//2007 5561//2007 5453//2007
f 5453//2008 5561//2008 5449//2008
f 5561//2008 5562//2008 5449//2008
f 5449//2009 5562//2009 5450//2009
f 5562//2009 5565//2009 5450//2009
f 5450//2010 5565//2010 5451//2010
f 5565//2010 5566//2010 5451//2010
f 5451//2011 5566//2011 5446//2011
f 5566//2011 5567//2011 5446//2011
f 5567//2012 5564//2012 5446//2012
f 5446//2013 5564//2013 5447//2013
f 5564//2014 5563//2014 5447//2014
f 5447//2015 5563//2015 5448//2015
f 5563//2015 5569//2015 5448//2015
f 5448//2016 5569//2016 5443//2016
f 5569//2016 5568//2016 5443//2016
f 5568//2017 5570//2017 5443//2017
f 5570//2018 5509//2018 5443//2018
f 5443//2019 5509//2019 5444//2019
f 5509//2020 5508//2020 5444//2020
f 5444//1853 5508//1853 5445//1853
f 5508//1853 5520//1853 5445//1853
f 5445//1965 5520//1965 5440//1965
f 5520//1965 5532//1965 5440//1965
f 5440//2021 5532//2021 5535//2021
f 5426//1944 5502//1944 5427//1944
f 5502//1944 5500//1944 5427//1944
f 5427//1765 5500//1765 5409//1765
f 5500//1765 5499//1765 5409//1765
f 5409//1945 5499//1945 5410//1945
f 5499//1945 5490//1945 5410//1945
f 5410//1946 5490//1946 5411//1946
f 5490//1946 5489//1946 5411//1946
f 5411//1823 5489//1823 5412//1823
f 5489//1823 5487//1823 5412//1823
f 5412//1947 5487//1947 5406//1947
f 5487//1947 5486//1947 5406//1947
f 5406//1810 5486//1810 5405//1810
f 5486//1810 5481//1810 5405//1810
f 5405//1771 5481//1771 5404//1771
f 5481//1771 5479//1771 5404//1771
f 5404//1948 5479//1948 5407//1948
f 5479//1948 5477//1948 5407//1948
f 5407//1949 5477//1949 5408//1949
f 5477//1949 5476//1949 5408//1949
f 5408//1774 5476//1774 5418//1774
f 5476//1774 5485//1774 5418//1774
f 5418//1813 5485//1813 5419//1813
f 5485//1813 5484//1813 5419//1813
f 5419//1950 5484//1950 5420//1950
f 5484//1950 5483//1950 5420//1950
f 5420//1824 5483//1824 5415//1824
f 5483//1824 5482//1824 5415//1824
f 5415//1951 5482//1951 5416//1951
f 5482//1951 5578//1951 5416//1951
f 5416//1952 5578//1952 5417//1952
f 5578//1952 5498//1952 5417//1952
f 5417//1780 5498//1780 5421//1780
f 5498//1780 5496//1780 5421//1780
f 5421//1953 5496//1953 5422//1953
f 5496//1953 5495//1953 5422//1953
f 5422//1819 5495//1819 5423//1819
f 5495//1819 5491//1819 5423//1819
f 5423//1783 5491//1783 5413//1783
f 5491//1783 5493//1783 5413//1783
f 5413//1954 5493//1954 5414//1954
f 5493//1954 5494//1954 5414//1954
f 5414//1955 5494//1955 5424//1955
f 5494//1955 5460//1955 5424//1955
f 5424//1786 5460//1786 5425//1786
f 5460//1786 5507//1786 5425//1786
f 5425//1822 5507//1822 5426//1822
f 5507//1822 5502//1822 5426//1822
f 5584//3 5585//3 5586//3
f 5585//3 5587//3 5586//3
f 5586//3 5587//3 5588//3
f 5587//3 5589//3 5588//3
f 5588//3 5589//3 5590//3
f 5591//3 5592//3 5593//3
f 5589//3 5594//3 5590//3
f 5594//3 5595//3 5590//3
f 5590//3 5595//3 5596//3
f 5595//3 5597//3 5596//3
f 5596//3 5597//3 5598//3
f 5597//3 5599//3 5598//3
f 5598//3 5599//3 5600//3
f 5601//3 5602//3 5603//3
f 5604//3 5605//3 5606//3
f 5605//3 5607//3 5606//3
f 5606//3 5607//3 5608//3
f 5607//3 5609//3 5608//3
f 5608//3 5609//3 5610//3
f 5611//3 5612//3 5613//3
f 5612//3 5614//3 5613//3
f 5613//3 5614//3 5615//3
f 5614//3 5616//3 5615//3
f 5615//3 5616//3 5604//3
f 5616//3 5617//3 5604//3
f 5604//3 5617//3 5605//3
f 5618//3 5619//3 5620//3
f 5619//3 5621//3 5620//3
f 5620//3 5621//3 5622//3
f 5621//3 5623//3 5622//3
f 5622//3 5623//3 5584//3
f 5623//3 5624//3 5584//3
f 5584//3 5624//3 5585//3
f 5625//3 5626//3 5627//3
f 5603//3 5602//3 5628//3
f 5602//3 5629//3 5628//3
f 5628//3 5629//3 5630//3
f 5631//3 5632//3 5633//3
f 5632//3 5634//3 5633//3
f 5633//3 5634//3 5635//3
f 5634//3 5636//3 5635//3
f 5635//3 5636//3 5611//3
f 5636//3 5637//3 5611//3
f 5611//3 5637//3 5612//3
f 5593//3 5592//3 5638//3
f 5625//3 5627//3 5639//3
f 5627//3 5640//3 5639//3
f 5639//3 5640//3 5641//3
f 5641//3 5642//3 5639//3
f 5642//3 5643//3 5639//3
f 5639//3 5643//3 5618//3
f 5643//3 5644//3 5618//3
f 5618//3 5644//3 5619//3
f 5645//3 5646//3 5647//3
f 5646//3 5648//3 5647//3
f 5649//3 5650//3 5651//3
f 5650//3 5652//3 5651//3
f 5651//3 5652//3 5653//3
f 5652//3 5654//3 5653//3
f 5653//3 5654//3 5655//3
f 5654//3 5656//3 5655//3
f 5649//3 5657//3 5650//3
f 5657//3 5658//3 5650//3
f 5650//3 5658//3 5659//3
f 5658//3 5660//3 5659//3
f 5659//3 5660//3 5661//3
f 5662//3 5663//3 5664//3
f 5663//3 5665//3 5664//3
f 5664//3 5665//3 5593//3
f 5665//3 5666//3 5593//3
f 5593//3 5666//3 5591//3
f 5609//3 5667//3 5610//3
f 5667//3 5668//3 5610//3
f 5610//3 5668//3 5669//3
f 5668//3 5670//3 5669//3
f 5669//3 5670//3 5664//3
f 5670//3 5671//3 5664//3
f 5664//3 5671//3 5662//3
f 5672//3 5673//3 5674//3
f 5673//3 5675//3 5674//3
f 5674//3 5675//3 5625//3
f 5675//3 5676//3 5625//3
f 5625//3 5676//3 5626//3
f 5677//3 5678//3 5679//3
f 5678//3 5680//3 5679//3
f 5679//3 5680//3 5681//3
f 5680//3 5682//3 5681//3
f 5683//3 5684//3 5685//3
f 5684//3 5686//3 5685//3
f 5686//3 5687//3 5685//3
f 5687//3 5630//3 5685//3
f 5685//3 5630//3 5688//3
f 5630//3 5629//3 5688//3
f 5648//3 5689//3 5647//3
f 5689//3 5690//3 5647//3
f 5647//3 5690//3 5631//3
f 5690//3 5691//3 5631//3
f 5631//3 5691//3 5632//3
f 5599//3 5692//3 5600//3
f 5692//3 5693//3 5600//3
f 5600//3 5693//3 5694//3
f 5693//3 5695//3 5694//3
f 5694//3 5695//3 5680//3
f 5695//3 5696//3 5680//3
f 5680//3 5696//3 5682//3
f 5672//3 5674//3 5697//3
f 5674//3 5698//3 5697//3
f 5697//3 5698//3 5699//3
f 5698//3 5700//3 5699//3
f 5699//3 5700//3 5603//3
f 5700//3 5701//3 5603//3
f 5603//3 5701//3 5601//3
f 5702//3 5703//3 5638//3
f 5703//3 5661//3 5638//3
f 5638//3 5661//3 5704//3
f 5661//3 5660//3 5704//3
f 5705//3 5706//3 5707//3
f 5706//3 5708//3 5707//3
f 5707//3 5708//3 5709//3
f 5708//3 5710//3 5709//3
f 5710//3 5711//3 5709//3
f 5709//3 5711//3 5712//3
f 5711//3 5713//3 5712//3
f 5714//3 5715//3 5716//3
f 5715//3 5717//3 5716//3
f 5716//3 5717//3 5718//3
f 5717//3 5719//3 5718//3
f 5718//3 5719//3 5705//3
f 5719//3 5720//3 5705//3
f 5705//3 5720//3 5706//3
f 5721//3 5722//3 5723//3
f 5722//3 5724//3 5723//3
f 5723//3 5724//3 5725//3
f 5724//3 5726//3 5725//3
f 5725//3 5726//3 5714//3
f 5726//3 5727//3 5714//3
f 5714//3 5727//3 5715//3
f 5647//3 5656//3 5645//3
f 5656//3 5654//3 5645//3
f 5645//3 5654//3 5728//3
f 5654//3 5729//3 5728//3
f 5728//3 5729//3 5730//3
f 5713//3 5731//3 5712//3
f 5731//3 5732//3 5712//3
f 5712//3 5732//3 5733//3
f 5732//3 5728//3 5733//3
f 5733//3 5728//3 5734//3
f 5728//3 5730//3 5734//3
f 5735//3 5736//3 5737//3
f 5736//3 5738//3 5737//3
f 5737//3 5738//3 5739//3
f 5738//3 5740//3 5739//3
f 5739//3 5740//3 5721//3
f 5740//3 5741//3 5721//3
f 5721//3 5741//3 5722//3
f 5677//3 5742//3 5678//3
f 5742//3 5743//3 5678//3
f 5678//3 5743//3 5685//3
f 5743//3 5744//3 5685//3
f 5685//3 5744//3 5683//3
f 5745//3 5746//3 5735//3
f 5746//3 5747//3 5735//3
f 5735//3 5747//3 5736//3
f 5743//3 5748//3 5744//3
f 5748//3 5749//3 5744//3
f 5744//3 5749//3 5745//3
f 5749//3 5750//3 5745//3
f 5745//3 5750//3 5746//3
f 5751//3 5752//3 5753//3
f 5754//3 5755//3 5756//3
f 5755//3 5757//3 5756//3
f 5756//3 5757//3 5758//3
f 5757//3 5759//3 5758//3
f 5758//3 5759//3 5760//3
f 5761//3 5762//3 5763//3
f 5751//3 5764//3 5765//3
f 5766//3 5767//3 5768//3
f 5767//3 5769//3 5768//3
f 5768//3 5769//3 5770//3
f 5769//3 5771//3 5770//3
f 5770//3 5771//3 5772//3
f 5761//3 5763//3 5771//3
f 5763//3 5773//3 5771//3
f 5771//3 5773//3 5772//3
f 5766//3 5774//3 5767//3
f 5774//3 5775//3 5767//3
f 5767//3 5775//3 5776//3
f 5775//3 5777//3 5776//3
f 5776//3 5777//3 5765//3
f 5777//3 5778//3 5765//3
f 5765//3 5778//3 5751//3
f 5759//3 5779//3 5760//3
f 5779//3 5780//3 5760//3
f 5760//3 5780//3 5781//3
f 5780//3 5782//3 5781//3
f 5781//3 5782//3 5783//3
f 5782//3 5784//3 5783//3
f 5783//3 5784//3 5785//3
f 5786//3 5787//3 5788//3
f 5787//3 5789//3 5788//3
f 5788//3 5789//3 5754//3
f 5789//3 5790//3 5754//3
f 5754//3 5790//3 5755//3
f 5791//3 5792//3 5793//3
f 5792//3 5794//3 5793//3
f 5753//3 5752//3 5795//3
f 5794//3 5796//3 5793//3
f 5796//3 5797//3 5793//3
f 5793//3 5797//3 5772//3
f 5797//3 5798//3 5772//3
f 5772//3 5798//3 5770//3
f 5799//3 5800//3 5801//3
f 5800//3 5802//3 5801//3
f 5801//3 5802//3 5793//3
f 5802//3 5803//3 5793//3
f 5793//3 5803//3 5791//3
f 5796//3 5804//3 5797//3
f 5804//3 5805//3 5797//3
f 5797//3 5805//3 5788//3
f 5805//3 5806//3 5788//3
f 5788//3 5806//3 5786//3
f 5807//3 5808//3 5809//3
f 5808//3 5810//3 5809//3
f 5809//3 5810//3 5811//3
f 5810//3 5812//3 5811//3
f 5811//3 5812//3 5813//3
f 5702//3 5638//3 5814//3
f 5638//3 5592//3 5814//3
f 5814//3 5592//3 5815//3
f 5816//3 5817//3 5818//3
f 5819//3 5820//3 5821//3
f 5820//3 5822//3 5821//3
f 5821//3 5822//3 5752//3
f 5822//3 5823//3 5752//3
f 5752//3 5823//3 5795//3
f 5784//3 5824//3 5785//3
f 5824//3 5825//3 5785//3
f 5785//3 5825//3 5826//3
f 5825//3 5827//3 5826//3
f 5826//3 5827//3 5828//3
f 5827//3 5829//3 5828//3
f 5828//3 5829//3 5830//3
f 5812//3 5831//3 5813//3
f 5831//3 5832//3 5813//3
f 5813//3 5832//3 5833//3
f 5832//3 5834//3 5833//3
f 5833//3 5834//3 5835//3
f 5834//3 5836//3 5835//3
f 5835//3 5836//3 5799//3
f 5836//3 5837//3 5799//3
f 5799//3 5837//3 5800//3
f 5818//3 5838//3 5816//3
f 5838//3 5839//3 5816//3
f 5816//3 5839//3 5840//3
f 5839//3 5841//3 5840//3
f 5840//3 5841//3 5842//3
f 5841//3 5843//3 5842//3
f 5842//3 5843//3 5807//3
f 5843//3 5844//3 5807//3
f 5807//3 5844//3 5808//3
f 5845//3 5846//3 5847//3
f 5846//3 5848//3 5847//3
f 5847//3 5848//3 5817//3
f 5848//3 5849//3 5817//3
f 5817//3 5849//3 5818//3
f 5829//3 5850//3 5830//3
f 5850//3 5851//3 5830//3
f 5830//3 5851//3 5852//3
f 5851//3 5853//3 5852//3
f 5852//3 5853//3 5821//3
f 5853//3 5854//3 5821//3
f 5821//3 5854//3 5819//3
f 5845//3 5847//3 5592//3
f 5847//3 5855//3 5592//3
f 5592//3 5855//3 5815//3
f 5856//3 5857//3 5858//3
f 5857//3 5859//3 5858//3
f 5858//3 5859//3 5860//3
f 5861//3 5862//3 5863//3
f 5863//3 5864//3 5861//3
f 5864//3 5865//3 5861//3
f 5861//3 5865//3 5866//3
f 5867//3 5868//3 5869//3
f 5868//3 5860//3 5869//3
f 5869//3 5860//3 5870//3
f 5860//3 5859//3 5870//3
f 5871//3 5872//3 5873//3
f 5872//3 5874//3 5873//3
f 5873//3 5874//3 5875//3
f 5874//3 5876//3 5875//3
f 5875//3 5876//3 5856//3
f 5876//3 5877//3 5856//3
f 5856//3 5877//3 5857//3
f 5878//3 5879//3 5880//3
f 5879//3 5881//3 5880//3
f 5880//3 5881//3 5882//3
f 5881//3 5883//3 5882//3
f 5882//3 5883//3 5871//3
f 5883//3 5884//3 5871//3
f 5871//3 5884//3 5872//3
f 5753//3 5885//3 5862//3
f 5885//3 5886//3 5862//3
f 5862//3 5886//3 5863//3
f 5862//3 5887//3 5753//3
f 5887//3 5888//3 5753//3
f 5753//3 5888//3 5751//3
f 5888//3 5889//3 5751//3
f 5751//3 5889//3 5764//3
f 5865//3 5890//3 5866//3
f 5890//3 5891//3 5866//3
f 5866//3 5891//3 5892//3
f 5891//3 5893//3 5892//3
f 5892//3 5893//3 5894//3
f 5893//3 5895//3 5894//3
f 5894//3 5895//3 5878//3
f 5895//3 5896//3 5878//3
f 5878//3 5896//3 5879//3
f 5897//3 5898//3 5899//3
f 5867//3 5900//3 5868//3
f 5900//3 5901//3 5868//3
f 5868//3 5901//3 5902//3
f 5901//3 5903//3 5902//3
f 5902//3 5903//3 5898//3
f 5903//3 5904//3 5898//3
f 5898//3 5904//3 5899//3
f 5905//3 5906//3 5907//3
f 5906//3 5908//3 5907//3
f 5907//3 5908//3 5909//3
f 5908//3 5910//3 5909//3
f 5911//3 5912//3 5913//3
f 5912//3 5914//3 5913//3
f 5913//3 5914//3 5908//3
f 5914//3 5915//3 5908//3
f 5908//3 5915//3 5910//3
f 5916//3 5917//3 5918//3
f 5917//3 5919//3 5918//3
f 5918//3 5919//3 5920//3
f 5919//3 5921//3 5920//3
f 5920//3 5921//3 5899//3
f 5921//3 5922//3 5899//3
f 5899//3 5922//3 5897//3
f 5916//3 5923//3 5917//3
f 5923//3 5924//3 5917//3
f 5917//3 5924//3 5925//3
f 5924//3 5926//3 5925//3
f 5925//3 5926//3 5927//3
f 5928//3 5929//3 5930//3
f 5929//3 5931//3 5930//3
f 5930//3 5931//3 5932//3
f 5933//3 5934//3 5935//3
f 5934//3 5936//3 5935//3
f 5935//3 5936//3 5937//3
f 5936//3 5938//3 5937//3
f 5937//3 5938//3 5911//3
f 5938//3 5939//3 5911//3
f 5911//3 5939//3 5912//3
f 5940//3 5941//3 5942//3
f 5941//3 5943//3 5942//3
f 5942//3 5943//3 5944//3
f 5943//3 5945//3 5944//3
f 5944//3 5945//3 5933//3
f 5945//3 5946//3 5933//3
f 5933//3 5946//3 5934//3
f 5947//3 5948//3 5949//3
f 5948//3 5950//3 5949//3
f 5949//3 5950//3 5951//3
f 5950//3 5952//3 5951//3
f 5951//3 5952//3 5940//3
f 5952//3 5953//3 5940//3
f 5940//3 5953//3 5941//3
f 5903//3 5954//3 5904//3
f 5954//3 5955//3 5904//3
f 5904//3 5955//3 5956//3
f 5955//3 5957//3 5956//3
f 5956//3 5957//3 5958//3
f 5931//3 5959//3 5932//3
f 5959//3 5960//3 5932//3
f 5932//3 5960//3 5961//3
f 5960//3 5962//3 5961//3
f 5962//3 5963//3 5961//3
f 5963//3 5964//3 5961//3
f 5961//3 5964//3 5965//3
f 5964//3 5676//3 5965//3
f 5965//3 5676//3 5966//3
f 5676//3 5675//3 5966//3
f 5967//3 5968//3 5969//3
f 5968//3 5970//3 5969//3
f 5969//3 5970//3 5971//3
f 5970//3 5972//3 5971//3
f 5971//3 5972//3 5973//3
f 5972//3 5974//3 5973//3
f 5974//3 5975//3 5973//3
f 5973//3 5975//3 5976//3
f 5975//3 5977//3 5976//3
f 5976//3 5977//3 5978//3
f 5977//3 5979//3 5978//3
f 5978//3 5979//3 5928//3
f 5979//3 5980//3 5928//3
f 5928//3 5980//3 5929//3
f 5958//3 5981//3 5956//3
f 5981//3 5982//3 5956//3
f 5956//3 5982//3 5947//3
f 5982//3 5983//3 5947//3
f 5947//3 5983//3 5948//3
f 5984//3 5985//3 5986//3
f 5985//3 5987//3 5986//3
f 5986//3 5987//3 5988//3
f 5987//3 5989//3 5988//3
f 5988//3 5989//3 5967//3
f 5989//3 5990//3 5967//3
f 5967//3 5990//3 5968//3
f 5991//3 5992//3 5993//3
f 5992//3 5994//3 5993//3
f 5905//3 5995//3 5906//3
f 5995//3 5993//3 5906//3
f 5906//3 5993//3 5996//3
f 5993//3 5927//3 5996//3
f 5996//3 5927//3 5997//3
f 5927//3 5926//3 5997//3
f 5993//3 5998//3 5991//3
f 5998//3 5999//3 5991//3
f 5991//3 5999//3 6000//3
f 5999//3 6001//3 6000//3
f 6001//3 6002//3 6000//3
f 6000//3 6002//3 5984//3
f 6002//3 6003//3 5984//3
f 5984//3 6003//3 5985//3
f 5994//3 6004//3 5993//3
f 6004//3 6005//3 5993//3
f 5993//3 6005//3 5927//3
f 6006//2022 6007//2022 6008//2022
f 6007//2022 6009//2022 6008//2022
f 6008//2023 6009//2023 6010//2023
f 6009//2023 6011//2023 6010//2023
f 6010//2024 6011//2024 6012//2024
f 6011//2024 6013//2024 6012//2024
f 6012//2025 6013//2025 6014//2025
f 6013//2025 6015//2025 6014//2025
f 6014//2026 6015//2026 6016//2026
f 6015//2026 6017//2026 6016//2026
f 6016//2027 6017//2027 6018//2027
f 6017//2027 6019//2027 6018//2027
f 6018//2028 6019//2028 6020//2028
f 6019//2028 6021//2028 6020//2028
f 6020//2029 6021//2029 6022//2029
f 6021//2029 6023//2029 6022//2029
f 6022//1062 6023//1062 6024//1062
f 6023//1062 6025//1062 6024//1062
f 6024//2030 6025//2030 6026//2030
f 6025//2030 6027//2030 6026//2030
f 6026//2031 6027//2031 6028//2031
f 6027//2031 6029//2031 6028//2031
f 6028//2032 6029//2032 6030//2032
f 6029//2032 6031//2032 6030//2032
f 6030//2033 6031//2033 6032//2033
f 6031//2033 6033//2033 6032//2033
f 6032//2034 6033//2034 6034//2034
f 6033//2034 6035//2034 6034//2034
f 6034//2035 6035//2035 6036//2035
f 6035//2035 6037//2035 6036//2035
f 6036//2036 6037//2036 6038//2036
f 6037//2036 6039//2036 6038//2036
f 6038//2037 6039//2037 6040//2037
f 6039//2037 6041//2037 6040//2037
f 6040//2038 6041//2038 6042//2038
f 6041//2038 6043//2038 6042//2038
f 6042//2039 6043//2039 6044//2039
f 6043//2039 6045//2039 6044//2039
f 6044//2040 6045//2040 6046//2040
f 6045//2040 6047//2040 6046//2040
f 6046//1074 6047//1074 6048//1074
f 6047//1074 6049//1074 6048//1074
f 6048//2041 6049//2041 6050//2041
f 6049//2041 6051//2041 6050//2041
f 6050//2042 6051//2042 6052//2042
f 6051//2042 6053//2042 6052//2042
f 6052//2043 6053//2043 6006//2043
f 6053//2043 6007//2043 6006//2043
f 6054//2044 5666//2044 6055//2044
f 5666//2044 5665//2044 6055//2044
f 6055//2045 5665//2045 6056//2045
f 5665//2045 5663//2045 6056//2045
f 6056//2046 5663//2046 6057//2046
f 5663//2046 5662//2046 6057//2046
f 6057//2047 5662//2047 6058//2047
f 5662//2047 5671//2047 6058//2047
f 6058//2048 5671//2048 6059//2048
f 5671//2048 5670//2048 6059//2048
f 6059//2049 5670//2049 6060//2049
f 5670//2049 5668//2049 6060//2049
f 6061//2050 5839//2050 6062//2050
f 5839//2050 5838//2050 6062//2050
f 6062//2051 5838//2051 6063//2051
f 5838//2051 5818//2051 6063//2051
f 6063//2052 5818//2052 6064//2052
f 5818//2052 5849//2052 6064//2052
f 6064//2053 5849//2053 6065//2053
f 5849//2053 5848//2053 6065//2053
f 6065//2054 5848//2054 6066//2054
f 5848//2054 5846//2054 6066//2054
f 6066//2055 5846//2055 6067//2055
f 5846//2055 5845//2055 6067//2055
f 5845//2056 5592//2056 6067//2056
f 5592//2057 6068//2057 6067//2057
f 5592//2058 5591//2058 6068//2058
f 5591//2059 5666//2059 6068//2059
f 6068//2059 5666//2059 6054//2059
f 6069//2060 5796//2060 6070//2060
f 5796//2060 5794//2060 6070//2060
f 6070//2061 5794//2061 6071//2061
f 5794//2061 5792//2061 6071//2061
f 6071//2062 5792//2062 6072//2062
f 5792//2062 5791//2062 6072//2062
f 6072//2063 5791//2063 6073//2063
f 5791//2063 5803//2063 6073//2063
f 6073//2064 5803//2064 6074//2064
f 5803//2064 5802//2064 6074//2064
f 6074//2065 5802//2065 6075//2065
f 5802//2065 5800//2065 6075//2065
f 6076//2066 5755//2066 6077//2066
f 5755//2066 5790//2066 6077//2066
f 6077//2067 5790//2067 6078//2067
f 5790//2067 5789//2067 6078//2067
f 6078//2068 5789//2068 6079//2068
f 5789//2068 5787//2068 6079//2068
f 6079//2069 5787//2069 6080//2069
f 5787//2069 5786//2069 6080//2069
f 6080//2070 5786//2070 6081//2070
f 5786//2070 5806//2070 6081//2070
f 6081//2071 5806//2071 6082//2071
f 5806//2071 5805//2071 6082//2071
f 6082//2072 5805//2072 5804//2072
f 6082//2072 5804//2072 6083//2072
f 5804//2073 5796//2073 6083//2073
f 6083//2073 5796//2073 6069//2073
f 6084//2074 5823//2074 6085//2074
f 5823//2074 5822//2074 6085//2074
f 6085//2075 5822//2075 6086//2075
f 5822//2075 5820//2075 6086//2075
f 6086//2076 5820//2076 6087//2076
f 5820//2076 5819//2076 6087//2076
f 6087//2077 5819//2077 6088//2077
f 5819//2077 5854//2077 6088//2077
f 6088//2078 5854//2078 6089//2078
f 5854//2078 5853//2078 6089//2078
f 6089//2079 5853//2079 6090//2079
f 5853//2079 5851//2079 6090//2079
f 6091//2080 5891//2080 6092//2080
f 5891//2080 5890//2080 6092//2080
f 6092//2081 5890//2081 6093//2081
f 5890//2081 5865//2081 6093//2081
f 6093//2082 5865//2082 6094//2082
f 5865//2082 5864//2082 6094//2082
f 6094//2083 5864//2083 6095//2083
f 5864//2083 5863//2083 6095//2083
f 6095//2084 5863//2084 6096//2084
f 5863//2084 5886//2084 6096//2084
f 6096//2085 5886//2085 6097//2085
f 5886//2085 5885//2085 6097//2085
f 5885//2086 5753//2086 6097//2086
f 5753//2087 6098//2087 6097//2087
f 5753//2088 5795//2088 6098//2088
f 5795//2089 5823//2089 6098//2089
f 6098//2089 5823//2089 6084//2089
f 6099//2090 5901//2090 6100//2090
f 5901//2090 5900//2090 6100//2090
f 6100//2091 5900//2091 6101//2091
f 5900//2091 5867//2091 6101//2091
f 6101//2092 5867//2092 6102//2092
f 5867//2092 5869//2092 6102//2092
f 6102//2093 5869//2093 6103//2093
f 5869//2093 5870//2093 6103//2093
f 6103//2094 5870//2094 6104//2094
f 5870//2094 5859//2094 6104//2094
f 6104//2095 5859//2095 6105//2095
f 5859//2095 5857//2095 6105//2095
f 6106//2096 5948//2096 6107//2096
f 5948//2096 5983//2096 6107//2096
f 6107//2097 5983//2097 6108//2097
f 5983//2097 5982//2097 6108//2097
f 6108//2098 5982//2098 6109//2098
f 5982//2098 5981//2098 6109//2098
f 6109//2099 5981//2099 6110//2099
f 5981//2099 5958//2099 6110//2099
f 6110//2100 5958//2100 6111//2100
f 5958//2100 5957//2100 6111//2100
f 6111//2101 5957//2101 6112//2101
f 5957//2101 5955//2101 6112//2101
f 5901//2102 6099//2102 5903//2102
f 6099//2103 6113//2103 5903//2103
f 5903//2104 6113//2104 5954//2104
f 6113//2105 6112//2105 5954//2105
f 5954//2105 6112//2105 5955//2105
f 6114//2106 5905//2106 6115//2106
f 5905//2106 5907//2106 6115//2106
f 6115//2107 5907//2107 6116//2107
f 5907//2107 5909//2107 6116//2107
f 6116//2108 5909//2108 6117//2108
f 5909//2108 5910//2108 6117//2108
f 6117//2109 5910//2109 6118//2109
f 5910//2109 5915//2109 6118//2109
f 6118//2110 5915//2110 6119//2110
f 5915//2110 5914//2110 6119//2110
f 6119//2111 5914//2111 6120//2111
f 5914//2111 5912//2111 6120//2111
f 6121//2112 5985//2112 6122//2112
f 5985//2112 6003//2112 6122//2112
f 6122//2113 6003//2113 6123//2113
f 6003//2113 6002//2113 6123//2113
f 6123//2114 6002//2114 6124//2114
f 6002//2114 6001//2114 6124//2114
f 6124//2115 6001//2115 6125//2115
f 6001//2115 5999//2115 6125//2115
f 6125//2116 5999//2116 6126//2116
f 5999//2116 5998//2116 6126//2116
f 6126//2117 5998//2117 6127//2117
f 5998//2117 5993//2117 6127//2117
f 6127//2118 5993//2118 5995//2118
f 6127//2118 5995//2118 6128//2118
f 5995//2119 5905//2119 6128//2119
f 6128//2119 5905//2119 6114//2119
f 6129//2120 5964//2120 6130//2120
f 5964//2120 5963//2120 6130//2120
f 6130//2121 5963//2121 6131//2121
f 5963//2121 5962//2121 6131//2121
f 6131//2122 5962//2122 6132//2122
f 5962//2122 5960//2122 6132//2122
f 6132//2123 5960//2123 6133//2123
f 5960//2123 5959//2123 6133//2123
f 6133//2124 5959//2124 6134//2124
f 5959//2124 5931//2124 6134//2124
f 6134//2125 5931//2125 6135//2125
f 5931//2125 5929//2125 6135//2125
f 6136//2126 5619//2126 6137//2126
f 5619//2126 5644//2126 6137//2126
f 6137//2127 5644//2127 6138//2127
f 5644//2127 5643//2127 6138//2127
f 6138//2128 5643//2128 6139//2128
f 5643//2128 5642//2128 6139//2128
f 6139//2129 5642//2129 6140//2129
f 5642//2129 5641//2129 6140//2129
f 6140//2130 5641//2130 6141//2130
f 5641//2130 5640//2130 6141//2130
f 6141//2131 5640//2131 6142//2131
f 5640//2131 5627//2131 6142//2131
f 5964//2132 6129//2132 5676//2132
f 6129//2133 6143//2133 5676//2133
f 5676//2134 6143//2134 5626//2134
f 6143//2135 6142//2135 5626//2135
f 5626//2135 6142//2135 5627//2135
f 6144//2136 5677//2136 6145//2136
f 5677//2136 5679//2136 6145//2136
f 6145//2137 5679//2137 6146//2137
f 5679//2137 5681//2137 6146//2137
f 6146//2138 5681//2138 6147//2138
f 5681//2138 5682//2138 6147//2138
f 6147//2139 5682//2139 6148//2139
f 5682//2139 5696//2139 6148//2139
f 6148//2140 5696//2140 6149//2140
f 5696//2140 5695//2140 6149//2140
f 6149//2141 5695//2141 6150//2141
f 5695//2141 5693//2141 6150//2141
f 6151//2142 5736//2142 6152//2142
f 5736//2142 5747//2142 6152//2142
f 6152//2143 5747//2143 6153//2143
f 5747//2143 5746//2143 6153//2143
f 6153//2144 5746//2144 6154//2144
f 5746//2144 5750//2144 6154//2144
f 6154//2145 5750//2145 6155//2145
f 5750//2145 5749//2145 6155//2145
f 6155//2146 5749//2146 6156//2146
f 5749//2146 5748//2146 6156//2146
f 6156//2147 5748//2147 6157//2147
f 5748//2147 5743//2147 6157//2147
f 6157//2148 5743//2148 5742//2148
f 6157//2148 5742//2148 6158//2148
f 5742//2149 5677//2149 6158//2149
f 6158//2149 5677//2149 6144//2149
f 6159//2150 6160//2150 6161//2150
f 6160//2150 6162//2150 6161//2150
f 6161//2151 6162//2151 6163//2151
f 6162//2151 6164//2151 6163//2151
f 6163//2152 6164//2152 6165//2152
f 6164//2152 6166//2152 6165//2152
f 6165//1095 6166//1095 6167//1095
f 6166//1095 6168//1095 6167//1095
f 6167//801 6168//801 6169//801
f 6168//801 6170//801 6169//801
f 6169//2153 6170//2153 6171//2153
f 6170//2153 6172//2153 6171//2153
f 6171//799 6172//799 6173//799
f 6172//799 6174//799 6173//799
f 6173//2154 6174//2154 6175//2154
f 6174//2154 6176//2154 6175//2154
f 6175//678 6176//678 6177//678
f 6176//678 6178//678 6177//678
f 6178//2155 6179//2155 6177//2155
f 6177//2156 6179//2156 6180//2156
f 6179//2157 6181//2157 6180//2157
f 6180//2158 6181//2158 6182//2158
f 6181//2158 6183//2158 6182//2158
f 6182//2159 6183//2159 6184//2159
f 6183//2159 6185//2159 6184//2159
f 6184//2160 6185//2160 6186//2160
f 6185//2160 6187//2160 6186//2160
f 6186//2161 6187//2161 6188//2161
f 6187//2161 6189//2161 6188//2161
f 6188//2162 6189//2162 6190//2162
f 6189//2162 6191//2162 6190//2162
f 6190//1084 6191//1084 6192//1084
f 6191//1084 6193//1084 6192//1084
f 6192//2163 6193//2163 6194//2163
f 6193//2163 6195//2163 6194//2163
f 6194//2164 6195//2164 6196//2164
f 6195//2164 6197//2164 6196//2164
f 6196//2165 6197//2165 6198//2165
f 6197//2165 6199//2165 6198//2165
f 6198//2166 6199//2166 6200//2166
f 6199//2166 6201//2166 6200//2166
f 6200//2167 6201//2167 6202//2167
f 6201//2167 6203//2167 6202//2167
f 6202//2168 6203//2168 6204//2168
f 6203//2168 6205//2168 6204//2168
f 6204//2169 6205//2169 6206//2169
f 6205//2169 6207//2169 6206//2169
f 6206//2170 6207//2170 6159//2170
f 6207//2171 6208//2171 6159//2171
f 6159//2172 6208//2172 6160//2172
f 6209//2173 5923//2173 6210//2173
f 5923//2173 5916//2173 6210//2173
f 6210//2174 5916//2174 6211//2174
f 5916//2174 5918//2174 6211//2174
f 6211//866 5918//866 6212//866
f 5918//866 5920//866 6212//866
f 6212//904 5920//904 6213//904
f 5920//904 5899//904 6213//904
f 6213//865 5899//865 6214//865
f 5899//865 5904//865 6214//865
f 6214//831 5904//831 6215//831
f 5904//831 5956//831 6215//831
f 6215//832 5956//832 6216//832
f 5956//832 5947//832 6216//832
f 6216//2175 5947//2175 6217//2175
f 5947//2175 5949//2175 6217//2175
f 6217//2176 5949//2176 6218//2176
f 5949//2176 5951//2176 6218//2176
f 6218//2177 5951//2177 6219//2177
f 5951//2177 5940//2177 6219//2177
f 6219//2178 5940//2178 6220//2178
f 5940//2178 5942//2178 6220//2178
f 6220//745 5942//745 6221//745
f 5942//745 5944//745 6221//745
f 6221//2179 5944//2179 6222//2179
f 5944//2179 5933//2179 6222//2179
f 6222//2180 5933//2180 6223//2180
f 5933//2180 5935//2180 6223//2180
f 6223//2181 5935//2181 6224//2181
f 5935//2181 5937//2181 6224//2181
f 6224//818 5937//818 6225//818
f 5937//818 5911//818 6225//818
f 6225//2182 5911//2182 6226//2182
f 5911//2182 5913//2182 6226//2182
f 6226//820 5913//820 6227//820
f 5913//820 5908//820 6227//820
f 6227//821 5908//821 6228//821
f 5908//821 5906//821 6228//821
f 6228//2183 5906//2183 6229//2183
f 5906//2183 5996//2183 6229//2183
f 6229//2184 5996//2184 6230//2184
f 5996//2184 5997//2184 6230//2184
f 6230//824 5997//824 6231//824
f 5997//824 5926//824 6231//824
f 6231//989 5926//989 6232//989
f 5926//989 5924//989 6232//989
f 6232//800 5924//800 6209//800
f 5924//800 5923//800 6209//800
f 6233//2173 5680//2173 6234//2173
f 5680//2173 5678//2173 6234//2173
f 6234//2174 5678//2174 6235//2174
f 5678//2174 5685//2174 6235//2174
f 6235//905 5685//905 6236//905
f 5685//905 5688//905 6236//905
f 6236//904 5688//904 6237//904
f 5688//904 5629//904 6237//904
f 6237//2185 5629//2185 6238//2185
f 5629//2185 5602//2185 6238//2185
f 6238//831 5602//831 6239//831
f 5602//831 5601//831 6239//831
f 6239//832 5601//832 6240//832
f 5601//832 5701//832 6240//832
f 6240//2175 5701//2175 6241//2175
f 5701//2175 5700//2175 6241//2175
f 6241//2176 5700//2176 6242//2176
f 5700//2176 5698//2176 6242//2176
f 6242//835 5698//835 6243//835
f 5698//835 5674//835 6243//835
f 6243//836 5674//836 6244//836
f 5674//836 5625//836 6244//836
f 6244//745 5625//745 6245//745
f 5625//745 5639//745 6245//745
f 6245//2179 5639//2179 6246//2179
f 5639//2179 5618//2179 6246//2179
f 6246//2180 5618//2180 6247//2180
f 5618//2180 5620//2180 6247//2180
f 6247//2186 5620//2186 6248//2186
f 5620//2186 5622//2186 6248//2186
f 6248//818 5622//818 6249//818
f 5622//818 5584//818 6249//818
f 6249//898 5584//898 6250//898
f 5584//898 5586//898 6250//898
f 6250//820 5586//820 6251//820
f 5586//820 5588//820 6251//820
f 6251//821 5588//821 6252//821
f 5588//821 5590//821 6252//821
f 6252//2183 5590//2183 6253//2183
f 5590//2183 5596//2183 6253//2183
f 6253//2184 5596//2184 6254//2184
f 5596//2184 5598//2184 6254//2184
f 6254//2187 5598//2187 6255//2187
f 5598//2187 5600//2187 6255//2187
f 6255//825 5600//825 6256//825
f 5600//825 5694//825 6256//825
f 6256//800 5694//800 6233//800
f 5694//800 5680//800 6233//800
f 6257//2173 5788//2173 6258//2173
f 5788//2173 5754//2173 6258//2173
f 6258//2174 5754//2174 6259//2174
f 5754//2174 5756//2174 6259//2174
f 6259//866 5756//866 6260//866
f 5756//866 5758//866 6260//866
f 6260//904 5758//904 6261//904
f 5758//904 5760//904 6261//904
f 6261//2188 5760//2188 6262//2188
f 5760//2188 5781//2188 6262//2188
f 6262//2189 5781//2189 6263//2189
f 5781//2189 5783//2189 6263//2189
f 6263//2190 5783//2190 6264//2190
f 5783//2190 5785//2190 6264//2190
f 6264//833 5785//833 6265//833
f 5785//833 5826//833 6265//833
f 6265//2176 5826//2176 6266//2176
f 5826//2176 5828//2176 6266//2176
f 6266//2177 5828//2177 6267//2177
f 5828//2177 5830//2177 6267//2177
f 6267//992 5830//992 6268//992
f 5830//992 5852//992 6268//992
f 6268//745 5852//745 6269//745
f 5852//745 5821//745 6269//745
f 6269//2191 5821//2191 6270//2191
f 5821//2191 5752//2191 6270//2191
f 6270//2192 5752//2192 6271//2192
f 5752//2192 5751//2192 6271//2192
f 6271//873 5751//873 6272//873
f 5751//873 5778//873 6272//873
f 6272//2193 5778//2193 6273//2193
f 5778//2193 5777//2193 6273//2193
f 6273//2194 5777//2194 6274//2194
f 5777//2194 5775//2194 6274//2194
f 6274//2195 5775//2195 6275//2195
f 5775//2195 5774//2195 6275//2195
f 6275//2196 5774//2196 6276//2196
f 5774//2196 5766//2196 6276//2196
f 6276//822 5766//822 6277//822
f 5766//822 5768//822 6277//822
f 6277//2197 5768//2197 6278//2197
f 5768//2197 5770//2197 6278//2197
f 6278//824 5770//824 6279//824
f 5770//824 5798//824 6279//824
f 6279//2198 5798//2198 6280//2198
f 5798//2198 5797//2198 6280//2198
f 6280//800 5797//800 6257//800
f 5797//800 5788//800 6257//800
f 6281//2173 5615//2173 6282//2173
f 5615//2173 5604//2173 6282//2173
f 6282//2174 5604//2174 6283//2174
f 5604//2174 5606//2174 6283//2174
f 6283//905 5606//905 6284//905
f 5606//905 5608//905 6284//905
f 6284//904 5608//904 6285//904
f 5608//904 5610//904 6285//904
f 6285//903 5610//903 6286//903
f 5610//903 5669//903 6286//903
f 6286//2189 5669//2189 6287//2189
f 5669//2189 5664//2189 6287//2189
f 6287//2190 5664//2190 6288//2190
f 5664//2190 5593//2190 6288//2190
f 6288//833 5593//833 6289//833
f 5593//833 5638//833 6289//833
f 6289//2176 5638//2176 6290//2176
f 5638//2176 5704//2176 6290//2176
f 6290//835 5704//835 6291//835
f 5704//835 5660//835 6291//835
f 6291//900 5660//900 6292//900
f 5660//900 5658//900 6292//900
f 6292//745 5658//745 6293//745
f 5658//745 5657//745 6293//745
f 6293//2191 5657//2191 6294//2191
f 5657//2191 5649//2191 6294//2191
f 6294//2192 5649//2192 6295//2192
f 5649//2192 5651//2192 6295//2192
f 6295//899 5651//899 6296//899
f 5651//899 5653//899 6296//899
f 6296//2193 5653//2193 6297//2193
f 5653//2193 5655//2193 6297//2193
f 6297//2199 5655//2199 6298//2199
f 5655//2199 5656//2199 6298//2199
f 6298//2195 5656//2195 6299//2195
f 5656//2195 5647//2195 6299//2195
f 6299//2196 5647//2196 6300//2196
f 5647//2196 5631//2196 6300//2196
f 6300//822 5631//822 6301//822
f 5631//822 5633//822 6301//822
f 6301//2197 5633//2197 6302//2197
f 5633//2197 5635//2197 6302//2197
f 6302//2187 5635//2187 6303//2187
f 5635//2187 5611//2187 6303//2187
f 6303//2200 5611//2200 6304//2200
f 5611//2200 5613//2200 6304//2200
f 6304//800 5613//800 6281//800
f 5613//800 5615//800 6281//800
f 6305//58 6306//58 6307//58
f 6308//58 6309//58 6310//58
f 6309//58 6311//58 6310//58
f 6312//58 6313//58 6314//58
f 6315//58 6316//58 6317//58
f 6314//58 6318//58 6312//58
f 6318//58 6319//58 6312//58
f 6312//58 6319//58 6315//58
f 6319//58 6320//58 6315//58
f 6315//58 6320//58 6316//58
f 6321//58 6322//58 6315//58
f 6323//58 6324//58 6325//58
f 6324//58 6326//58 6325//58
f 6325//58 6326//58 6327//58
f 6326//58 6328//58 6327//58
f 6317//58 6329//58 6315//58
f 6329//58 6330//58 6315//58
f 6315//58 6330//58 6321//58
f 6330//58 6331//58 6321//58
f 6321//58 6331//58 6332//58
f 6331//58 6333//58 6332//58
f 6332//58 6333//58 6334//58
f 6333//58 6335//58 6334//58
f 6335//58 6336//58 6334//58
f 6334//58 6336//58 6337//58
f 6337//58 6338//58 6334//58
f 6338//58 6339//58 6334//58
f 6334//58 6339//58 6326//58
f 6339//58 6340//58 6326//58
f 6326//58 6340//58 6328//58
f 6341//58 6342//58 6343//58
f 6321//58 6344//58 6345//58
f 6343//58 6342//58 6346//58
f 6322//58 6321//58 6347//58
f 6321//58 6345//58 6347//58
f 6347//58 6345//58 6348//58
f 6348//58 6349//58 6347//58
f 6349//58 6350//58 6347//58
f 6347//58 6350//58 6351//58
f 6350//58 6352//58 6351//58
f 6352//58 6353//58 6351//58
f 6351//58 6353//58 6354//58
f 6354//58 6355//58 6351//58
f 6355//58 6356//58 6351//58
f 6351//58 6356//58 6357//58
f 6356//58 6358//58 6357//58
f 6357//58 6358//58 6359//58
f 6342//58 6360//58 6346//58
f 6360//58 6361//58 6346//58
f 6346//58 6361//58 6362//58
f 6363//58 6364//58 6365//58
f 6362//58 6366//58 6346//58
f 6366//58 6367//58 6346//58
f 6346//58 6367//58 6365//58
f 6367//58 6368//58 6365//58
f 6365//58 6368//58 6363//58
f 6364//58 6369//58 6365//58
f 6369//58 6370//58 6365//58
f 6365//58 6370//58 6332//58
f 6370//58 6371//58 6332//58
f 6332//58 6371//58 6321//58
f 6371//58 6372//58 6321//58
f 6321//58 6372//58 6344//58
f 6373//58 6374//58 6375//58
f 6374//58 6376//58 6375//58
f 6373//58 6377//58 6374//58
f 6377//58 6378//58 6374//58
f 6374//58 6378//58 6379//58
f 6378//58 6380//58 6379//58
f 6379//58 6380//58 6381//58
f 6376//58 6374//58 6382//58
f 6374//58 6383//58 6382//58
f 6382//58 6383//58 6384//58
f 6383//58 6385//58 6384//58
f 6384//58 6385//58 6386//58
f 6387//58 6388//58 6389//58
f 6388//58 6390//58 6389//58
f 6381//58 6391//58 6379//58
f 6391//58 6392//58 6379//58
f 6379//58 6392//58 6393//58
f 6392//58 6394//58 6393//58
f 6394//58 6395//58 6393//58
f 6395//58 6358//58 6393//58
f 6393//58 6358//58 6343//58
f 6358//58 6356//58 6343//58
f 6343//58 6356//58 6341//58
f 6395//58 6396//58 6358//58
f 6396//58 6397//58 6358//58
f 6358//58 6397//58 6359//58
f 6397//58 6398//58 6359//58
f 6359//58 6398//58 6399//58
f 6399//58 6400//58 6359//58
f 6400//58 6401//58 6359//58
f 6359//58 6401//58 6388//58
f 6401//58 6402//58 6388//58
f 6388//58 6402//58 6390//58
f 6403//58 6404//58 6405//58
f 6405//58 6406//58 6403//58
f 6406//58 6407//58 6403//58
f 6403//58 6407//58 6408//58
f 6409//58 6410//58 6404//58
f 6410//58 6411//58 6404//58
f 6404//58 6411//58 6405//58
f 6412//58 6385//58 6413//58
f 6385//58 6383//58 6413//58
f 6413//58 6383//58 6414//58
f 6383//58 6403//58 6414//58
f 6414//58 6403//58 6415//58
f 6403//58 6408//58 6415//58
f 6307//58 6416//58 6404//58
f 6416//58 6417//58 6404//58
f 6404//58 6417//58 6409//58
f 6306//58 6418//58 6307//58
f 6418//58 6419//58 6307//58
f 6307//58 6419//58 6416//58
f 6420//58 6421//58 6422//58
f 6421//58 6423//58 6422//58
f 6387//58 6386//58 6388//58
f 6386//58 6385//58 6388//58
f 6388//58 6385//58 6424//58
f 6385//58 6425//58 6424//58
f 6420//58 6422//58 6426//58
f 6422//58 6425//58 6426//58
f 6426//58 6425//58 6427//58
f 6412//58 6428//58 6385//58
f 6428//58 6429//58 6385//58
f 6385//58 6429//58 6425//58
f 6429//58 6430//58 6425//58
f 6425//58 6430//58 6427//58
f 6431//58 6432//58 6433//58
f 6305//58 6434//58 6306//58
f 6434//58 6435//58 6306//58
f 6306//58 6435//58 6436//58
f 6423//58 6437//58 6422//58
f 6437//58 6418//58 6422//58
f 6422//58 6418//58 6438//58
f 6418//58 6306//58 6438//58
f 6438//58 6306//58 6433//58
f 6306//58 6436//58 6433//58
f 6433//58 6436//58 6431//58
f 6439//58 6440//58 6441//58
f 6432//58 6442//58 6433//58
f 6442//58 6443//58 6433//58
f 6433//58 6443//58 6439//58
f 6443//58 6444//58 6439//58
f 6439//58 6444//58 6440//58
f 6445//58 6446//58 6439//58
f 6447//58 6448//58 6449//58
f 6450//58 6451//58 6452//58
f 6451//58 6453//58 6452//58
f 6452//58 6453//58 6305//58
f 6453//58 6454//58 6305//58
f 6305//58 6454//58 6434//58
f 6441//58 6455//58 6439//58
f 6455//58 6456//58 6439//58
f 6439//58 6456//58 6445//58
f 6456//58 6457//58 6445//58
f 6445//58 6457//58 6458//58
f 6457//58 6459//58 6458//58
f 6458//58 6459//58 6449//58
f 6459//58 6460//58 6449//58
f 6449//58 6460//58 6447//58
f 6448//58 6461//58 6449//58
f 6461//58 6462//58 6449//58
f 6449//58 6462//58 6452//58
f 6462//58 6463//58 6452//58
f 6452//58 6463//58 6450//58
f 6445//58 6464//58 6465//58
f 6446//58 6445//58 6466//58
f 6445//58 6465//58 6466//58
f 6466//58 6465//58 6467//58
f 6467//58 6468//58 6466//58
f 6468//58 6469//58 6466//58
f 6466//58 6469//58 6470//58
f 6469//58 6471//58 6470//58
f 6471//58 6472//58 6470//58
f 6470//58 6472//58 6473//58
f 6474//58 6475//58 6476//58
f 6475//58 6477//58 6476//58
f 6476//58 6477//58 6478//58
f 6477//58 6479//58 6478//58
f 6479//58 6480//58 6478//58
f 6478//58 6480//58 6481//58
f 6482//58 6483//58 6484//58
f 6481//58 6485//58 6478//58
f 6485//58 6486//58 6478//58
f 6478//58 6486//58 6484//58
f 6486//58 6487//58 6484//58
f 6484//58 6487//58 6482//58
f 6483//58 6488//58 6484//58
f 6488//58 6489//58 6484//58
f 6484//58 6489//58 6458//58
f 6489//58 6490//58 6458//58
f 6458//58 6490//58 6445//58
f 6490//58 6491//58 6445//58
f 6445//58 6491//58 6464//58
f 6492//58 6493//58 6494//58
f 6495//58 6496//58 6497//58
f 6498//58 6499//58 6495//58
f 6493//58 6500//58 6494//58
f 6500//58 6501//58 6494//58
f 6494//58 6501//58 6495//58
f 6501//58 6502//58 6495//58
f 6495//58 6502//58 6496//58
f 6503//58 6504//58 6505//58
f 6504//58 6506//58 6505//58
f 6474//58 6476//58 6505//58
f 6476//58 6507//58 6505//58
f 6505//58 6507//58 6503//58
f 6473//58 6508//58 6470//58
f 6508//58 6474//58 6470//58
f 6470//58 6474//58 6509//58
f 6474//58 6505//58 6509//58
f 6509//58 6505//58 6494//58
f 6505//58 6506//58 6494//58
f 6494//58 6506//58 6492//58
f 6510//58 6511//58 6512//58
f 6511//58 6513//58 6512//58
f 6512//58 6513//58 6507//58
f 6513//58 6514//58 6507//58
f 6507//58 6514//58 6503//58
f 6515//58 6516//58 6517//58
f 6497//58 6518//58 6495//58
f 6518//58 6519//58 6495//58
f 6495//58 6519//58 6498//58
f 6519//58 6520//58 6498//58
f 6498//58 6520//58 6521//58
f 6520//58 6522//58 6521//58
f 6521//58 6522//58 6517//58
f 6522//58 6523//58 6517//58
f 6517//58 6523//58 6515//58
f 6516//58 6524//58 6517//58
f 6524//58 6525//58 6517//58
f 6517//58 6525//58 6512//58
f 6525//58 6526//58 6512//58
f 6512//58 6526//58 6510//58
f 6527//58 6528//58 6529//58
f 6530//58 6531//58 6532//58
f 6530//58 6532//58 6533//58
f 6498//58 6534//58 6535//58
f 6323//58 6308//58 6324//58
f 6308//58 6310//58 6324//58
f 6324//58 6310//58 6530//58
f 6310//58 6536//58 6530//58
f 6530//58 6536//58 6531//58
f 6499//58 6498//58 6537//58
f 6498//58 6535//58 6537//58
f 6537//58 6535//58 6538//58
f 6528//58 6539//58 6529//58
f 6539//58 6536//58 6529//58
f 6529//58 6536//58 6540//58
f 6536//58 6310//58 6540//58
f 6540//58 6310//58 6312//58
f 6310//58 6311//58 6312//58
f 6312//58 6311//58 6313//58
f 6538//58 6541//58 6537//58
f 6541//58 6542//58 6537//58
f 6537//58 6542//58 6529//58
f 6542//58 6543//58 6529//58
f 6529//58 6543//58 6527//58
f 6544//58 6545//58 6546//58
f 6532//58 6547//58 6533//58
f 6547//58 6548//58 6533//58
f 6533//58 6548//58 6549//58
f 6545//58 6550//58 6546//58
f 6550//58 6551//58 6546//58
f 6546//58 6551//58 6521//58
f 6551//58 6552//58 6521//58
f 6521//58 6552//58 6498//58
f 6552//58 6553//58 6498//58
f 6498//58 6553//58 6534//58
f 6549//58 6554//58 6533//58
f 6554//58 6555//58 6533//58
f 6533//58 6555//58 6546//58
f 6555//58 6556//58 6546//58
f 6546//58 6556//58 6544//58
f 6557//2201 6558//2201 6559//2201
f 6558//2201 6560//2201 6559//2201
f 6559//2202 6560//2202 6561//2202
f 6560//2202 6562//2202 6561//2202
f 6561//2203 6562//2203 6563//2203
f 6562//2203 6564//2203 6563//2203
f 6563//2204 6564//2204 6565//2204
f 6564//2204 6566//2204 6565//2204
f 6565//2205 6566//2205 6567//2205
f 6566//2205 6568//2205 6567//2205
f 6567//2206 6568//2206 6569//2206
f 6568//2206 6570//2206 6569//2206
f 6569//2207 6570//2207 6571//2207
f 6570//2207 6572//2207 6571//2207
f 6571//2208 6572//2208 6573//2208
f 6572//2208 6574//2208 6573//2208
f 6573//2209 6574//2209 6575//2209
f 6574//2209 6576//2209 6575//2209
f 6575//2210 6576//2210 6577//2210
f 6576//2210 6578//2210 6577//2210
f 6577//2211 6578//2211 6579//2211
f 6578//2211 6580//2211 6579//2211
f 6579//2212 6580//2212 6581//2212
f 6580//2212 6582//2212 6581//2212
f 6581//2213 6582//2213 6583//2213
f 6581//2213 6583//2213 6584//2213
f 6583//2214 6585//2214 6584//2214
f 6584//2214 6585//2214 6586//2214
f 6585//2215 6587//2215 6586//2215
f 6586//2215 6587//2215 6588//2215
f 6587//2216 6589//2216 6588//2216
f 6588//2216 6589//2216 6590//2216
f 6589//2217 6591//2217 6590//2217
f 6590//2217 6591//2217 6592//2217
f 6591//2218 6593//2218 6592//2218
f 6592//2218 6593//2218 6594//2218
f 6594//2219 6593//2219 6595//2219
f 6593//2219 6596//2219 6595//2219
f 6595//2220 6596//2220 6597//2220
f 6596//2220 6598//2220 6597//2220
f 6597//2221 6598//2221 6599//2221
f 6597//2221 6599//2221 6600//2221
f 6599//2222 6601//2222 6600//2222
f 6600//2222 6601//2222 6602//2222
f 6601//2223 6603//2223 6602//2223
f 6602//2223 6603//2223 6604//2223
f 6603//2224 6605//2224 6604//2224
f 6604//2224 6605//2224 6606//2224
f 6605//2225 6607//2225 6606//2225
f 6606//2225 6607//2225 6608//2225
f 6607//2226 6609//2226 6608//2226
f 6608//2226 6609//2226 6610//2226
f 6610//2227 6609//2227 6611//2227
f 6609//2227 6612//2227 6611//2227
f 6611//2228 6612//2228 6613//2228
f 6612//2228 6614//2228 6613//2228
f 6613//2229 6614//2229 6615//2229
f 6614//2229 6616//2229 6615//2229
f 6615//2230 6616//2230 6617//2230
f 6616//2230 6618//2230 6617//2230
f 6617//2231 6618//2231 6619//2231
f 6618//2231 6620//2231 6619//2231
f 6619//2232 6620//2232 6621//2232
f 6620//2232 6622//2232 6621//2232
f 6621//2233 6622//2233 6623//2233
f 6622//2233 6624//2233 6623//2233
f 6623//2234 6624//2234 6625//2234
f 6624//2234 6626//2234 6625//2234
f 6625//2235 6626//2235 6627//2235
f 6626//2235 6628//2235 6627//2235
f 6627//2236 6628//2236 6629//2236
f 6628//2236 6630//2236 6629//2236
f 6629//2237 6630//2237 6631//2237
f 6630//2237 6632//2237 6631//2237
f 6631//2238 6632//2238 6633//2238
f 6632//2238 6634//2238 6633//2238
f 6633//2239 6634//2239 6635//2239
f 6633//2239 6635//2239 6636//2239
f 6635//2240 6637//2240 6636//2240
f 6636//2240 6637//2240 6638//2240
f 6637//2241 6639//2241 6638//2241
f 6638//2241 6639//2241 6640//2241
f 6639//2242 6641//2242 6640//2242
f 6640//2242 6641//2242 6642//2242
f 6641//2243 6643//2243 6642//2243
f 6642//2243 6643//2243 6644//2243
f 6643//2244 6645//2244 6644//2244
f 6644//2244 6645//2244 6646//2244
f 6646//2245 6645//2245 6647//2245
f 6645//2245 6648//2245 6647//2245
f 6647//2246 6648//2246 6649//2246
f 6648//2246 6650//2246 6649//2246
f 6649//2247 6650//2247 6651//2247
f 6649//2247 6651//2247 6652//2247
f 6651//2248 6653//2248 6652//2248
f 6652//2248 6653//2248 6654//2248
f 6653//2249 6655//2249 6654//2249
f 6654//2249 6655//2249 6656//2249
f 6655//2250 6657//2250 6656//2250
f 6656//2250 6657//2250 6658//2250
f 6657//2251 6659//2251 6658//2251
f 6658//2251 6659//2251 6660//2251
f 6659//2252 6661//2252 6660//2252
f 6660//2252 6661//2252 6662//2252
f 6662//2253 6661//2253 6663//2253
f 6661//2253 6664//2253 6663//2253
f 6663//2254 6664//2254 6665//2254
f 6664//2254 6666//2254 6665//2254
f 6665//2255 6666//2255 6667//2255
f 6666//2255 6668//2255 6667//2255
f 6667//2256 6668//2256 6669//2256
f 6668//2256 6670//2256 6669//2256
f 6669//2257 6670//2257 6671//2257
f 6670//2257 6672//2257 6671//2257
f 6671//2258 6672//2258 6673//2258
f 6672//2259 6674//2259 6673//2259
f 6673//2260 6674//2260 6675//2260
f 6674//2261 6676//2261 6675//2261
f 6675//2262 6676//2262 6677//2262
f 6676//2262 6678//2262 6677//2262
f 6677//2263 6678//2263 6679//2263
f 6678//2263 6680//2263 6679//2263
f 6679//2264 6680//2264 6681//2264
f 6680//2264 6682//2264 6681//2264
f 6681//2265 6682//2265 6683//2265
f 6682//2265 6684//2265 6683//2265
f 6683//2266 6684//2266 6685//2266
f 6684//2266 6686//2266 6685//2266
f 6685//2267 6686//2267 6687//2267
f 6685//2267 6687//2267 6688//2267
f 6687//2268 6689//2268 6688//2268
f 6688//2268 6689//2268 6690//2268
f 6689//2269 6691//2269 6690//2269
f 6690//2269 6691//2269 6692//2269
f 6691//2270 6693//2270 6692//2270
f 6692//2270 6693//2270 6694//2270
f 6693//2271 6695//2271 6694//2271
f 6694//2271 6695//2271 6696//2271
f 6695//2272 6697//2272 6696//2272
f 6696//2272 6697//2272 6698//2272
f 6698//2273 6697//2273 6699//2273
f 6697//2273 6700//2273 6699//2273
f 6699//2274 6700//2274 6701//2274
f 6700//2274 6702//2274 6701//2274
f 6701//2275 6702//2275 6703//2275
f 6701//2275 6703//2275 6704//2275
f 6703//2276 6705//2276 6704//2276
f 6704//2276 6705//2276 6706//2276
f 6705//2277 6707//2277 6706//2277
f 6706//2277 6707//2277 6708//2277
f 6707//2278 6709//2278 6708//2278
f 6708//2278 6709//2278 6710//2278
f 6709//2279 6711//2279 6710//2279
f 6710//2279 6711//2279 6712//2279
f 6711//2280 6713//2280 6712//2280
f 6712//2280 6713//2280 6714//2280
f 6714//2281 6713//2281 6715//2281
f 6713//2281 6716//2281 6715//2281
f 6715//2282 6716//2282 6717//2282
f 6716//2282 6718//2282 6717//2282
f 6717//2283 6718//2283 6719//2283
f 6718//2283 6720//2283 6719//2283
f 6719//2284 6720//2284 6721//2284
f 6720//2284 6722//2284 6721//2284
f 6721//2285 6722//2285 6723//2285
f 6722//2285 6724//2285 6723//2285
f 6723//2286 6724//2286 6725//2286
f 6724//2286 6726//2286 6725//2286
f 6725//2287 6726//2287 6727//2287
f 6726//2287 6728//2287 6727//2287
f 6727//2288 6728//2288 6729//2288
f 6728//2288 6730//2288 6729//2288
f 6730//2289 6731//2289 6729//2289
f 6729//2290 6731//2290 6732//2290
f 6731//2291 6733//2291 6732//2291
f 6732//2292 6733//2292 6734//2292
f 6733//2292 6735//2292 6734//2292
f 6734//2293 6735//2293 6736//2293
f 6735//2293 6737//2293 6736//2293
f 6736//2294 6737//2294 6738//2294
f 6737//2294 6739//2294 6738//2294
f 6738//2295 6739//2295 6740//2295
f 6738//2295 6740//2295 6741//2295
f 6740//2296 6742//2296 6741//2296
f 6741//2296 6742//2296 6743//2296
f 6742//2297 6744//2297 6743//2297
f 6743//2297 6744//2297 6745//2297
f 6744//2298 6746//2298 6745//2298
f 6745//2298 6746//2298 6747//2298
f 6746//2299 6748//2299 6747//2299
f 6747//2299 6748//2299 6749//2299
f 6748//2300 6750//2300 6749//2300
f 6749//2300 6750//2300 6751//2300
f 6752//2301 5645//2301 5728//2301
f 6752//2301 5728//2301 6753//2301
f 5728//2302 5732//2302 6753//2302
f 6753//2302 5732//2302 6754//2302
f 6755//3 6756//3 6753//3
f 6757//3 6758//3 6759//3
f 6758//3 6760//3 6759//3
f 6760//3 6758//3 6761//3
f 6758//3 6762//3 6761//3
f 6761//3 6762//3 6763//3
f 6764//3 6765//3 6766//3
f 6757//3 6767//3 6758//3
f 6767//3 6768//3 6758//3
f 6758//3 6768//3 6766//3
f 6768//3 6769//3 6766//3
f 6766//3 6769//3 6764//3
f 6770//3 6771//3 6772//3
f 6765//3 6773//3 6766//3
f 6773//3 6774//3 6766//3
f 6766//3 6774//3 6775//3
f 6774//3 6776//3 6775//3
f 6777//3 6753//3 6778//3
f 6753//3 6756//3 6778//3
f 6778//3 6756//3 6779//3
f 6772//3 6771//3 6780//3
f 6779//3 6756//3 6772//3
f 6756//3 6781//3 6772//3
f 6772//3 6781//3 6770//3
f 6777//3 6782//3 6753//3
f 6782//3 6783//3 6753//3
f 6753//3 6783//3 6752//3
f 6783//3 6784//3 6752//3
f 6752//3 6784//3 6785//3
f 6784//3 6786//3 6785//3
f 6785//3 6786//3 6787//3
f 6786//3 6788//3 6787//3
f 6763//3 6762//3 6789//3
f 6762//3 6790//3 6789//3
f 6789//3 6790//3 6791//3
f 6791//3 6792//3 6789//3
f 6792//3 6793//3 6789//3
f 6789//3 6793//3 6794//3
f 6793//3 6795//3 6794//3
f 6794//3 6795//3 6786//3
f 6795//3 6796//3 6786//3
f 6786//3 6796//3 6797//3
f 6797//3 6798//3 6786//3
f 6798//3 6799//3 6786//3
f 6786//3 6799//3 6788//3
f 6800//3 6771//3 6801//3
f 6771//3 6802//3 6801//3
f 6776//3 6780//3 6775//3
f 6780//3 6771//3 6775//3
f 6775//3 6771//3 6803//3
f 6771//3 6800//3 6803//3
f 6803//3 6800//3 6804//3
f 6805//3 6806//3 6807//3
f 6808//3 6809//3 6158//3
f 6809//3 6810//3 6158//3
f 6158//3 6810//3 6771//3
f 6810//3 6811//3 6771//3
f 6771//3 6811//3 6802//3
f 6805//3 6807//3 6812//3
f 6148//3 6813//3 6147//3
f 6813//3 6146//3 6147//3
f 6808//3 6158//3 6814//3
f 6158//3 6144//3 6814//3
f 6814//3 6144//3 6813//3
f 6144//3 6145//3 6813//3
f 6813//3 6145//3 6146//3
f 6813//3 6815//3 6816//3
f 6815//3 6817//3 6816//3
f 6816//3 6817//3 6818//3
f 6817//3 6819//3 6818//3
f 6148//3 6149//3 6813//3
f 6149//3 6150//3 6813//3
f 6813//3 6150//3 6815//3
f 6804//3 6820//3 6803//3
f 6820//3 6821//3 6803//3
f 6803//3 6821//3 6822//3
f 6823//3 6824//3 6825//3
f 6826//3 6827//3 6824//3
f 6827//3 6828//3 6824//3
f 6824//3 6828//3 6825//3
f 6819//3 6812//3 6818//3
f 6812//3 6807//3 6818//3
f 6818//3 6807//3 6829//3
f 6807//3 6823//3 6829//3
f 6829//3 6823//3 6830//3
f 6823//3 6825//3 6830//3
f 6822//3 6831//3 6803//3
f 6831//3 6832//3 6803//3
f 6803//3 6832//3 6824//3
f 6832//3 6833//3 6824//3
f 6824//3 6833//3 6826//3
f 6834//3 6835//3 6836//3
f 6837//3 6838//3 6839//3
f 6835//3 6840//3 6836//3
f 6840//3 6841//3 6836//3
f 6836//3 6841//3 6839//3
f 6841//3 6842//3 6839//3
f 6839//3 6842//3 6837//3
f 6823//3 6843//3 6836//3
f 6843//3 6844//3 6836//3
f 6836//3 6844//3 6834//3
f 6838//3 6845//3 6839//3
f 6845//3 6846//3 6839//3
f 6839//3 6846//3 6847//3
f 6846//3 6848//3 6847//3
f 6806//3 6849//3 6807//3
f 6849//3 6850//3 6807//3
f 6807//3 6850//3 6823//3
f 6850//3 6851//3 6823//3
f 6823//3 6851//3 6843//3
f 6852//3 6853//3 6854//3
f 6139//3 6140//3 6855//3
f 6140//3 6141//3 6855//3
f 6855//3 6141//3 6856//3
f 6141//3 6142//3 6856//3
f 6856//3 6142//3 6857//3
f 6142//3 6143//3 6857//3
f 6857//3 6143//3 6858//3
f 6849//3 6859//3 6850//3
f 6859//3 6860//3 6850//3
f 6850//3 6860//3 6861//3
f 6860//3 6862//3 6861//3
f 6861//3 6862//3 6855//3
f 6862//3 6863//3 6855//3
f 6855//3 6863//3 6136//3
f 6136//3 6137//3 6855//3
f 6137//3 6138//3 6855//3
f 6855//3 6138//3 6139//3
f 6853//3 6864//3 6865//3
f 6864//3 6866//3 6865//3
f 6865//3 6866//3 6143//3
f 6866//3 6867//3 6143//3
f 6143//3 6867//3 6858//3
f 6868//3 6869//3 6870//3
f 6869//3 6871//3 6870//3
f 6872//3 6873//3 6874//3
f 6873//3 6875//3 6874//3
f 6874//3 6875//3 6868//3
f 6875//3 6876//3 6868//3
f 6868//3 6876//3 6869//3
f 6118//3 6872//3 6117//3
f 6872//3 6116//3 6117//3
f 6877//3 6878//3 6854//3
f 6878//3 6879//3 6854//3
f 6118//3 6119//3 6872//3
f 6119//3 6120//3 6872//3
f 6872//3 6120//3 6873//3
f 6880//3 6128//3 6881//3
f 6128//3 6114//3 6881//3
f 6881//3 6114//3 6872//3
f 6114//3 6115//3 6872//3
f 6872//3 6115//3 6116//3
f 6848//3 6852//3 6847//3
f 6852//3 6854//3 6847//3
f 6847//3 6854//3 6882//3
f 6854//3 6879//3 6882//3
f 6882//3 6879//3 6883//3
f 6880//3 6884//3 6128//3
f 6884//3 6885//3 6128//3
f 6128//3 6885//3 6854//3
f 6885//3 6886//3 6854//3
f 6854//3 6886//3 6877//3
f 6883//3 6887//3 6882//3
f 6887//3 6888//3 6882//3
f 6882//3 6888//3 6889//3
f 6890//3 6891//3 6892//3
f 6889//3 6893//3 6882//3
f 6893//3 6894//3 6882//3
f 6882//3 6894//3 6892//3
f 6894//3 6895//3 6892//3
f 6892//3 6895//3 6890//3
f 6891//3 6896//3 6892//3
f 6896//3 6897//3 6892//3
f 6892//3 6897//3 6898//3
f 6897//3 6899//3 6898//3
f 6898//3 6899//3 6900//3
f 6901//3 6898//3 6870//3
f 6898//3 6900//3 6870//3
f 6870//3 6900//3 6868//3
f 6902//3 6903//3 6904//3
f 6901//3 6905//3 6898//3
f 6905//3 6906//3 6898//3
f 6898//3 6906//3 6907//3
f 6906//3 6908//3 6907//3
f 6908//3 6909//3 6907//3
f 6907//3 6909//3 6910//3
f 6910//3 6911//3 6907//3
f 6911//3 6912//3 6907//3
f 6907//3 6912//3 6902//3
f 6912//3 6913//3 6902//3
f 6902//3 6913//3 6903//3
f 6904//3 6914//3 6902//3
f 6914//3 6915//3 6902//3
f 6902//3 6915//3 6916//3
f 6915//3 6917//3 6916//3
f 6918//3 6919//3 6920//3
f 6921//3 6113//3 6922//3
f 6113//3 6923//3 6922//3
f 6922//3 6923//3 6924//3
f 6923//3 6919//3 6924//3
f 6921//3 6925//3 6113//3
f 6925//3 6926//3 6113//3
f 6113//3 6926//3 6112//3
f 6926//3 6927//3 6112//3
f 6112//3 6927//3 6111//3
f 6927//3 6928//3 6111//3
f 6111//3 6928//3 6110//3
f 6901//3 6929//3 6930//3
f 6929//3 6931//3 6930//3
f 6930//3 6931//3 6928//3
f 6931//3 6932//3 6928//3
f 6932//3 6106//3 6928//3
f 6928//3 6106//3 6107//3
f 6107//3 6108//3 6928//3
f 6108//3 6109//3 6928//3
f 6928//3 6109//3 6110//3
f 6871//3 6933//3 6870//3
f 6933//3 6934//3 6870//3
f 6870//3 6934//3 6901//3
f 6934//3 6935//3 6901//3
f 6901//3 6935//3 6929//3
f 6936//3 6937//3 6920//3
f 6937//3 6938//3 6920//3
f 6938//3 6939//3 6920//3
f 6920//3 6939//3 6940//3
f 6917//3 6918//3 6916//3
f 6918//3 6920//3 6916//3
f 6916//3 6920//3 6941//3
f 6920//3 6940//3 6941//3
f 6941//3 6940//3 6942//3
f 6943//3 6944//3 6945//3
f 6098//3 6946//3 6947//3
f 6088//3 6948//3 6087//3
f 6948//3 6086//3 6087//3
f 6949//3 6950//3 6951//3
f 6950//3 6952//3 6951//3
f 6951//3 6952//3 6953//3
f 6952//3 6948//3 6953//3
f 6946//3 6098//3 6954//3
f 6098//3 6084//3 6954//3
f 6954//3 6084//3 6948//3
f 6084//3 6085//3 6948//3
f 6948//3 6085//3 6086//3
f 6088//3 6089//3 6948//3
f 6089//3 6090//3 6948//3
f 6948//3 6090//3 6953//3
f 6943//3 6945//3 6955//3
f 6956//3 6957//3 6958//3
f 6957//3 6959//3 6958//3
f 6959//3 6960//3 6958//3
f 6958//3 6960//3 6961//3
f 6942//3 6962//3 6941//3
f 6962//3 6963//3 6941//3
f 6941//3 6963//3 6964//3
f 6949//3 6955//3 6950//3
f 6955//3 6945//3 6950//3
f 6950//3 6945//3 6965//3
f 6945//3 6961//3 6965//3
f 6965//3 6961//3 6966//3
f 6961//3 6960//3 6966//3
f 6964//3 6967//3 6941//3
f 6967//3 6968//3 6941//3
f 6941//3 6968//3 6958//3
f 6968//3 6969//3 6958//3
f 6958//3 6969//3 6956//3
f 6970//3 6971//3 6972//3
f 6973//3 6974//3 6975//3
f 6975//3 6976//3 6973//3
f 6976//3 6977//3 6973//3
f 6973//3 6977//3 6970//3
f 6977//3 6978//3 6970//3
f 6970//3 6978//3 6971//3
f 6961//3 6979//3 6973//3
f 6979//3 6980//3 6973//3
f 6973//3 6980//3 6974//3
f 6972//3 6981//3 6970//3
f 6981//3 6982//3 6970//3
f 6970//3 6982//3 6983//3
f 6982//3 6984//3 6983//3
f 6083//3 6985//3 6986//3
f 6083//3 6986//3 6082//3
f 6986//3 6987//3 6082//3
f 6082//3 6987//3 6081//3
f 6987//3 6988//3 6081//3
f 6081//3 6988//3 6080//3
f 6944//3 6989//3 6945//3
f 6989//3 6990//3 6945//3
f 6945//3 6990//3 6961//3
f 6990//3 6991//3 6961//3
f 6961//3 6991//3 6979//3
f 6989//3 6992//3 6990//3
f 6992//3 6993//3 6990//3
f 6990//3 6993//3 6994//3
f 6993//3 6995//3 6994//3
f 6994//3 6995//3 6988//3
f 6996//3 6997//3 6998//3
f 6995//3 6999//3 6988//3
f 6999//3 6076//3 6988//3
f 6988//3 6076//3 6077//3
f 6997//3 7000//3 7001//3
f 7000//3 7002//3 7001//3
f 7001//3 7002//3 6083//3
f 7002//3 7003//3 6083//3
f 6083//3 7003//3 6985//3
f 6077//3 6078//3 6988//3
f 6078//3 6079//3 6988//3
f 6988//3 6079//3 6080//3
f 7004//3 7005//3 6068//3
f 6057//3 6058//3 7006//3
f 7007//3 7008//3 6998//3
f 7009//3 7010//3 6790//3
f 7010//3 7011//3 6790//3
f 6790//3 7011//3 6791//3
f 6057//3 7006//3 6056//3
f 7008//3 7012//3 6998//3
f 7012//3 7013//3 6998//3
f 6998//3 7013//3 7014//3
f 6984//3 6996//3 6983//3
f 6996//3 6998//3 6983//3
f 6983//3 6998//3 7015//3
f 6998//3 7014//3 7015//3
f 7015//3 7014//3 7016//3
f 7017//3 7018//3 7019//3
f 7018//3 7020//3 7019//3
f 7019//3 7020//3 7021//3
f 7020//3 7006//3 7021//3
f 6058//3 6059//3 7006//3
f 6059//3 6060//3 7006//3
f 7006//3 6060//3 7021//3
f 7004//3 6068//3 7022//3
f 6068//3 6054//3 7022//3
f 7022//3 6054//3 7006//3
f 6054//3 6055//3 7006//3
f 7006//3 6055//3 6056//3
f 7016//3 7023//3 7015//3
f 7023//3 7024//3 7015//3
f 7015//3 7024//3 7025//3
f 7026//3 7027//3 7028//3
f 7025//3 7029//3 7015//3
f 7029//3 7030//3 7015//3
f 7015//3 7030//3 7028//3
f 7030//3 7031//3 7028//3
f 7028//3 7031//3 7026//3
f 7027//3 7032//3 7028//3
f 7032//3 7033//3 7028//3
f 7028//3 7033//3 6762//3
f 7017//3 7009//3 7018//3
f 7009//3 6790//3 7018//3
f 7018//3 6790//3 7034//3
f 6790//3 6762//3 7034//3
f 7034//3 6762//3 7035//3
f 6762//3 7033//3 7035//3
f 7001//3 7036//3 6997//3
f 7036//3 7037//3 6997//3
f 6997//3 7037//3 6998//3
f 7037//3 7038//3 6998//3
f 7038//3 7039//3 6998//3
f 7039//3 7040//3 6998//3
f 6998//3 7040//3 7041//3
f 6068//3 7042//3 7043//3
f 7005//3 7007//3 6068//3
f 7007//3 6998//3 6068//3
f 6068//3 6998//3 7042//3
f 6998//3 7041//3 7042//3
f 6065//3 6066//3 6064//3
f 6066//3 6067//3 6064//3
f 6064//3 6067//3 6063//3
f 7043//3 7044//3 6068//3
f 7044//3 6061//3 6068//3
f 6068//3 6061//3 6067//3
f 6061//3 6062//3 6067//3
f 6067//3 6062//3 6063//3
f 6070//3 6071//3 6072//3
f 6072//3 6073//3 6070//3
f 6073//3 6074//3 6070//3
f 6070//3 6074//3 6069//3
f 6074//3 6075//3 6069//3
f 6069//3 6075//3 6083//3
f 6075//3 7045//3 6083//3
f 6083//3 7045//3 7001//3
f 7046//3 7047//3 6098//3
f 6923//3 7048//3 6919//3
f 7048//3 7049//3 6919//3
f 6919//3 7049//3 6920//3
f 7049//3 7050//3 6920//3
f 7050//3 7051//3 6920//3
f 7051//3 7052//3 6920//3
f 6920//3 7052//3 7053//3
f 6947//3 6936//3 6098//3
f 6936//3 6920//3 6098//3
f 6098//3 6920//3 7046//3
f 6920//3 7053//3 7046//3
f 7047//3 7054//3 6098//3
f 7054//3 6091//3 6098//3
f 6098//3 6091//3 6097//3
f 6091//3 6092//3 6097//3
f 6097//3 6092//3 6093//3
f 6094//3 6095//3 6093//3
f 6095//3 6096//3 6093//3
f 6093//3 6096//3 6097//3
f 6099//3 6105//3 6113//3
f 6105//3 7055//3 6113//3
f 6113//3 7055//3 6923//3
f 6102//3 6099//3 6101//3
f 6099//3 6100//3 6101//3
f 6102//3 6103//3 6099//3
f 6103//3 6104//3 6099//3
f 6099//3 6104//3 6105//3
f 7056//3 7057//3 6854//3
f 6126//3 6127//3 6121//3
f 6127//3 6128//3 6121//3
f 6121//3 6128//3 7058//3
f 6123//3 6124//3 6125//3
f 6865//3 7059//3 6853//3
f 7059//3 7060//3 6853//3
f 6853//3 7060//3 6854//3
f 7060//3 7061//3 6854//3
f 6854//3 7061//3 7056//3
f 7057//3 7062//3 6854//3
f 7062//3 7063//3 6854//3
f 6854//3 7063//3 6128//3
f 7063//3 7064//3 6128//3
f 6128//3 7064//3 7058//3
f 6126//3 6121//3 6125//3
f 6121//3 6122//3 6125//3
f 6125//3 6122//3 6123//3
f 6130//3 6134//3 6129//3
f 6134//3 6135//3 6129//3
f 6129//3 6135//3 6143//3
f 6135//3 7065//3 6143//3
f 6143//3 7065//3 6865//3
f 6130//3 6131//3 6134//3
f 6131//3 6132//3 6134//3
f 6134//3 6132//3 6133//3
f 6152//3 6157//3 6151//3
f 6157//3 6158//3 6151//3
f 6151//3 6158//3 7066//3
f 6770//3 7067//3 6771//3
f 7067//3 7068//3 6771//3
f 6771//3 7068//3 7069//3
f 7069//3 7070//3 6771//3
f 7070//3 7071//3 6771//3
f 6771//3 7071//3 6158//3
f 7071//3 7072//3 6158//3
f 6158//3 7072//3 7066//3
f 6152//3 6153//3 6154//3
f 6154//3 6155//3 6152//3
f 6155//3 6156//3 6152//3
f 6152//3 6156//3 6157//3
f 6755//3 6753//3 7073//3
f 6753//3 6754//3 7073//3
f 7073//3 6754//3 7074//3
f 7075//3 7076//3 7077//3
f 7075//3 7077//3 6754//3
f 7077//3 7078//3 6754//3
f 6754//3 7078//3 7074//3
f 7079//2303 5697//2303 7080//2303
f 5697//2304 5699//2304 7080//2304
f 7080//2305 5699//2305 7081//2305
f 5699//2306 5603//2306 7081//2306
f 7081//2306 5603//2306 7082//2306
f 5603//2307 5628//2307 7082//2307
f 7082//2307 5628//2307 7083//2307
f 5628//2308 5630//2308 7083//2308
f 7083//2308 5630//2308 7084//2308
f 5927//2309 7085//2309 7086//2309
f 5927//2309 7086//2309 5925//2309
f 7086//2310 7087//2310 5925//2310
f 5925//2310 7087//2310 5917//2310
f 7087//2311 7088//2311 5917//2311
f 5917//2311 7088//2311 5919//2311
f 7088//2312 7089//2312 5919//2312
f 5919//2312 7089//2312 5921//2312
f 5765//2313 7090//2313 7091//2313
f 5765//2313 7091//2313 5776//2313
f 7091//2314 7092//2314 5776//2314
f 5776//2314 7092//2314 5767//2314
f 7092//2315 7093//2315 5767//2315
f 5767//2316 7093//2316 5769//2316
f 7093//2317 7094//2317 5769//2317
f 7094//2318 7095//2318 5769//2318
f 5769//2318 7095//2318 5771//2318
f 7096//2319 5654//2319 7097//2319
f 5654//2320 5652//2320 7097//2320
f 7097//2321 5652//2321 7098//2321
f 5652//2322 5650//2322 7098//2322
f 7098//2322 5650//2322 7099//2322
f 5650//2323 5659//2323 7099//2323
f 7099//2323 5659//2323 7100//2323
f 5659//2324 5661//2324 7100//2324
f 7100//2324 5661//2324 7101//2324
f 5744//2325 7102//2325 5683//2325
f 7102//2325 7103//2325 5683//2325
f 5683//2326 7103//2326 5684//2326
f 7103//2326 7104//2326 5684//2326
f 5684//2327 7104//2327 5686//2327
f 7104//2327 7105//2327 5686//2327
f 5686//2328 7105//2328 5687//2328
f 7105//2328 7106//2328 5687//2328
f 5687//2329 7106//2329 5630//2329
f 7106//2329 7084//2329 5630//2329
f 5697//2330 7079//2330 5672//2330
f 7079//2330 7107//2330 5672//2330
f 5672//2331 7107//2331 5673//2331
f 7107//2331 7108//2331 5673//2331
f 5673//2332 7108//2332 5675//2332
f 7108//2333 7109//2333 5675//2333
f 7110//2334 5961//2334 7111//2334
f 5961//2334 5965//2334 7111//2334
f 7111//2335 5965//2335 7109//2335
f 5965//2335 5966//2335 7109//2335
f 7109//2336 5966//2336 5675//2336
f 5991//2337 7112//2337 5992//2337
f 7112//2337 7113//2337 5992//2337
f 5992//2338 7113//2338 5994//2338
f 7113//2338 7114//2338 5994//2338
f 5994//2339 7114//2339 6004//2339
f 7114//2339 7115//2339 6004//2339
f 6004//2340 7115//2340 6005//2340
f 7115//2340 7116//2340 6005//2340
f 6005//2341 7116//2341 5927//2341
f 7116//2341 7085//2341 5927//2341
f 5921//2342 7089//2342 5922//2342
f 7089//2342 7117//2342 5922//2342
f 5922//2343 7117//2343 5897//2343
f 7117//2343 7118//2343 5897//2343
f 5897//2344 7118//2344 5898//2344
f 7118//2344 7119//2344 5898//2344
f 5898//2345 7119//2345 5902//2345
f 7119//2345 7120//2345 5902//2345
f 5902//2346 7120//2346 5868//2346
f 7120//2346 7121//2346 5868//2346
f 5862//2347 7122//2347 5887//2347
f 7122//2347 7123//2347 5887//2347
f 5887//2348 7123//2348 5888//2348
f 7123//2348 7124//2348 5888//2348
f 5888//2349 7124//2349 5889//2349
f 7124//2349 7125//2349 5889//2349
f 5889//2350 7125//2350 5764//2350
f 7125//2350 7126//2350 5764//2350
f 5764//2351 7126//2351 5765//2351
f 7126//2351 7090//2351 5765//2351
f 5771//2352 7095//2352 5761//2352
f 7095//2352 7127//2352 5761//2352
f 5761//2353 7127//2353 5762//2353
f 7127//2353 7128//2353 5762//2353
f 5762//2354 7128//2354 5763//2354
f 7128//2354 7129//2354 5763//2354
f 5763//2355 7129//2355 5773//2355
f 7129//2355 7130//2355 5773//2355
f 5773//2356 7130//2356 5772//2356
f 7130//2356 7131//2356 5772//2356
f 5847//2357 7132//2357 5855//2357
f 7132//2357 7133//2357 5855//2357
f 5855//2358 7133//2358 5815//2358
f 7133//2358 7134//2358 5815//2358
f 5815//2359 7134//2359 5814//2359
f 7134//2360 7135//2360 5814//2360
f 7101//2361 5661//2361 7136//2361
f 5661//2361 5703//2361 7136//2361
f 7136//2362 5703//2362 7135//2362
f 5703//2362 5702//2362 7135//2362
f 7135//2363 5702//2363 5814//2363
f 5654//2364 7096//2364 5729//2364
f 7096//2364 7137//2364 5729//2364
f 5729//2365 7137//2365 5730//2365
f 7137//2365 7138//2365 5730//2365
f 5730//2366 7138//2366 5734//2366
f 7138//2366 7139//2366 5734//2366
f 5734//2367 7139//2367 5733//2367
f 7139//2367 7140//2367 5733//2367
f 5733//2368 7140//2368 5712//2368
f 7140//2368 7141//2368 5712//2368
f 7142//2369 7143//2369 7144//2369
f 7143//2370 7145//2370 7144//2370
f 7144//2371 7145//2371 7146//2371
f 7145//2372 7147//2372 7146//2372
f 7146//2373 7147//2373 7148//2373
f 7147//2374 7149//2374 7148//2374
f 7148//2375 7149//2375 7150//2375
f 7149//2376 7151//2376 7150//2376
f 7150//2377 7151//2377 7152//2377
f 7151//2378 7153//2378 7152//2378
f 7152//2379 7153//2379 7154//2379
f 7153//2380 7155//2380 7154//2380
f 7154//2381 7155//2381 7156//2381
f 7155//2382 7157//2382 7156//2382
f 7156//2383 7157//2383 7158//2383
f 7157//2384 7159//2384 7158//2384
f 7158//2385 7159//2385 7160//2385
f 7159//2386 7161//2386 7160//2386
f 7160//2387 7161//2387 7162//2387
f 7161//2388 7163//2388 7162//2388
f 7162//2389 7163//2389 7164//2389
f 7163//2390 7165//2390 7164//2390
f 7164//2391 7165//2391 7166//2391
f 7165//2392 7167//2392 7166//2392
f 7166//2393 7167//2393 7168//2393
f 7167//2394 7169//2394 7168//2394
f 7168//2395 7169//2395 7170//2395
f 7169//2396 7171//2396 7170//2396
f 7170//2397 7171//2397 7172//2397
f 7171//2398 7173//2398 7172//2398
f 7172//2399 7173//2399 7174//2399
f 7173//2400 7175//2400 7174//2400
f 7174//2401 7175//2401 7176//2401
f 7175//2402 7177//2402 7176//2402
f 7176//2403 7177//2403 7178//2403
f 7177//2404 7179//2404 7178//2404
f 7178//2405 7179//2405 7180//2405
f 7179//2406 7181//2406 7180//2406
f 7180//2407 7181//2407 7182//2407
f 7181//2408 7183//2408 7182//2408
f 7182//2409 7183//2409 7184//2409
f 7183//2410 7185//2410 7184//2410
f 7184//2411 7185//2411 7186//2411
f 7185//2412 7187//2412 7186//2412
f 7186//2413 7187//2413 7188//2413
f 7187//2414 7189//2414 7188//2414
f 7188//2415 7189//2415 7142//2415
f 7189//2416 7143//2416 7142//2416
f 7190//2417 6424//2417 7191//2417
f 6424//2417 6425//2417 7191//2417
f 7191//698 6425//698 7192//698
f 6425//698 6422//698 7192//698
f 7192//2418 6422//2418 7193//2418
f 6422//2418 6438//2418 7193//2418
f 7193//2419 6438//2419 7194//2419
f 6438//2419 6433//2419 7194//2419
f 7194//2420 6433//2420 7195//2420
f 6433//2420 6439//2420 7195//2420
f 7195//2421 6439//2421 7196//2421
f 6439//2421 6446//2421 7196//2421
f 7196//2422 6446//2422 7197//2422
f 6446//2422 6466//2422 7197//2422
f 7197//2423 6466//2423 7198//2423
f 6466//2423 6470//2423 7198//2423
f 7198//1161 6470//1161 7199//1161
f 6470//1161 6509//1161 7199//1161
f 7199//1162 6509//1162 7200//1162
f 6509//1162 6494//1162 7200//1162
f 7200//2424 6494//2424 7201//2424
f 6494//2424 6495//2424 7201//2424
f 7201//2425 6495//2425 7202//2425
f 6495//2425 6499//2425 7202//2425
f 7202//2426 6499//2426 7203//2426
f 6499//2426 6537//2426 7203//2426
f 7203//710 6537//710 7204//710
f 6537//710 6529//710 7204//710
f 7204//2427 6529//2427 7205//2427
f 6529//2427 6540//2427 7205//2427
f 7205//2428 6540//2428 7206//2428
f 6540//2428 6312//2428 7206//2428
f 7206//2429 6312//2429 7207//2429
f 6312//2429 6315//2429 7207//2429
f 7207//1170 6315//1170 7208//1170
f 6315//1170 6322//1170 7208//1170
f 7208//2430 6322//2430 7209//2430
f 6322//2430 6347//2430 7209//2430
f 7209//2431 6347//2431 7210//2431
f 6347//2431 6351//2431 7210//2431
f 7210//1173 6351//1173 7211//1173
f 6351//1173 6357//1173 7211//1173
f 7211//2432 6357//2432 7212//2432
f 6357//2432 6359//2432 7212//2432
f 7212//2433 6359//2433 7213//2433
f 6359//2433 6388//2433 7213//2433
f 7213//1176 6388//1176 7190//1176
f 6388//1176 6424//1176 7190//1176
f 6010//58 7200//58 6008//58
f 7200//58 7201//58 6008//58
f 6008//58 7201//58 6006//58
f 7201//58 7202//58 6006//58
f 6006//58 7202//58 6052//58
f 7202//58 7203//58 6052//58
f 6052//58 7203//58 6050//58
f 7203//58 7204//58 6050//58
f 6050//58 7204//58 6048//58
f 7204//58 7205//58 6048//58
f 6048//58 7205//58 6046//58
f 7205//58 7206//58 6046//58
f 6046//58 7206//58 6044//58
f 7206//58 7207//58 6044//58
f 6044//58 7207//58 6042//58
f 7207//58 7208//58 6042//58
f 6042//58 7208//58 6040//58
f 7208//58 7209//58 6040//58
f 6040//58 7209//58 6038//58
f 7209//58 7210//58 6038//58
f 6038//58 7210//58 6036//58
f 7210//58 7211//58 6036//58
f 6036//58 7211//58 6034//58
f 7211//58 7212//58 6034//58
f 6034//58 7212//58 6032//58
f 7212//58 7213//58 6032//58
f 6032//58 7213//58 6030//58
f 7213//58 7190//58 6030//58
f 6030//58 7190//58 6028//58
f 7190//58 7191//58 6028//58
f 6028//58 7191//58 6026//58
f 7191//58 7192//58 6026//58
f 6026//58 7192//58 6024//58
f 7192//58 7193//58 6024//58
f 6024//58 7193//58 6022//58
f 7193//58 7194//58 6022//58
f 6022//58 7194//58 6020//58
f 7194//58 7195//58 6020//58
f 6020//58 7195//58 6018//58
f 7195//58 7196//58 6018//58
f 6018//58 7196//58 6016//58
f 7196//58 7197//58 6016//58
f 6016//58 7197//58 6014//58
f 7197//58 7198//58 6014//58
f 6014//58 7198//58 6012//58
f 7198//58 7199//58 6012//58
f 6012//58 7199//58 6010//58
f 7199//58 7200//58 6010//58
f 7214//2434 6346//2434 7215//2434
f 6346//2435 6365//2435 7215//2435
f 7215//2435 6365//2435 7216//2435
f 6365//2436 6332//2436 7216//2436
f 7216//2436 6332//2436 7217//2436
f 6332//2437 6334//2437 7217//2437
f 7217//2437 6334//2437 7218//2437
f 6334//2438 6326//2438 7218//2438
f 7218//2438 6326//2438 7219//2438
f 6326//2439 6324//2439 7219//2439
f 7219//2440 6324//2440 7220//2440
f 6324//2441 6530//2441 7220//2441
f 6530//2442 6533//2442 7220//2442
f 7220//2442 6533//2442 7221//2442
f 6533//2443 6546//2443 7221//2443
f 7221//2443 6546//2443 7222//2443
f 6546//2444 6521//2444 7222//2444
f 7222//2444 6521//2444 7223//2444
f 6521//2445 6517//2445 7223//2445
f 7223//2445 6517//2445 7224//2445
f 6517//2446 6512//2446 7224//2446
f 7224//2446 6512//2446 7225//2446
f 6512//2447 6507//2447 7225//2447
f 7225//2448 6507//2448 7226//2448
f 6507//2449 6476//2449 7226//2449
f 6476//2450 6478//2450 7226//2450
f 7226//2450 6478//2450 7227//2450
f 6478//2451 6484//2451 7227//2451
f 7227//2451 6484//2451 7228//2451
f 6484//2452 6458//2452 7228//2452
f 7228//2452 6458//2452 7229//2452
f 6458//2453 6449//2453 7229//2453
f 7229//2453 6449//2453 7230//2453
f 6449//2040 6452//2040 7230//2040
f 7230//2040 6452//2040 7231//2040
f 6452//2454 6305//2454 7231//2454
f 7231//2455 6305//2455 7232//2455
f 6305//2456 6307//2456 7232//2456
f 6307//2457 6404//2457 7232//2457
f 7232//2457 6404//2457 7233//2457
f 6404//2458 6403//2458 7233//2458
f 7233//2458 6403//2458 7234//2458
f 6403//2459 6383//2459 7234//2459
f 7234//2459 6383//2459 7235//2459
f 6383//2460 6374//2460 7235//2460
f 7235//2460 6374//2460 7236//2460
f 6374//2461 6379//2461 7236//2461
f 7236//2461 6379//2461 7237//2461
f 6379//2462 6393//2462 7237//2462
f 7237//2463 6393//2463 7214//2463
f 6393//2464 6343//2464 7214//2464
f 7214//2434 6343//2434 6346//2434
f 6777//2465 6527//2465 6782//2465
f 6527//2465 6543//2465 6782//2465
f 6782//900 6543//900 6783//900
f 6543//900 6542//900 6783//900
f 6783//2177 6542//2177 6784//2177
f 6542//2177 6541//2177 6784//2177
f 6784//2176 6541//2176 6786//2176
f 6541//2176 6538//2176 6786//2176
f 6786//833 6538//833 6794//833
f 6538//833 6535//833 6794//833
f 6794//2190 6535//2190 6789//2190
f 6535//2190 6534//2190 6789//2190
f 6789//2466 6534//2466 6763//2466
f 6534//2466 6553//2466 6763//2466
f 6763//2188 6553//2188 6761//2188
f 6553//2188 6552//2188 6761//2188
f 6761//2467 6552//2467 6760//2467
f 6552//2467 6551//2467 6760//2467
f 6760//905 6551//905 6759//905
f 6551//905 6550//905 6759//905
f 6759//2174 6550//2174 6757//2174
f 6550//2174 6545//2174 6757//2174
f 6757//2173 6545//2173 6767//2173
f 6545//2173 6544//2173 6767//2173
f 6767//2468 6544//2468 6768//2468
f 6544//2468 6556//2468 6768//2468
f 6768//2198 6556//2198 6769//2198
f 6556//2198 6555//2198 6769//2198
f 6769//2187 6555//2187 6764//2187
f 6555//2187 6554//2187 6764//2187
f 6764//2197 6554//2197 6765//2197
f 6554//2197 6549//2197 6765//2197
f 6765//822 6549//822 6773//822
f 6549//822 6548//822 6773//822
f 6773//2196 6548//2196 6774//2196
f 6548//2196 6547//2196 6774//2196
f 6774//2469 6547//2469 6776//2469
f 6547//2469 6532//2469 6776//2469
f 6776//2470 6532//2470 6780//2470
f 6532//2470 6531//2470 6780//2470
f 6780//2471 6531//2471 6772//2471
f 6531//2471 6536//2471 6772//2471
f 6772//873 6536//873 6779//873
f 6536//873 6539//873 6779//873
f 6779//2180 6539//2180 6778//2180
f 6539//2180 6528//2180 6778//2180
f 6778//875 6528//875 6777//875
f 6528//875 6527//875 6777//875
f 7007//745 6500//745 7008//745
f 6500//745 6493//745 7008//745
f 7008//900 6493//900 7012//900
f 6493//900 6492//900 7012//900
f 7012//835 6492//835 7013//835
f 6492//835 6506//835 7013//835
f 7013//2472 6506//2472 7014//2472
f 6506//2472 6504//2472 7014//2472
f 7014//833 6504//833 7016//833
f 6504//833 6503//833 7016//833
f 7016//2190 6503//2190 7023//2190
f 6503//2190 6514//2190 7023//2190
f 7023//2189 6514//2189 7024//2189
f 6514//2189 6513//2189 7024//2189
f 7024//2188 6513//2188 7025//2188
f 6513//2188 6511//2188 7025//2188
f 7025//904 6511//904 7029//904
f 6511//904 6510//904 7029//904
f 7029//866 6510//866 7030//866
f 6510//866 6526//866 7030//866
f 7030//2473 6526//2473 7031//2473
f 6526//2473 6525//2473 7031//2473
f 7031//2474 6525//2474 7026//2474
f 6525//2474 6524//2474 7026//2474
f 7026//800 6524//800 7027//800
f 6524//800 6516//800 7027//800
f 7027//868 6516//868 7032//868
f 6516//868 6515//868 7032//868
f 7032//2475 6515//2475 7033//2475
f 6515//2475 6523//2475 7033//2475
f 7033//2476 6523//2476 7035//2476
f 6523//2476 6522//2476 7035//2476
f 7035//822 6522//822 7034//822
f 6522//822 6520//822 7034//822
f 7034//2477 6520//2477 7018//2477
f 6520//2477 6519//2477 7018//2477
f 7018//2478 6519//2478 7020//2478
f 6519//2478 6518//2478 7020//2478
f 7020//2479 6518//2479 7006//2479
f 6518//2479 6497//2479 7006//2479
f 7006//872 6497//872 7022//872
f 6497//872 6496//872 7022//872
f 7022//899 6496//899 7004//899
f 6496//899 6502//899 7004//899
f 7004//2480 6502//2480 7005//2480
f 6502//2480 6501//2480 7005//2480
f 7005//2481 6501//2481 7007//2481
f 6501//2481 6500//2481 7007//2481
f 6120//2482 5912//2482 5939//2482
f 6120//2482 5939//2482 6873//2482
f 5939//2483 5938//2483 6873//2483
f 6873//2483 5938//2483 6875//2483
f 5938//2484 5936//2484 6875//2484
f 6875//2484 5936//2484 6876//2484
f 5936//2485 5934//2485 6876//2485
f 6876//2485 5934//2485 6869//2485
f 5934//2486 5946//2486 6869//2486
f 6869//2486 5946//2486 6871//2486
f 5946//2487 5945//2487 6871//2487
f 6871//2487 5945//2487 6933//2487
f 5945//2488 5943//2488 6933//2488
f 6933//2488 5943//2488 6934//2488
f 5943//2489 5941//2489 6934//2489
f 6934//2489 5941//2489 6935//2489
f 5941//2490 5953//2490 6935//2490
f 6935//2490 5953//2490 6929//2490
f 5953//2491 5952//2491 6929//2491
f 6929//2491 5952//2491 6931//2491
f 5952//2492 5950//2492 6931//2492
f 6931//2492 5950//2492 6932//2492
f 5950//2493 5948//2493 6932//2493
f 6932//2493 5948//2493 6106//2493
f 6135//2494 5929//2494 5980//2494
f 6135//2494 5980//2494 7065//2494
f 5980//2495 5979//2495 7065//2495
f 7065//2495 5979//2495 6865//2495
f 5979//2496 5977//2496 6865//2496
f 6865//2496 5977//2496 7059//2496
f 5977//2497 5975//2497 7059//2497
f 7059//2497 5975//2497 7060//2497
f 5975//2498 5974//2498 7060//2498
f 7060//2498 5974//2498 7061//2498
f 5974//2499 5972//2499 7061//2499
f 7061//2500 5972//2500 7056//2500
f 5972//2501 5970//2501 7056//2501
f 7056//2502 5970//2502 7057//2502
f 5970//2503 5968//2503 7057//2503
f 7057//2503 5968//2503 7062//2503
f 5968//2504 5990//2504 7062//2504
f 7062//2504 5990//2504 7063//2504
f 5990//2505 5989//2505 7063//2505
f 7063//2505 5989//2505 7064//2505
f 5989//2506 5987//2506 7064//2506
f 7064//2506 5987//2506 7058//2506
f 5987//2507 5985//2507 7058//2507
f 7058//2507 5985//2507 6121//2507
f 6150//2508 5693//2508 5692//2508
f 6150//2508 5692//2508 6815//2508
f 5692//2509 5599//2509 6815//2509
f 6815//2509 5599//2509 6817//2509
f 5599//2510 5597//2510 6817//2510
f 6817//2510 5597//2510 6819//2510
f 5597//2511 5595//2511 6819//2511
f 6819//2511 5595//2511 6812//2511
f 5595//2512 5594//2512 6812//2512
f 6812//2512 5594//2512 6805//2512
f 5594//2513 5589//2513 6805//2513
f 6805//2513 5589//2513 6806//2513
f 5589//2514 5587//2514 6806//2514
f 6806//2514 5587//2514 6849//2514
f 5587//2515 5585//2515 6849//2515
f 6849//2515 5585//2515 6859//2515
f 5585//2516 5624//2516 6859//2516
f 6859//2516 5624//2516 6860//2516
f 5624//2517 5623//2517 6860//2517
f 6860//2517 5623//2517 6862//2517
f 5623//2518 5621//2518 6862//2518
f 6862//2518 5621//2518 6863//2518
f 5621//2519 5619//2519 6863//2519
f 6863//2519 5619//2519 6136//2519
f 7073//2520 5706//2520 5720//2520
f 7073//2520 5720//2520 6755//2520
f 5720//2521 5719//2521 6755//2521
f 6755//2521 5719//2521 6756//2521
f 5719//2522 5717//2522 6756//2522
f 6756//2522 5717//2522 6781//2522
f 5717//2523 5715//2523 6781//2523
f 6781//2523 5715//2523 6770//2523
f 5715//2524 5727//2524 6770//2524
f 6770//2524 5727//2524 7067//2524
f 5727//2525 5726//2525 7067//2525
f 7067//2525 5726//2525 7068//2525
f 5726//2526 5724//2526 7068//2526
f 7068//2526 5724//2526 7069//2526
f 5724//2527 5722//2527 7069//2527
f 7069//2527 5722//2527 7070//2527
f 5722//2528 5741//2528 7070//2528
f 7070//2528 5741//2528 7071//2528
f 5741//2529 5740//2529 7071//2529
f 7071//2529 5740//2529 7072//2529
f 5740//2530 5738//2530 7072//2530
f 7072//2530 5738//2530 7066//2530
f 5738//2531 5736//2531 7066//2531
f 7066//2531 5736//2531 6151//2531
f 7235//2532 6907//2532 7234//2532
f 6907//2533 6902//2533 7234//2533
f 7234//2534 6902//2534 7233//2534
f 6902//2535 6916//2535 7233//2535
f 7233//2536 6916//2536 7232//2536
f 6916//2537 6941//2537 7232//2537
f 7232//2538 6941//2538 7231//2538
f 6941//2539 6958//2539 7231//2539
f 7231//2540 6958//2540 7230//2540
f 6958//2541 6961//2541 7230//2541
f 7230//2542 6961//2542 7229//2542
f 6961//2543 6973//2543 7229//2543
f 7229//2544 6973//2544 7228//2544
f 6973//2545 6970//2545 7228//2545
f 7228//2546 6970//2546 7227//2546
f 6970//2547 6983//2547 7227//2547
f 7227//2548 6983//2548 7226//2548
f 6983//2549 7015//2549 7226//2549
f 7226//2550 7015//2550 7225//2550
f 7015//2551 7028//2551 7225//2551
f 7225//2552 7028//2552 7224//2552
f 7028//2553 6762//2553 7224//2553
f 7224//2554 6762//2554 7223//2554
f 6762//2555 6758//2555 7223//2555
f 7223//2556 6758//2556 7222//2556
f 6758//2557 6766//2557 7222//2557
f 7222//2558 6766//2558 7221//2558
f 6766//2559 6775//2559 7221//2559
f 7221//2560 6775//2560 7220//2560
f 6775//2561 6803//2561 7220//2561
f 7220//2562 6803//2562 7219//2562
f 6803//2563 6824//2563 7219//2563
f 7219//2564 6824//2564 7218//2564
f 6824//2565 6823//2565 7218//2565
f 7218//2566 6823//2566 7217//2566
f 6823//2567 6836//2567 7217//2567
f 7217//2568 6836//2568 7216//2568
f 6836//2569 6839//2569 7216//2569
f 7216//2570 6839//2570 7215//2570
f 6839//2571 6847//2571 7215//2571
f 7215//2572 6847//2572 7214//2572
f 6847//2573 6882//2573 7214//2573
f 7214//2574 6882//2574 7237//2574
f 6882//2575 6892//2575 7237//2575
f 7237//2576 6892//2576 7236//2576
f 6892//2577 6898//2577 7236//2577
f 7236//2578 6898//2578 7235//2578
f 6898//2579 6907//2579 7235//2579
f 6060//2580 5668//2580 5667//2580
f 6060//2580 5667//2580 7021//2580
f 5667//2581 5609//2581 7021//2581
f 7021//2581 5609//2581 7019//2581
f 5609//2582 5607//2582 7019//2582
f 7019//2582 5607//2582 7017//2582
f 5607//2583 5605//2583 7017//2583
f 7017//2583 5605//2583 7009//2583
f 5605//2584 5617//2584 7009//2584
f 7009//2584 5617//2584 7010//2584
f 5617//2585 5616//2585 7010//2585
f 7010//2585 5616//2585 7011//2585
f 5616//2586 5614//2586 7011//2586
f 7011//2586 5614//2586 6791//2586
f 5614//2587 5612//2587 6791//2587
f 6791//2587 5612//2587 6792//2587
f 5612//2588 5637//2588 6792//2588
f 6792//2588 5637//2588 6793//2588
f 5637//2589 5636//2589 6793//2589
f 6793//2589 5636//2589 6795//2589
f 5636//2590 5634//2590 6795//2590
f 6795//2590 5634//2590 6796//2590
f 5634//2591 5632//2591 6796//2591
f 6796//2591 5632//2591 6797//2591
f 6105//2592 5857//2592 5877//2592
f 6105//2592 5877//2592 7055//2592
f 5877//2593 5876//2593 7055//2593
f 7055//2593 5876//2593 6923//2593
f 5876//2594 5874//2594 6923//2594
f 6923//2594 5874//2594 7048//2594
f 5874//2595 5872//2595 7048//2595
f 7048//2595 5872//2595 7049//2595
f 5872//2596 5884//2596 7049//2596
f 7049//2596 5884//2596 7050//2596
f 5884//2597 5883//2597 7050//2597
f 7050//2597 5883//2597 7051//2597
f 5883//2598 5881//2598 7051//2598
f 7051//2598 5881//2598 7052//2598
f 5881//2599 5879//2599 7052//2599
f 7052//2599 5879//2599 7053//2599
f 5879//2600 5896//2600 7053//2600
f 7053//2600 5896//2600 7046//2600
f 5896//2601 5895//2601 7046//2601
f 7046//2601 5895//2601 7047//2601
f 5895//2602 5893//2602 7047//2602
f 7047//2602 5893//2602 7054//2602
f 5893//2603 5891//2603 7054//2603
f 7054//2603 5891//2603 6091//2603
f 6090//2604 5851//2604 5850//2604
f 6090//2604 5850//2604 6953//2604
f 5850//2605 5829//2605 6953//2605
f 6953//2605 5829//2605 6951//2605
f 5829//2606 5827//2606 6951//2606
f 6951//2606 5827//2606 6949//2606
f 5827//2607 5825//2607 6949//2607
f 6949//2607 5825//2607 6955//2607
f 5825//2608 5824//2608 6955//2608
f 6955//2608 5824//2608 6943//2608
f 5824//2609 5784//2609 6943//2609
f 6943//2609 5784//2609 6944//2609
f 5784//2610 5782//2610 6944//2610
f 6944//2610 5782//2610 6989//2610
f 5782//2611 5780//2611 6989//2611
f 6989//2611 5780//2611 6992//2611
f 5780//2612 5779//2612 6992//2612
f 6992//2612 5779//2612 6993//2612
f 5779//2613 5759//2613 6993//2613
f 6993//2613 5759//2613 6995//2613
f 5759//2614 5757//2614 6995//2614
f 6995//2614 5757//2614 6999//2614
f 5757//2615 5755//2615 6999//2615
f 6999//2615 5755//2615 6076//2615
f 6075//2616 5800//2616 5837//2616
f 6075//2616 5837//2616 7045//2616
f 5837//2617 5836//2617 7045//2617
f 7045//2617 5836//2617 7001//2617
f 5836//2618 5834//2618 7001//2618
f 7001//2618 5834//2618 7036//2618
f 5834//2619 5832//2619 7036//2619
f 7036//2619 5832//2619 7037//2619
f 5832//2620 5831//2620 7037//2620
f 7037//2620 5831//2620 7038//2620
f 5831//2621 5812//2621 7038//2621
f 7038//2622 5812//2622 7039//2622
f 5812//2623 5810//2623 7039//2623
f 7039//2624 5810//2624 7040//2624
f 5810//2625 5808//2625 7040//2625
f 7040//2625 5808//2625 7041//2625
f 5808//2626 5844//2626 7041//2626
f 7041//2626 5844//2626 7042//2626
f 5844//2627 5843//2627 7042//2627
f 7042//2627 5843//2627 7043//2627
f 5843//2628 5841//2628 7043//2628
f 7043//2628 5841//2628 7044//2628
f 5841//2629 5839//2629 7044//2629
f 7044//2629 5839//2629 6061//2629
f 6168//3 7238//3 6170//3
f 7109//3 6208//3 7239//3
f 7109//3 7108//3 6208//3
f 7108//3 7107//3 6208//3
f 6208//3 7107//3 7079//3
f 6199//3 6197//3 7240//3
f 6197//3 6195//3 7240//3
f 7240//3 6195//3 6193//3
f 7241//3 7114//3 7242//3
f 7114//3 7113//3 7242//3
f 7242//3 7113//3 7243//3
f 7113//3 7112//3 7243//3
f 7243//3 7112//3 7244//3
f 7112//3 7245//3 7244//3
f 7246//3 7124//3 7247//3
f 7124//3 7248//3 7247//3
f 7249//3 7110//3 7239//3
f 7110//3 7111//3 7239//3
f 7239//3 7111//3 7109//3
f 7240//3 7250//3 7121//3
f 7085//3 7116//3 6199//3
f 7116//3 7115//3 6199//3
f 7250//3 7251//3 7121//3
f 7251//3 7252//3 7121//3
f 7121//3 7252//3 7253//3
f 7252//3 7254//3 7253//3
f 7253//3 7254//3 7255//3
f 7254//3 7256//3 7255//3
f 7255//3 7256//3 7257//3
f 7256//3 7258//3 7257//3
f 7257//3 7258//3 7259//3
f 7258//3 7260//3 7259//3
f 7259//3 7260//3 7261//3
f 7260//3 7262//3 7261//3
f 7261//3 7262//3 7263//3
f 7262//3 7264//3 7263//3
f 7263//3 7264//3 7265//3
f 7264//3 7266//3 7265//3
f 7265//3 7266//3 7267//3
f 7266//3 7268//3 7267//3
f 7267//3 7268//3 7269//3
f 7268//3 7270//3 7269//3
f 7269//3 7270//3 7271//3
f 7270//3 7272//3 7271//3
f 7271//3 7272//3 7273//3
f 7272//3 7274//3 7273//3
f 7273//3 7274//3 7275//3
f 7274//3 7276//3 7275//3
f 7275//3 7276//3 7277//3
f 6185//3 6183//3 7093//3
f 7239//3 7278//3 7249//3
f 7278//3 7279//3 7249//3
f 7249//3 7279//3 7280//3
f 7279//3 7281//3 7280//3
f 7280//3 7281//3 7282//3
f 7281//3 7283//3 7282//3
f 7282//3 7283//3 7284//3
f 7283//3 7285//3 7284//3
f 7284//3 7285//3 7286//3
f 7285//3 7287//3 7286//3
f 7286//3 7287//3 7288//3
f 7287//3 7289//3 7288//3
f 7288//3 7289//3 7290//3
f 7289//3 7291//3 7290//3
f 7290//3 7291//3 7292//3
f 7291//3 7293//3 7292//3
f 7292//3 7293//3 7294//3
f 7293//3 7295//3 7294//3
f 7294//3 7295//3 7296//3
f 7295//3 7297//3 7296//3
f 7296//3 7297//3 7298//3
f 7297//3 7299//3 7298//3
f 7298//3 7299//3 7300//3
f 7299//3 7301//3 7300//3
f 7300//3 7301//3 7245//3
f 7301//3 7302//3 7245//3
f 7245//3 7302//3 7244//3
f 7276//3 7303//3 7277//3
f 7303//3 7304//3 7277//3
f 7277//3 7304//3 7122//3
f 7304//3 7248//3 7122//3
f 7122//3 7248//3 7123//3
f 7248//3 7124//3 7123//3
f 6187//3 7126//3 7125//3
f 7115//3 7114//3 6199//3
f 7114//3 7241//3 6199//3
f 6199//3 7241//3 6201//3
f 7241//3 7305//3 6201//3
f 6201//3 7305//3 6203//3
f 7305//3 7306//3 6203//3
f 6203//3 7306//3 6205//3
f 7306//3 7307//3 6205//3
f 6205//3 7307//3 6207//3
f 7307//3 7308//3 6207//3
f 6207//3 7308//3 6208//3
f 7308//3 7309//3 6208//3
f 6208//3 7309//3 7239//3
f 7093//3 7092//3 6185//3
f 7092//3 7091//3 6185//3
f 6185//3 7091//3 6187//3
f 7091//3 7090//3 6187//3
f 6187//3 7090//3 7126//3
f 7118//3 6199//3 7119//3
f 6199//3 7240//3 7119//3
f 7119//3 7240//3 7120//3
f 7240//3 7121//3 7120//3
f 7125//3 7124//3 6187//3
f 7124//3 7246//3 6187//3
f 6187//3 7246//3 6189//3
f 7246//3 7310//3 6189//3
f 6189//3 7310//3 6191//3
f 7310//3 7311//3 6191//3
f 6191//3 7311//3 6193//3
f 7311//3 7312//3 6193//3
f 6193//3 7312//3 7240//3
f 7118//3 7117//3 6199//3
f 7117//3 7089//3 6199//3
f 6199//3 7089//3 7088//3
f 7088//3 7087//3 6199//3
f 7087//3 7086//3 6199//3
f 6199//3 7086//3 7085//3
f 6179//3 7313//3 7314//3
f 7314//3 7315//3 6179//3
f 7315//3 7316//3 6179//3
f 6179//3 7316//3 7317//3
f 7318//3 7319//3 7320//3
f 7313//3 6179//3 7321//3
f 6179//3 6178//3 7321//3
f 7321//3 6178//3 7322//3
f 6178//3 6176//3 7322//3
f 7322//3 6176//3 7323//3
f 7101//3 7136//3 6174//3
f 7136//3 7135//3 6174//3
f 6174//3 7135//3 7134//3
f 6172//3 6170//3 7099//3
f 6170//3 7238//3 7099//3
f 7099//3 7238//3 7098//3
f 7320//3 7319//3 7324//3
f 7319//3 7325//3 7324//3
f 7324//3 7325//3 7326//3
f 7325//3 7327//3 7326//3
f 7326//3 7327//3 7328//3
f 7327//3 7329//3 7328//3
f 7328//3 7329//3 7330//3
f 7329//3 7331//3 7330//3
f 7330//3 7331//3 7332//3
f 7331//3 7333//3 7332//3
f 7332//3 7333//3 7334//3
f 7333//3 7335//3 7334//3
f 7334//3 7335//3 7336//3
f 7335//3 7337//3 7336//3
f 7336//3 7337//3 7338//3
f 7337//3 7339//3 7338//3
f 7338//3 7339//3 7340//3
f 7339//3 7341//3 7340//3
f 7340//3 7341//3 7342//3
f 7341//3 7343//3 7342//3
f 7342//3 7343//3 7344//3
f 7343//3 7345//3 7344//3
f 7344//3 7345//3 7317//3
f 7345//3 7131//3 7317//3
f 7317//3 7131//3 6179//3
f 7131//3 7130//3 6179//3
f 6179//3 7130//3 7129//3
f 6172//3 7099//3 6174//3
f 7099//3 7100//3 6174//3
f 6174//3 7100//3 7101//3
f 6176//3 6174//3 7323//3
f 6174//3 7134//3 7323//3
f 7323//3 7134//3 7346//3
f 7134//3 7133//3 7346//3
f 7346//3 7133//3 7347//3
f 7133//3 7132//3 7347//3
f 7347//3 7132//3 7348//3
f 7132//3 7318//3 7348//3
f 7348//3 7318//3 7349//3
f 7318//3 7320//3 7349//3
f 7129//3 7128//3 6179//3
f 7128//3 7127//3 6179//3
f 6179//3 7127//3 7095//3
f 6183//3 6181//3 7093//3
f 6181//3 6179//3 7093//3
f 7093//3 6179//3 7094//3
f 6179//3 7095//3 7094//3
f 6164//3 7350//3 6166//3
f 7350//3 7351//3 6166//3
f 6166//3 7351//3 6168//3
f 7351//3 7352//3 6168//3
f 6168//3 7352//3 7238//3
f 7352//3 7353//3 7238//3
f 7238//3 7353//3 7354//3
f 7355//3 7356//3 7103//3
f 7356//3 7104//3 7103//3
f 7357//3 7358//3 7359//3
f 7358//3 7360//3 7359//3
f 7359//3 7360//3 7361//3
f 7360//3 7362//3 7361//3
f 7361//3 7362//3 7363//3
f 7362//3 7364//3 7363//3
f 7363//3 7364//3 7365//3
f 7364//3 7366//3 7365//3
f 7365//3 7366//3 7367//3
f 7366//3 7368//3 7367//3
f 7367//3 7368//3 7369//3
f 7368//3 7370//3 7369//3
f 7369//3 7370//3 7371//3
f 7370//3 7372//3 7371//3
f 7371//3 7372//3 7373//3
f 7372//3 7374//3 7373//3
f 7373//3 7374//3 7375//3
f 7374//3 7376//3 7375//3
f 7375//3 7376//3 7377//3
f 7376//3 7378//3 7377//3
f 7377//3 7378//3 7379//3
f 7378//3 7380//3 7379//3
f 7379//3 7380//3 7381//3
f 7380//3 7382//3 7381//3
f 7381//3 7382//3 7383//3
f 7382//3 7355//3 7383//3
f 7383//3 7355//3 7102//3
f 7355//3 7103//3 7102//3
f 7359//3 7141//3 7357//3
f 7141//3 7140//3 7357//3
f 7357//3 7140//3 7354//3
f 7140//3 7139//3 7354//3
f 7354//3 7139//3 7238//3
f 7139//3 7138//3 7238//3
f 7238//3 7138//3 7137//3
f 7137//3 7096//3 7238//3
f 7096//3 7097//3 7238//3
f 7238//3 7097//3 7098//3
f 6164//3 7105//3 7104//3
f 6162//3 7084//3 6164//3
f 7084//3 7106//3 6164//3
f 6164//3 7106//3 7105//3
f 7356//3 7384//3 7104//3
f 7384//3 7385//3 7104//3
f 7104//3 7385//3 6164//3
f 7385//3 7386//3 6164//3
f 6164//3 7386//3 7350//3
f 7079//3 7080//3 6208//3
f 7080//3 7081//3 6208//3
f 6208//3 7081//3 6160//3
f 7081//3 7082//3 6160//3
f 6160//3 7082//3 6162//3
f 7082//3 7083//3 6162//3
f 6162//3 7083//3 7084//3
f 6818//2465 6330//2465 6816//2465
f 6330//2465 6329//2465 6816//2465
f 6816//836 6329//836 6813//836
f 6329//836 6317//836 6813//836
f 6813//2177 6317//2177 6814//2177
f 6317//2177 6316//2177 6814//2177
f 6814//2176 6316//2176 6808//2176
f 6316//2176 6320//2176 6808//2176
f 6808//2175 6320//2175 6809//2175
f 6320//2175 6319//2175 6809//2175
f 6809//832 6319//832 6810//832
f 6319//832 6318//832 6810//832
f 6810//2630 6318//2630 6811//2630
f 6318//2630 6314//2630 6811//2630
f 6811//2631 6314//2631 6802//2631
f 6314//2631 6313//2631 6802//2631
f 6802//2632 6313//2632 6801//2632
f 6313//2632 6311//2632 6801//2632
f 6801//905 6311//905 6800//905
f 6311//905 6309//905 6800//905
f 6800//867 6309//867 6804//867
f 6309//867 6308//867 6804//867
f 6804//2173 6308//2173 6820//2173
f 6308//2173 6323//2173 6820//2173
f 6820//2633 6323//2633 6821//2633
f 6323//2633 6325//2633 6821//2633
f 6821//868 6325//868 6822//868
f 6325//868 6327//868 6822//868
f 6822//2634 6327//2634 6831//2634
f 6327//2634 6328//2634 6831//2634
f 6831//870 6328//870 6832//870
f 6328//870 6340//870 6832//870
f 6832//822 6340//822 6833//822
f 6340//822 6339//822 6833//822
f 6833//821 6339//821 6826//821
f 6339//821 6338//821 6826//821
f 6826//2469 6338//2469 6827//2469
f 6338//2469 6337//2469 6827//2469
f 6827//2470 6337//2470 6828//2470
f 6337//2470 6336//2470 6828//2470
f 6828//2471 6336//2471 6825//2471
f 6336//2471 6335//2471 6825//2471
f 6825//873 6335//873 6830//873
f 6335//873 6333//873 6830//873
f 6830//874 6333//874 6829//874
f 6333//874 6331//874 6829//874
f 6829//875 6331//875 6818//875
f 6331//875 6330//875 6818//875
f 6846//745 6360//745 6848//745
f 6360//745 6342//745 6848//745
f 6848//836 6342//836 6852//836
f 6342//836 6341//836 6852//836
f 6852//835 6341//835 6853//835
f 6341//835 6356//835 6853//835
f 6853//902 6356//902 6864//902
f 6356//902 6355//902 6864//902
f 6864//833 6355//833 6866//833
f 6355//833 6354//833 6866//833
f 6866//832 6354//832 6867//832
f 6354//832 6353//832 6867//832
f 6867//831 6353//831 6858//831
f 6353//831 6352//831 6858//831
f 6858//2185 6352//2185 6857//2185
f 6352//2185 6350//2185 6857//2185
f 6857//829 6350//829 6856//829
f 6350//829 6349//829 6856//829
f 6856//905 6349//905 6855//905
f 6349//905 6348//905 6855//905
f 6855//867 6348//867 6861//867
f 6348//867 6345//867 6861//867
f 6861//826 6345//826 6850//826
f 6345//826 6344//826 6850//826
f 6850//800 6344//800 6851//800
f 6344//800 6372//800 6851//800
f 6851//2635 6372//2635 6843//2635
f 6372//2635 6371//2635 6843//2635
f 6843//2634 6371//2634 6844//2634
f 6371//2634 6370//2634 6844//2634
f 6844//870 6370//870 6834//870
f 6370//870 6369//870 6834//870
f 6834//822 6369//822 6835//822
f 6369//822 6364//822 6835//822
f 6835//821 6364//821 6840//821
f 6364//821 6363//821 6840//821
f 6840//820 6363//820 6841//820
f 6363//820 6368//820 6841//820
f 6841//871 6368//871 6842//871
f 6368//871 6367//871 6842//871
f 6842//872 6367//872 6837//872
f 6367//872 6366//872 6837//872
f 6837//873 6366//873 6838//873
f 6366//873 6362//873 6838//873
f 6838//874 6362//874 6845//874
f 6362//874 6361//874 6845//874
f 6845//875 6361//875 6846//875
f 6361//875 6360//875 6846//875
f 6890//745 6377//745 6891//745
f 6377//745 6373//745 6891//745
f 6891//836 6373//836 6896//836
f 6373//836 6375//836 6896//836
f 6896//835 6375//835 6897//835
f 6375//835 6376//835 6897//835
f 6897//864 6376//864 6899//864
f 6376//864 6382//864 6899//864
f 6899//833 6382//833 6900//833
f 6382//833 6384//833 6900//833
f 6900//832 6384//832 6868//832
f 6384//832 6386//832 6868//832
f 6868//831 6386//831 6874//831
f 6386//831 6387//831 6874//831
f 6874//865 6387//865 6872//865
f 6387//865 6389//865 6872//865
f 6872//829 6389//829 6881//829
f 6389//829 6390//829 6881//829
f 6881//866 6390//866 6880//866
f 6390//866 6402//866 6880//866
f 6880//2636 6402//2636 6884//2636
f 6402//2636 6401//2636 6884//2636
f 6884//2637 6401//2637 6885//2637
f 6401//2637 6400//2637 6885//2637
f 6885//800 6400//800 6886//800
f 6400//800 6399//800 6886//800
f 6886//989 6399//989 6877//989
f 6399//989 6398//989 6877//989
f 6877//824 6398//824 6878//824
f 6398//824 6397//824 6878//824
f 6878//823 6397//823 6879//823
f 6397//823 6396//823 6879//823
f 6879//822 6396//822 6883//822
f 6396//822 6395//822 6883//822
f 6883//821 6395//821 6887//821
f 6395//821 6394//821 6887//821
f 6887//820 6394//820 6888//820
f 6394//820 6392//820 6888//820
f 6888//898 6392//898 6889//898
f 6392//898 6391//898 6889//898
f 6889//818 6391//818 6893//818
f 6391//818 6381//818 6893//818
f 6893//899 6381//899 6894//899
f 6381//899 6380//899 6894//899
f 6894//2638 6380//2638 6895//2638
f 6380//2638 6378//2638 6895//2638
f 6895//2639 6378//2639 6890//2639
f 6378//2639 6377//2639 6890//2639
f 6911//2465 6407//2465 6912//2465
f 6407//2465 6406//2465 6912//2465
f 6912//836 6406//836 6913//836
f 6406//836 6405//836 6913//836
f 6913//2177 6405//2177 6903//2177
f 6405//2177 6411//2177 6903//2177
f 6903//2176 6411//2176 6904//2176
f 6411//2176 6410//2176 6904//2176
f 6904//2175 6410//2175 6914//2175
f 6410//2175 6409//2175 6914//2175
f 6914//832 6409//832 6915//832
f 6409//832 6417//832 6915//832
f 6915//2630 6417//2630 6917//2630
f 6417//2630 6416//2630 6917//2630
f 6917//2631 6416//2631 6918//2631
f 6416//2631 6419//2631 6918//2631
f 6918//2640 6419//2640 6919//2640
f 6419//2640 6418//2640 6919//2640
f 6919//905 6418//905 6924//905
f 6418//905 6437//905 6924//905
f 6924//2174 6437//2174 6922//2174
f 6437//2174 6423//2174 6922//2174
f 6922//2173 6423//2173 6921//2173
f 6423//2173 6421//2173 6921//2173
f 6921//2468 6421//2468 6925//2468
f 6421//2468 6420//2468 6925//2468
f 6925//989 6420//989 6926//989
f 6420//989 6426//989 6926//989
f 6926//2187 6426//2187 6927//2187
f 6426//2187 6427//2187 6927//2187
f 6927//2184 6427//2184 6928//2184
f 6427//2184 6430//2184 6928//2184
f 6928//2183 6430//2183 6930//2183
f 6430//2183 6429//2183 6930//2183
f 6930//821 6429//821 6901//821
f 6429//821 6428//821 6901//821
f 6901//2641 6428//2641 6905//2641
f 6428//2641 6412//2641 6905//2641
f 6905//898 6412//898 6906//898
f 6412//898 6413//898 6906//898
f 6906//2642 6413//2642 6908//2642
f 6413//2642 6414//2642 6908//2642
f 6908//2181 6414//2181 6909//2181
f 6414//2181 6415//2181 6909//2181
f 6909//2180 6415//2180 6910//2180
f 6415//2180 6408//2180 6910//2180
f 6910//2179 6408//2179 6911//2179
f 6408//2179 6407//2179 6911//2179
f 6962//2465 6454//2465 6963//2465
f 6454//2465 6453//2465 6963//2465
f 6963//2643 6453//2643 6964//2643
f 6453//2643 6451//2643 6964//2643
f 6964//2177 6451//2177 6967//2177
f 6451//2177 6450//2177 6967//2177
f 6967//2644 6450//2644 6968//2644
f 6450//2644 6463//2644 6968//2644
f 6968//833 6463//833 6969//833
f 6463//833 6462//833 6969//833
f 6969//2645 6462//2645 6956//2645
f 6462//2645 6461//2645 6956//2645
f 6956//2646 6461//2646 6957//2646
f 6461//2646 6448//2646 6957//2646
f 6957//2647 6448//2647 6959//2647
f 6448//2647 6447//2647 6959//2647
f 6959//2648 6447//2648 6960//2648
f 6447//2648 6460//2648 6960//2648
f 6960//905 6460//905 6966//905
f 6460//905 6459//905 6966//905
f 6966//2649 6459//2649 6965//2649
f 6459//2649 6457//2649 6965//2649
f 6965//2650 6457//2650 6950//2650
f 6457//2650 6456//2650 6950//2650
f 6950//2468 6456//2468 6952//2468
f 6456//2468 6455//2468 6952//2468
f 6952//868 6455//868 6948//868
f 6455//868 6441//868 6948//868
f 6948//2187 6441//2187 6954//2187
f 6441//2187 6440//2187 6954//2187
f 6954//2184 6440//2184 6946//2184
f 6440//2184 6444//2184 6946//2184
f 6946//822 6444//822 6947//822
f 6444//822 6443//822 6947//822
f 6947//2477 6443//2477 6936//2477
f 6443//2477 6442//2477 6936//2477
f 6936//2651 6442//2651 6937//2651
f 6442//2651 6432//2651 6937//2651
f 6937//2652 6432//2652 6938//2652
f 6432//2652 6431//2652 6938//2652
f 6938//2653 6431//2653 6939//2653
f 6431//2653 6436//2653 6939//2653
f 6939//2181 6436//2181 6940//2181
f 6436//2181 6435//2181 6940//2181
f 6940//2180 6435//2180 6942//2180
f 6435//2180 6434//2180 6942//2180
f 6942//2179 6434//2179 6962//2179
f 6434//2179 6454//2179 6962//2179
f 6990//745 6464//745 6991//745
f 6464//745 6491//745 6991//745
f 6991//2654 6491//2654 6979//2654
f 6491//2654 6490//2654 6979//2654
f 6979//2177 6490//2177 6980//2177
f 6490//2177 6489//2177 6980//2177
f 6980//2176 6489//2176 6974//2176
f 6489//2176 6488//2176 6974//2176
f 6974//2655 6488//2655 6975//2655
f 6488//2655 6483//2655 6975//2655
f 6975//2645 6483//2645 6976//2645
f 6483//2645 6482//2645 6976//2645
f 6976//2656 6482//2656 6977//2656
f 6482//2656 6487//2656 6977//2656
f 6977//2657 6487//2657 6978//2657
f 6487//2657 6486//2657 6978//2657
f 6978//2658 6486//2658 6971//2658
f 6486//2658 6485//2658 6971//2658
f 6971//905 6485//905 6972//905
f 6485//905 6481//905 6972//905
f 6972//2649 6481//2649 6981//2649
f 6481//2649 6480//2649 6981//2649
f 6981//2173 6480//2173 6982//2173
f 6480//2173 6479//2173 6982//2173
f 6982//800 6479//800 6984//800
f 6479//800 6477//800 6984//800
f 6984//2198 6477//2198 6996//2198
f 6477//2198 6475//2198 6996//2198
f 6996//824 6475//824 6997//824
f 6475//824 6474//824 6997//824
f 6997//2184 6474//2184 7000//2184
f 6474//2184 6508//2184 7000//2184
f 7000//822 6508//822 7002//822
f 6508//822 6473//822 7002//822
f 7002//2477 6473//2477 7003//2477
f 6473//2477 6472//2477 7003//2477
f 7003//2195 6472//2195 6985//2195
f 6472//2195 6471//2195 6985//2195
f 6985//2194 6471//2194 6986//2194
f 6471//2194 6469//2194 6986//2194
f 6986//872 6469//872 6987//872
f 6469//872 6468//872 6987//872
f 6987//873 6468//873 6988//873
f 6468//873 6467//873 6988//873
f 6988//2180 6467//2180 6994//2180
f 6467//2180 6465//2180 6994//2180
f 6994//2179 6465//2179 6990//2179
f 6465//2179 6464//2179 6990//2179
f 6797//2659 5632//2659 6798//2659
f 5632//2659 5691//2659 6798//2659
f 6798//2660 5691//2660 6799//2660
f 5691//2660 5690//2660 6799//2660
f 6799//2661 5690//2661 6788//2661
f 5690//2661 5689//2661 6788//2661
f 6788//2662 5689//2662 6787//2662
f 5689//2662 5648//2662 6787//2662
f 6787//2663 5648//2663 6785//2663
f 5648//2663 5646//2663 6785//2663
f 6785//2664 5646//2664 6752//2664
f 5646//2664 5645//2664 6752//2664
f 6754//2665 5732//2665 7075//2665
f 5732//2665 5731//2665 7075//2665
f 7075//2666 5731//2666 7076//2666
f 5731//2666 5713//2666 7076//2666
f 7076//2667 5713//2667 7077//2667
f 5713//2667 5711//2667 7077//2667
f 7077//2668 5711//2668 7078//2668
f 5711//2668 5710//2668 7078//2668
f 7078//2669 5710//2669 7074//2669
f 5710//2669 5708//2669 7074//2669
f 7074//2670 5708//2670 7073//2670
f 5708//2670 5706//2670 7073//2670
f 7253//2671 5860//2671 7121//2671
f 5860//2671 5868//2671 7121//2671
f 5991//2672 6000//2672 7112//2672
f 6000//2672 7245//2672 7112//2672
f 5932//2673 7249//2673 7280//2673
f 5932//2673 7280//2673 5930//2673
f 7280//2674 7282//2674 5930//2674
f 5930//2674 7282//2674 5928//2674
f 7282//2675 7284//2675 5928//2675
f 5928//2675 7284//2675 5978//2675
f 7284//2676 7286//2676 5978//2676
f 5978//2676 7286//2676 5976//2676
f 7286//2677 7288//2677 5976//2677
f 5976//2677 7288//2677 5973//2677
f 7288//2678 7290//2678 5973//2678
f 5973//2679 7290//2679 5971//2679
f 7290//2680 7292//2680 5971//2680
f 5971//2681 7292//2681 5969//2681
f 7292//2682 7294//2682 5969//2682
f 5969//2682 7294//2682 5967//2682
f 7294//2683 7296//2683 5967//2683
f 5967//2683 7296//2683 5988//2683
f 7296//2684 7298//2684 5988//2684
f 5988//2684 7298//2684 5986//2684
f 7298//2685 7300//2685 5986//2685
f 5986//2685 7300//2685 5984//2685
f 7300//2686 7245//2686 5984//2686
f 5984//2686 7245//2686 6000//2686
f 7249//2687 5932//2687 7110//2687
f 5932//2687 5961//2687 7110//2687
f 5744//2688 5745//2688 7102//2688
f 5745//2688 7383//2688 7102//2688
f 5709//2689 7359//2689 7361//2689
f 5709//2689 7361//2689 5707//2689
f 7361//2690 7363//2690 5707//2690
f 5707//2690 7363//2690 5705//2690
f 7363//2691 7365//2691 5705//2691
f 5705//2691 7365//2691 5718//2691
f 7365//2692 7367//2692 5718//2692
f 5718//2692 7367//2692 5716//2692
f 7367//2693 7369//2693 5716//2693
f 5716//2693 7369//2693 5714//2693
f 7369//2694 7371//2694 5714//2694
f 5714//2694 7371//2694 5725//2694
f 7371//2695 7373//2695 5725//2695
f 5725//2695 7373//2695 5723//2695
f 7373//2696 7375//2696 5723//2696
f 5723//2696 7375//2696 5721//2696
f 7375//2697 7377//2697 5721//2697
f 5721//2697 7377//2697 5739//2697
f 7377//2698 7379//2698 5739//2698
f 5739//2698 7379//2698 5737//2698
f 7379//2699 7381//2699 5737//2699
f 5737//2699 7381//2699 5735//2699
f 7381//2700 7383//2700 5735//2700
f 5735//2700 7383//2700 5745//2700
f 7359//2701 5709//2701 7141//2701
f 5709//2701 5712//2701 7141//2701
f 5847//2702 5817//2702 7132//2702
f 5817//2702 7318//2702 7132//2702
f 5793//2703 7345//2703 7343//2703
f 5793//2703 7343//2703 5801//2703
f 7343//2704 7341//2704 5801//2704
f 5801//2704 7341//2704 5799//2704
f 7341//2705 7339//2705 5799//2705
f 5799//2705 7339//2705 5835//2705
f 7339//2706 7337//2706 5835//2706
f 5835//2706 7337//2706 5833//2706
f 7337//2707 7335//2707 5833//2707
f 5833//2707 7335//2707 5813//2707
f 7335//2708 7333//2708 5813//2708
f 5813//2709 7333//2709 5811//2709
f 7333//2710 7331//2710 5811//2710
f 5811//2711 7331//2711 5809//2711
f 7331//2712 7329//2712 5809//2712
f 5809//2712 7329//2712 5807//2712
f 7329//2713 7327//2713 5807//2713
f 5807//2713 7327//2713 5842//2713
f 7327//2714 7325//2714 5842//2714
f 5842//2714 7325//2714 5840//2714
f 7325//2715 7319//2715 5840//2715
f 5840//2715 7319//2715 5816//2715
f 7319//2716 7318//2716 5816//2716
f 5816//2716 7318//2716 5817//2716
f 7345//2717 5793//2717 7131//2717
f 5793//2717 5772//2717 7131//2717
f 5862//2718 5861//2718 7122//2718
f 5861//2718 7277//2718 7122//2718
f 5860//2719 7253//2719 7255//2719
f 5860//2719 7255//2719 5858//2719
f 7255//2720 7257//2720 5858//2720
f 5858//2720 7257//2720 5856//2720
f 7257//2721 7259//2721 5856//2721
f 5856//2721 7259//2721 5875//2721
f 7259//2722 7261//2722 5875//2722
f 5875//2722 7261//2722 5873//2722
f 7261//2723 7263//2723 5873//2723
f 5873//2723 7263//2723 5871//2723
f 7263//2724 7265//2724 5871//2724
f 5871//2724 7265//2724 5882//2724
f 7265//2725 7267//2725 5882//2725
f 5882//2725 7267//2725 5880//2725
f 7267//2726 7269//2726 5880//2726
f 5880//2726 7269//2726 5878//2726
f 7269//2727 7271//2727 5878//2727
f 5878//2727 7271//2727 5894//2727
f 7271//2728 7273//2728 5894//2728
f 5894//2728 7273//2728 5892//2728
f 7273//2729 7275//2729 5892//2729
f 5892//2729 7275//2729 5866//2729
f 7275//2730 7277//2730 5866//2730
f 5866//2730 7277//2730 5861//2730
f 7387//2731 7188//2731 7388//2731
f 7188//2731 7142//2731 7388//2731
f 7388//2732 7142//2732 7389//2732
f 7142//2732 7144//2732 7389//2732
f 7389//2733 7144//2733 7390//2733
f 7144//2733 7146//2733 7390//2733
f 7390//1156 7146//1156 7391//1156
f 7146//1156 7148//1156 7391//1156
f 7391//2734 7148//2734 7392//2734
f 7148//2734 7150//2734 7392//2734
f 7392//2735 7150//2735 7393//2735
f 7150//2735 7152//2735 7393//2735
f 7393//2736 7152//2736 7394//2736
f 7152//2736 7154//2736 7394//2736
f 7394//2737 7154//2737 7395//2737
f 7154//2737 7156//2737 7395//2737
f 7395//2738 7156//2738 7396//2738
f 7156//2738 7158//2738 7396//2738
f 7396//2739 7158//2739 7397//2739
f 7158//2739 7160//2739 7397//2739
f 7397//2740 7160//2740 7398//2740
f 7160//2740 7162//2740 7398//2740
f 7398//2741 7162//2741 7399//2741
f 7162//2741 7164//2741 7399//2741
f 7399//2742 7164//2742 7400//2742
f 7164//2742 7166//2742 7400//2742
f 7400//2743 7166//2743 7401//2743
f 7166//2743 7168//2743 7401//2743
f 7401//2744 7168//2744 7402//2744
f 7168//2744 7170//2744 7402//2744
f 7402//2745 7170//2745 7403//2745
f 7170//2745 7172//2745 7403//2745
f 7403//2746 7172//2746 7404//2746
f 7172//2746 7174//2746 7404//2746
f 7404//2747 7174//2747 7405//2747
f 7174//2747 7176//2747 7405//2747
f 7405//2748 7176//2748 7406//2748
f 7176//2748 7178//2748 7406//2748
f 7406//2749 7178//2749 7407//2749
f 7178//2749 7180//2749 7407//2749
f 7407//2750 7180//2750 7408//2750
f 7180//2750 7182//2750 7408//2750
f 7408//2751 7182//2751 7409//2751
f 7182//2751 7184//2751 7409//2751
f 7409//2752 7184//2752 7410//2752
f 7184//2752 7186//2752 7410//2752
f 7410//2753 7186//2753 7387//2753
f 7186//2753 7188//2753 7387//2753
f 6167//58 7401//58 6165//58
f 7401//58 7402//58 6165//58
f 6165//58 7402//58 6163//58
f 7402//58 7403//58 6163//58
f 6163//58 7403//58 6161//58
f 7403//58 7404//58 6161//58
f 6161//58 7404//58 6159//58
f 7404//58 7405//58 6159//58
f 6159//58 7405//58 6206//58
f 7405//58 7406//58 6206//58
f 6206//58 7406//58 6204//58
f 7406//58 7407//58 6204//58
f 6204//58 7407//58 6202//58
f 7407//58 7408//58 6202//58
f 6202//58 7408//58 6200//58
f 7408//58 7409//58 6200//58
f 6200//58 7409//58 6198//58
f 7409//58 7410//58 6198//58
f 6198//58 7410//58 6196//58
f 7410//58 7387//58 6196//58
f 6196//58 7387//58 6194//58
f 7387//58 7388//58 6194//58
f 6194//58 7388//58 6192//58
f 7388//58 7389//58 6192//58
f 6192//58 7389//58 6190//58
f 7389//58 7390//58 6190//58
f 6190//58 7390//58 6188//58
f 7390//58 7391//58 6188//58
f 6188//58 7391//58 6186//58
f 7391//58 7392//58 6186//58
f 6186//58 7392//58 6184//58
f 7392//58 7393//58 6184//58
f 6184//58 7393//58 6182//58
f 7393//58 7394//58 6182//58
f 6182//58 7394//58 6180//58
f 7394//58 7395//58 6180//58
f 6180//58 7395//58 6177//58
f 7395//58 7396//58 6177//58
f 6177//58 7396//58 6175//58
f 7396//58 7397//58 6175//58
f 6175//58 7397//58 6173//58
f 7397//58 7398//58 6173//58
f 6173//58 7398//58 6171//58
f 7398//58 7399//58 6171//58
f 6171//58 7399//58 6169//58
f 7399//58 7400//58 6169//58
f 6169//58 7400//58 6167//58
f 7400//58 7401//58 6167//58
f 7411//2754 7412//2754 7413//2754
f 7414//2755 7415//2755 7416//2755
f 7415//2756 7417//2756 7416//2756
f 7414//2757 7418//2757 7415//2757
f 7418//2758 7419//2758 7415//2758
f 7415//2759 7419//2759 7420//2759
f 7419//2759 7421//2759 7420//2759
f 7420//2760 7421//2760 7422//2760
f 7421//2760 7423//2760 7422//2760
f 7422//2761 7423//2761 7424//2761
f 7423//2761 7425//2761 7424//2761
f 7424//2762 7425//2762 7426//2762
f 7425//2763 7427//2763 7426//2763
f 7427//2764 7428//2764 7426//2764
f 7426//2765 7428//2765 7429//2765
f 7428//2765 7430//2765 7429//2765
f 7429//2766 7430//2766 7431//2766
f 7430//2766 7432//2766 7431//2766
f 7431//2767 7432//2767 7433//2767
f 7432//2767 7434//2767 7433//2767
f 7433//2768 7434//2768 7435//2768
f 7434//2768 7436//2768 7435//2768
f 7435//2769 7436//2769 7412//2769
f 7436//2770 7437//2770 7412//2770
f 7412//2771 7437//2771 7413//2771
f 7413//2754 7438//2754 7411//2754
f 7438//2772 7439//2772 7411//2772
f 7411//2773 7439//2773 7440//2773
f 7439//2774 7441//2774 7440//2774
f 7440//2775 7441//2775 7442//2775
f 7441//2776 7443//2776 7442//2776
f 7443//2777 7444//2777 7442//2777
f 7442//2778 7444//2778 7445//2778
f 7444//2778 7446//2778 7445//2778
f 7445//2779 7446//2779 7447//2779
f 7446//2779 7448//2779 7447//2779
f 7448//2780 7449//2780 7447//2780
f 7449//2781 7450//2781 7447//2781
f 7447//2782 7450//2782 7451//2782
f 7450//2783 7452//2783 7451//2783
f 7452//2784 7453//2784 7451//2784
f 7451//2785 7453//2785 7454//2785
f 7453//2785 7455//2785 7454//2785
f 7454//2786 7455//2786 7456//2786
f 7455//2786 7457//2786 7456//2786
f 7457//2787 7458//2787 7456//2787
f 7456//2788 7458//2788 7459//2788
f 7458//2789 7460//2789 7459//2789
f 7460//2790 7461//2790 7459//2790
f 7461//2791 7462//2791 7459//2791
f 7459//2792 7462//2792 7463//2792
f 7462//2792 7464//2792 7463//2792
f 7463//2793 7464//2793 7465//2793
f 7464//2793 7466//2793 7465//2793
f 7466//2794 7467//2794 7465//2794
f 7467//2795 7468//2795 7465//2795
f 7465//2796 7468//2796 7469//2796
f 7468//2797 7470//2797 7469//2797
f 7470//2798 7471//2798 7469//2798
f 7469//2799 7471//2799 7472//2799
f 7471//2799 7473//2799 7472//2799
f 7472//2800 7473//2800 7417//2800
f 7473//2800 7474//2800 7417//2800
f 7417//2801 7474//2801 7416//2801
f 7173//58 7447//58 7175//58
f 7447//58 7451//58 7175//58
f 7175//58 7451//58 7177//58
f 7451//58 7454//58 7177//58
f 7177//58 7454//58 7179//58
f 7454//58 7456//58 7179//58
f 7179//58 7456//58 7181//58
f 7456//58 7459//58 7181//58
f 7181//58 7459//58 7183//58
f 7459//58 7463//58 7183//58
f 7183//58 7463//58 7185//58
f 7463//58 7465//58 7185//58
f 7185//58 7465//58 7187//58
f 7465//58 7469//58 7187//58
f 7187//58 7469//58 7189//58
f 7469//58 7472//58 7189//58
f 7189//58 7472//58 7143//58
f 7472//58 7417//58 7143//58
f 7143//58 7417//58 7145//58
f 7417//58 7415//58 7145//58
f 7145//58 7415//58 7147//58
f 7415//58 7420//58 7147//58
f 7147//58 7420//58 7149//58
f 7420//58 7422//58 7149//58
f 7149//58 7422//58 7151//58
f 7422//58 7424//58 7151//58
f 7151//58 7424//58 7153//58
f 7424//58 7426//58 7153//58
f 7153//58 7426//58 7155//58
f 7426//58 7429//58 7155//58
f 7155//58 7429//58 7157//58
f 7429//58 7431//58 7157//58
f 7157//58 7431//58 7159//58
f 7431//58 7433//58 7159//58
f 7159//58 7433//58 7161//58
f 7433//58 7435//58 7161//58
f 7161//58 7435//58 7163//58
f 7435//58 7412//58 7163//58
f 7163//58 7412//58 7165//58
f 7412//58 7411//58 7165//58
f 7165//58 7411//58 7167//58
f 7411//58 7440//58 7167//58
f 7167//58 7440//58 7169//58
f 7440//58 7442//58 7169//58
f 7169//58 7442//58 7171//58
f 7442//58 7445//58 7171//58
f 7171//58 7445//58 7173//58
f 7445//58 7447//58 7173//58
f 7475//2802 7326//2802 7476//2802
f 7326//2802 7328//2802 7476//2802
f 7476//2803 7328//2803 7477//2803
f 7328//2803 7330//2803 7477//2803
f 7477//2804 7330//2804 7478//2804
f 7330//2804 7332//2804 7478//2804
f 7478//2805 7332//2805 7479//2805
f 7332//2805 7334//2805 7479//2805
f 7479//2806 7334//2806 7480//2806
f 7334//2806 7336//2806 7480//2806
f 7480//2807 7336//2807 7481//2807
f 7336//2807 7338//2807 7481//2807
f 7481//2808 7338//2808 7482//2808
f 7338//2808 7340//2808 7482//2808
f 7482//2809 7340//2809 7483//2809
f 7340//2809 7342//2809 7483//2809
f 7483//2810 7342//2810 7484//2810
f 7342//2810 7344//2810 7484//2810
f 7484//2811 7344//2811 7485//2811
f 7344//2811 7317//2811 7485//2811
f 7485//2812 7317//2812 7486//2812
f 7317//2812 7316//2812 7486//2812
f 7486//687 7316//687 7487//687
f 7316//687 7315//687 7487//687
f 7487//2813 7315//2813 7488//2813
f 7315//2813 7314//2813 7488//2813
f 7488//2814 7314//2814 7489//2814
f 7314//2814 7313//2814 7489//2814
f 7489//2815 7313//2815 7490//2815
f 7313//2815 7321//2815 7490//2815
f 7490//2816 7321//2816 7491//2816
f 7321//2816 7322//2816 7491//2816
f 7491//2817 7322//2817 7492//2817
f 7322//2817 7323//2817 7492//2817
f 7492//2818 7323//2818 7493//2818
f 7323//2818 7346//2818 7493//2818
f 7493//2819 7346//2819 7494//2819
f 7346//2819 7347//2819 7494//2819
f 7494//2820 7347//2820 7495//2820
f 7347//2820 7348//2820 7495//2820
f 7495//2821 7348//2821 7496//2821
f 7348//2821 7349//2821 7496//2821
f 7496//2822 7349//2822 7497//2822
f 7349//2822 7320//2822 7497//2822
f 7497//2823 7320//2823 7498//2823
f 7320//2823 7324//2823 7498//2823
f 7498//2824 7324//2824 7475//2824
f 7324//2824 7326//2824 7475//2824
f 7499//2825 7366//2825 7500//2825
f 7366//2825 7364//2825 7500//2825
f 7500//2826 7364//2826 7501//2826
f 7364//2826 7362//2826 7501//2826
f 7501//2827 7362//2827 7502//2827
f 7362//2827 7360//2827 7502//2827
f 7502//2828 7360//2828 7503//2828
f 7360//2828 7358//2828 7503//2828
f 7503//2829 7358//2829 7504//2829
f 7358//2829 7357//2829 7504//2829
f 7504//2830 7357//2830 7505//2830
f 7357//2830 7354//2830 7505//2830
f 7505//2831 7354//2831 7506//2831
f 7354//2831 7353//2831 7506//2831
f 7506//2832 7353//2832 7507//2832
f 7353//2832 7352//2832 7507//2832
f 7507//2833 7352//2833 7508//2833
f 7352//2833 7351//2833 7508//2833
f 7508//2834 7351//2834 7509//2834
f 7351//2834 7350//2834 7509//2834
f 7509//2835 7350//2835 7510//2835
f 7350//2835 7386//2835 7510//2835
f 7510//2836 7386//2836 7511//2836
f 7386//2836 7385//2836 7511//2836
f 7511//2837 7385//2837 7512//2837
f 7385//2837 7384//2837 7512//2837
f 7512//2838 7384//2838 7513//2838
f 7384//2838 7356//2838 7513//2838
f 7513//2839 7356//2839 7514//2839
f 7356//2839 7355//2839 7514//2839
f 7514//2840 7355//2840 7515//2840
f 7355//2840 7382//2840 7515//2840
f 7515//2841 7382//2841 7516//2841
f 7382//2841 7380//2841 7516//2841
f 7516//2842 7380//2842 7517//2842
f 7380//2842 7378//2842 7517//2842
f 7517//2843 7378//2843 7518//2843
f 7378//2843 7376//2843 7518//2843
f 7518//2844 7376//2844 7519//2844
f 7376//2844 7374//2844 7519//2844
f 7519//2845 7374//2845 7520//2845
f 7374//2845 7372//2845 7520//2845
f 7520//2846 7372//2846 7521//2846
f 7372//2846 7370//2846 7521//2846
f 7521//2847 7370//2847 7522//2847
f 7370//2847 7368//2847 7522//2847
f 7522//2848 7368//2848 7499//2848
f 7368//2848 7366//2848 7499//2848
f 7523//2849 7309//2849 7524//2849
f 7309//2849 7308//2849 7524//2849
f 7524//2850 7308//2850 7525//2850
f 7308//2850 7307//2850 7525//2850
f 7525//2851 7307//2851 7526//2851
f 7307//2851 7306//2851 7526//2851
f 7526//841 7306//841 7527//841
f 7306//841 7305//841 7527//841
f 7527//2852 7305//2852 7528//2852
f 7305//2852 7241//2852 7528//2852
f 7528//2807 7241//2807 7529//2807
f 7241//2807 7242//2807 7529//2807
f 7529//2853 7242//2853 7530//2853
f 7242//2853 7243//2853 7530//2853
f 7530//2809 7243//2809 7531//2809
f 7243//2809 7244//2809 7531//2809
f 7531//2810 7244//2810 7532//2810
f 7244//2810 7302//2810 7532//2810
f 7532//2811 7302//2811 7533//2811
f 7302//2811 7301//2811 7533//2811
f 7533//2854 7301//2854 7534//2854
f 7301//2854 7299//2854 7534//2854
f 7534//687 7299//687 7535//687
f 7299//687 7297//687 7535//687
f 7535//2855 7297//2855 7536//2855
f 7297//2855 7295//2855 7536//2855
f 7536//2856 7295//2856 7537//2856
f 7295//2856 7293//2856 7537//2856
f 7537//2857 7293//2857 7538//2857
f 7293//2857 7291//2857 7538//2857
f 7538//2858 7291//2858 7539//2858
f 7291//2858 7289//2858 7539//2858
f 7539//2859 7289//2859 7540//2859
f 7289//2859 7287//2859 7540//2859
f 7540//2860 7287//2860 7541//2860
f 7287//2860 7285//2860 7541//2860
f 7541//2819 7285//2819 7542//2819
f 7285//2819 7283//2819 7542//2819
f 7542//2861 7283//2861 7543//2861
f 7283//2861 7281//2861 7543//2861
f 7543//2821 7281//2821 7544//2821
f 7281//2821 7279//2821 7544//2821
f 7544//2862 7279//2862 7545//2862
f 7279//2862 7278//2862 7545//2862
f 7545//2863 7278//2863 7546//2863
f 7278//2863 7239//2863 7546//2863
f 7546//675 7239//675 7523//675
f 7239//675 7309//675 7523//675
f 7547//2825 7247//2825 7548//2825
f 7247//2825 7248//2825 7548//2825
f 7548//2864 7248//2864 7549//2864
f 7248//2864 7304//2864 7549//2864
f 7549//2865 7304//2865 7550//2865
f 7304//2865 7303//2865 7550//2865
f 7550//2828 7303//2828 7551//2828
f 7303//2828 7276//2828 7551//2828
f 7551//2829 7276//2829 7552//2829
f 7276//2829 7274//2829 7552//2829
f 7552//2866 7274//2866 7553//2866
f 7274//2866 7272//2866 7553//2866
f 7553//2867 7272//2867 7554//2867
f 7272//2867 7270//2867 7554//2867
f 7554//2832 7270//2832 7555//2832
f 7270//2832 7268//2832 7555//2832
f 7555//2833 7268//2833 7556//2833
f 7268//2833 7266//2833 7556//2833
f 7556//2868 7266//2868 7557//2868
f 7266//2868 7264//2868 7557//2868
f 7557//2835 7264//2835 7558//2835
f 7264//2835 7262//2835 7558//2835
f 7558//2869 7262//2869 7559//2869
f 7262//2869 7260//2869 7559//2869
f 7559//2837 7260//2837 7560//2837
f 7260//2837 7258//2837 7560//2837
f 7560//2870 7258//2870 7561//2870
f 7258//2870 7256//2870 7561//2870
f 7561//2871 7256//2871 7562//2871
f 7256//2871 7254//2871 7562//2871
f 7562//2840 7254//2840 7563//2840
f 7254//2840 7252//2840 7563//2840
f 7563//2841 7252//2841 7564//2841
f 7252//2841 7251//2841 7564//2841
f 7564//2872 7251//2872 7565//2872
f 7251//2872 7250//2872 7565//2872
f 7565//2873 7250//2873 7566//2873
f 7250//2873 7240//2873 7566//2873
f 7566//2844 7240//2844 7567//2844
f 7240//2844 7312//2844 7567//2844
f 7567//2845 7312//2845 7568//2845
f 7312//2845 7311//2845 7568//2845
f 7568//2874 7311//2874 7569//2874
f 7311//2874 7310//2874 7569//2874
f 7569//2847 7310//2847 7570//2847
f 7310//2847 7246//2847 7570//2847
f 7570//2875 7246//2875 7547//2875
f 7246//2875 7247//2875 7547//2875
f 6562//58 6566//58 6564//58
f 7571//58 7572//58 7573//58
f 7574//58 7575//58 7576//58
f 7577//58 7578//58 7579//58
f 7580//58 7581//58 7582//58
f 7583//58 7584//58 7585//58
f 6720//58 7586//58 6722//58
f 6703//58 6702//58 7587//58
f 6648//58 7588//58 6650//58
f 6618//58 6616//58 7589//58
f 7485//58 7486//58 7590//58
f 7458//58 7591//58 7460//58
f 7448//58 7446//58 7582//58
f 7592//58 7593//58 7594//58
f 7579//58 7578//58 7595//58
f 6266//58 6267//58 7596//58
f 7423//58 7597//58 7425//58
f 7416//58 7598//58 7414//58
f 7414//58 7598//58 7418//58
f 7599//58 6587//58 6585//58
f 6585//58 6583//58 7599//58
f 6583//58 6582//58 7599//58
f 7599//58 6582//58 7600//58
f 6582//58 6580//58 7600//58
f 7600//58 6580//58 6578//58
f 7419//58 7418//58 7599//58
f 7418//58 6589//58 7599//58
f 7599//58 6589//58 6587//58
f 7549//58 7550//58 6558//58
f 6558//58 7550//58 6560//58
f 7550//58 7551//58 6560//58
f 6560//58 7551//58 6562//58
f 7567//58 7568//58 7421//58
f 7568//58 7569//58 7421//58
f 7421//58 7569//58 7423//58
f 7551//58 7552//58 6562//58
f 7552//58 7553//58 6562//58
f 6562//58 7553//58 6566//58
f 7553//58 7554//58 6566//58
f 6566//58 7554//58 6568//58
f 7554//58 7555//58 6568//58
f 6568//58 7555//58 7556//58
f 7569//58 7570//58 7423//58
f 7570//58 7547//58 7423//58
f 7423//58 7547//58 7597//58
f 7547//58 7548//58 7597//58
f 7597//58 7548//58 7601//58
f 7548//58 7602//58 7601//58
f 6558//58 7603//58 7549//58
f 7603//58 7604//58 7549//58
f 7549//58 7604//58 7548//58
f 7604//58 7605//58 7548//58
f 7548//58 7605//58 7602//58
f 7596//58 6267//58 7606//58
f 7607//58 7608//58 7427//58
f 7601//58 7609//58 7597//58
f 7609//58 7610//58 7597//58
f 7597//58 7610//58 7425//58
f 7610//58 7611//58 7425//58
f 7425//58 7611//58 7427//58
f 7611//58 7612//58 7427//58
f 7427//58 7612//58 7607//58
f 6270//58 7613//58 6269//58
f 7613//58 7614//58 6269//58
f 6269//58 7614//58 6268//58
f 7614//58 7615//58 6268//58
f 6268//58 7615//58 6267//58
f 7615//58 7616//58 6267//58
f 6267//58 7616//58 7606//58
f 6272//58 7427//58 6271//58
f 7427//58 7608//58 6271//58
f 6271//58 7608//58 6270//58
f 7608//58 7617//58 6270//58
f 6270//58 7617//58 7613//58
f 6272//58 6273//58 7427//58
f 6273//58 6274//58 7427//58
f 7427//58 6274//58 7428//58
f 6274//58 6275//58 7428//58
f 6275//58 6276//58 7428//58
f 7428//58 6276//58 7430//58
f 6276//58 6277//58 7430//58
f 6278//58 6279//58 7572//58
f 7618//58 6280//58 7619//58
f 6280//58 6257//58 7619//58
f 7619//58 6257//58 7620//58
f 6257//58 6258//58 7620//58
f 7620//58 6258//58 7621//58
f 6258//58 6259//58 7621//58
f 7621//58 6259//58 7622//58
f 6259//58 6260//58 7622//58
f 7622//58 6260//58 7623//58
f 6260//58 6261//58 7623//58
f 7623//58 6261//58 7624//58
f 6261//58 6262//58 7624//58
f 7624//58 6262//58 7625//58
f 6262//58 6263//58 7625//58
f 7625//58 6263//58 7626//58
f 6263//58 6264//58 7626//58
f 7626//58 6264//58 7596//58
f 6264//58 6265//58 7596//58
f 7596//58 6265//58 6266//58
f 7618//58 7627//58 6280//58
f 7627//58 7628//58 6280//58
f 6280//58 7628//58 6279//58
f 7628//58 7629//58 6279//58
f 7629//58 7630//58 6279//58
f 6279//58 7630//58 7572//58
f 7630//58 7631//58 7572//58
f 7572//58 7631//58 7573//58
f 6277//58 6278//58 7430//58
f 6278//58 7572//58 7430//58
f 7430//58 7572//58 7432//58
f 7572//58 7571//58 7432//58
f 7432//58 7571//58 7632//58
f 7487//58 7633//58 7634//58
f 7634//58 7635//58 7487//58
f 7635//58 7636//58 7487//58
f 7487//58 7636//58 7486//58
f 7636//58 7637//58 7486//58
f 7486//58 7637//58 7590//58
f 7637//58 7638//58 7590//58
f 7590//58 7638//58 7639//58
f 7640//58 7641//58 7642//58
f 7641//58 7643//58 7642//58
f 7643//58 7436//58 7642//58
f 7436//58 7434//58 7642//58
f 7642//58 7434//58 7488//58
f 7434//58 7432//58 7488//58
f 7488//58 7432//58 7487//58
f 7432//58 7632//58 7487//58
f 7487//58 7632//58 7633//58
f 7644//58 7645//58 7642//58
f 7645//58 7646//58 7642//58
f 7642//58 7646//58 7640//58
f 6295//58 6296//58 7439//58
f 6296//58 6297//58 7439//58
f 6297//58 6298//58 7439//58
f 7439//58 6298//58 6299//58
f 7438//58 7413//58 6291//58
f 6291//58 6292//58 7438//58
f 6292//58 6293//58 7438//58
f 7438//58 6293//58 7439//58
f 6293//58 6294//58 7439//58
f 7439//58 6294//58 6295//58
f 7647//58 6299//58 6300//58
f 7643//58 7595//58 7436//58
f 7595//58 7578//58 7436//58
f 7436//58 7578//58 7437//58
f 7578//58 6289//58 7437//58
f 7437//58 6289//58 7413//58
f 6289//58 6290//58 7413//58
f 7413//58 6290//58 6291//58
f 6288//58 7648//58 6287//58
f 7648//58 7649//58 6287//58
f 6287//58 7649//58 6286//58
f 7649//58 7650//58 6286//58
f 6286//58 7650//58 6285//58
f 7650//58 7651//58 6285//58
f 6285//58 7651//58 6284//58
f 7651//58 7652//58 6284//58
f 6284//58 7652//58 6283//58
f 7652//58 7653//58 6283//58
f 6283//58 7653//58 6282//58
f 7653//58 7654//58 6282//58
f 6282//58 7654//58 6281//58
f 7654//58 7655//58 6281//58
f 6281//58 7655//58 6304//58
f 7655//58 7656//58 6304//58
f 6304//58 7656//58 6303//58
f 7656//58 7657//58 6303//58
f 6303//58 7657//58 6302//58
f 7657//58 7647//58 6302//58
f 6302//58 7647//58 6301//58
f 7647//58 6300//58 6301//58
f 6289//58 7658//58 6288//58
f 7658//58 7659//58 6288//58
f 6288//58 7659//58 7648//58
f 7577//58 7660//58 7578//58
f 7660//58 7661//58 7578//58
f 7578//58 7661//58 6289//58
f 7661//58 7662//58 6289//58
f 6289//58 7662//58 7658//58
f 7439//58 7663//58 7664//58
f 7665//58 7666//58 7439//58
f 7666//58 7667//58 7439//58
f 7439//58 7667//58 7663//58
f 7664//58 7668//58 7439//58
f 7668//58 7669//58 7439//58
f 7439//58 7669//58 7441//58
f 6299//58 7647//58 7439//58
f 7647//58 7670//58 7439//58
f 7439//58 7670//58 7665//58
f 7669//58 7592//58 7441//58
f 7592//58 7594//58 7441//58
f 7441//58 7594//58 7443//58
f 7594//58 7444//58 7443//58
f 7507//58 7508//58 7446//58
f 7508//58 7509//58 7446//58
f 7446//58 7509//58 7510//58
f 7514//58 7515//58 7582//58
f 7515//58 7516//58 7582//58
f 7582//58 7516//58 7517//58
f 7517//58 7518//58 7671//58
f 7518//58 7519//58 7671//58
f 7671//58 7519//58 7520//58
f 7520//58 7521//58 7671//58
f 7521//58 7522//58 7671//58
f 7671//58 7522//58 7499//58
f 7510//58 7511//58 7446//58
f 7511//58 7512//58 7446//58
f 7446//58 7512//58 7582//58
f 7512//58 7513//58 7582//58
f 7582//58 7513//58 7514//58
f 7593//58 7672//58 7594//58
f 7672//58 7673//58 7594//58
f 7594//58 7673//58 7674//58
f 7499//58 7500//58 7675//58
f 7500//58 7501//58 7675//58
f 7675//58 7501//58 7676//58
f 7501//58 7502//58 7676//58
f 7676//58 7502//58 7677//58
f 7502//58 7503//58 7677//58
f 7677//58 7503//58 7678//58
f 7678//58 7503//58 7679//58
f 7503//58 7504//58 7679//58
f 7679//58 7504//58 7680//58
f 7507//58 7446//58 7506//58
f 7446//58 7444//58 7506//58
f 7506//58 7444//58 7505//58
f 7444//58 7594//58 7505//58
f 7505//58 7594//58 7504//58
f 7594//58 7674//58 7504//58
f 7504//58 7674//58 7680//58
f 7582//58 7681//58 7682//58
f 7581//58 7683//58 7582//58
f 7683//58 7684//58 7582//58
f 7582//58 7684//58 7681//58
f 7682//58 7685//58 7582//58
f 7685//58 7449//58 7582//58
f 7582//58 7449//58 7448//58
f 7685//58 7686//58 7449//58
f 7686//58 7585//58 7449//58
f 7449//58 7585//58 7450//58
f 7585//58 7584//58 7450//58
f 7450//58 7584//58 7452//58
f 7584//58 7583//58 7452//58
f 7452//58 7583//58 7453//58
f 7460//58 7591//58 7461//58
f 7453//58 7583//58 7455//58
f 7583//58 7587//58 7455//58
f 7455//58 7587//58 7457//58
f 7587//58 6702//58 7457//58
f 7457//58 6702//58 7458//58
f 6702//58 6700//58 7458//58
f 7458//58 6700//58 7591//58
f 6700//58 6697//58 7591//58
f 7591//58 6697//58 7461//58
f 7542//58 6691//58 6689//58
f 6697//58 6695//58 7461//58
f 6695//58 6693//58 7461//58
f 7461//58 6693//58 6691//58
f 7540//58 7541//58 7687//58
f 7541//58 7542//58 7687//58
f 7537//58 7538//58 7688//58
f 7538//58 7539//58 7688//58
f 7688//58 7539//58 7540//58
f 7526//58 7527//58 7464//58
f 7464//58 7527//58 7466//58
f 6691//58 7542//58 7461//58
f 7542//58 7543//58 7461//58
f 7461//58 7543//58 7544//58
f 7544//58 7545//58 7461//58
f 7545//58 7546//58 7461//58
f 7461//58 7546//58 7462//58
f 7546//58 7523//58 7462//58
f 7523//58 7524//58 7462//58
f 7462//58 7524//58 7464//58
f 7524//58 7525//58 7464//58
f 7464//58 7525//58 7526//58
f 7533//58 7467//58 7532//58
f 7467//58 7531//58 7532//58
f 7527//58 7528//58 7466//58
f 7528//58 7529//58 7466//58
f 7466//58 7529//58 7467//58
f 7529//58 7530//58 7467//58
f 7467//58 7530//58 7531//58
f 7533//58 7534//58 7467//58
f 7534//58 7535//58 7467//58
f 7467//58 7535//58 7688//58
f 7535//58 7536//58 7688//58
f 7688//58 7536//58 7537//58
f 6653//58 7467//58 6655//58
f 7467//58 7688//58 6655//58
f 6655//58 7688//58 6657//58
f 7688//58 6659//58 6657//58
f 6674//58 6672//58 7688//58
f 6672//58 6670//58 7688//58
f 6668//58 6666//58 6670//58
f 6666//58 6664//58 6670//58
f 6670//58 6664//58 7688//58
f 6664//58 6661//58 7688//58
f 7688//58 6661//58 6659//58
f 6653//58 6651//58 7467//58
f 6651//58 6650//58 7467//58
f 7467//58 6650//58 7468//58
f 6650//58 7588//58 7468//58
f 7468//58 7588//58 7470//58
f 7588//58 6648//58 7470//58
f 7470//58 6648//58 7471//58
f 6648//58 6645//58 7471//58
f 7471//58 6645//58 7473//58
f 6645//58 7689//58 7473//58
f 7473//58 7689//58 7474//58
f 7689//58 6598//58 7474//58
f 7474//58 6598//58 7416//58
f 6598//58 6596//58 7416//58
f 7416//58 6596//58 7598//58
f 6596//58 6593//58 7598//58
f 7598//58 6593//58 7418//58
f 6593//58 6591//58 7418//58
f 7418//58 6591//58 6589//58
f 7488//58 7489//58 7642//58
f 7489//58 7490//58 7642//58
f 7642//58 7490//58 7491//58
f 7690//58 7480//58 7590//58
f 7480//58 7481//58 7590//58
f 7590//58 7481//58 7482//58
f 7491//58 7492//58 7642//58
f 7492//58 7493//58 7642//58
f 7642//58 7493//58 7644//58
f 7493//58 7494//58 7644//58
f 7644//58 7494//58 7495//58
f 7482//58 7483//58 7590//58
f 7483//58 7484//58 7590//58
f 7590//58 7484//58 7485//58
f 7495//58 7496//58 7644//58
f 7496//58 7497//58 7644//58
f 7644//58 7497//58 7574//58
f 7497//58 7498//58 7574//58
f 7498//58 7475//58 7574//58
f 7574//58 7475//58 7575//58
f 7475//58 7476//58 7575//58
f 7575//58 7476//58 7691//58
f 7476//58 7477//58 7691//58
f 7691//58 7477//58 7692//58
f 7477//58 7478//58 7692//58
f 7692//58 7478//58 7690//58
f 7478//58 7479//58 7690//58
f 7690//58 7479//58 7480//58
f 7589//58 6222//58 6223//58
f 6605//58 6603//58 6214//58
f 6231//58 6232//58 7689//58
f 6598//58 6212//58 6599//58
f 6212//58 6213//58 6599//58
f 6214//58 6603//58 6213//58
f 6603//58 6601//58 6213//58
f 6213//58 6601//58 6599//58
f 6232//58 6209//58 7689//58
f 6209//58 6210//58 7689//58
f 7689//58 6210//58 6598//58
f 6210//58 6211//58 6598//58
f 6598//58 6211//58 6212//58
f 6218//58 6616//58 6217//58
f 6616//58 6614//58 6217//58
f 6217//58 6614//58 6216//58
f 6614//58 6612//58 6216//58
f 6216//58 6612//58 6215//58
f 6612//58 6609//58 6215//58
f 6215//58 6609//58 6214//58
f 6609//58 6607//58 6214//58
f 6214//58 6607//58 6605//58
f 6218//58 6219//58 6616//58
f 6219//58 6220//58 6616//58
f 6616//58 6220//58 7589//58
f 6220//58 6221//58 7589//58
f 7589//58 6221//58 6222//58
f 6223//58 6224//58 7589//58
f 6224//58 6225//58 7589//58
f 7589//58 6225//58 6630//58
f 6630//58 6225//58 6632//58
f 6225//58 6226//58 6632//58
f 6632//58 6226//58 6634//58
f 6226//58 6227//58 6634//58
f 6634//58 6227//58 6635//58
f 6227//58 6228//58 6635//58
f 6635//58 6228//58 6637//58
f 6645//58 6643//58 7689//58
f 6643//58 6641//58 7689//58
f 7689//58 6641//58 6639//58
f 6637//58 6228//58 6639//58
f 6228//58 6229//58 6639//58
f 6639//58 6229//58 7689//58
f 6229//58 6230//58 7689//58
f 7689//58 6230//58 6231//58
f 7556//58 7557//58 6568//58
f 7557//58 7558//58 6568//58
f 6568//58 7558//58 6570//58
f 7558//58 7600//58 6570//58
f 6570//58 7600//58 6572//58
f 7562//58 7563//58 7599//58
f 7563//58 7564//58 7599//58
f 7599//58 7564//58 7419//58
f 7564//58 7565//58 7419//58
f 7419//58 7565//58 7421//58
f 7565//58 7566//58 7421//58
f 7421//58 7566//58 7567//58
f 7558//58 7559//58 7600//58
f 7559//58 7560//58 7600//58
f 7600//58 7560//58 7599//58
f 7560//58 7561//58 7599//58
f 7599//58 7561//58 7562//58
f 6630//58 6628//58 7589//58
f 6628//58 6626//58 7589//58
f 7589//58 6626//58 6624//58
f 6624//58 6622//58 7589//58
f 6622//58 6620//58 7589//58
f 7589//58 6620//58 6618//58
f 7540//58 7687//58 7688//58
f 7687//58 6676//58 7688//58
f 7688//58 6676//58 6674//58
f 6682//58 6680//58 7687//58
f 6680//58 6678//58 7687//58
f 7687//58 6678//58 6676//58
f 6689//58 6687//58 7542//58
f 6687//58 6686//58 7542//58
f 7542//58 6686//58 7687//58
f 6686//58 6684//58 7687//58
f 7687//58 6684//58 6682//58
f 6716//58 6713//58 7587//58
f 6713//58 6711//58 7587//58
f 7587//58 6711//58 6709//58
f 6709//58 6707//58 7587//58
f 6707//58 6705//58 7587//58
f 7587//58 6705//58 6703//58
f 7586//58 6720//58 7587//58
f 6720//58 6718//58 7587//58
f 7587//58 6718//58 6716//58
f 6731//58 6730//58 7586//58
f 6730//58 6728//58 7586//58
f 6728//58 6726//58 7586//58
f 6726//58 6724//58 7586//58
f 7586//58 6724//58 6722//58
f 6237//58 6238//58 7583//58
f 6248//58 6249//58 7586//58
f 6748//58 6235//58 6236//58
f 6240//58 6241//58 7587//58
f 6241//58 6242//58 7587//58
f 7587//58 6242//58 6243//58
f 6248//58 7586//58 6247//58
f 7583//58 6238//58 7587//58
f 6238//58 6239//58 7587//58
f 7587//58 6239//58 6240//58
f 6243//58 6244//58 7587//58
f 6244//58 6245//58 7587//58
f 7587//58 6245//58 7586//58
f 6245//58 6246//58 7586//58
f 7586//58 6246//58 6247//58
f 6249//58 6250//58 7586//58
f 6250//58 6251//58 7586//58
f 7586//58 6251//58 6731//58
f 6237//58 7583//58 6236//58
f 7583//58 6750//58 6236//58
f 6236//58 6750//58 6748//58
f 6251//58 6252//58 6731//58
f 6252//58 6253//58 6731//58
f 6731//58 6253//58 6733//58
f 6253//58 6254//58 6733//58
f 6733//58 6254//58 6735//58
f 6254//58 6255//58 6735//58
f 6735//58 6255//58 6737//58
f 6255//58 6256//58 6737//58
f 6737//58 6256//58 6739//58
f 6256//58 6233//58 6739//58
f 6739//58 6233//58 6740//58
f 6233//58 6234//58 6740//58
f 6748//58 6746//58 6235//58
f 6746//58 6744//58 6235//58
f 6235//58 6744//58 6234//58
f 6744//58 6742//58 6234//58
f 6234//58 6742//58 6740//58
f 7517//58 7671//58 7582//58
f 7671//58 7693//58 7582//58
f 7582//58 7693//58 7694//58
f 7695//58 7580//58 7696//58
f 7580//58 7582//58 7696//58
f 7696//58 7582//58 7697//58
f 7582//58 7694//58 7697//58
f 7499//58 7675//58 7671//58
f 7675//58 7698//58 7671//58
f 7671//58 7698//58 7699//58
f 7699//58 7700//58 7671//58
f 7700//58 7701//58 7671//58
f 7671//58 7701//58 7693//58
f 7639//58 7702//58 7590//58
f 7702//58 7703//58 7590//58
f 7590//58 7703//58 7690//58
f 6578//58 6576//58 7600//58
f 6576//58 6574//58 7600//58
f 7600//58 6574//58 6572//58
f 6715//58 6717//58 6041//58
f 6715//58 6041//58 6714//58
f 6717//58 6719//58 6041//58
f 6719//58 6721//58 6041//58
f 6041//58 6721//58 6043//58
f 6721//58 6723//58 6043//58
f 6723//58 6725//58 6043//58
f 6725//58 6727//58 6043//58
f 6043//58 6727//58 6045//58
f 6727//58 6729//58 6045//58
f 6045//58 6729//58 6732//58
f 6663//58 6665//58 6035//58
f 6039//58 6677//58 6679//58
f 7704//58 6019//58 7705//58
f 6019//58 6017//58 7705//58
f 7705//58 6017//58 7706//58
f 6017//58 7707//58 7706//58
f 6677//58 6039//58 6675//58
f 6039//58 6037//58 6675//58
f 6675//58 6037//58 6673//58
f 7704//58 7708//58 6019//58
f 7708//58 7709//58 6019//58
f 6019//58 7709//58 6021//58
f 7709//58 7710//58 6021//58
f 6021//58 7710//58 7711//58
f 6665//58 6667//58 6035//58
f 6667//58 6669//58 6035//58
f 6035//58 6669//58 6037//58
f 6669//58 6671//58 6037//58
f 6037//58 6671//58 6673//58
f 6698//58 6699//58 6041//58
f 6699//58 6701//58 6041//58
f 7712//58 7713//58 6047//58
f 6613//58 6615//58 6029//58
f 6615//58 6617//58 6029//58
f 6029//58 6617//58 6031//58
f 6617//58 6619//58 6031//58
f 6619//58 6621//58 6031//58
f 6621//58 6623//58 6031//58
f 6031//58 6623//58 6033//58
f 6623//58 6625//58 6033//58
f 6033//58 6625//58 6627//58
f 6692//58 6694//58 6690//58
f 6694//58 6688//58 6690//58
f 6679//58 6681//58 6039//58
f 6681//58 6683//58 6039//58
f 6039//58 6683//58 6041//58
f 6683//58 6685//58 6041//58
f 6041//58 6685//58 6698//58
f 6685//58 6688//58 6698//58
f 6698//58 6688//58 6696//58
f 6688//58 6694//58 6696//58
f 6708//58 6710//58 6041//58
f 6710//58 6712//58 6041//58
f 6041//58 6712//58 6714//58
f 7712//58 6047//58 7714//58
f 6567//58 6025//58 6565//58
f 6025//58 6023//58 6565//58
f 6565//58 6023//58 6563//58
f 6627//58 6629//58 6033//58
f 6629//58 6631//58 6033//58
f 6033//58 6631//58 6035//58
f 6631//58 6633//58 6035//58
f 6701//58 6704//58 6041//58
f 6704//58 6706//58 6041//58
f 6041//58 6706//58 6708//58
f 7715//58 6049//58 7716//58
f 6049//58 6047//58 7716//58
f 7716//58 6047//58 7717//58
f 6047//58 7713//58 7717//58
f 6557//58 6559//58 6023//58
f 6559//58 6561//58 6023//58
f 6023//58 6561//58 6563//58
f 6640//58 6642//58 6644//58
f 6647//58 6649//58 6035//58
f 6649//58 6652//58 6035//58
f 6658//58 6660//58 6035//58
f 6660//58 6662//58 6035//58
f 6035//58 6662//58 6663//58
f 6751//58 7718//58 6047//58
f 7718//58 7719//58 6047//58
f 7715//58 7720//58 6049//58
f 7720//58 7721//58 6049//58
f 6049//58 7721//58 6051//58
f 7721//58 7722//58 6051//58
f 6051//58 7722//58 7723//58
f 6567//58 6569//58 6025//58
f 6569//58 6571//58 6025//58
f 6025//58 6571//58 6027//58
f 6571//58 6573//58 6027//58
f 6027//58 6573//58 6575//58
f 6594//58 6595//58 6029//58
f 6640//58 6644//58 6638//58
f 7724//58 7725//58 6023//58
f 7725//58 7726//58 6023//58
f 6608//58 6610//58 6029//58
f 6610//58 6611//58 6029//58
f 6029//58 6611//58 6613//58
f 6647//58 6035//58 6646//58
f 6035//58 6633//58 6646//58
f 6646//58 6633//58 6644//58
f 6633//58 6636//58 6644//58
f 6644//58 6636//58 6638//58
f 6652//58 6654//58 6035//58
f 6654//58 6656//58 6035//58
f 6035//58 6656//58 6658//58
f 6732//58 6734//58 6045//58
f 6734//58 6736//58 6045//58
f 6045//58 6736//58 6047//58
f 6736//58 6738//58 6047//58
f 6047//58 6738//58 6751//58
f 6738//58 6741//58 6751//58
f 6751//58 6741//58 6743//58
f 6743//58 6745//58 6751//58
f 6745//58 6747//58 6751//58
f 6751//58 6747//58 6749//58
f 7719//58 7727//58 6047//58
f 7727//58 7728//58 6047//58
f 6047//58 7728//58 7729//58
f 7730//58 7731//58 6053//58
f 7732//58 7733//58 6013//58
f 7711//58 7734//58 6021//58
f 7734//58 7735//58 6021//58
f 6021//58 7735//58 6023//58
f 7735//58 7736//58 6023//58
f 6023//58 7736//58 7724//58
f 7736//58 7737//58 7724//58
f 7724//58 7737//58 7738//58
f 7729//58 7739//58 6047//58
f 7739//58 7740//58 6047//58
f 6047//58 7740//58 7714//58
f 7730//58 6053//58 7741//58
f 7742//58 6007//58 7743//58
f 6007//58 6053//58 7743//58
f 7743//58 6053//58 7744//58
f 6053//58 7731//58 7744//58
f 7742//58 7745//58 6007//58
f 7745//58 7746//58 6007//58
f 6007//58 7746//58 6009//58
f 7746//58 7747//58 6009//58
f 6009//58 7747//58 7748//58
f 7749//58 7750//58 6023//58
f 7750//58 7751//58 6023//58
f 6023//58 7751//58 6557//58
f 7738//58 7752//58 7724//58
f 7752//58 7753//58 7724//58
f 7724//58 7753//58 7754//58
f 7726//58 7755//58 6023//58
f 7755//58 7756//58 6023//58
f 6023//58 7756//58 7749//58
f 6575//58 6577//58 6027//58
f 6577//58 6579//58 6027//58
f 6027//58 6579//58 6029//58
f 6579//58 6581//58 6029//58
f 6029//58 6581//58 6594//58
f 6581//58 6584//58 6594//58
f 6594//58 6584//58 6586//58
f 6586//58 6588//58 6594//58
f 6588//58 6590//58 6594//58
f 6594//58 6590//58 6592//58
f 6595//58 6597//58 6029//58
f 6597//58 6600//58 6029//58
f 6029//58 6600//58 6602//58
f 7757//58 7758//58 6011//58
f 6013//58 7733//58 6015//58
f 7733//58 7759//58 6015//58
f 6015//58 7759//58 7760//58
f 6602//58 6604//58 6029//58
f 6604//58 6606//58 6029//58
f 6029//58 6606//58 6608//58
f 7761//58 7762//58 6053//58
f 7762//58 7763//58 6053//58
f 7764//58 7765//58 6011//58
f 7765//58 7766//58 6011//58
f 6011//58 7766//58 7767//58
f 7768//58 7769//58 6017//58
f 7767//58 7770//58 6011//58
f 7770//58 7771//58 6011//58
f 6011//58 7771//58 6013//58
f 7771//58 7772//58 6013//58
f 6013//58 7772//58 7732//58
f 7773//58 7774//58 6017//58
f 7774//58 7775//58 6017//58
f 6017//58 7775//58 7707//58
f 7776//58 7777//58 7778//58
f 7777//58 7779//58 7778//58
f 7723//58 7780//58 6051//58
f 7780//58 7781//58 6051//58
f 6051//58 7781//58 6053//58
f 7781//58 7782//58 6053//58
f 6053//58 7782//58 7761//58
f 7782//58 7777//58 7761//58
f 7761//58 7777//58 7783//58
f 7777//58 7776//58 7783//58
f 7763//58 7784//58 6053//58
f 7784//58 7785//58 6053//58
f 6053//58 7785//58 7786//58
f 7786//58 7787//58 6053//58
f 7787//58 7788//58 6053//58
f 6053//58 7788//58 7741//58
f 7789//58 7790//58 7791//58
f 7790//58 7792//58 7791//58
f 7748//58 7793//58 6009//58
f 7793//58 7794//58 6009//58
f 6009//58 7794//58 6011//58
f 7794//58 7795//58 6011//58
f 6011//58 7795//58 7757//58
f 7795//58 7792//58 7757//58
f 7757//58 7792//58 7796//58
f 7792//58 7790//58 7796//58
f 7758//58 7797//58 6011//58
f 7797//58 7798//58 6011//58
f 6011//58 7798//58 7799//58
f 7760//58 7800//58 6015//58
f 7800//58 7801//58 6015//58
f 6015//58 7801//58 6017//58
f 7801//58 7802//58 6017//58
f 6017//58 7802//58 7768//58
f 7802//58 7803//58 7768//58
f 7768//58 7803//58 7804//58
f 7799//58 7805//58 6011//58
f 7805//58 7806//58 6011//58
f 6011//58 7806//58 7764//58
f 7804//58 7807//58 7768//58
f 7807//58 7808//58 7768//58
f 7768//58 7808//58 7809//58
f 7769//58 7810//58 6017//58
f 7810//58 7811//58 6017//58
f 6017//58 7811//58 7812//58
f 7812//58 7813//58 6017//58
f 7813//58 7814//58 6017//58
f 6017//58 7814//58 7773//58
f 7726//2876 7609//2876 7601//2876
f 7726//2876 7601//2876 7755//2876
f 7601//2877 7602//2877 7755//2877
f 7755//2877 7602//2877 7756//2877
f 7602//2878 7605//2878 7756//2878
f 7756//2878 7605//2878 7749//2878
f 7605//2879 7604//2879 7749//2879
f 7749//2879 7604//2879 7750//2879
f 7604//2880 7603//2880 7750//2880
f 7750//2880 7603//2880 7751//2880
f 7603//2881 6558//2881 7751//2881
f 7751//2881 6558//2881 6557//2881
f 7724//2882 7611//2882 7725//2882
f 7611//2882 7610//2882 7725//2882
f 7725//2883 7610//2883 7726//2883
f 7610//2883 7609//2883 7726//2883
f 7736//2884 7614//2884 7613//2884
f 7736//2884 7613//2884 7737//2884
f 7613//2885 7617//2885 7737//2885
f 7737//2885 7617//2885 7738//2885
f 7617//2886 7608//2886 7738//2886
f 7738//2886 7608//2886 7752//2886
f 7608//2887 7607//2887 7752//2887
f 7752//2887 7607//2887 7753//2887
f 7607//2888 7612//2888 7753//2888
f 7753//2888 7612//2888 7754//2888
f 7612//2889 7611//2889 7754//2889
f 7754//2889 7611//2889 7724//2889
f 7774//2890 7619//2890 7775//2890
f 7619//2890 7620//2890 7775//2890
f 7775//2891 7620//2891 7707//2891
f 7620//2891 7621//2891 7707//2891
f 7707//2892 7621//2892 7706//2892
f 7621//2892 7622//2892 7706//2892
f 7706//2893 7622//2893 7705//2893
f 7622//2893 7623//2893 7705//2893
f 7705//2894 7623//2894 7704//2894
f 7623//2894 7624//2894 7704//2894
f 7704//2895 7624//2895 7708//2895
f 7624//2895 7625//2895 7708//2895
f 7708//2896 7625//2896 7709//2896
f 7625//2896 7626//2896 7709//2896
f 7709//2897 7626//2897 7710//2897
f 7626//2897 7596//2897 7710//2897
f 7710//2898 7596//2898 7711//2898
f 7596//2898 7606//2898 7711//2898
f 7711//2899 7606//2899 7734//2899
f 7606//2899 7616//2899 7734//2899
f 7734//2900 7616//2900 7735//2900
f 7616//2900 7615//2900 7735//2900
f 7735//2901 7615//2901 7736//2901
f 7615//2901 7614//2901 7736//2901
f 7810//2902 7631//2902 7630//2902
f 7810//2902 7630//2902 7811//2902
f 7630//2903 7629//2903 7811//2903
f 7811//2903 7629//2903 7812//2903
f 7629//2904 7628//2904 7812//2904
f 7812//2904 7628//2904 7813//2904
f 7628//2905 7627//2905 7813//2905
f 7813//2905 7627//2905 7814//2905
f 7627//2906 7618//2906 7814//2906
f 7814//2906 7618//2906 7773//2906
f 7618//2907 7619//2907 7773//2907
f 7773//2907 7619//2907 7774//2907
f 7768//2908 7571//2908 7769//2908
f 7571//2908 7573//2908 7769//2908
f 7769//2909 7573//2909 7810//2909
f 7573//2909 7631//2909 7810//2909
f 7802//2910 7637//2910 7636//2910
f 7802//2910 7636//2910 7803//2910
f 7636//2911 7635//2911 7803//2911
f 7803//2911 7635//2911 7804//2911
f 7635//2912 7634//2912 7804//2912
f 7804//2912 7634//2912 7807//2912
f 7634//2913 7633//2913 7807//2913
f 7807//2913 7633//2913 7808//2913
f 7633//2914 7632//2914 7808//2914
f 7808//2914 7632//2914 7809//2914
f 7632//2915 7571//2915 7809//2915
f 7809//2915 7571//2915 7768//2915
f 7765//2916 7645//2916 7766//2916
f 7645//2916 7644//2916 7766//2916
f 7766//2917 7644//2917 7767//2917
f 7644//2917 7574//2917 7767//2917
f 7767//2918 7574//2918 7770//2918
f 7574//2918 7576//2918 7770//2918
f 7770//2919 7576//2919 7771//2919
f 7576//2919 7575//2919 7771//2919
f 7771//2920 7575//2920 7772//2920
f 7575//2920 7691//2920 7772//2920
f 7772//2921 7691//2921 7732//2921
f 7691//2922 7692//2922 7732//2922
f 7732//2923 7692//2923 7733//2923
f 7692//2924 7690//2924 7733//2924
f 7733//2925 7690//2925 7759//2925
f 7690//2925 7703//2925 7759//2925
f 7759//2926 7703//2926 7760//2926
f 7703//2926 7702//2926 7760//2926
f 7760//2927 7702//2927 7800//2927
f 7702//2927 7639//2927 7800//2927
f 7800//2928 7639//2928 7801//2928
f 7639//2928 7638//2928 7801//2928
f 7801//2929 7638//2929 7802//2929
f 7638//2929 7637//2929 7802//2929
f 7797//2930 7579//2930 7595//2930
f 7797//2930 7595//2930 7798//2930
f 7595//2931 7643//2931 7798//2931
f 7798//2931 7643//2931 7799//2931
f 7643//2932 7641//2932 7799//2932
f 7799//2932 7641//2932 7805//2932
f 7641//2933 7640//2933 7805//2933
f 7805//2933 7640//2933 7806//2933
f 7640//2934 7646//2934 7806//2934
f 7806//2934 7646//2934 7764//2934
f 7646//2935 7645//2935 7764//2935
f 7764//2935 7645//2935 7765//2935
f 7757//2936 7660//2936 7758//2936
f 7660//2936 7577//2936 7758//2936
f 7758//2937 7577//2937 7797//2937
f 7577//2937 7579//2937 7797//2937
f 7795//2938 7649//2938 7648//2938
f 7795//2938 7648//2938 7792//2938
f 7648//2939 7659//2939 7792//2939
f 7792//2939 7659//2939 7791//2939
f 7659//2940 7658//2940 7791//2940
f 7791//2940 7658//2940 7789//2940
f 7658//2941 7662//2941 7789//2941
f 7789//2941 7662//2941 7790//2941
f 7662//2942 7661//2942 7790//2942
f 7790//2942 7661//2942 7796//2942
f 7661//2943 7660//2943 7796//2943
f 7796//2943 7660//2943 7757//2943
f 7741//2944 7666//2944 7730//2944
f 7666//2944 7665//2944 7730//2944
f 7730//2945 7665//2945 7731//2945
f 7665//2945 7670//2945 7731//2945
f 7731//2946 7670//2946 7744//2946
f 7670//2946 7647//2946 7744//2946
f 7744//2947 7647//2947 7743//2947
f 7647//2947 7657//2947 7743//2947
f 7743//2948 7657//2948 7742//2948
f 7657//2948 7656//2948 7742//2948
f 7742//2949 7656//2949 7745//2949
f 7656//2949 7655//2949 7745//2949
f 7745//2950 7655//2950 7746//2950
f 7655//2950 7654//2950 7746//2950
f 7746//2951 7654//2951 7747//2951
f 7654//2951 7653//2951 7747//2951
f 7747//2952 7653//2952 7748//2952
f 7653//2952 7652//2952 7748//2952
f 7748//2953 7652//2953 7793//2953
f 7652//2953 7651//2953 7793//2953
f 7793//2954 7651//2954 7794//2954
f 7651//2954 7650//2954 7794//2954
f 7794//2955 7650//2955 7795//2955
f 7650//2955 7649//2955 7795//2955
f 7763//2956 7592//2956 7669//2956
f 7763//2956 7669//2956 7784//2956
f 7669//2957 7668//2957 7784//2957
f 7784//2957 7668//2957 7785//2957
f 7668//2958 7664//2958 7785//2958
f 7785//2958 7664//2958 7786//2958
f 7664//2959 7663//2959 7786//2959
f 7786//2959 7663//2959 7787//2959
f 7663//2960 7667//2960 7787//2960
f 7787//2960 7667//2960 7788//2960
f 7667//2961 7666//2961 7788//2961
f 7788//2961 7666//2961 7741//2961
f 7592//2962 7763//2962 7593//2962
f 7763//2962 7762//2962 7593//2962
f 7593//2963 7762//2963 7672//2963
f 7762//2964 7761//2964 7672//2964
f 7672//2965 7761//2965 7673//2965
f 7782//2966 7676//2966 7677//2966
f 7782//2966 7677//2966 7777//2966
f 7677//2967 7678//2967 7777//2967
f 7777//2967 7678//2967 7779//2967
f 7678//2968 7679//2968 7779//2968
f 7779//2968 7679//2968 7778//2968
f 7679//2969 7680//2969 7778//2969
f 7778//2969 7680//2969 7776//2969
f 7680//2970 7674//2970 7776//2970
f 7776//2970 7674//2970 7783//2970
f 7674//2971 7673//2971 7783//2971
f 7783//2971 7673//2971 7761//2971
f 7714//2972 7683//2972 7712//2972
f 7683//2972 7581//2972 7712//2972
f 7712//2973 7581//2973 7713//2973
f 7581//2973 7580//2973 7713//2973
f 7713//2974 7580//2974 7717//2974
f 7580//2974 7695//2974 7717//2974
f 7717//2975 7695//2975 7716//2975
f 7695//2975 7696//2975 7716//2975
f 7716//2976 7696//2976 7715//2976
f 7696//2976 7697//2976 7715//2976
f 7715//2977 7697//2977 7720//2977
f 7697//2977 7694//2977 7720//2977
f 7720//2978 7694//2978 7721//2978
f 7694//2978 7693//2978 7721//2978
f 7721//2979 7693//2979 7722//2979
f 7693//2979 7701//2979 7722//2979
f 7722//2980 7701//2980 7723//2980
f 7701//2980 7700//2980 7723//2980
f 7723//2981 7700//2981 7780//2981
f 7700//2981 7699//2981 7780//2981
f 7780//2982 7699//2982 7781//2982
f 7676//2983 7782//2983 7675//2983
f 7782//2984 7781//2984 7675//2984
f 7675//2985 7781//2985 7698//2985
f 7781//2982 7699//2982 7698//2982
f 7719//2986 7585//2986 7686//2986
f 7719//2986 7686//2986 7727//2986
f 7686//2987 7685//2987 7727//2987
f 7727//2987 7685//2987 7728//2987
f 7685//2988 7682//2988 7728//2988
f 7728//2988 7682//2988 7729//2988
f 7682//2989 7681//2989 7729//2989
f 7729//2989 7681//2989 7739//2989
f 7681//2990 7684//2990 7739//2990
f 7739//2990 7684//2990 7740//2990
f 7684//2991 7683//2991 7740//2991
f 7740//2991 7683//2991 7714//2991
f 6751//2992 6750//2992 7718//2992
f 6750//2992 7583//2992 7718//2992
f 7718//2993 7583//2993 7719//2993
f 7583//2993 7585//2993 7719//2993
f 7815//72 7816//72 7817//72
f 7816//72 7818//72 7817//72
f 7817//72 7818//72 7819//72
f 7818//72 7820//72 7819//72
f 7819//72 7820//72 7821//72
f 7820//72 7822//72 7821//72
f 7821//72 7822//72 7815//72
f 7822//72 7816//72 7815//72
f 7823//59 7824//59 7825//59
f 7824//59 7823//59 7826//59
f 7823//59 7827//59 7826//59
f 7826//59 7827//59 7828//59
f 7827//59 7829//59 7828//59
f 7828//59 7829//59 7825//59
f 7829//59 7830//59 7825//59
f 7825//59 7830//59 7823//59
f 7831//59 7832//59 7833//59
f 7832//59 7831//59 7834//59
f 7831//59 7835//59 7834//59
f 7834//59 7835//59 7836//59
f 7835//59 7837//59 7836//59
f 7836//59 7837//59 7833//59
f 7837//59 7838//59 7833//59
f 7833//59 7838//59 7831//59
f 7839//72 7840//72 7841//72
f 7840//72 7839//72 7842//72
f 7839//72 7843//72 7842//72
f 7842//72 7843//72 7844//72
f 7843//72 7845//72 7844//72
f 7844//72 7845//72 7841//72
f 7845//72 7846//72 7841//72
f 7841//72 7846//72 7839//72
f 7847//2 7848//2 7849//2
f 7848//2 7850//2 7849//2
f 7849//2994 7850//2994 7818//2994
f 7850//2994 7820//2994 7818//2994
f 7816//2995 7822//2995 7851//2995
f 7822//2995 7852//2995 7851//2995
f 7853//2996 7816//2996 7854//2996
f 7816//2997 7851//2997 7854//2997
f 7855//2998 7818//2998 7853//2998
f 7818//2998 7816//2998 7853//2998
f 7856//2999 7857//2999 7851//2999
f 7857//2999 7854//2999 7851//2999
f 7858//3000 7849//3000 7855//3000
f 7849//3001 7818//3001 7855//3001
f 7837//3002 7859//3002 7856//3002
f 7859//3003 7857//3003 7856//3003
f 7860//3004 7847//3004 7858//3004
f 7847//3004 7849//3004 7858//3004
f 7835//3005 7861//3005 7837//3005
f 7861//3005 7859//3005 7837//3005
f 7861//3006 7835//3006 7860//3006
f 7835//3007 7847//3007 7860//3007
f 7834//58 7836//58 7846//58
f 7836//58 7839//58 7846//58
f 7833//2 7843//2 7836//2
f 7843//2 7839//2 7836//2
f 7819//1 7828//1 7817//1
f 7828//1 7825//1 7817//1
f 7819//3 7821//3 7828//3
f 7821//3 7826//3 7828//3
f 7817//58 7825//58 7815//58
f 7825//58 7824//58 7815//58
f 7821//2 7815//2 7826//2
f 7815//2 7824//2 7826//2
f 7832//1 7834//1 7845//1
f 7834//1 7846//1 7845//1
f 7832//3 7845//3 7833//3
f 7845//3 7843//3 7833//3
f 7862//3008 7863//3008 7864//3008
f 7863//3008 7865//3008 7864//3008
f 7863//3009 7862//3009 7866//3009
f 7862//3009 7867//3009 7866//3009
f 7864//3004 7865//3004 7868//3004
f 7865//3004 7869//3004 7868//3004
f 7868//3010 7869//3010 7867//3010
f 7869//3010 7866//3010 7867//3010
f 7854//3 7869//3 7853//3
f 7869//3 7865//3 7853//3
f 7853//3 7865//3 7855//3
f 7865//3 7863//3 7855//3
f 7855//3 7863//3 7858//3
f 7863//3 7866//3 7858//3
f 7858//3 7866//3 7860//3
f 7854//3 7857//3 7869//3
f 7857//3 7859//3 7869//3
f 7869//3 7859//3 7866//3
f 7859//3 7861//3 7866//3
f 7866//3 7861//3 7860//3
f 7862//1 7870//1 7867//1
f 7870//1 7871//1 7867//1
f 7864//59 7872//59 7862//59
f 7872//59 7870//59 7862//59
f 7868//2 7873//2 7864//2
f 7873//2 7872//2 7864//2
f 7867//72 7871//72 7868//72
f 7871//72 7873//72 7868//72
f 7874//58 7871//58 7830//58
f 7871//58 7870//58 7830//58
f 7830//58 7870//58 7823//58
f 7870//58 7872//58 7823//58
f 7823//58 7872//58 7875//58
f 7872//58 7873//58 7875//58
f 7875//58 7873//58 7876//58
f 7874//58 7877//58 7871//58
f 7877//58 7841//58 7871//58
f 7871//58 7841//58 7873//58
f 7841//58 7840//58 7873//58
f 7873//58 7840//58 7876//58
f 7829//58 7820//58 7878//58
f 7820//58 7850//58 7878//58
f 7878//58 7850//58 7879//58
f 7850//58 7848//58 7879//58
f 7879//58 7848//58 7844//58
f 7848//58 7831//58 7844//58
f 7844//58 7831//58 7842//58
f 7831//58 7838//58 7842//58
f 7842//58 7838//58 7880//58
f 7838//58 7881//58 7880//58
f 7880//58 7881//58 7882//58
f 7881//58 7852//58 7882//58
f 7882//58 7852//58 7827//58
f 7852//58 7822//58 7827//58
f 7827//58 7822//58 7829//58
f 7822//58 7820//58 7829//58
f 7835//3011 7831//3011 7847//3011
f 7831//3011 7848//3011 7847//3011
f 7841//3012 7877//3012 7844//3012
f 7877//3012 7879//3012 7844//3012
f 7877//1 7874//1 7879//1
f 7874//1 7878//1 7879//1
f 7874//3013 7830//3013 7878//3013
f 7830//3013 7829//3013 7878//3013
f 7823//3014 7875//3014 7827//3014
f 7875//3014 7882//3014 7827//3014
f 7875//2 7876//2 7882//2
f 7876//2 7880//2 7882//2
f 7876//3015 7840//3015 7880//3015
f 7840//3015 7842//3015 7880//3015
f 7856//3016 7881//3016 7837//3016
f 7881//3016 7838//3016 7837//3016
f 7851//1 7852//1 7856//1
f 7852//1 7881//1 7856//1
f 7883//2022 7884//2022 7885//2022
f 7884//2022 7886//2022 7885//2022
f 7885//2023 7886//2023 7887//2023
f 7886//2023 7888//2023 7887//2023
f 7887//2024 7888//2024 7889//2024
f 7888//2024 7890//2024 7889//2024
f 7889//2025 7890//2025 7891//2025
f 7890//2025 7892//2025 7891//2025
f 7891//2026 7892//2026 7893//2026
f 7892//2026 7894//2026 7893//2026
f 7893//2027 7894//2027 7895//2027
f 7894//2027 7896//2027 7895//2027
f 7895//2028 7896//2028 7897//2028
f 7896//2028 7898//2028 7897//2028
f 7897//2029 7898//2029 7899//2029
f 7898//2029 7900//2029 7899//2029
f 7899//1062 7900//1062 7901//1062
f 7900//1062 7902//1062 7901//1062
f 7901//2030 7902//2030 7903//2030
f 7902//2030 7904//2030 7903//2030
f 7903//2031 7904//2031 7905//2031
f 7904//2031 7906//2031 7905//2031
f 7905//2032 7906//2032 7907//2032
f 7906//2032 7908//2032 7907//2032
f 7907//2033 7908//2033 7909//2033
f 7908//2033 7910//2033 7909//2033
f 7909//2034 7910//2034 7911//2034
f 7910//2034 7912//2034 7911//2034
f 7911//2035 7912//2035 7913//2035
f 7912//2035 7914//2035 7913//2035
f 7913//2036 7914//2036 7915//2036
f 7914//2036 7916//2036 7915//2036
f 7915//2037 7916//2037 7917//2037
f 7916//2037 7918//2037 7917//2037
f 7917//2038 7918//2038 7919//2038
f 7918//2038 7920//2038 7919//2038
f 7919//2039 7920//2039 7921//2039
f 7920//2039 7922//2039 7921//2039
f 7921//2040 7922//2040 7923//2040
f 7922//2040 7924//2040 7923//2040
f 7923//1074 7924//1074 7925//1074
f 7924//1074 7926//1074 7925//1074
f 7925//2041 7926//2041 7927//2041
f 7926//2041 7928//2041 7927//2041
f 7927//2042 7928//2042 7929//2042
f 7928//2042 7930//2042 7929//2042
f 7929//2043 7930//2043 7883//2043
f 7930//2043 7884//2043 7883//2043
f 7931//2173 6544//2173 7932//2173
f 6544//2173 6545//2173 7932//2173
f 7932//2174 6545//2174 7933//2174
f 6545//2174 6550//2174 7933//2174
f 7933//905 6550//905 7934//905
f 6550//905 6551//905 7934//905
f 7934//2467 6551//2467 7935//2467
f 6551//2467 6552//2467 7935//2467
f 7935//2188 6552//2188 7936//2188
f 6552//2188 6553//2188 7936//2188
f 7936//2466 6553//2466 7937//2466
f 6553//2466 6534//2466 7937//2466
f 7937//2190 6534//2190 7938//2190
f 6534//2190 6535//2190 7938//2190
f 7938//833 6535//833 7939//833
f 6535//833 6538//833 7939//833
f 7939//2176 6538//2176 7940//2176
f 6538//2176 6541//2176 7940//2176
f 7940//2177 6541//2177 7941//2177
f 6541//2177 6542//2177 7941//2177
f 7941//900 6542//900 7942//900
f 6542//900 6543//900 7942//900
f 7942//2465 6543//2465 7943//2465
f 6543//2465 6527//2465 7943//2465
f 7943//875 6527//875 7944//875
f 6527//875 6528//875 7944//875
f 7944//2180 6528//2180 7945//2180
f 6528//2180 6539//2180 7945//2180
f 7945//873 6539//873 7946//873
f 6539//873 6536//873 7946//873
f 7946//2471 6536//2471 7947//2471
f 6536//2471 6531//2471 7947//2471
f 7947//2470 6531//2470 7948//2470
f 6531//2470 6532//2470 7948//2470
f 7948//2469 6532//2469 7949//2469
f 6532//2469 6547//2469 7949//2469
f 7949//2196 6547//2196 7950//2196
f 6547//2196 6548//2196 7950//2196
f 7950//822 6548//822 7951//822
f 6548//822 6549//822 7951//822
f 7951//2197 6549//2197 7952//2197
f 6549//2197 6554//2197 7952//2197
f 7952//2187 6554//2187 7953//2187
f 6554//2187 6555//2187 7953//2187
f 7953//2198 6555//2198 7954//2198
f 6555//2198 6556//2198 7954//2198
f 7954//2468 6556//2468 7931//2468
f 6556//2468 6544//2468 7931//2468
f 7955//2474 6524//2474 7956//2474
f 6524//2474 6525//2474 7956//2474
f 7956//2473 6525//2473 7957//2473
f 6525//2473 6526//2473 7957//2473
f 7957//866 6526//866 7958//866
f 6526//866 6510//866 7958//866
f 7958//904 6510//904 7959//904
f 6510//904 6511//904 7959//904
f 7959//2188 6511//2188 7960//2188
f 6511//2188 6513//2188 7960//2188
f 7960//2189 6513//2189 7961//2189
f 6513//2189 6514//2189 7961//2189
f 7961//2190 6514//2190 7962//2190
f 6514//2190 6503//2190 7962//2190
f 7962//833 6503//833 7963//833
f 6503//833 6504//833 7963//833
f 7963//2472 6504//2472 7964//2472
f 6504//2472 6506//2472 7964//2472
f 7964//835 6506//835 7965//835
f 6506//835 6492//835 7965//835
f 7965//900 6492//900 7966//900
f 6492//900 6493//900 7966//900
f 7966//745 6493//745 7967//745
f 6493//745 6500//745 7967//745
f 7967//2481 6500//2481 7968//2481
f 6500//2481 6501//2481 7968//2481
f 7968//2480 6501//2480 7969//2480
f 6501//2480 6502//2480 7969//2480
f 7969//899 6502//899 7970//899
f 6502//899 6496//899 7970//899
f 7970//872 6496//872 7971//872
f 6496//872 6497//872 7971//872
f 7971//2479 6497//2479 7972//2479
f 6497//2479 6518//2479 7972//2479
f 7972//2478 6518//2478 7973//2478
f 6518//2478 6519//2478 7973//2478
f 7973//2477 6519//2477 7974//2477
f 6519//2477 6520//2477 7974//2477
f 7974//822 6520//822 7975//822
f 6520//822 6522//822 7975//822
f 7975//2476 6522//2476 7976//2476
f 6522//2476 6523//2476 7976//2476
f 7976//2475 6523//2475 7977//2475
f 6523//2475 6515//2475 7977//2475
f 7977//868 6515//868 7978//868
f 6515//868 6516//868 7978//868
f 7978//800 6516//800 7955//800
f 6516//800 6524//800 7955//800
f 7979//2173 6479//2173 7980//2173
f 6479//2173 6480//2173 7980//2173
f 7980//2649 6480//2649 7981//2649
f 6480//2649 6481//2649 7981//2649
f 7981//905 6481//905 7982//905
f 6481//905 6485//905 7982//905
f 7982//2658 6485//2658 7983//2658
f 6485//2658 6486//2658 7983//2658
f 7983//2657 6486//2657 7984//2657
f 6486//2657 6487//2657 7984//2657
f 7984//2656 6487//2656 7985//2656
f 6487//2656 6482//2656 7985//2656
f 7985//2645 6482//2645 7986//2645
f 6482//2645 6483//2645 7986//2645
f 7986//2655 6483//2655 7987//2655
f 6483//2655 6488//2655 7987//2655
f 7987//2176 6488//2176 7988//2176
f 6488//2176 6489//2176 7988//2176
f 7988//2177 6489//2177 7989//2177
f 6489//2177 6490//2177 7989//2177
f 7989//2654 6490//2654 7990//2654
f 6490//2654 6491//2654 7990//2654
f 7990//745 6491//745 7991//745
f 6491//745 6464//745 7991//745
f 7991//2179 6464//2179 7992//2179
f 6464//2179 6465//2179 7992//2179
f 7992//2180 6465//2180 7993//2180
f 6465//2180 6467//2180 7993//2180
f 7993//873 6467//873 7994//873
f 6467//873 6468//873 7994//873
f 7994//872 6468//872 7995//872
f 6468//872 6469//872 7995//872
f 7995//2194 6469//2194 7996//2194
f 6469//2194 6471//2194 7996//2194
f 7996//2195 6471//2195 7997//2195
f 6471//2195 6472//2195 7997//2195
f 7997//2477 6472//2477 7998//2477
f 6472//2477 6473//2477 7998//2477
f 7998//822 6473//822 7999//822
f 6473//822 6508//822 7999//822
f 7999//2184 6508//2184 8000//2184
f 6508//2184 6474//2184 8000//2184
f 8000//824 6474//824 8001//824
f 6474//824 6475//824 8001//824
f 8001//2198 6475//2198 8002//2198
f 6475//2198 6477//2198 8002//2198
f 8002//800 6477//800 7979//800
f 6477//800 6479//800 7979//800
f 8003//2650 6456//2650 8004//2650
f 6456//2650 6457//2650 8004//2650
f 8004//2649 6457//2649 8005//2649
f 6457//2649 6459//2649 8005//2649
f 8005//905 6459//905 8006//905
f 6459//905 6460//905 8006//905
f 8006//2648 6460//2648 8007//2648
f 6460//2648 6447//2648 8007//2648
f 8007//2647 6447//2647 8008//2647
f 6447//2647 6448//2647 8008//2647
f 8008//2646 6448//2646 8009//2646
f 6448//2646 6461//2646 8009//2646
f 8009//2645 6461//2645 8010//2645
f 6461//2645 6462//2645 8010//2645
f 8010//833 6462//833 8011//833
f 6462//833 6463//833 8011//833
f 8011//2644 6463//2644 8012//2644
f 6463//2644 6450//2644 8012//2644
f 8012//2177 6450//2177 8013//2177
f 6450//2177 6451//2177 8013//2177
f 8013//2643 6451//2643 8014//2643
f 6451//2643 6453//2643 8014//2643
f 8014//2465 6453//2465 8015//2465
f 6453//2465 6454//2465 8015//2465
f 8015//2179 6454//2179 8016//2179
f 6454//2179 6434//2179 8016//2179
f 8016//2180 6434//2180 8017//2180
f 6434//2180 6435//2180 8017//2180
f 8017//2181 6435//2181 8018//2181
f 6435//2181 6436//2181 8018//2181
f 8018//2653 6436//2653 8019//2653
f 6436//2653 6431//2653 8019//2653
f 8019//2652 6431//2652 8020//2652
f 6431//2652 6432//2652 8020//2652
f 8020//2651 6432//2651 8021//2651
f 6432//2651 6442//2651 8021//2651
f 8021//2477 6442//2477 8022//2477
f 6442//2477 6443//2477 8022//2477
f 8022//822 6443//822 8023//822
f 6443//822 6444//822 8023//822
f 8023//2184 6444//2184 8024//2184
f 6444//2184 6440//2184 8024//2184
f 8024//2187 6440//2187 8025//2187
f 6440//2187 6441//2187 8025//2187
f 8025//868 6441//868 8026//868
f 6441//868 6455//868 8026//868
f 8026//2468 6455//2468 8003//2468
f 6455//2468 6456//2468 8003//2468
f 8027//2173 6421//2173 8028//2173
f 6421//2173 6423//2173 8028//2173
f 8028//2174 6423//2174 8029//2174
f 6423//2174 6437//2174 8029//2174
f 8029//905 6437//905 8030//905
f 6437//905 6418//905 8030//905
f 8030//2640 6418//2640 8031//2640
f 6418//2640 6419//2640 8031//2640
f 8031//2631 6419//2631 8032//2631
f 6419//2631 6416//2631 8032//2631
f 8032//2630 6416//2630 8033//2630
f 6416//2630 6417//2630 8033//2630
f 8033//832 6417//832 8034//832
f 6417//832 6409//832 8034//832
f 8034//2175 6409//2175 8035//2175
f 6409//2175 6410//2175 8035//2175
f 8035//2176 6410//2176 8036//2176
f 6410//2176 6411//2176 8036//2176
f 8036//2177 6411//2177 8037//2177
f 6411//2177 6405//2177 8037//2177
f 8037//836 6405//836 8038//836
f 6405//836 6406//836 8038//836
f 8038//2465 6406//2465 8039//2465
f 6406//2465 6407//2465 8039//2465
f 8039//2179 6407//2179 8040//2179
f 6407//2179 6408//2179 8040//2179
f 8040//2180 6408//2180 8041//2180
f 6408//2180 6415//2180 8041//2180
f 8041//2181 6415//2181 8042//2181
f 6415//2181 6414//2181 8042//2181
f 8042//2642 6414//2642 8043//2642
f 6414//2642 6413//2642 8043//2642
f 8043//898 6413//898 8044//898
f 6413//898 6412//898 8044//898
f 8044//2641 6412//2641 8045//2641
f 6412//2641 6428//2641 8045//2641
f 8045//821 6428//821 8046//821
f 6428//821 6429//821 8046//821
f 8046//2183 6429//2183 8047//2183
f 6429//2183 6430//2183 8047//2183
f 8047//2184 6430//2184 8048//2184
f 6430//2184 6427//2184 8048//2184
f 8048//2187 6427//2187 8049//2187
f 6427//2187 6426//2187 8049//2187
f 8049//989 6426//989 8050//989
f 6426//989 6420//989 8050//989
f 8050//2468 6420//2468 8027//2468
f 6420//2468 6421//2468 8027//2468
f 8051//2637 6400//2637 8052//2637
f 6400//2637 6401//2637 8052//2637
f 8052//2636 6401//2636 8053//2636
f 6401//2636 6402//2636 8053//2636
f 8053//866 6402//866 8054//866
f 6402//866 6390//866 8054//866
f 8054//829 6390//829 8055//829
f 6390//829 6389//829 8055//829
f 8055//865 6389//865 8056//865
f 6389//865 6387//865 8056//865
f 8056//831 6387//831 8057//831
f 6387//831 6386//831 8057//831
f 8057//832 6386//832 8058//832
f 6386//832 6384//832 8058//832
f 8058//833 6384//833 8059//833
f 6384//833 6382//833 8059//833
f 8059//864 6382//864 8060//864
f 6382//864 6376//864 8060//864
f 8060//835 6376//835 8061//835
f 6376//835 6375//835 8061//835
f 8061//836 6375//836 8062//836
f 6375//836 6373//836 8062//836
f 8062//745 6373//745 8063//745
f 6373//745 6377//745 8063//745
f 8063//2639 6377//2639 8064//2639
f 6377//2639 6378//2639 8064//2639
f 8064//2638 6378//2638 8065//2638
f 6378//2638 6380//2638 8065//2638
f 8065//899 6380//899 8066//899
f 6380//899 6381//899 8066//899
f 8066//818 6381//818 8067//818
f 6381//818 6391//818 8067//818
f 8067//898 6391//898 8068//898
f 6391//898 6392//898 8068//898
f 8068//820 6392//820 8069//820
f 6392//820 6394//820 8069//820
f 8069//821 6394//821 8070//821
f 6394//821 6395//821 8070//821
f 8070//822 6395//822 8071//822
f 6395//822 6396//822 8071//822
f 8071//823 6396//823 8072//823
f 6396//823 6397//823 8072//823
f 8072//824 6397//824 8073//824
f 6397//824 6398//824 8073//824
f 8073//989 6398//989 8074//989
f 6398//989 6399//989 8074//989
f 8074//800 6399//800 8051//800
f 6399//800 6400//800 8051//800
f 8037//3 8038//3 8075//3
f 8038//3 8039//3 8075//3
f 8075//3 8039//3 8040//3
f 8034//3 8035//3 8075//3
f 8035//3 8036//3 8075//3
f 8075//3 8036//3 8037//3
f 8031//3 8032//3 8075//3
f 8032//3 8033//3 8075//3
f 8075//3 8033//3 8034//3
f 8028//3 8029//3 8075//3
f 8029//3 8030//3 8075//3
f 8075//3 8030//3 8031//3
f 8049//3 8050//3 8075//3
f 8050//3 8027//3 8075//3
f 8075//3 8027//3 8028//3
f 8046//3 8047//3 8075//3
f 8047//3 8048//3 8075//3
f 8075//3 8048//3 8049//3
f 8043//3 8044//3 8075//3
f 8044//3 8045//3 8075//3
f 8075//3 8045//3 8046//3
f 8040//3 8041//3 8075//3
f 8041//3 8042//3 8075//3
f 8075//3 8042//3 8043//3
f 8061//3 8062//3 8076//3
f 8062//3 8063//3 8076//3
f 8076//3 8063//3 8064//3
f 8058//3 8059//3 8076//3
f 8059//3 8060//3 8076//3
f 8076//3 8060//3 8061//3
f 8055//3 8056//3 8076//3
f 8056//3 8057//3 8076//3
f 8076//3 8057//3 8058//3
f 8052//3 8053//3 8076//3
f 8053//3 8054//3 8076//3
f 8076//3 8054//3 8055//3
f 8073//3 8074//3 8076//3
f 8074//3 8051//3 8076//3
f 8076//3 8051//3 8052//3
f 8070//3 8071//3 8076//3
f 8071//3 8072//3 8076//3
f 8076//3 8072//3 8073//3
f 8067//3 8068//3 8076//3
f 8068//3 8069//3 8076//3
f 8076//3 8069//3 8070//3
f 8064//3 8065//3 8076//3
f 8065//3 8066//3 8076//3
f 8076//3 8066//3 8067//3
f 8077//3 8078//3 8079//3
f 8078//3 8080//3 8079//3
f 8079//3 8080//3 8081//3
f 8082//3 8083//3 8079//3
f 8083//3 8084//3 8079//3
f 8079//3 8084//3 8077//3
f 8085//3 8086//3 8079//3
f 8086//3 8087//3 8079//3
f 8079//3 8087//3 8082//3
f 8088//3 8089//3 8079//3
f 8089//3 8090//3 8079//3
f 8079//3 8090//3 8085//3
f 8091//3 8092//3 8079//3
f 8092//3 8093//3 8079//3
f 8079//3 8093//3 8088//3
f 8094//3 8095//3 8079//3
f 8095//3 8096//3 8079//3
f 8079//3 8096//3 8091//3
f 8097//3 8098//3 8079//3
f 8098//3 8099//3 8079//3
f 8079//3 8099//3 8094//3
f 8081//3 8100//3 8079//3
f 8100//3 8101//3 8079//3
f 8079//3 8101//3 8097//3
f 8102//3 8103//3 8104//3
f 8103//3 8105//3 8104//3
f 8104//3 8105//3 8106//3
f 8107//3 8108//3 8104//3
f 8108//3 8109//3 8104//3
f 8104//3 8109//3 8102//3
f 8110//3 8111//3 8104//3
f 8111//3 8112//3 8104//3
f 8104//3 8112//3 8107//3
f 8113//3 8114//3 8104//3
f 8114//3 8115//3 8104//3
f 8104//3 8115//3 8110//3
f 8116//3 8117//3 8104//3
f 8117//3 8118//3 8104//3
f 8104//3 8118//3 8113//3
f 8119//3 8120//3 8104//3
f 8120//3 8121//3 8104//3
f 8104//3 8121//3 8116//3
f 8122//3 8123//3 8104//3
f 8123//3 8124//3 8104//3
f 8104//3 8124//3 8119//3
f 8106//3 8125//3 8104//3
f 8125//3 8126//3 8104//3
f 8104//3 8126//3 8122//3
f 8127//3017 8128//3017 8129//3017
f 8128//3018 8130//3018 8129//3018
f 8129//3019 8130//3019 8131//3019
f 8130//3020 8132//3020 8131//3020
f 8131//3021 8132//3021 8133//3021
f 8132//3022 8134//3022 8133//3022
f 8133//3023 8134//3023 8135//3023
f 8134//3024 8136//3024 8135//3024
f 8135//3025 8136//3025 8137//3025
f 8136//3026 8138//3026 8137//3026
f 8137//3027 8138//3027 8139//3027
f 8138//3028 8140//3028 8139//3028
f 8139//3029 8140//3029 8141//3029
f 8140//3030 8142//3030 8141//3030
f 8141//3031 8142//3031 8143//3031
f 8142//3032 8144//3032 8143//3032
f 8143//3033 8144//3033 8145//3033
f 8144//3034 8146//3034 8145//3034
f 8145//3035 8146//3035 8147//3035
f 8146//3036 8148//3036 8147//3036
f 8147//3037 8148//3037 8149//3037
f 8148//3038 8150//3038 8149//3038
f 8149//3039 8150//3039 8151//3039
f 8150//3040 8152//3040 8151//3040
f 8151//3041 8152//3041 8153//3041
f 8152//3042 8154//3042 8153//3042
f 8153//3043 8154//3043 8155//3043
f 8154//3044 8156//3044 8155//3044
f 8155//3045 8156//3045 8157//3045
f 8156//3046 8158//3046 8157//3046
f 8157//3047 8158//3047 8159//3047
f 8158//3048 8160//3048 8159//3048
f 8159//3049 8160//3049 8161//3049
f 8160//3050 8162//3050 8161//3050
f 8161//3051 8162//3051 8163//3051
f 8162//3052 8164//3052 8163//3052
f 8163//3053 8164//3053 8165//3053
f 8164//3054 8166//3054 8165//3054
f 8165//3055 8166//3055 8167//3055
f 8166//3056 8168//3056 8167//3056
f 8167//3057 8168//3057 8169//3057
f 8168//3058 8170//3058 8169//3058
f 8169//3059 8170//3059 8171//3059
f 8170//3060 8172//3060 8171//3060
f 8171//3061 8172//3061 8173//3061
f 8172//3062 8174//3062 8173//3062
f 8173//3063 8174//3063 8127//3063
f 8174//3064 8128//3064 8127//3064
f 7923//58 8166//58 7921//58
f 8166//58 8164//58 7921//58
f 7921//58 8164//58 7919//58
f 8164//58 8162//58 7919//58
f 7919//58 8162//58 7917//58
f 8162//58 8160//58 7917//58
f 7917//58 8160//58 7915//58
f 8160//58 8158//58 7915//58
f 7915//58 8158//58 7913//58
f 8158//58 8156//58 7913//58
f 7913//58 8156//58 7911//58
f 8156//58 8154//58 7911//58
f 7911//58 8154//58 7909//58
f 8154//58 8152//58 7909//58
f 7909//58 8152//58 7907//58
f 8152//58 8150//58 7907//58
f 7907//58 8150//58 7905//58
f 8150//58 8148//58 7905//58
f 7905//58 8148//58 7903//58
f 8148//58 8146//58 7903//58
f 7903//58 8146//58 7901//58
f 8146//58 8144//58 7901//58
f 7901//58 8144//58 7899//58
f 8144//58 8142//58 7899//58
f 7899//58 8142//58 7897//58
f 8142//58 8140//58 7897//58
f 7897//58 8140//58 7895//58
f 8140//58 8138//58 7895//58
f 7895//58 8138//58 7893//58
f 8138//58 8136//58 7893//58
f 7893//58 8136//58 7891//58
f 8136//58 8134//58 7891//58
f 7891//58 8134//58 7889//58
f 8134//58 8132//58 7889//58
f 7889//58 8132//58 7887//58
f 8132//58 8130//58 7887//58
f 7887//58 8130//58 7885//58
f 8130//58 8128//58 7885//58
f 7885//58 8128//58 7883//58
f 8128//58 8174//58 7883//58
f 7883//58 8174//58 7929//58
f 8174//58 8172//58 7929//58
f 7929//58 8172//58 7927//58
f 8172//58 8170//58 7927//58
f 7927//58 8170//58 7925//58
f 8170//58 8168//58 7925//58
f 7925//58 8168//58 7923//58
f 8168//58 8166//58 7923//58
f 8013//3 8014//3 8175//3
f 8014//3 8015//3 8175//3
f 8175//3 8015//3 8016//3
f 8010//3 8011//3 8175//3
f 8011//3 8012//3 8175//3
f 8175//3 8012//3 8013//3
f 8007//3 8008//3 8175//3
f 8008//3 8009//3 8175//3
f 8175//3 8009//3 8010//3
f 8004//3 8005//3 8175//3
f 8005//3 8006//3 8175//3
f 8175//3 8006//3 8007//3
f 8025//3 8026//3 8175//3
f 8026//3 8003//3 8175//3
f 8175//3 8003//3 8004//3
f 8022//3 8023//3 8175//3
f 8023//3 8024//3 8175//3
f 8175//3 8024//3 8025//3
f 8019//3 8020//3 8175//3
f 8020//3 8021//3 8175//3
f 8175//3 8021//3 8022//3
f 8016//3 8017//3 8175//3
f 8017//3 8018//3 8175//3
f 8175//3 8018//3 8019//3
f 7989//3 7990//3 8176//3
f 7990//3 7991//3 8176//3
f 8176//3 7991//3 7992//3
f 7986//3 7987//3 8176//3
f 7987//3 7988//3 8176//3
f 8176//3 7988//3 7989//3
f 7983//3 7984//3 8176//3
f 7984//3 7985//3 8176//3
f 8176//3 7985//3 7986//3
f 7980//3 7981//3 8176//3
f 7981//3 7982//3 8176//3
f 8176//3 7982//3 7983//3
f 8001//3 8002//3 8176//3
f 8002//3 7979//3 8176//3
f 8176//3 7979//3 7980//3
f 7998//3 7999//3 8176//3
f 7999//3 8000//3 8176//3
f 8176//3 8000//3 8001//3
f 7995//3 7996//3 8176//3
f 7996//3 7997//3 8176//3
f 8176//3 7997//3 7998//3
f 7992//3 7993//3 8176//3
f 7993//3 7994//3 8176//3
f 8176//3 7994//3 7995//3
f 7965//3 7966//3 8177//3
f 7966//3 7967//3 8177//3
f 8177//3 7967//3 7968//3
f 7962//3 7963//3 8177//3
f 7963//3 7964//3 8177//3
f 8177//3 7964//3 7965//3
f 7959//3 7960//3 8177//3
f 7960//3 7961//3 8177//3
f 8177//3 7961//3 7962//3
f 7956//3 7957//3 8177//3
f 7957//3 7958//3 8177//3
f 8177//3 7958//3 7959//3
f 7977//3 7978//3 8177//3
f 7978//3 7955//3 8177//3
f 8177//3 7955//3 7956//3
f 7974//3 7975//3 8177//3
f 7975//3 7976//3 8177//3
f 8177//3 7976//3 7977//3
f 7971//3 7972//3 8177//3
f 7972//3 7973//3 8177//3
f 8177//3 7973//3 7974//3
f 7968//3 7969//3 8177//3
f 7969//3 7970//3 8177//3
f 8177//3 7970//3 7971//3
f 7941//3 7942//3 8178//3
f 7942//3 7943//3 8178//3
f 8178//3 7943//3 7944//3
f 7938//3 7939//3 8178//3
f 7939//3 7940//3 8178//3
f 8178//3 7940//3 7941//3
f 7935//3 7936//3 8178//3
f 7936//3 7937//3 8178//3
f 8178//3 7937//3 7938//3
f 7932//3 7933//3 8178//3
f 7933//3 7934//3 8178//3
f 8178//3 7934//3 7935//3
f 7953//3 7954//3 8178//3
f 7954//3 7931//3 8178//3
f 8178//3 7931//3 7932//3
f 7950//3 7951//3 8178//3
f 7951//3 7952//3 8178//3
f 8178//3 7952//3 7953//3
f 7947//3 7948//3 8178//3
f 7948//3 7949//3 8178//3
f 8178//3 7949//3 7950//3
f 7944//3 7945//3 8178//3
f 7945//3 7946//3 8178//3
f 8178//3 7946//3 7947//3
f 7898//3 8179//3 7900//3
f 8179//3 8180//3 7900//3
f 7900//3 8180//3 7902//3
f 8180//3 8181//3 7902//3
f 7902//3 8181//3 7904//3
f 8181//3 8182//3 7904//3
f 7904//3 8182//3 7906//3
f 8182//3 8183//3 7906//3
f 7906//3 8183//3 7908//3
f 8183//3 8184//3 7908//3
f 7908//3 8184//3 7910//3
f 8184//3 8185//3 7910//3
f 7910//3 8185//3 7912//3
f 8185//3 8186//3 7912//3
f 7912//3 8186//3 7914//3
f 8186//3 8187//3 7914//3
f 7914//3 8187//3 7916//3
f 8187//3 8188//3 7916//3
f 7916//3 8188//3 7918//3
f 8188//3 8189//3 7918//3
f 7918//3 8189//3 7920//3
f 8189//3 8190//3 7920//3
f 7920//3 8190//3 7922//3
f 8190//3 8191//3 7922//3
f 7922//3 8191//3 7924//3
f 8191//3 8192//3 7924//3
f 7924//3 8192//3 7926//3
f 8192//3 8193//3 7926//3
f 7926//3 8193//3 7928//3
f 8193//3 8194//3 7928//3
f 7928//3 8194//3 7930//3
f 8194//3 8195//3 7930//3
f 7930//3 8195//3 7884//3
f 8195//3 8196//3 7884//3
f 7884//3 8196//3 7886//3
f 8196//3 8197//3 7886//3
f 7886//3 8197//3 7888//3
f 8197//3 8198//3 7888//3
f 7888//3 8198//3 7890//3
f 8198//3 8199//3 7890//3
f 7890//3 8199//3 7892//3
f 8199//3 8200//3 7892//3
f 7892//3 8200//3 7894//3
f 8200//3 8201//3 7894//3
f 7894//3 8201//3 7896//3
f 8201//3 8202//3 7896//3
f 7896//3 8202//3 7898//3
f 8202//3 8179//3 7898//3
f 8196//2425 6499//2425 8197//2425
f 6499//2425 6495//2425 8197//2425
f 8197//2424 6495//2424 8198//2424
f 6495//2424 6494//2424 8198//2424
f 8198//1162 6494//1162 8199//1162
f 6494//1162 6509//1162 8199//1162
f 8199//1161 6509//1161 8200//1161
f 6509//1161 6470//1161 8200//1161
f 8200//2423 6470//2423 8201//2423
f 6470//2423 6466//2423 8201//2423
f 8201//2422 6466//2422 8202//2422
f 6466//2422 6446//2422 8202//2422
f 8202//2421 6446//2421 8179//2421
f 6446//2421 6439//2421 8179//2421
f 8179//2420 6439//2420 8180//2420
f 6439//2420 6433//2420 8180//2420
f 8180//2419 6433//2419 8181//2419
f 6433//2419 6438//2419 8181//2419
f 8181//2418 6438//2418 8182//2418
f 6438//2418 6422//2418 8182//2418
f 8182//698 6422//698 8183//698
f 6422//698 6425//698 8183//698
f 8183//2417 6425//2417 8184//2417
f 6425//2417 6424//2417 8184//2417
f 8184//1176 6424//1176 8185//1176
f 6424//1176 6388//1176 8185//1176
f 8185//2433 6388//2433 8186//2433
f 6388//2433 6359//2433 8186//2433
f 8186//2432 6359//2432 8187//2432
f 6359//2432 6357//2432 8187//2432
f 8187//1173 6357//1173 8188//1173
f 6357//1173 6351//1173 8188//1173
f 8188//2431 6351//2431 8189//2431
f 6351//2431 6347//2431 8189//2431
f 8189//2430 6347//2430 8190//2430
f 6347//2430 6322//2430 8190//2430
f 8190//1170 6322//1170 8191//1170
f 6322//1170 6315//1170 8191//1170
f 8191//2429 6315//2429 8192//2429
f 6315//2429 6312//2429 8192//2429
f 8192//2428 6312//2428 8193//2428
f 6312//2428 6540//2428 8193//2428
f 8193//2427 6540//2427 8194//2427
f 6540//2427 6529//2427 8194//2427
f 8194//710 6529//710 8195//710
f 6529//710 6537//710 8195//710
f 8195//2426 6537//2426 8196//2426
f 6537//2426 6499//2426 8196//2426
f 6498//3 6519//3 6518//3
f 6495//3 6518//3 6497//3
f 6500//3 6493//3 6494//3
f 6497//3 6496//3 6495//3
f 6496//3 6502//3 6495//3
f 6495//3 6502//3 6494//3
f 6502//3 6501//3 6494//3
f 6494//3 6501//3 6500//3
f 6506//3 6504//3 6505//3
f 6504//3 6507//3 6505//3
f 6505//3 6507//3 6476//3
f 6493//3 6492//3 6494//3
f 6492//3 6506//3 6494//3
f 6494//3 6506//3 6509//3
f 6506//3 6505//3 6509//3
f 6509//3 6505//3 6470//3
f 6466//3 6468//3 6467//3
f 6476//3 6478//3 6479//3
f 6445//3 6446//3 6466//3
f 6473//3 6472//3 6470//3
f 6472//3 6471//3 6470//3
f 6470//3 6471//3 6466//3
f 6471//3 6469//3 6466//3
f 6466//3 6469//3 6468//3
f 6479//3 6477//3 6476//3
f 6477//3 6475//3 6476//3
f 6476//3 6475//3 6505//3
f 6475//3 6474//3 6505//3
f 6505//3 6474//3 6470//3
f 6474//3 6508//3 6470//3
f 6470//3 6508//3 6473//3
f 6442//3 6432//3 6433//3
f 6436//3 6435//3 6306//3
f 6435//3 6305//3 6306//3
f 6306//3 6305//3 6307//3
f 6432//3 6431//3 6433//3
f 6431//3 6436//3 6433//3
f 6433//3 6436//3 6438//3
f 6436//3 6306//3 6438//3
f 6438//3 6306//3 6422//3
f 6445//3 6456//3 6455//3
f 6446//3 6445//3 6439//3
f 6445//3 6455//3 6439//3
f 6439//3 6455//3 6441//3
f 6441//3 6440//3 6439//3
f 6440//3 6444//3 6439//3
f 6439//3 6444//3 6433//3
f 6444//3 6443//3 6433//3
f 6433//3 6443//3 6442//3
f 6385//3 6424//3 6425//3
f 6307//3 6404//3 6417//3
f 6425//3 6427//3 6430//3
f 6417//3 6416//3 6307//3
f 6416//3 6419//3 6307//3
f 6307//3 6419//3 6306//3
f 6419//3 6418//3 6306//3
f 6306//3 6418//3 6422//3
f 6418//3 6437//3 6422//3
f 6422//3 6437//3 6423//3
f 6423//3 6421//3 6422//3
f 6421//3 6420//3 6422//3
f 6422//3 6420//3 6425//3
f 6420//3 6426//3 6425//3
f 6425//3 6426//3 6427//3
f 6385//3 6386//3 6387//3
f 6424//3 6385//3 6388//3
f 6385//3 6387//3 6388//3
f 6388//3 6387//3 6389//3
f 6389//3 6390//3 6388//3
f 6390//3 6402//3 6388//3
f 6388//3 6402//3 6359//3
f 6402//3 6401//3 6359//3
f 6401//3 6400//3 6359//3
f 6359//3 6400//3 6399//3
f 6397//3 6396//3 6358//3
f 6396//3 6393//3 6358//3
f 6358//3 6393//3 6343//3
f 6399//3 6398//3 6359//3
f 6398//3 6397//3 6359//3
f 6359//3 6397//3 6357//3
f 6397//3 6358//3 6357//3
f 6357//3 6358//3 6351//3
f 6349//3 6348//3 6347//3
f 6321//3 6322//3 6347//3
f 6354//3 6353//3 6351//3
f 6353//3 6352//3 6351//3
f 6351//3 6352//3 6347//3
f 6352//3 6350//3 6347//3
f 6347//3 6350//3 6349//3
f 6343//3 6346//3 6360//3
f 6360//3 6342//3 6343//3
f 6342//3 6341//3 6343//3
f 6343//3 6341//3 6358//3
f 6341//3 6356//3 6358//3
f 6358//3 6356//3 6351//3
f 6356//3 6355//3 6351//3
f 6351//3 6355//3 6354//3
f 6311//3 6309//3 6310//3
f 6309//3 6324//3 6310//3
f 6310//3 6324//3 6530//3
f 6312//3 6318//3 6314//3
f 6314//3 6313//3 6312//3
f 6313//3 6311//3 6312//3
f 6312//3 6311//3 6540//3
f 6311//3 6310//3 6540//3
f 6540//3 6310//3 6529//3
f 6317//3 6316//3 6315//3
f 6316//3 6320//3 6315//3
f 6315//3 6320//3 6312//3
f 6320//3 6319//3 6312//3
f 6312//3 6319//3 6318//3
f 6322//3 6321//3 6315//3
f 6317//3 6315//3 6329//3
f 6315//3 6321//3 6329//3
f 6329//3 6321//3 6330//3
f 6541//3 6538//3 6537//3
f 6530//3 6533//3 6547//3
f 6518//3 6495//3 6498//3
f 6495//3 6499//3 6498//3
f 6498//3 6499//3 6537//3
f 6547//3 6532//3 6530//3
f 6532//3 6531//3 6530//3
f 6530//3 6531//3 6310//3
f 6531//3 6536//3 6310//3
f 6310//3 6536//3 6529//3
f 6536//3 6539//3 6529//3
f 6529//3 6539//3 6528//3
f 6528//3 6527//3 6529//3
f 6527//3 6543//3 6529//3
f 6529//3 6543//3 6537//3
f 6543//3 6542//3 6537//3
f 6537//3 6542//3 6541//3
f 6309//3 6308//3 6324//3
f 6308//3 6323//3 6324//3
f 6324//3 6323//3 6326//3
f 6323//3 6325//3 6326//3
f 6326//3 6325//3 6327//3
f 6334//3 6338//3 6337//3
f 6337//3 6336//3 6334//3
f 6336//3 6335//3 6334//3
f 6334//3 6335//3 6332//3
f 6335//3 6333//3 6332//3
f 6332//3 6333//3 6321//3
f 6333//3 6331//3 6321//3
f 6321//3 6331//3 6330//3
f 6327//3 6328//3 6326//3
f 6328//3 6340//3 6326//3
f 6326//3 6340//3 6334//3
f 6340//3 6339//3 6334//3
f 6334//3 6339//3 6338//3
f 6365//3 6369//3 6364//3
f 6366//3 6362//3 6346//3
f 6362//3 6361//3 6346//3
f 6346//3 6361//3 6360//3
f 6348//3 6345//3 6347//3
f 6345//3 6344//3 6347//3
f 6347//3 6344//3 6321//3
f 6344//3 6372//3 6321//3
f 6321//3 6372//3 6332//3
f 6372//3 6371//3 6332//3
f 6332//3 6371//3 6365//3
f 6371//3 6370//3 6365//3
f 6365//3 6370//3 6369//3
f 6364//3 6363//3 6365//3
f 6363//3 6368//3 6365//3
f 6365//3 6368//3 6346//3
f 6368//3 6367//3 6346//3
f 6346//3 6367//3 6366//3
f 6396//3 6395//3 6393//3
f 6395//3 6394//3 6393//3
f 6393//3 6394//3 6379//3
f 6394//3 6392//3 6379//3
f 6379//3 6392//3 6391//3
f 6377//3 6373//3 6374//3
f 6391//3 6381//3 6379//3
f 6381//3 6380//3 6379//3
f 6379//3 6380//3 6374//3
f 6380//3 6378//3 6374//3
f 6374//3 6378//3 6377//3
f 6373//3 6375//3 6374//3
f 6375//3 6376//3 6374//3
f 6374//3 6376//3 6383//3
f 6376//3 6382//3 6383//3
f 6383//3 6382//3 6385//3
f 6382//3 6384//3 6385//3
f 6385//3 6384//3 6386//3
f 6411//3 6410//3 6404//3
f 6410//3 6409//3 6404//3
f 6404//3 6409//3 6417//3
f 6430//3 6429//3 6425//3
f 6429//3 6428//3 6425//3
f 6425//3 6428//3 6385//3
f 6428//3 6412//3 6385//3
f 6385//3 6412//3 6383//3
f 6412//3 6413//3 6383//3
f 6383//3 6413//3 6403//3
f 6413//3 6414//3 6403//3
f 6414//3 6415//3 6403//3
f 6403//3 6415//3 6408//3
f 6408//3 6407//3 6403//3
f 6407//3 6406//3 6403//3
f 6403//3 6406//3 6404//3
f 6406//3 6405//3 6404//3
f 6404//3 6405//3 6411//3
f 6461//3 6448//3 6449//3
f 6435//3 6434//3 6305//3
f 6434//3 6454//3 6305//3
f 6305//3 6454//3 6452//3
f 6454//3 6453//3 6452//3
f 6452//3 6453//3 6451//3
f 6448//3 6447//3 6449//3
f 6447//3 6460//3 6449//3
f 6449//3 6460//3 6458//3
f 6460//3 6459//3 6458//3
f 6458//3 6459//3 6445//3
f 6459//3 6457//3 6445//3
f 6445//3 6457//3 6456//3
f 6451//3 6450//3 6452//3
f 6450//3 6463//3 6452//3
f 6452//3 6463//3 6449//3
f 6463//3 6462//3 6449//3
f 6449//3 6462//3 6461//3
f 6484//3 6488//3 6483//3
f 6485//3 6481//3 6478//3
f 6481//3 6480//3 6478//3
f 6478//3 6480//3 6479//3
f 6483//3 6482//3 6484//3
f 6482//3 6487//3 6484//3
f 6484//3 6487//3 6478//3
f 6487//3 6486//3 6478//3
f 6478//3 6486//3 6485//3
f 6467//3 6465//3 6466//3
f 6465//3 6464//3 6466//3
f 6466//3 6464//3 6445//3
f 6464//3 6491//3 6445//3
f 6445//3 6491//3 6458//3
f 6491//3 6490//3 6458//3
f 6458//3 6490//3 6484//3
f 6490//3 6489//3 6484//3
f 6484//3 6489//3 6488//3
f 6524//3 6516//3 6517//3
f 6504//3 6503//3 6507//3
f 6503//3 6514//3 6507//3
f 6507//3 6514//3 6512//3
f 6514//3 6513//3 6512//3
f 6512//3 6513//3 6511//3
f 6511//3 6510//3 6512//3
f 6510//3 6526//3 6512//3
f 6512//3 6526//3 6517//3
f 6526//3 6525//3 6517//3
f 6517//3 6525//3 6524//3
f 6516//3 6515//3 6517//3
f 6515//3 6523//3 6517//3
f 6517//3 6523//3 6521//3
f 6523//3 6522//3 6521//3
f 6521//3 6522//3 6498//3
f 6522//3 6520//3 6498//3
f 6498//3 6520//3 6519//3
f 6550//3 6545//3 6546//3
f 6538//3 6535//3 6537//3
f 6535//3 6534//3 6537//3
f 6537//3 6534//3 6498//3
f 6534//3 6553//3 6498//3
f 6498//3 6553//3 6521//3
f 6553//3 6552//3 6521//3
f 6521//3 6552//3 6546//3
f 6552//3 6551//3 6546//3
f 6546//3 6551//3 6550//3
f 6554//3 6549//3 6533//3
f 6549//3 6548//3 6533//3
f 6533//3 6548//3 6547//3
f 6545//3 6544//3 6546//3
f 6544//3 6556//3 6546//3
f 6546//3 6556//3 6533//3
f 6556//3 6555//3 6533//3
f 6533//3 6555//3 6554//3
f 6530//3065 6324//3065 8167//3065
f 6343//2434 8159//2434 6346//2434
f 8159//2435 8161//2435 6346//2435
f 6346//2435 8161//2435 6365//2435
f 8161//2436 8163//2436 6365//2436
f 6365//2436 8163//2436 6332//2436
f 8163//2437 8165//2437 6332//2437
f 6332//2437 8165//2437 6334//2437
f 8165//2438 8167//2438 6334//2438
f 6334//2438 8167//2438 6326//2438
f 8167//2439 6324//2439 6326//2439
f 6393//3066 8155//3066 6343//3066
f 8155//3067 8157//3067 6343//3067
f 6343//2434 8157//2434 8159//2434
f 6307//2457 8147//2457 6404//2457
f 8147//2458 8149//2458 6404//2458
f 6404//2458 8149//2458 6403//2458
f 8149//2459 8151//2459 6403//2459
f 6403//2459 8151//2459 6383//2459
f 8151//2460 8153//2460 6383//2460
f 6383//2460 8153//2460 6374//2460
f 8153//2461 8155//2461 6374//2461
f 6374//2461 8155//2461 6379//2461
f 8155//2462 6393//2462 6379//2462
f 6305//3068 8143//3068 6307//3068
f 8143//3069 8145//3069 6307//3069
f 6307//2457 8145//2457 8147//2457
f 6476//2450 8135//2450 6478//2450
f 8135//2451 8137//2451 6478//2451
f 6478//2451 8137//2451 6484//2451
f 8137//2452 8139//2452 6484//2452
f 6484//2452 8139//2452 6458//2452
f 8139//2453 8141//2453 6458//2453
f 6458//2453 8141//2453 6449//2453
f 8141//2040 8143//2040 6449//2040
f 6449//2040 8143//2040 6452//2040
f 8143//2454 6305//2454 6452//2454
f 6507//3070 8131//3070 6476//3070
f 8131//3071 8133//3071 6476//3071
f 6476//2450 8133//2450 8135//2450
f 8167//3072 8169//3072 6530//3072
f 8169//2442 8171//2442 6530//2442
f 6530//2442 8171//2442 6533//2442
f 8171//2443 8173//2443 6533//2443
f 6533//2443 8173//2443 6546//2443
f 8173//2444 8127//2444 6546//2444
f 6546//2444 8127//2444 6521//2444
f 8127//2445 8129//2445 6521//2445
f 6521//2445 8129//2445 6517//2445
f 8129//2446 8131//2446 6517//2446
f 6517//2446 8131//2446 6512//2446
f 8131//2447 6507//2447 6512//2447
f 8118//2173 6323//2173 8113//2173
f 6323//2173 6308//2173 8113//2173
f 8113//867 6308//867 8114//867
f 6308//867 6309//867 8114//867
f 8114//905 6309//905 8115//905
f 6309//905 6311//905 8115//905
f 8115//2632 6311//2632 8110//2632
f 6311//2632 6313//2632 8110//2632
f 8110//2631 6313//2631 8111//2631
f 6313//2631 6314//2631 8111//2631
f 8111//2630 6314//2630 8112//2630
f 6314//2630 6318//2630 8112//2630
f 8112//832 6318//832 8107//832
f 6318//832 6319//832 8107//832
f 8107//2175 6319//2175 8108//2175
f 6319//2175 6320//2175 8108//2175
f 8108//2176 6320//2176 8109//2176
f 6320//2176 6316//2176 8109//2176
f 8109//2177 6316//2177 8102//2177
f 6316//2177 6317//2177 8102//2177
f 8102//836 6317//836 8103//836
f 6317//836 6329//836 8103//836
f 8103//2465 6329//2465 8105//2465
f 6329//2465 6330//2465 8105//2465
f 8105//875 6330//875 8106//875
f 6330//875 6331//875 8106//875
f 8106//874 6331//874 8125//874
f 6331//874 6333//874 8125//874
f 8125//873 6333//873 8126//873
f 6333//873 6335//873 8126//873
f 8126//2471 6335//2471 8122//2471
f 6335//2471 6336//2471 8122//2471
f 8122//2470 6336//2470 8123//2470
f 6336//2470 6337//2470 8123//2470
f 8123//2469 6337//2469 8124//2469
f 6337//2469 6338//2469 8124//2469
f 8124//821 6338//821 8119//821
f 6338//821 6339//821 8119//821
f 8119//822 6339//822 8120//822
f 6339//822 6340//822 8120//822
f 8120//870 6340//870 8121//870
f 6340//870 6328//870 8121//870
f 8121//2634 6328//2634 8116//2634
f 6328//2634 6327//2634 8116//2634
f 8116//868 6327//868 8117//868
f 6327//868 6325//868 8117//868
f 8117//2633 6325//2633 8118//2633
f 6325//2633 6323//2633 8118//2633
f 8093//826 6344//826 8088//826
f 6344//826 6345//826 8088//826
f 8088//867 6345//867 8089//867
f 6345//867 6348//867 8089//867
f 8089//905 6348//905 8090//905
f 6348//905 6349//905 8090//905
f 8090//829 6349//829 8085//829
f 6349//829 6350//829 8085//829
f 8085//2185 6350//2185 8086//2185
f 6350//2185 6352//2185 8086//2185
f 8086//831 6352//831 8087//831
f 6352//831 6353//831 8087//831
f 8087//832 6353//832 8082//832
f 6353//832 6354//832 8082//832
f 8082//833 6354//833 8083//833
f 6354//833 6355//833 8083//833
f 8083//902 6355//902 8084//902
f 6355//902 6356//902 8084//902
f 8084//835 6356//835 8077//835
f 6356//835 6341//835 8077//835
f 8077//836 6341//836 8078//836
f 6341//836 6342//836 8078//836
f 8078//745 6342//745 8080//745
f 6342//745 6360//745 8080//745
f 8080//875 6360//875 8081//875
f 6360//875 6361//875 8081//875
f 8081//874 6361//874 8100//874
f 6361//874 6362//874 8100//874
f 8100//873 6362//873 8101//873
f 6362//873 6366//873 8101//873
f 8101//872 6366//872 8097//872
f 6366//872 6367//872 8097//872
f 8097//871 6367//871 8098//871
f 6367//871 6368//871 8098//871
f 8098//820 6368//820 8099//820
f 6368//820 6363//820 8099//820
f 8099//821 6363//821 8094//821
f 6363//821 6364//821 8094//821
f 8094//822 6364//822 8095//822
f 6364//822 6369//822 8095//822
f 8095//870 6369//870 8096//870
f 6369//870 6370//870 8096//870
f 8096//2634 6370//2634 8091//2634
f 6370//2634 6371//2634 8091//2634
f 8091//2635 6371//2635 8092//2635
f 6371//2635 6372//2635 8092//2635
f 8092//800 6372//800 8093//800
f 6372//800 6344//800 8093//800
f 8203//3073 8204//3073 8205//3073
f 8206//3074 8207//3074 8208//3074
f 8205//3075 8204//3075 8209//3075
f 8210//3076 8211//3076 8212//3076
f 8204//3077 8213//3077 8209//3077
f 8213//3078 8214//3078 8209//3078
f 8209//3079 8214//3079 8215//3079
f 8212//3080 8211//3080 8207//3080
f 8211//3081 8216//3081 8207//3081
f 8207//3082 8216//3082 8208//3082
f 8217//3083 8218//3083 8219//3083
f 8220//3084 8221//3084 8222//3084
f 8219//3085 8218//3085 8223//3085
f 8224//3086 8225//3086 8226//3086
f 8218//3087 8227//3087 8223//3087
f 8227//3088 8228//3088 8223//3088
f 8223//3089 8228//3089 8229//3089
f 8226//3090 8225//3090 8221//3090
f 8225//3091 8230//3091 8221//3091
f 8221//3092 8230//3092 8222//3092
f 8231//3093 8232//3093 8212//3093
f 8232//3093 8215//3093 8212//3093
f 8212//3076 8215//3076 8210//3076
f 8215//3094 8214//3094 8210//3094
f 8208//3095 8203//3095 8206//3095
f 8203//3073 8205//3073 8206//3073
f 8206//3096 8205//3096 8233//3096
f 8205//3096 8234//3096 8233//3096
f 8233//3097 8234//3097 8235//3097
f 8234//3097 8236//3097 8235//3097
f 8235//3098 8236//3098 8237//3098
f 8236//3098 8238//3098 8237//3098
f 8237//3099 8238//3099 8239//3099
f 8238//3099 8240//3099 8239//3099
f 8239//3100 8240//3100 8241//3100
f 8240//3100 8242//3100 8241//3100
f 8241//3101 8242//3101 8219//3101
f 8242//3101 8220//3101 8219//3101
f 8219//3083 8220//3083 8217//3083
f 8220//3102 8222//3102 8217//3102
f 8228//3103 8224//3103 8229//3103
f 8224//3086 8226//3086 8229//3086
f 8229//3104 8226//3104 8243//3104
f 8226//3104 8244//3104 8243//3104
f 8245//58 8246//58 8247//58
f 8248//58 8249//58 8250//58
f 8251//58 8247//58 8252//58
f 8247//58 8253//58 8252//58
f 8249//58 8254//58 8250//58
f 8254//58 8255//58 8250//58
f 8250//58 8255//58 8256//58
f 8255//58 8257//58 8256//58
f 8251//58 8258//58 8247//58
f 8258//58 8259//58 8247//58
f 8247//58 8259//58 8260//58
f 8261//58 8262//58 8263//58
f 8263//58 8264//58 8261//58
f 8264//58 8265//58 8261//58
f 8261//58 8265//58 8266//58
f 8246//58 8267//58 8247//58
f 8267//58 8268//58 8247//58
f 8247//58 8268//58 8269//58
f 8268//58 8270//58 8269//58
f 8269//58 8270//58 8271//58
f 8260//58 8272//58 8247//58
f 8272//58 8273//58 8247//58
f 8247//58 8273//58 8245//58
f 8274//58 8275//58 8276//58
f 8275//58 8277//58 8276//58
f 8276//58 8277//58 8261//58
f 8277//58 8278//58 8261//58
f 8261//58 8278//58 8262//58
f 8274//58 8279//58 8275//58
f 8279//58 8280//58 8275//58
f 8275//58 8280//58 8281//58
f 8282//58 8283//58 8247//58
f 8283//58 8284//58 8247//58
f 8285//58 8286//58 8287//58
f 8286//58 8288//58 8287//58
f 8288//58 8289//58 8287//58
f 8289//58 8290//58 8287//58
f 8287//58 8290//58 8291//58
f 8292//58 8293//58 8294//58
f 8293//58 8295//58 8294//58
f 8296//58 8297//58 8298//58
f 8297//58 8299//58 8298//58
f 8298//58 8299//58 8300//58
f 8299//58 8301//58 8300//58
f 8301//58 8302//58 8300//58
f 8302//58 8303//58 8300//58
f 8300//58 8303//58 8304//58
f 8305//58 8306//58 8300//58
f 8291//58 8256//58 8287//58
f 8256//58 8257//58 8287//58
f 8287//58 8257//58 8307//58
f 8257//58 8253//58 8307//58
f 8307//58 8253//58 8308//58
f 8253//58 8247//58 8308//58
f 8308//58 8247//58 8309//58
f 8247//58 8310//58 8309//58
f 8285//58 8287//58 8311//58
f 8287//58 8312//58 8311//58
f 8311//58 8312//58 8313//58
f 8312//58 8314//58 8313//58
f 8313//58 8314//58 8261//58
f 8315//58 8316//58 8250//58
f 8316//58 8317//58 8250//58
f 8250//58 8317//58 8248//58
f 8318//58 8319//58 8298//58
f 8295//58 8320//58 8294//58
f 8320//58 8321//58 8294//58
f 8294//58 8321//58 8298//58
f 8321//58 8322//58 8298//58
f 8298//58 8322//58 8296//58
f 8266//58 8323//58 8261//58
f 8323//58 8324//58 8261//58
f 8261//58 8324//58 8313//58
f 8324//58 8293//58 8313//58
f 8313//58 8293//58 8325//58
f 8293//58 8292//58 8325//58
f 8271//58 8326//58 8269//58
f 8326//58 8327//58 8269//58
f 8269//58 8327//58 8328//58
f 8329//58 8330//58 8331//58
f 8330//58 8332//58 8331//58
f 8319//58 8333//58 8298//58
f 8333//58 8334//58 8298//58
f 8298//58 8334//58 8294//58
f 8284//58 8335//58 8247//58
f 8335//58 8336//58 8247//58
f 8247//58 8336//58 8310//58
f 8328//58 8316//58 8269//58
f 8316//58 8315//58 8269//58
f 8269//58 8315//58 8329//58
f 8315//58 8337//58 8329//58
f 8329//58 8337//58 8330//58
f 8300//58 8306//58 8247//58
f 8306//58 8338//58 8247//58
f 8247//58 8338//58 8282//58
f 8304//58 8339//58 8300//58
f 8339//58 8340//58 8300//58
f 8300//58 8340//58 8275//58
f 8332//58 8341//58 8331//58
f 8341//58 8342//58 8331//58
f 8331//58 8342//58 8298//58
f 8342//58 8343//58 8298//58
f 8298//58 8343//58 8318//58
f 8281//58 8344//58 8275//58
f 8344//58 8345//58 8275//58
f 8275//58 8345//58 8300//58
f 8345//58 8346//58 8300//58
f 8300//58 8346//58 8305//58
f 8347//3105 8348//3105 8349//3105
f 8348//3105 8350//3105 8349//3105
f 8349//3106 8350//3106 8351//3106
f 8350//3106 8352//3106 8351//3106
f 8351//1218 8352//1218 8353//1218
f 8352//1218 8354//1218 8353//1218
f 8353//3107 8354//3107 8355//3107
f 8354//3107 8356//3107 8355//3107
f 8355//3108 8356//3108 8357//3108
f 8356//3108 8358//3108 8357//3108
f 8357//3109 8358//3109 8359//3109
f 8358//3109 8360//3109 8359//3109
f 8359//3110 8360//3110 8361//3110
f 8360//3110 8362//3110 8361//3110
f 8361//3111 8362//3111 8363//3111
f 8362//3111 8364//3111 8363//3111
f 8363//3112 8364//3112 8365//3112
f 8364//3112 8366//3112 8365//3112
f 8365//1211 8366//1211 8367//1211
f 8366//1211 8368//1211 8367//1211
f 8367//3113 8368//3113 8369//3113
f 8368//3113 8370//3113 8369//3113
f 8369//3114 8370//3114 8371//3114
f 8370//3114 8372//3114 8371//3114
f 8371//3115 8372//3115 8373//3115
f 8372//3115 8374//3115 8373//3115
f 8373//3116 8374//3116 8375//3116
f 8374//3116 8376//3116 8375//3116
f 8375//3117 8376//3117 8377//3117
f 8376//3117 8378//3117 8377//3117
f 8377//3118 8378//3118 8379//3118
f 8378//3118 8380//3118 8379//3118
f 8379//3119 8380//3119 8381//3119
f 8380//3119 8382//3119 8381//3119
f 8381//3120 8382//3120 8383//3120
f 8382//3120 8384//3120 8383//3120
f 8383//3121 8384//3121 8385//3121
f 8384//3121 8386//3121 8385//3121
f 8385//3122 8386//3122 8387//3122
f 8386//3122 8388//3122 8387//3122
f 8387//3123 8388//3123 8389//3123
f 8388//3123 8390//3123 8389//3123
f 8389//3124 8390//3124 8391//3124
f 8390//3124 8392//3124 8391//3124
f 8391//3125 8392//3125 8393//3125
f 8392//3125 8394//3125 8393//3125
f 8393//3126 8394//3126 8347//3126
f 8394//3126 8348//3126 8347//3126
f 8395//3105 8396//3105 8397//3105
f 8396//3105 8398//3105 8397//3105
f 8397//3106 8398//3106 8399//3106
f 8398//3106 8400//3106 8399//3106
f 8399//1218 8400//1218 8401//1218
f 8400//1218 8402//1218 8401//1218
f 8401//3107 8402//3107 8403//3107
f 8402//3107 8404//3107 8403//3107
f 8403//3108 8404//3108 8405//3108
f 8404//3108 8406//3108 8405//3108
f 8405//3109 8406//3109 8407//3109
f 8406//3109 8408//3109 8407//3109
f 8407//3110 8408//3110 8409//3110
f 8408//3110 8410//3110 8409//3110
f 8409//3111 8410//3111 8411//3111
f 8410//3111 8412//3111 8411//3111
f 8411//3112 8412//3112 8413//3112
f 8412//3112 8414//3112 8413//3112
f 8413//1211 8414//1211 8415//1211
f 8414//1211 8416//1211 8415//1211
f 8415//3113 8416//3113 8417//3113
f 8416//3113 8418//3113 8417//3113
f 8417//3114 8418//3114 8419//3114
f 8418//3114 8420//3114 8419//3114
f 8419//3115 8420//3115 8421//3115
f 8420//3115 8422//3115 8421//3115
f 8421//3116 8422//3116 8423//3116
f 8422//3116 8424//3116 8423//3116
f 8423//3117 8424//3117 8425//3117
f 8424//3117 8426//3117 8425//3117
f 8425//3118 8426//3118 8427//3118
f 8426//3118 8428//3118 8427//3118
f 8427//3119 8428//3119 8429//3119
f 8428//3119 8430//3119 8429//3119
f 8429//3120 8430//3120 8431//3120
f 8430//3120 8432//3120 8431//3120
f 8431//3121 8432//3121 8433//3121
f 8432//3121 8434//3121 8433//3121
f 8433//3122 8434//3122 8435//3122
f 8434//3122 8436//3122 8435//3122
f 8435//3123 8436//3123 8437//3123
f 8436//3123 8438//3123 8437//3123
f 8437//3124 8438//3124 8439//3124
f 8438//3124 8440//3124 8439//3124
f 8439//3125 8440//3125 8441//3125
f 8440//3125 8442//3125 8441//3125
f 8441//3126 8442//3126 8395//3126
f 8442//3126 8396//3126 8395//3126
f 8443//3127 8210//3127 8444//3127
f 8210//3127 8214//3127 8444//3127
f 8445//58 8211//58 8443//58
f 8211//58 8210//58 8443//58
f 8446//3128 8216//3128 8445//3128
f 8216//3128 8211//3128 8445//3128
f 8216//3129 8446//3129 8208//3129
f 8446//3130 8447//3130 8208//3130
f 8208//3131 8447//3131 8203//3131
f 8448//3 8204//3 8447//3
f 8204//3 8203//3 8447//3
f 8444//3132 8214//3132 8448//3132
f 8214//3133 8213//3133 8448//3133
f 8448//3134 8213//3134 8204//3134
f 8373//72 8375//72 8448//72
f 8351//72 8353//72 8445//72
f 8357//72 8359//72 8446//72
f 8359//72 8361//72 8446//72
f 8446//72 8361//72 8447//72
f 8361//72 8363//72 8447//72
f 8447//72 8363//72 8365//72
f 8365//72 8367//72 8447//72
f 8367//72 8369//72 8447//72
f 8447//72 8369//72 8448//72
f 8369//72 8371//72 8448//72
f 8448//72 8371//72 8373//72
f 8375//72 8377//72 8448//72
f 8377//72 8379//72 8448//72
f 8448//72 8379//72 8444//72
f 8379//72 8381//72 8444//72
f 8444//72 8381//72 8383//72
f 8445//72 8353//72 8446//72
f 8353//72 8355//72 8446//72
f 8446//72 8355//72 8357//72
f 8383//72 8385//72 8444//72
f 8385//72 8387//72 8444//72
f 8444//72 8387//72 8443//72
f 8387//72 8389//72 8443//72
f 8443//72 8389//72 8391//72
f 8391//72 8393//72 8443//72
f 8393//72 8347//72 8443//72
f 8443//72 8347//72 8445//72
f 8347//72 8349//72 8445//72
f 8445//72 8349//72 8351//72
f 8449//3135 8228//3135 8450//3135
f 8228//3136 8227//3136 8450//3136
f 8450//3131 8227//3131 8218//3131
f 8451//3 8450//3 8217//3
f 8450//3 8218//3 8217//3
f 8402//59 8452//59 8404//59
f 8452//59 8449//59 8404//59
f 8404//59 8449//59 8406//59
f 8449//59 8408//59 8406//59
f 8402//59 8400//59 8452//59
f 8400//59 8398//59 8452//59
f 8452//59 8398//59 8453//59
f 8398//59 8396//59 8453//59
f 8453//59 8396//59 8442//59
f 8426//59 8424//59 8451//59
f 8416//59 8414//59 8450//59
f 8414//59 8412//59 8450//59
f 8450//59 8412//59 8449//59
f 8412//59 8410//59 8449//59
f 8449//59 8410//59 8408//59
f 8442//59 8440//59 8453//59
f 8440//59 8438//59 8453//59
f 8453//59 8438//59 8454//59
f 8438//59 8436//59 8454//59
f 8454//59 8436//59 8434//59
f 8434//59 8432//59 8454//59
f 8432//59 8430//59 8454//59
f 8454//59 8430//59 8451//59
f 8430//59 8428//59 8451//59
f 8451//59 8428//59 8426//59
f 8424//59 8422//59 8451//59
f 8422//59 8420//59 8451//59
f 8451//59 8420//59 8450//59
f 8420//59 8418//59 8450//59
f 8450//59 8418//59 8416//59
f 8230//3137 8454//3137 8222//3137
f 8454//3138 8451//3138 8222//3138
f 8222//3134 8451//3134 8217//3134
f 8453//3127 8454//3127 8225//3127
f 8454//3127 8230//3127 8225//3127
f 8452//58 8453//58 8224//58
f 8453//58 8225//58 8224//58
f 8449//3128 8452//3128 8228//3128
f 8452//3128 8224//3128 8228//3128
f 8269//3139 8329//3139 8455//3139
f 8329//3139 8456//3139 8455//3139
f 8331//3140 8298//3140 8457//3140
f 8298//3140 8458//3140 8457//3140
f 8459//1 8460//1 8461//1
f 8462//1 8463//1 8464//1
f 8463//1 8465//1 8464//1
f 8464//1 8465//1 8466//1
f 8465//1 8467//1 8466//1
f 8466//1 8467//1 8468//1
f 8468//1 8469//1 8466//1
f 8469//1 8470//1 8466//1
f 8466//1 8470//1 8471//1
f 8470//1 8472//1 8471//1
f 8472//1 8473//1 8471//1
f 8473//1 8474//1 8471//1
f 8471//1 8474//1 8461//1
f 8474//1 8475//1 8461//1
f 8461//1 8475//1 8459//1
f 8476//1 8477//1 8478//1
f 8477//1 8479//1 8478//1
f 8478//1 8479//1 8464//1
f 8479//1 8480//1 8464//1
f 8464//1 8480//1 8462//1
f 8481//1 8482//1 8483//1
f 8482//1 8484//1 8483//1
f 8483//1 8484//1 8478//1
f 8484//1 8485//1 8478//1
f 8478//1 8485//1 8476//1
f 8460//1 8486//1 8461//1
f 8486//1 8487//1 8461//1
f 8461//1 8487//1 8483//1
f 8487//1 8488//1 8483//1
f 8483//1 8488//1 8481//1
f 8478//59 8489//59 8483//59
f 8489//59 8490//59 8483//59
f 8483//3141 8490//3141 8461//3141
f 8490//3141 8491//3141 8461//3141
f 8461//3142 8491//3142 8471//3142
f 8491//3142 8492//3142 8471//3142
f 8471//72 8492//72 8466//72
f 8492//72 8493//72 8466//72
f 8466//3143 8493//3143 8464//3143
f 8493//3143 8494//3143 8464//3143
f 8464//3144 8494//3144 8478//3144
f 8494//3144 8489//3144 8478//3144
f 8460//3145 8495//3145 8486//3145
f 8495//3146 8496//3146 8486//3146
f 8486//3147 8496//3147 8487//3147
f 8496//3147 8497//3147 8487//3147
f 8487//1696 8497//1696 8488//1696
f 8497//1696 8498//1696 8488//1696
f 8488//3148 8498//3148 8481//3148
f 8498//3148 8499//3148 8481//3148
f 8481//3149 8499//3149 8482//3149
f 8499//3149 8500//3149 8482//3149
f 8482//1366 8500//1366 8484//1366
f 8500//1366 8501//1366 8484//1366
f 8484//3150 8501//3150 8485//3150
f 8501//3150 8502//3150 8485//3150
f 8485//3151 8502//3151 8476//3151
f 8502//3151 8503//3151 8476//3151
f 8476//3152 8503//3152 8477//3152
f 8503//3152 8504//3152 8477//3152
f 8477//1702 8504//1702 8479//1702
f 8504//1702 8505//1702 8479//1702
f 8479//3153 8505//3153 8480//3153
f 8505//3153 8506//3153 8480//3153
f 8480//3154 8506//3154 8462//3154
f 8506//3154 8507//3154 8462//3154
f 8462//3155 8507//3155 8463//3155
f 8507//3155 8508//3155 8463//3155
f 8463//3156 8508//3156 8465//3156
f 8508//3156 8509//3156 8465//3156
f 8465//1685 8509//1685 8467//1685
f 8509//1685 8510//1685 8467//1685
f 8467//3157 8510//3157 8468//3157
f 8510//3157 8511//3157 8468//3157
f 8468//3158 8511//3158 8469//3158
f 8511//3158 8512//3158 8469//3158
f 8469//3159 8512//3159 8470//3159
f 8512//3159 8513//3159 8470//3159
f 8470//1377 8513//1377 8472//1377
f 8513//1377 8514//1377 8472//1377
f 8472//3160 8514//3160 8473//3160
f 8514//3160 8515//3160 8473//3160
f 8473//3161 8515//3161 8474//3161
f 8515//3161 8516//3161 8474//3161
f 8474//1691 8516//1691 8475//1691
f 8516//1691 8517//1691 8475//1691
f 8475//3162 8517//3162 8459//3162
f 8517//3162 8518//3162 8459//3162
f 8459//3163 8518//3163 8460//3163
f 8518//3164 8495//3164 8460//3164
f 8517//2 8516//2 8329//2
f 8517//2 8329//2 8518//2
f 8516//2 8515//2 8329//2
f 8515//2 8514//2 8329//2
f 8329//2 8514//2 8456//2
f 8514//2 8513//2 8456//2
f 8456//2 8513//2 8512//2
f 8512//2 8511//2 8456//2
f 8511//2 8510//2 8456//2
f 8456//2 8510//2 8509//2
f 8509//2 8508//2 8456//2
f 8508//2 8507//2 8456//2
f 8456//2 8507//2 8457//2
f 8507//2 8506//2 8457//2
f 8506//2 8505//2 8457//2
f 8505//2 8504//2 8457//2
f 8457//2 8504//2 8503//2
f 8331//2 8496//2 8329//2
f 8496//2 8495//2 8329//2
f 8329//2 8495//2 8518//2
f 8503//2 8502//2 8457//2
f 8502//2 8501//2 8457//2
f 8457//2 8501//2 8331//2
f 8501//2 8500//2 8331//2
f 8331//2 8500//2 8499//2
f 8499//2 8498//2 8331//2
f 8498//2 8497//2 8331//2
f 8331//2 8497//2 8496//2
f 8490//1 8242//1 8240//1
f 8493//1 8232//1 8494//1
f 8232//1 8244//1 8494//1
f 8494//1 8244//1 8489//1
f 8234//1 8205//1 8492//1
f 8205//1 8209//1 8492//1
f 8492//1 8209//1 8493//1
f 8209//1 8215//1 8493//1
f 8493//1 8215//1 8232//1
f 8490//1 8240//1 8491//1
f 8240//1 8238//1 8491//1
f 8491//1 8238//1 8492//1
f 8238//1 8236//1 8492//1
f 8492//1 8236//1 8234//1
f 8244//1 8226//1 8489//1
f 8226//1 8221//1 8489//1
f 8489//1 8221//1 8490//1
f 8221//1 8220//1 8490//1
f 8490//1 8220//1 8242//1
f 8301//3165 8519//3165 8302//3165
f 8519//3165 8520//3165 8302//3165
f 8302//1393 8520//1393 8303//1393
f 8520//1393 8521//1393 8303//1393
f 8303//3166 8521//3166 8304//3166
f 8521//3166 8522//3166 8304//3166
f 8304//3167 8522//3167 8339//3167
f 8522//3167 8523//3167 8339//3167
f 8339//3168 8523//3168 8340//3168
f 8523//3168 8524//3168 8340//3168
f 8340//3169 8524//3169 8275//3169
f 8524//3169 8525//3169 8275//3169
f 8275//3170 8525//3170 8277//3170
f 8525//3170 8526//3170 8277//3170
f 8277//3171 8526//3171 8278//3171
f 8526//3171 8527//3171 8278//3171
f 8278//3172 8527//3172 8262//3172
f 8527//3172 8528//3172 8262//3172
f 8262//3173 8528//3173 8263//3173
f 8528//3173 8529//3173 8263//3173
f 8263//1402 8529//1402 8264//1402
f 8529//1402 8530//1402 8264//1402
f 8264//3174 8530//3174 8265//3174
f 8530//3174 8531//3174 8265//3174
f 8265//1404 8531//1404 8266//1404
f 8531//1404 8532//1404 8266//1404
f 8266//1405 8532//1405 8323//1405
f 8532//1405 8533//1405 8323//1405
f 8323//3175 8533//3175 8324//3175
f 8533//3175 8534//3175 8324//3175
f 8324//3176 8534//3176 8293//3176
f 8534//3176 8535//3176 8293//3176
f 8293//3177 8535//3177 8295//3177
f 8535//3177 8536//3177 8295//3177
f 8295//3178 8536//3178 8320//3178
f 8536//3178 8537//3178 8320//3178
f 8320//3179 8537//3179 8321//3179
f 8537//3179 8538//3179 8321//3179
f 8321//3180 8538//3180 8322//3180
f 8538//3180 8539//3180 8322//3180
f 8322//3181 8539//3181 8296//3181
f 8539//3181 8540//3181 8296//3181
f 8296//3182 8540//3182 8297//3182
f 8540//3182 8541//3182 8297//3182
f 8297//1414 8541//1414 8299//1414
f 8541//1414 8542//1414 8299//1414
f 8299//1415 8542//1415 8301//1415
f 8542//1415 8519//1415 8301//1415
f 8344//3165 8543//3165 8345//3165
f 8543//3165 8544//3165 8345//3165
f 8345//1416 8544//1416 8346//1416
f 8544//1416 8545//1416 8346//1416
f 8346//3183 8545//3183 8305//3183
f 8545//3183 8546//3183 8305//3183
f 8305//3167 8546//3167 8306//3167
f 8546//3167 8547//3167 8306//3167
f 8306//3168 8547//3168 8338//3168
f 8547//3168 8548//3168 8338//3168
f 8338//3184 8548//3184 8282//3184
f 8548//3184 8549//3184 8282//3184
f 8282//3185 8549//3185 8283//3185
f 8549//3185 8550//3185 8283//3185
f 8283//3171 8550//3171 8284//3171
f 8550//3171 8551//3171 8284//3171
f 8284//3172 8551//3172 8335//3172
f 8551//3172 8552//3172 8335//3172
f 8335//3186 8552//3186 8336//3186
f 8552//3186 8553//3186 8336//3186
f 8336//1421 8553//1421 8310//1421
f 8553//1421 8554//1421 8310//1421
f 8310//3174 8554//3174 8309//3174
f 8554//3174 8555//3174 8309//3174
f 8309//1404 8555//1404 8308//1404
f 8555//1404 8556//1404 8308//1404
f 8308//1422 8556//1422 8307//1422
f 8556//1422 8557//1422 8307//1422
f 8307//3187 8557//3187 8287//3187
f 8557//3187 8558//3187 8287//3187
f 8287//3176 8558//3176 8312//3176
f 8558//3176 8559//3176 8312//3176
f 8312//3177 8559//3177 8314//3177
f 8559//3177 8560//3177 8314//3177
f 8314//3188 8560//3188 8261//3188
f 8560//3188 8561//3188 8261//3188
f 8261//3189 8561//3189 8276//3189
f 8561//3189 8562//3189 8276//3189
f 8276//3180 8562//3180 8274//3180
f 8562//3180 8563//3180 8274//3180
f 8274//3181 8563//3181 8279//3181
f 8563//3181 8564//3181 8279//3181
f 8279//3190 8564//3190 8280//3190
f 8564//3190 8565//3190 8280//3190
f 8280//1427 8565//1427 8281//1427
f 8565//1427 8566//1427 8281//1427
f 8281//1415 8566//1415 8344//1415
f 8566//1415 8543//1415 8344//1415
f 8567//1 8231//1 8212//1
f 8567//1 8212//1 8247//1
f 8212//1 8207//1 8247//1
f 8247//1 8207//1 8206//1
f 8247//1 8237//1 8300//1
f 8237//1 8239//1 8300//1
f 8300//1 8239//1 8241//1
f 8241//1 8219//1 8300//1
f 8219//1 8223//1 8300//1
f 8300//1 8223//1 8568//1
f 8223//1 8229//1 8568//1
f 8568//1 8229//1 8243//1
f 8206//1 8233//1 8247//1
f 8233//1 8235//1 8247//1
f 8247//1 8235//1 8237//1
f 8294//1392 8569//1392 8292//1392
f 8569//1392 8570//1392 8292//1392
f 8292//1393 8570//1393 8325//1393
f 8570//1393 8571//1393 8325//1393
f 8325//1394 8571//1394 8313//1394
f 8571//1394 8572//1394 8313//1394
f 8313//1395 8572//1395 8311//1395
f 8572//1395 8573//1395 8311//1395
f 8311//1396 8573//1396 8285//1396
f 8573//1396 8574//1396 8285//1396
f 8285//1397 8574//1397 8286//1397
f 8574//1397 8575//1397 8286//1397
f 8286//1398 8575//1398 8288//1398
f 8575//1398 8576//1398 8288//1398
f 8288//1399 8576//1399 8289//1399
f 8576//1399 8577//1399 8289//1399
f 8289//1400 8577//1400 8290//1400
f 8577//1400 8578//1400 8290//1400
f 8290//1401 8578//1401 8291//1401
f 8578//1401 8579//1401 8291//1401
f 8291//1402 8579//1402 8256//1402
f 8579//1402 8580//1402 8256//1402
f 8256//1403 8580//1403 8250//1403
f 8580//1403 8581//1403 8250//1403
f 8250//1404 8581//1404 8315//1404
f 8581//1404 8582//1404 8315//1404
f 8315//1405 8582//1405 8337//1405
f 8582//1405 8583//1405 8337//1405
f 8337//1406 8583//1406 8330//1406
f 8583//1406 8584//1406 8330//1406
f 8330//1407 8584//1407 8332//1407
f 8584//1407 8585//1407 8332//1407
f 8332//1408 8585//1408 8341//1408
f 8585//1408 8586//1408 8341//1408
f 8341//1409 8586//1409 8342//1409
f 8586//1409 8587//1409 8342//1409
f 8342//1410 8587//1410 8343//1410
f 8587//1410 8588//1410 8343//1410
f 8343//1411 8588//1411 8318//1411
f 8588//1411 8589//1411 8318//1411
f 8318//1412 8589//1412 8319//1412
f 8589//1412 8590//1412 8319//1412
f 8319//1413 8590//1413 8333//1413
f 8590//1413 8591//1413 8333//1413
f 8333//1414 8591//1414 8334//1414
f 8591//1414 8592//1414 8334//1414
f 8334//1415 8592//1415 8294//1415
f 8592//1415 8569//1415 8294//1415
f 8257//1392 8593//1392 8253//1392
f 8593//1392 8594//1392 8253//1392
f 8253//1416 8594//1416 8252//1416
f 8594//1416 8595//1416 8252//1416
f 8252//1417 8595//1417 8251//1417
f 8595//1417 8596//1417 8251//1417
f 8251//1395 8596//1395 8258//1395
f 8596//1395 8597//1395 8258//1395
f 8258//1396 8597//1396 8259//1396
f 8597//1396 8598//1396 8259//1396
f 8259//1418 8598//1418 8260//1418
f 8598//1418 8599//1418 8260//1418
f 8260//1419 8599//1419 8272//1419
f 8599//1419 8600//1419 8272//1419
f 8272//1399 8600//1399 8273//1399
f 8600//1399 8601//1399 8273//1399
f 8273//1400 8601//1400 8245//1400
f 8601//1400 8602//1400 8245//1400
f 8245//1420 8602//1420 8246//1420
f 8602//1420 8603//1420 8246//1420
f 8246//1421 8603//1421 8267//1421
f 8603//1421 8604//1421 8267//1421
f 8267//1403 8604//1403 8268//1403
f 8604//1403 8605//1403 8268//1403
f 8268//1404 8605//1404 8270//1404
f 8605//1404 8606//1404 8270//1404
f 8270//1422 8606//1422 8271//1422
f 8606//1422 8607//1422 8271//1422
f 8271//1423 8607//1423 8326//1423
f 8607//1423 8608//1423 8326//1423
f 8326//1407 8608//1407 8327//1407
f 8608//1407 8609//1407 8327//1407
f 8327//1408 8609//1408 8328//1408
f 8609//1408 8610//1408 8328//1408
f 8328//1424 8610//1424 8316//1424
f 8610//1424 8611//1424 8316//1424
f 8316//1425 8611//1425 8317//1425
f 8611//1425 8612//1425 8317//1425
f 8317//1411 8612//1411 8248//1411
f 8612//1411 8613//1411 8248//1411
f 8248//1412 8613//1412 8249//1412
f 8613//1412 8614//1412 8249//1412
f 8249//1426 8614//1426 8254//1426
f 8614//1426 8615//1426 8254//1426
f 8254//1427 8615//1427 8255//1427
f 8615//1427 8616//1427 8255//1427
f 8255//1415 8616//1415 8257//1415
f 8616//1415 8593//1415 8257//1415
f 8358//59 8356//59 8567//59
f 8356//59 8354//59 8567//59
f 8567//59 8354//59 8352//59
f 8388//59 8455//59 8390//59
f 8455//59 8392//59 8390//59
f 8378//59 8376//59 8269//59
f 8247//59 8368//59 8366//59
f 8352//59 8350//59 8567//59
f 8350//59 8348//59 8567//59
f 8567//59 8348//59 8455//59
f 8348//59 8394//59 8455//59
f 8455//59 8394//59 8392//59
f 8378//59 8269//59 8380//59
f 8366//59 8364//59 8247//59
f 8364//59 8362//59 8247//59
f 8247//59 8362//59 8567//59
f 8362//59 8360//59 8567//59
f 8567//59 8360//59 8358//59
f 8388//59 8386//59 8455//59
f 8386//59 8384//59 8455//59
f 8455//59 8384//59 8269//59
f 8384//59 8382//59 8269//59
f 8269//59 8382//59 8380//59
f 8376//59 8374//59 8269//59
f 8374//59 8372//59 8269//59
f 8269//59 8372//59 8247//59
f 8372//59 8370//59 8247//59
f 8247//59 8370//59 8368//59
f 8520//3 8519//3 8568//3
f 8232//3 8456//3 8244//3
f 8456//3 8457//3 8244//3
f 8244//3 8457//3 8458//3
f 8568//3 8519//3 8458//3
f 8458//3 8569//3 8592//3
f 8578//3 8577//3 8541//3
f 8519//3 8542//3 8458//3
f 8542//3 8541//3 8458//3
f 8458//3 8541//3 8569//3
f 8541//3 8570//3 8569//3
f 8523//3 8522//3 8568//3
f 8522//3 8521//3 8568//3
f 8568//3 8521//3 8520//3
f 8563//3 8562//3 8455//3
f 8548//3 8547//3 8231//3
f 8540//3 8539//3 8580//3
f 8539//3 8538//3 8580//3
f 8580//3 8538//3 8581//3
f 8574//3 8573//3 8541//3
f 8585//3 8584//3 8244//3
f 8563//3 8455//3 8564//3
f 8540//3 8580//3 8541//3
f 8580//3 8579//3 8541//3
f 8541//3 8579//3 8578//3
f 8573//3 8572//3 8541//3
f 8572//3 8571//3 8541//3
f 8541//3 8571//3 8570//3
f 8592//3 8591//3 8458//3
f 8591//3 8590//3 8458//3
f 8458//3 8590//3 8589//3
f 8534//3 8533//3 8244//3
f 8533//3 8532//3 8244//3
f 8244//3 8532//3 8243//3
f 8532//3 8531//3 8243//3
f 8243//3 8531//3 8530//3
f 8530//3 8529//3 8243//3
f 8529//3 8528//3 8243//3
f 8243//3 8528//3 8527//3
f 8527//3 8526//3 8243//3
f 8526//3 8525//3 8243//3
f 8243//3 8525//3 8568//3
f 8525//3 8524//3 8568//3
f 8568//3 8524//3 8523//3
f 8609//3 8608//3 8455//3
f 8608//3 8607//3 8455//3
f 8607//3 8606//3 8455//3
f 8606//3 8605//3 8455//3
f 8455//3 8605//3 8604//3
f 8555//3 8567//3 8455//3
f 8232//3 8231//3 8543//3
f 8231//3 8544//3 8543//3
f 8566//3 8604//3 8603//3
f 8596//3 8595//3 8543//3
f 8604//3 8566//3 8455//3
f 8566//3 8565//3 8455//3
f 8455//3 8565//3 8564//3
f 8455//3 8559//3 8558//3
f 8547//3 8546//3 8231//3
f 8546//3 8545//3 8231//3
f 8231//3 8545//3 8544//3
f 8577//3 8576//3 8541//3
f 8576//3 8575//3 8541//3
f 8541//3 8575//3 8574//3
f 8589//3 8588//3 8458//3
f 8588//3 8587//3 8458//3
f 8458//3 8587//3 8244//3
f 8587//3 8586//3 8244//3
f 8244//3 8586//3 8585//3
f 8615//3 8614//3 8232//3
f 8562//3 8561//3 8455//3
f 8561//3 8560//3 8455//3
f 8455//3 8560//3 8559//3
f 8558//3 8557//3 8455//3
f 8557//3 8556//3 8455//3
f 8455//3 8556//3 8555//3
f 8555//3 8554//3 8567//3
f 8554//3 8553//3 8567//3
f 8567//3 8553//3 8552//3
f 8552//3 8551//3 8567//3
f 8551//3 8550//3 8567//3
f 8567//3 8550//3 8231//3
f 8550//3 8549//3 8231//3
f 8231//3 8549//3 8548//3
f 8584//3 8583//3 8244//3
f 8583//3 8582//3 8244//3
f 8244//3 8582//3 8581//3
f 8595//3 8594//3 8543//3
f 8594//3 8593//3 8543//3
f 8543//3 8593//3 8232//3
f 8593//3 8616//3 8232//3
f 8232//3 8616//3 8615//3
f 8603//3 8602//3 8566//3
f 8602//3 8601//3 8566//3
f 8566//3 8601//3 8600//3
f 8600//3 8599//3 8566//3
f 8599//3 8598//3 8566//3
f 8566//3 8598//3 8543//3
f 8598//3 8597//3 8543//3
f 8543//3 8597//3 8596//3
f 8538//3 8537//3 8581//3
f 8537//3 8536//3 8581//3
f 8581//3 8536//3 8244//3
f 8536//3 8535//3 8244//3
f 8244//3 8535//3 8534//3
f 8614//3 8613//3 8232//3
f 8613//3 8612//3 8232//3
f 8232//3 8612//3 8456//3
f 8612//3 8611//3 8456//3
f 8456//3 8611//3 8455//3
f 8611//3 8610//3 8455//3
f 8455//3 8610//3 8609//3
f 8298//72 8423//72 8425//72
f 8415//72 8300//72 8413//72
f 8300//72 8411//72 8413//72
f 8415//72 8417//72 8300//72
f 8417//72 8419//72 8300//72
f 8300//72 8419//72 8298//72
f 8419//72 8421//72 8298//72
f 8298//72 8421//72 8423//72
f 8399//72 8401//72 8568//72
f 8401//72 8403//72 8568//72
f 8403//72 8405//72 8568//72
f 8405//72 8407//72 8568//72
f 8568//72 8407//72 8300//72
f 8407//72 8409//72 8300//72
f 8300//72 8409//72 8411//72
f 8425//72 8427//72 8298//72
f 8427//72 8429//72 8298//72
f 8298//72 8429//72 8458//72
f 8429//72 8431//72 8458//72
f 8458//72 8431//72 8433//72
f 8433//72 8435//72 8458//72
f 8435//72 8437//72 8458//72
f 8458//72 8437//72 8439//72
f 8439//72 8441//72 8458//72
f 8441//72 8395//72 8458//72
f 8458//72 8395//72 8568//72
f 8395//72 8397//72 8568//72
f 8568//72 8397//72 8399//72
f 8617//1 8618//1 8619//1
f 8618//1 8620//1 8619//1
f 8619//1 8620//1 8621//1
f 8622//1 8623//1 8624//1
f 8623//1 8625//1 8624//1
f 8624//1 8625//1 8626//1
f 8627//2 8628//2 8629//2
f 8628//2 8630//2 8629//2
f 8629//2 8630//2 8631//2
f 8632//3 8624//3 8633//3
f 8624//3 8634//3 8633//3
f 8635//3 8636//3 8629//3
f 8636//3 8637//3 8629//3
f 8629//3 8637//3 8638//3
f 8638//3 8639//3 8629//3
f 8639//3 8640//3 8629//3
f 8629//3 8640//3 8624//3
f 8640//3 8641//3 8624//3
f 8624//3 8641//3 8634//3
f 8631//3 8642//3 8629//3
f 8642//3 8643//3 8629//3
f 8629//3 8643//3 8635//3
f 8632//3 8644//3 8624//3
f 8644//3 8645//3 8624//3
f 8624//3 8645//3 8622//3
f 8645//3 8646//3 8622//3
f 8646//3 8647//3 8622//3
f 8647//3 8648//3 8622//3
f 8622//3 8648//3 8649//3
f 8650//3 8651//3 8631//3
f 8651//3 8652//3 8631//3
f 8631//3 8652//3 8642//3
f 8649//3 8653//3 8622//3
f 8653//3 8654//3 8622//3
f 8622//3 8654//3 8631//3
f 8654//3 8655//3 8631//3
f 8631//3 8655//3 8650//3
f 8627//4 8656//4 8657//4
f 8618//5 8617//5 8658//5
f 8617//6 8659//6 8658//6
f 8658//6 8659//6 8660//6
f 8658//5 8661//5 8618//5
f 8661//7 8662//7 8618//7
f 8618//7 8662//7 8620//7
f 8662//8 8663//8 8620//8
f 8620//8 8663//8 8621//8
f 8664//4 8665//4 8626//4
f 8626//9 8625//9 8628//9
f 8625//10 8623//10 8628//10
f 8628//10 8623//10 8630//10
f 8623//11 8622//11 8630//11
f 8630//11 8622//11 8631//11
f 8628//9 8627//9 8626//9
f 8627//4 8657//4 8626//4
f 8626//4 8657//4 8664//4
f 8657//12 8666//12 8664//12
f 8664//12 8666//12 8667//12
f 8666//13 8668//13 8667//13
f 8667//13 8668//13 8669//13
f 8668//14 8670//14 8669//14
f 8669//14 8670//14 8671//14
f 8670//15 8659//15 8671//15
f 8671//15 8659//15 8672//15
f 8659//6 8617//6 8672//6
f 8672//6 8617//6 8673//6
f 8674//16 8673//16 8619//16
f 8673//16 8617//16 8619//16
f 8665//17 8675//17 8626//17
f 8675//17 8624//17 8626//17
f 8663//2 8662//2 8676//2
f 8662//2 8661//2 8676//2
f 8676//2 8661//2 8658//2
f 8627//17 8629//17 8656//17
f 8629//17 8677//17 8656//17
f 8676//16 8658//16 8678//16
f 8658//16 8660//16 8678//16
f 8679//3191 8640//3191 8680//3191
f 8640//3191 8639//3191 8680//3191
f 8680//3192 8639//3192 8681//3192
f 8639//3192 8638//3192 8681//3192
f 8681//20 8638//20 8682//20
f 8638//20 8637//20 8682//20
f 8682//21 8637//21 8683//21
f 8637//21 8636//21 8683//21
f 8683//22 8636//22 8684//22
f 8636//22 8635//22 8684//22
f 8684//23 8635//23 8685//23
f 8635//23 8643//23 8685//23
f 8685//24 8643//24 8686//24
f 8643//24 8642//24 8686//24
f 8686//25 8642//25 8687//25
f 8642//25 8652//25 8687//25
f 8687//26 8652//26 8688//26
f 8652//26 8651//26 8688//26
f 8688//27 8651//27 8689//27
f 8651//27 8650//27 8689//27
f 8689//3193 8650//3193 8690//3193
f 8650//3193 8655//3193 8690//3193
f 8690//3194 8655//3194 8691//3194
f 8655//3194 8654//3194 8691//3194
f 8691//30 8654//30 8692//30
f 8654//30 8653//30 8692//30
f 8692//31 8653//31 8693//31
f 8653//31 8649//31 8693//31
f 8693//32 8649//32 8694//32
f 8649//32 8648//32 8694//32
f 8694//33 8648//33 8695//33
f 8648//33 8647//33 8695//33
f 8695//34 8647//34 8696//34
f 8647//34 8646//34 8696//34
f 8696//35 8646//35 8697//35
f 8646//35 8645//35 8697//35
f 8697//36 8645//36 8698//36
f 8645//36 8644//36 8698//36
f 8698//37 8644//37 8699//37
f 8644//37 8632//37 8699//37
f 8699//38 8632//38 8700//38
f 8632//38 8633//38 8700//38
f 8700//39 8633//39 8701//39
f 8633//39 8634//39 8701//39
f 8701//40 8634//40 8702//40
f 8634//40 8641//40 8702//40
f 8702//41 8641//41 8679//41
f 8641//41 8640//41 8679//41
f 8703//3195 8704//3195 8705//3195
f 8704//3195 8706//3195 8705//3195
f 8705//3196 8706//3196 8707//3196
f 8706//3196 8708//3196 8707//3196
f 8707//44 8708//44 8709//44
f 8708//44 8710//44 8709//44
f 8709//21 8710//21 8711//21
f 8710//21 8712//21 8711//21
f 8711//45 8712//45 8713//45
f 8712//45 8714//45 8713//45
f 8713//23 8714//23 8715//23
f 8714//23 8716//23 8715//23
f 8715//24 8716//24 8717//24
f 8716//24 8718//24 8717//24
f 8717//46 8718//46 8719//46
f 8718//46 8720//46 8719//46
f 8719//26 8720//26 8721//26
f 8720//26 8722//26 8721//26
f 8721//47 8722//47 8723//47
f 8722//47 8724//47 8723//47
f 8723//3197 8724//3197 8725//3197
f 8724//3197 8726//3197 8725//3197
f 8725//3198 8726//3198 8727//3198
f 8726//3198 8728//3198 8727//3198
f 8727//50 8728//50 8729//50
f 8728//50 8730//50 8729//50
f 8729//51 8730//51 8731//51
f 8730//51 8732//51 8731//51
f 8731//52 8732//52 8733//52
f 8732//52 8734//52 8733//52
f 8733//33 8734//33 8735//33
f 8734//33 8736//33 8735//33
f 8735//53 8736//53 8737//53
f 8736//53 8738//53 8737//53
f 8737//35 8738//35 8739//35
f 8738//35 8740//35 8739//35
f 8739//36 8740//36 8741//36
f 8740//36 8742//36 8741//36
f 8741//54 8742//54 8743//54
f 8742//54 8744//54 8743//54
f 8743//38 8744//38 8745//38
f 8744//38 8746//38 8745//38
f 8745//55 8746//55 8747//55
f 8746//55 8748//55 8747//55
f 8747//56 8748//56 8749//56
f 8748//56 8750//56 8749//56
f 8749//57 8750//57 8703//57
f 8750//57 8704//57 8703//57
f 8741//58 8743//58 8751//58
f 8749//58 8703//58 8751//58
f 8713//58 8715//58 8752//58
f 8723//58 8753//58 8721//58
f 8753//58 8719//58 8721//58
f 8723//58 8725//58 8753//58
f 8725//58 8727//58 8753//58
f 8753//58 8727//58 8754//58
f 8727//58 8729//58 8754//58
f 8729//58 8731//58 8754//58
f 8754//58 8731//58 8733//58
f 8733//58 8735//58 8754//58
f 8735//58 8737//58 8754//58
f 8754//58 8737//58 8751//58
f 8737//58 8739//58 8751//58
f 8751//58 8739//58 8741//58
f 8751//58 8703//58 8752//58
f 8703//58 8705//58 8752//58
f 8752//58 8705//58 8707//58
f 8752//58 8715//58 8753//58
f 8715//58 8717//58 8753//58
f 8753//58 8717//58 8719//58
f 8743//58 8745//58 8751//58
f 8745//58 8747//58 8751//58
f 8751//58 8747//58 8749//58
f 8707//58 8709//58 8752//58
f 8709//58 8711//58 8752//58
f 8752//58 8711//58 8713//58
f 8678//59 8753//59 8676//59
f 8753//59 8754//59 8676//59
f 8676//59 8754//59 8619//59
f 8754//59 8674//59 8619//59
f 8755//1 8756//1 8677//1
f 8756//1 8757//1 8677//1
f 8670//1 8758//1 8759//1
f 8760//1 8678//1 8761//1
f 8678//1 8660//1 8761//1
f 8761//1 8660//1 8759//1
f 8660//1 8659//1 8759//1
f 8759//1 8659//1 8670//1
f 8757//1 8762//1 8677//1
f 8762//1 8763//1 8677//1
f 8677//1 8763//1 8656//1
f 8763//1 8764//1 8656//1
f 8656//1 8764//1 8657//1
f 8764//1 8765//1 8657//1
f 8657//1 8765//1 8666//1
f 8765//1 8758//1 8666//1
f 8666//1 8758//1 8668//1
f 8758//1 8670//1 8668//1
f 8752//1 8753//1 8766//1
f 8753//1 8678//1 8766//1
f 8766//1 8678//1 8767//1
f 8678//1 8760//1 8767//1
f 8768//2 8769//2 8770//2
f 8769//2 8675//2 8770//2
f 8770//2 8675//2 8771//2
f 8675//2 8772//2 8771//2
f 8754//2 8751//2 8674//2
f 8751//2 8773//2 8674//2
f 8773//2 8774//2 8674//2
f 8774//2 8775//2 8674//2
f 8674//2 8775//2 8673//2
f 8775//2 8776//2 8673//2
f 8673//2 8776//2 8672//2
f 8776//2 8777//2 8672//2
f 8672//2 8777//2 8671//2
f 8777//2 8778//2 8671//2
f 8779//2 8667//2 8778//2
f 8667//2 8669//2 8778//2
f 8778//2 8669//2 8671//2
f 8772//2 8675//2 8780//2
f 8675//2 8665//2 8780//2
f 8780//2 8665//2 8779//2
f 8665//2 8664//2 8779//2
f 8779//2 8664//2 8667//2
f 8686//58 8687//58 8756//58
f 8692//58 8768//58 8691//58
f 8768//58 8756//58 8691//58
f 8691//58 8756//58 8690//58
f 8692//58 8693//58 8768//58
f 8693//58 8694//58 8768//58
f 8768//58 8694//58 8695//58
f 8755//58 8684//58 8756//58
f 8684//58 8685//58 8756//58
f 8756//58 8685//58 8686//58
f 8687//58 8688//58 8756//58
f 8688//58 8689//58 8756//58
f 8756//58 8689//58 8690//58
f 8695//58 8696//58 8768//58
f 8696//58 8697//58 8768//58
f 8768//58 8697//58 8769//58
f 8697//58 8698//58 8769//58
f 8698//58 8699//58 8769//58
f 8699//58 8700//58 8769//58
f 8769//58 8700//58 8701//58
f 8701//58 8702//58 8769//58
f 8702//58 8679//58 8769//58
f 8769//58 8679//58 8755//58
f 8679//58 8680//58 8755//58
f 8755//58 8680//58 8681//58
f 8681//58 8682//58 8755//58
f 8682//58 8683//58 8755//58
f 8755//58 8683//58 8684//58
f 8751//60 8752//60 8773//60
f 8752//60 8766//60 8773//60
f 8773//61 8766//61 8774//61
f 8766//61 8767//61 8774//61
f 8774//62 8767//62 8775//62
f 8767//62 8760//62 8775//62
f 8775//63 8760//63 8776//63
f 8760//63 8761//63 8776//63
f 8776//64 8761//64 8777//64
f 8761//64 8759//64 8777//64
f 8777//65 8759//65 8778//65
f 8759//65 8758//65 8778//65
f 8778//66 8758//66 8779//66
f 8758//66 8765//66 8779//66
f 8779//67 8765//67 8780//67
f 8765//67 8764//67 8780//67
f 8780//68 8764//68 8772//68
f 8764//68 8763//68 8772//68
f 8772//69 8763//69 8771//69
f 8763//69 8762//69 8771//69
f 8771//70 8762//70 8770//70
f 8762//70 8757//70 8770//70
f 8770//71 8757//71 8768//71
f 8757//71 8756//71 8768//71
f 8624//72 8675//72 8769//72
f 8624//72 8769//72 8629//72
f 8769//72 8755//72 8629//72
f 8629//72 8755//72 8677//72
f 8718//3 8716//3 8676//3
f 8750//3 8621//3 8704//3
f 8621//3 8663//3 8704//3
f 8704//3 8663//3 8706//3
f 8730//3 8728//3 8619//3
f 8750//3 8748//3 8621//3
f 8748//3 8746//3 8621//3
f 8621//3 8746//3 8744//3
f 8676//3 8716//3 8663//3
f 8716//3 8714//3 8663//3
f 8663//3 8714//3 8712//3
f 8712//3 8710//3 8663//3
f 8710//3 8708//3 8663//3
f 8663//3 8708//3 8706//3
f 8744//3 8742//3 8621//3
f 8742//3 8740//3 8621//3
f 8621//3 8740//3 8619//3
f 8740//3 8738//3 8619//3
f 8619//3 8738//3 8736//3
f 8619//3 8728//3 8676//3
f 8728//3 8726//3 8676//3
f 8676//3 8726//3 8724//3
f 8736//3 8734//3 8619//3
f 8734//3 8732//3 8619//3
f 8619//3 8732//3 8730//3
f 8724//3 8722//3 8676//3
f 8722//3 8720//3 8676//3
f 8676//3 8720//3 8718//3
f 8781//2 8782//2 8783//2
f 8782//2 8784//2 8783//2
f 8783//2 8784//2 8785//2
f 8786//2 8787//2 8788//2
f 8787//2 8789//2 8788//2
f 8788//2 8789//2 8790//2
f 8791//1 8792//1 8793//1
f 8792//1 8794//1 8793//1
f 8793//1 8794//1 8795//1
f 8796//3 8797//3 8788//3
f 8793//3 8798//3 8799//3
f 8788//3 8797//3 8793//3
f 8797//3 8800//3 8793//3
f 8793//3 8800//3 8798//3
f 8801//3 8791//3 8802//3
f 8791//3 8793//3 8802//3
f 8802//3 8793//3 8803//3
f 8793//3 8799//3 8803//3
f 8801//3 8804//3 8791//3
f 8804//3 8805//3 8791//3
f 8791//3 8805//3 8806//3
f 8807//3 8788//3 8808//3
f 8788//3 8809//3 8808//3
f 8807//3 8810//3 8788//3
f 8810//3 8811//3 8788//3
f 8788//3 8811//3 8796//3
f 8806//3 8812//3 8791//3
f 8812//3 8813//3 8791//3
f 8791//3 8813//3 8790//3
f 8813//3 8814//3 8790//3
f 8790//3 8814//3 8815//3
f 8809//3 8788//3 8816//3
f 8788//3 8790//3 8816//3
f 8816//3 8790//3 8817//3
f 8815//3 8818//3 8790//3
f 8818//3 8819//3 8790//3
f 8790//3 8819//3 8817//3
f 8820//6 8821//6 8822//6
f 8786//4 8823//4 8824//4
f 8825//4 8826//4 8795//4
f 8795//9 8794//9 8787//9
f 8794//10 8792//10 8787//10
f 8787//10 8792//10 8789//10
f 8792//11 8791//11 8789//11
f 8789//11 8791//11 8790//11
f 8827//6 8828//6 8785//6
f 8785//5 8784//5 8829//5
f 8784//7 8782//7 8829//7
f 8829//7 8782//7 8830//7
f 8782//8 8781//8 8830//8
f 8830//8 8781//8 8831//8
f 8787//9 8786//9 8795//9
f 8786//4 8824//4 8795//4
f 8795//4 8824//4 8825//4
f 8824//12 8832//12 8825//12
f 8825//12 8832//12 8833//12
f 8832//13 8834//13 8833//13
f 8833//13 8834//13 8835//13
f 8834//14 8836//14 8835//14
f 8835//14 8836//14 8837//14
f 8836//15 8827//15 8837//15
f 8837//15 8827//15 8822//15
f 8827//6 8785//6 8822//6
f 8822//6 8785//6 8820//6
f 8785//5 8829//5 8820//5
f 8828//16 8838//16 8785//16
f 8838//16 8783//16 8785//16
f 8839//17 8823//17 8788//17
f 8823//17 8786//17 8788//17
f 8820//1 8829//1 8840//1
f 8829//1 8830//1 8840//1
f 8840//1 8830//1 8831//1
f 8793//17 8795//17 8841//17
f 8795//17 8826//17 8841//17
f 8820//16 8840//16 8821//16
f 8840//16 8842//16 8821//16
f 8843//3165 8797//3165 8844//3165
f 8797//3165 8796//3165 8844//3165
f 8844//1393 8796//1393 8845//1393
f 8796//1393 8811//1393 8845//1393
f 8845//3166 8811//3166 8846//3166
f 8811//3166 8810//3166 8846//3166
f 8846//3167 8810//3167 8847//3167
f 8810//3167 8807//3167 8847//3167
f 8847//3168 8807//3168 8848//3168
f 8807//3168 8808//3168 8848//3168
f 8848//3169 8808//3169 8849//3169
f 8808//3169 8809//3169 8849//3169
f 8849//3170 8809//3170 8850//3170
f 8809//3170 8816//3170 8850//3170
f 8850//3171 8816//3171 8851//3171
f 8816//3171 8817//3171 8851//3171
f 8851//3172 8817//3172 8852//3172
f 8817//3172 8819//3172 8852//3172
f 8852//3173 8819//3173 8853//3173
f 8819//3173 8818//3173 8853//3173
f 8853//1402 8818//1402 8854//1402
f 8818//1402 8815//1402 8854//1402
f 8854//3174 8815//3174 8855//3174
f 8815//3174 8814//3174 8855//3174
f 8855//1404 8814//1404 8856//1404
f 8814//1404 8813//1404 8856//1404
f 8856//1405 8813//1405 8857//1405
f 8813//1405 8812//1405 8857//1405
f 8857//3175 8812//3175 8858//3175
f 8812//3175 8806//3175 8858//3175
f 8858//3176 8806//3176 8859//3176
f 8806//3176 8805//3176 8859//3176
f 8859//3177 8805//3177 8860//3177
f 8805//3177 8804//3177 8860//3177
f 8860//3178 8804//3178 8861//3178
f 8804//3178 8801//3178 8861//3178
f 8861//3179 8801//3179 8862//3179
f 8801//3179 8802//3179 8862//3179
f 8862//3180 8802//3180 8863//3180
f 8802//3180 8803//3180 8863//3180
f 8863//3181 8803//3181 8864//3181
f 8803//3181 8799//3181 8864//3181
f 8864//3182 8799//3182 8865//3182
f 8799//3182 8798//3182 8865//3182
f 8865//1414 8798//1414 8866//1414
f 8798//1414 8800//1414 8866//1414
f 8866//1415 8800//1415 8843//1415
f 8800//1415 8797//1415 8843//1415
f 8867//3165 8868//3165 8869//3165
f 8868//3165 8870//3165 8869//3165
f 8869//1416 8870//1416 8871//1416
f 8870//1416 8872//1416 8871//1416
f 8871//3183 8872//3183 8873//3183
f 8872//3183 8874//3183 8873//3183
f 8873//3167 8874//3167 8875//3167
f 8874//3167 8876//3167 8875//3167
f 8875//3168 8876//3168 8877//3168
f 8876//3168 8878//3168 8877//3168
f 8877//3184 8878//3184 8879//3184
f 8878//3184 8880//3184 8879//3184
f 8879//3185 8880//3185 8881//3185
f 8880//3185 8882//3185 8881//3185
f 8881//3171 8882//3171 8883//3171
f 8882//3171 8884//3171 8883//3171
f 8883//3172 8884//3172 8885//3172
f 8884//3172 8886//3172 8885//3172
f 8885//3186 8886//3186 8887//3186
f 8886//3186 8888//3186 8887//3186
f 8887//1421 8888//1421 8889//1421
f 8888//1421 8890//1421 8889//1421
f 8889//3174 8890//3174 8891//3174
f 8890//3174 8892//3174 8891//3174
f 8891//1404 8892//1404 8893//1404
f 8892//1404 8894//1404 8893//1404
f 8893//1422 8894//1422 8895//1422
f 8894//1422 8896//1422 8895//1422
f 8895//3187 8896//3187 8897//3187
f 8896//3187 8898//3187 8897//3187
f 8897//3176 8898//3176 8899//3176
f 8898//3176 8900//3176 8899//3176
f 8899//3177 8900//3177 8901//3177
f 8900//3177 8902//3177 8901//3177
f 8901//3188 8902//3188 8903//3188
f 8902//3188 8904//3188 8903//3188
f 8903//3189 8904//3189 8905//3189
f 8904//3189 8906//3189 8905//3189
f 8905//3180 8906//3180 8907//3180
f 8906//3180 8908//3180 8907//3180
f 8907//3181 8908//3181 8909//3181
f 8908//3181 8910//3181 8909//3181
f 8909//3190 8910//3190 8911//3190
f 8910//3190 8912//3190 8911//3190
f 8911//1427 8912//1427 8913//1427
f 8912//1427 8914//1427 8913//1427
f 8913//1415 8914//1415 8867//1415
f 8914//1415 8868//1415 8867//1415
f 8889//58 8891//58 8915//58
f 8895//58 8897//58 8916//58
f 8915//58 8891//58 8916//58
f 8891//58 8893//58 8916//58
f 8916//58 8893//58 8895//58
f 8897//58 8899//58 8916//58
f 8899//58 8901//58 8916//58
f 8916//58 8901//58 8917//58
f 8901//58 8903//58 8917//58
f 8917//58 8903//58 8905//58
f 8905//58 8907//58 8917//58
f 8907//58 8909//58 8917//58
f 8917//58 8909//58 8911//58
f 8875//58 8918//58 8873//58
f 8918//58 8871//58 8873//58
f 8883//58 8885//58 8915//58
f 8885//58 8887//58 8915//58
f 8915//58 8887//58 8889//58
f 8911//58 8913//58 8917//58
f 8913//58 8867//58 8917//58
f 8917//58 8867//58 8918//58
f 8867//58 8869//58 8918//58
f 8918//58 8869//58 8871//58
f 8875//58 8877//58 8918//58
f 8877//58 8879//58 8918//58
f 8918//58 8879//58 8915//58
f 8879//58 8881//58 8915//58
f 8915//58 8881//58 8883//58
f 8838//59 8915//59 8783//59
f 8915//59 8916//59 8783//59
f 8783//59 8916//59 8840//59
f 8916//59 8842//59 8840//59
f 8916//2 8917//2 8842//2
f 8917//2 8919//2 8842//2
f 8833//2 8920//2 8921//2
f 8922//2 8841//2 8923//2
f 8841//2 8826//2 8923//2
f 8923//2 8826//2 8921//2
f 8826//2 8825//2 8921//2
f 8921//2 8825//2 8833//2
f 8924//2 8925//2 8926//2
f 8925//2 8841//2 8926//2
f 8926//2 8841//2 8927//2
f 8841//2 8922//2 8927//2
f 8919//2 8928//2 8842//2
f 8928//2 8929//2 8842//2
f 8842//2 8929//2 8821//2
f 8929//2 8930//2 8821//2
f 8821//2 8930//2 8822//2
f 8930//2 8931//2 8822//2
f 8822//2 8931//2 8837//2
f 8931//2 8920//2 8837//2
f 8837//2 8920//2 8835//2
f 8920//2 8833//2 8835//2
f 8932//1 8933//1 8839//1
f 8933//1 8934//1 8839//1
f 8934//1 8935//1 8839//1
f 8935//1 8936//1 8839//1
f 8839//1 8936//1 8823//1
f 8936//1 8937//1 8823//1
f 8823//1 8937//1 8824//1
f 8937//1 8938//1 8824//1
f 8824//1 8938//1 8832//1
f 8938//1 8939//1 8832//1
f 8918//1 8915//1 8940//1
f 8915//1 8838//1 8940//1
f 8940//1 8838//1 8941//1
f 8838//1 8942//1 8941//1
f 8943//1 8836//1 8939//1
f 8836//1 8834//1 8939//1
f 8939//1 8834//1 8832//1
f 8942//1 8838//1 8944//1
f 8838//1 8828//1 8944//1
f 8944//1 8828//1 8943//1
f 8828//1 8827//1 8943//1
f 8943//1 8827//1 8836//1
f 8850//58 8851//58 8933//58
f 8856//58 8924//58 8855//58
f 8924//58 8933//58 8855//58
f 8855//58 8933//58 8854//58
f 8851//58 8852//58 8933//58
f 8852//58 8853//58 8933//58
f 8933//58 8853//58 8854//58
f 8856//58 8857//58 8924//58
f 8857//58 8858//58 8924//58
f 8924//58 8858//58 8859//58
f 8932//58 8925//58 8843//58
f 8925//58 8866//58 8843//58
f 8843//58 8844//58 8932//58
f 8844//58 8845//58 8932//58
f 8932//58 8845//58 8846//58
f 8846//58 8847//58 8932//58
f 8847//58 8848//58 8932//58
f 8932//58 8848//58 8933//58
f 8848//58 8849//58 8933//58
f 8933//58 8849//58 8850//58
f 8863//58 8864//58 8925//58
f 8864//58 8865//58 8925//58
f 8925//58 8865//58 8866//58
f 8859//58 8860//58 8924//58
f 8860//58 8861//58 8924//58
f 8924//58 8861//58 8925//58
f 8861//58 8862//58 8925//58
f 8925//58 8862//58 8863//58
f 8933//71 8924//71 8934//71
f 8924//71 8926//71 8934//71
f 8934//70 8926//70 8935//70
f 8926//70 8927//70 8935//70
f 8935//69 8927//69 8936//69
f 8927//69 8922//69 8936//69
f 8936//68 8922//68 8937//68
f 8922//68 8923//68 8937//68
f 8937//67 8923//67 8938//67
f 8923//67 8921//67 8938//67
f 8938//66 8921//66 8939//66
f 8921//66 8920//66 8939//66
f 8939//65 8920//65 8943//65
f 8920//65 8931//65 8943//65
f 8943//64 8931//64 8944//64
f 8931//64 8930//64 8944//64
f 8944//63 8930//63 8942//63
f 8930//63 8929//63 8942//63
f 8942//62 8929//62 8941//62
f 8929//62 8928//62 8941//62
f 8941//61 8928//61 8940//61
f 8928//61 8919//61 8940//61
f 8940//60 8919//60 8918//60
f 8919//60 8917//60 8918//60
f 8793//72 8841//72 8925//72
f 8793//72 8925//72 8788//72
f 8925//72 8932//72 8788//72
f 8788//72 8932//72 8839//72
f 8870//3 8868//3 8781//3
f 8781//3 8868//3 8831//3
f 8868//3 8914//3 8831//3
f 8914//3 8912//3 8831//3
f 8831//3 8912//3 8910//3
f 8910//3 8908//3 8831//3
f 8908//3 8906//3 8831//3
f 8831//3 8906//3 8840//3
f 8906//3 8904//3 8840//3
f 8840//3 8904//3 8902//3
f 8876//3 8874//3 8781//3
f 8874//3 8872//3 8781//3
f 8781//3 8872//3 8870//3
f 8884//3 8783//3 8886//3
f 8783//3 8888//3 8886//3
f 8902//3 8900//3 8840//3
f 8900//3 8898//3 8840//3
f 8840//3 8898//3 8896//3
f 8896//3 8894//3 8840//3
f 8894//3 8892//3 8840//3
f 8840//3 8892//3 8783//3
f 8892//3 8890//3 8783//3
f 8783//3 8890//3 8888//3
f 8884//3 8882//3 8783//3
f 8882//3 8880//3 8783//3
f 8783//3 8880//3 8781//3
f 8880//3 8878//3 8781//3
f 8781//3 8878//3 8876//3
f 8945//3199 8946//3199 8947//3199
f 8946//3200 8948//3200 8947//3200
f 8947//3200 8948//3200 8949//3200
f 8948//3201 8950//3201 8949//3201
f 8949//3201 8950//3201 8951//3201
f 8950//3202 8952//3202 8951//3202
f 8951//3202 8952//3202 8953//3202
f 8952//3203 8954//3203 8953//3203
f 8953//3203 8954//3203 8955//3203
f 8954//3204 8956//3204 8955//3204
f 8955//3205 8956//3205 8957//3205
f 8956//3206 8958//3206 8957//3206
f 8957//3207 8958//3207 8959//3207
f 8958//3208 8960//3208 8959//3208
f 8959//3208 8960//3208 8961//3208
f 8960//3209 8962//3209 8961//3209
f 8961//3209 8962//3209 8963//3209
f 8962//3210 8964//3210 8963//3210
f 8963//3210 8964//3210 8965//3210
f 8964//3211 8966//3211 8965//3211
f 8965//3211 8966//3211 8967//3211
f 8966//3212 8968//3212 8967//3212
f 8967//3212 8968//3212 8969//3212
f 8968//3213 8970//3213 8969//3213
f 8969//3213 8970//3213 8971//3213
f 8970//3214 8972//3214 8971//3214
f 8971//3214 8972//3214 8973//3214
f 8972//3215 8974//3215 8973//3215
f 8973//3215 8974//3215 8975//3215
f 8974//3216 8976//3216 8975//3216
f 8975//3216 8976//3216 8977//3216
f 8976//3217 8978//3217 8977//3217
f 8977//3217 8978//3217 8979//3217
f 8978//3218 8980//3218 8979//3218
f 8979//3218 8980//3218 8981//3218
f 8980//3219 8982//3219 8981//3219
f 8981//3219 8982//3219 8983//3219
f 8982//3220 8984//3220 8983//3220
f 8983//3220 8984//3220 8985//3220
f 8984//3221 8986//3221 8985//3221
f 8985//3221 8986//3221 8987//3221
f 8986//3222 8988//3222 8987//3222
f 8987//3222 8988//3222 8989//3222
f 8988//3223 8990//3223 8989//3223
f 8989//3223 8990//3223 8991//3223
f 8990//3224 8992//3224 8991//3224
f 8991//3224 8992//3224 8945//3224
f 8992//3199 8946//3199 8945//3199
f 8993//3225 8994//3225 8995//3225
f 8994//3225 8996//3225 8995//3225
f 8995//3226 8996//3226 8997//3226
f 8996//3226 8998//3226 8997//3226
f 8997//3215 8998//3215 8999//3215
f 8998//3215 9000//3215 8999//3215
f 8999//3216 9000//3216 9001//3216
f 9000//3216 9002//3216 9001//3216
f 9001//3227 9002//3227 9003//3227
f 9002//3227 9004//3227 9003//3227
f 9003//3228 9004//3228 9005//3228
f 9004//3229 9006//3229 9005//3229
f 9005//3230 9006//3230 9007//3230
f 9006//3231 9008//3231 9007//3231
f 9007//3232 9008//3232 9009//3232
f 9008//3232 9010//3232 9009//3232
f 9009//3221 9010//3221 9011//3221
f 9010//3221 9012//3221 9011//3221
f 9011//3222 9012//3222 9013//3222
f 9012//3222 9014//3222 9013//3222
f 9013//3233 9014//3233 9015//3233
f 9014//3233 9016//3233 9015//3233
f 9015//3234 9016//3234 9017//3234
f 9016//3234 9018//3234 9017//3234
f 9017//3235 9018//3235 9019//3235
f 9018//3235 9020//3235 9019//3235
f 9019//3236 9020//3236 9021//3236
f 9020//3236 9022//3236 9021//3236
f 9021//3201 9022//3201 9023//3201
f 9022//3201 9024//3201 9023//3201
f 9023//3202 9024//3202 9025//3202
f 9024//3202 9026//3202 9025//3202
f 9025//3237 9026//3237 9027//3237
f 9026//3237 9028//3237 9027//3237
f 9027//585 9028//585 9029//585
f 9028//585 9030//585 9029//585
f 9029//597 9030//597 9031//597
f 9030//597 9032//597 9031//597
f 9031//3238 9032//3238 9033//3238
f 9032//3238 9034//3238 9033//3238
f 9033//3209 9034//3209 9035//3209
f 9034//3209 9036//3209 9035//3209
f 9035//3210 9036//3210 9037//3210
f 9036//3210 9038//3210 9037//3210
f 9037//3239 9038//3239 9039//3239
f 9038//3239 9040//3239 9039//3239
f 9039//3240 9040//3240 8993//3240
f 9040//3240 8994//3240 8993//3240
f 8999//1 8950//1 8997//1
f 8950//1 8948//1 8997//1
f 8997//1 8948//1 8995//1
f 8948//1 8946//1 8995//1
f 8995//1 8946//1 8993//1
f 8946//1 8992//1 8993//1
f 8993//1 8992//1 9039//1
f 8992//1 8990//1 9039//1
f 9039//1 8990//1 9037//1
f 8990//1 8988//1 9037//1
f 9037//1 8988//1 9035//1
f 8988//1 8986//1 9035//1
f 9035//1 8986//1 9033//1
f 8986//1 8984//1 9033//1
f 9033//1 8984//1 9031//1
f 8984//1 8982//1 9031//1
f 9031//1 8982//1 9029//1
f 8982//1 8980//1 9029//1
f 9029//1 8980//1 9027//1
f 8980//1 8978//1 9027//1
f 9027//1 8978//1 9025//1
f 8978//1 8976//1 9025//1
f 9025//1 8976//1 9023//1
f 8976//1 8974//1 9023//1
f 9023//1 8974//1 9021//1
f 8974//1 8972//1 9021//1
f 9021//1 8972//1 9019//1
f 8972//1 8970//1 9019//1
f 9019//1 8970//1 9017//1
f 8970//1 8968//1 9017//1
f 9017//1 8968//1 9015//1
f 8968//1 8966//1 9015//1
f 9015//1 8966//1 9013//1
f 8966//1 8964//1 9013//1
f 9013//1 8964//1 9011//1
f 8964//1 8962//1 9011//1
f 9011//1 8962//1 9009//1
f 8962//1 8960//1 9009//1
f 9009//1 8960//1 9007//1
f 8960//1 8958//1 9007//1
f 9007//1 8958//1 9005//1
f 8958//1 8956//1 9005//1
f 9005//1 8956//1 9003//1
f 8956//1 8954//1 9003//1
f 9003//1 8954//1 9001//1
f 8954//1 8952//1 9001//1
f 9001//1 8952//1 8999//1
f 8952//1 8950//1 8999//1
f 8996//3241 8947//3241 8998//3241
f 8947//3242 8949//3242 8998//3242
f 8998//3243 8949//3243 9000//3243
f 8949//3244 8951//3244 9000//3244
f 9000//3245 8951//3245 9002//3245
f 8951//3246 8953//3246 9002//3246
f 9002//3247 8953//3247 9004//3247
f 8953//3248 8955//3248 9004//3248
f 9004//3249 8955//3249 9006//3249
f 8955//3250 8957//3250 9006//3250
f 9006//3250 8957//3250 9008//3250
f 8957//3251 8959//3251 9008//3251
f 9008//3252 8959//3252 9010//3252
f 8959//3253 8961//3253 9010//3253
f 9010//3254 8961//3254 9012//3254
f 8961//3255 8963//3255 9012//3255
f 9012//3256 8963//3256 9014//3256
f 8963//3257 8965//3257 9014//3257
f 9014//3258 8965//3258 9016//3258
f 8965//3259 8967//3259 9016//3259
f 9016//3260 8967//3260 9018//3260
f 8967//3261 8969//3261 9018//3261
f 9018//3262 8969//3262 9020//3262
f 8969//3263 8971//3263 9020//3263
f 9020//3241 8971//3241 9022//3241
f 8971//3242 8973//3242 9022//3242
f 9022//3243 8973//3243 9024//3243
f 8973//3244 8975//3244 9024//3244
f 9024//3245 8975//3245 9026//3245
f 8975//3246 8977//3246 9026//3246
f 9026//3247 8977//3247 9028//3247
f 8977//3248 8979//3248 9028//3248
f 9028//3249 8979//3249 9030//3249
f 8979//3250 8981//3250 9030//3250
f 9030//3250 8981//3250 9032//3250
f 8981//3251 8983//3251 9032//3251
f 9032//3252 8983//3252 9034//3252
f 8983//3253 8985//3253 9034//3253
f 9034//3254 8985//3254 9036//3254
f 8985//3255 8987//3255 9036//3255
f 9036//3256 8987//3256 9038//3256
f 8987//3257 8989//3257 9038//3257
f 9038//3258 8989//3258 9040//3258
f 8989//3259 8991//3259 9040//3259
f 9040//3260 8991//3260 8994//3260
f 8991//3261 8945//3261 8994//3261
f 8994//3262 8945//3262 8996//3262
f 8945//3263 8947//3263 8996//3263
f 9041//3104 9042//3104 9043//3104
f 9042//3104 9044//3104 9043//3104
f 9043//3264 9044//3264 9045//3264
f 9044//3264 9046//3264 9045//3264
f 9045//3265 9046//3265 9047//3265
f 9046//3265 9048//3265 9047//3265
f 9047//3101 9048//3101 9049//3101
f 9048//3101 9050//3101 9049//3101
f 9049//3100 9050//3100 9051//3100
f 9050//3100 9052//3100 9051//3100
f 9051//3099 9052//3099 9053//3099
f 9052//3099 9054//3099 9053//3099
f 9053//3098 9054//3098 9055//3098
f 9054//3098 9056//3098 9055//3098
f 9055//3097 9056//3097 9057//3097
f 9056//3097 9058//3097 9057//3097
f 9057//3096 9058//3096 9059//3096
f 9058//3096 9060//3096 9059//3096
f 9059//3266 9060//3266 9061//3266
f 9060//3266 9062//3266 9061//3266
f 9061//3267 9062//3267 9063//3267
f 9062//3267 9064//3267 9063//3267
f 9063//3093 9064//3093 9065//3093
f 9064//3093 9066//3093 9065//3093
f 9067//58 9068//58 9069//58
f 9068//58 9070//58 9069//58
f 9067//58 9071//58 9068//58
f 9071//58 9072//58 9068//58
f 9068//58 9072//58 9073//58
f 9074//58 9075//58 9076//58
f 9075//58 9077//58 9076//58
f 9078//58 9079//58 9068//58
f 9079//58 9080//58 9068//58
f 9072//58 9081//58 9073//58
f 9081//58 9082//58 9073//58
f 9073//58 9082//58 9083//58
f 9084//58 9085//58 9086//58
f 9085//58 9087//58 9086//58
f 9084//58 9088//58 9085//58
f 9088//58 9089//58 9085//58
f 9085//58 9089//58 9090//58
f 9089//58 9091//58 9090//58
f 9083//58 9092//58 9073//58
f 9092//58 9093//58 9073//58
f 9073//58 9093//58 9094//58
f 9095//58 9096//58 9073//58
f 9096//58 9097//58 9073//58
f 9073//58 9097//58 9098//58
f 9097//58 9099//58 9098//58
f 9098//58 9099//58 9100//58
f 9101//58 9102//58 9103//58
f 9074//58 9104//58 9091//58
f 9104//58 9105//58 9091//58
f 9091//58 9105//58 9090//58
f 9106//58 9075//58 9107//58
f 9075//58 9074//58 9107//58
f 9107//58 9074//58 9108//58
f 9074//58 9091//58 9108//58
f 9106//58 9109//58 9075//58
f 9109//58 9110//58 9075//58
f 9075//58 9110//58 9111//58
f 9110//58 9112//58 9111//58
f 9111//58 9112//58 9113//58
f 9112//58 9070//58 9113//58
f 9113//58 9070//58 9114//58
f 9070//58 9068//58 9114//58
f 9114//58 9068//58 9115//58
f 9068//58 9080//58 9115//58
f 9095//58 9073//58 9116//58
f 9073//58 9094//58 9116//58
f 9116//58 9094//58 9085//58
f 9094//58 9117//58 9085//58
f 9085//58 9117//58 9087//58
f 9100//58 9118//58 9098//58
f 9118//58 9119//58 9098//58
f 9098//58 9119//58 9120//58
f 9121//58 9122//58 9123//58
f 9122//58 9124//58 9123//58
f 9125//58 9101//58 9126//58
f 9101//58 9127//58 9126//58
f 9126//58 9127//58 9123//58
f 9127//58 9128//58 9123//58
f 9123//58 9128//58 9121//58
f 9129//58 9130//58 9075//58
f 9130//58 9131//58 9075//58
f 9075//58 9131//58 9077//58
f 9125//58 9132//58 9101//58
f 9132//58 9130//58 9101//58
f 9101//58 9130//58 9102//58
f 9130//58 9129//58 9102//58
f 9120//58 9133//58 9098//58
f 9133//58 9134//58 9098//58
f 9098//58 9134//58 9123//58
f 9135//58 9136//58 9098//58
f 9136//58 9137//58 9098//58
f 9137//58 9138//58 9098//58
f 9098//58 9138//58 9139//58
f 9138//58 9140//58 9139//58
f 9139//58 9140//58 9141//58
f 9142//58 9068//58 9143//58
f 9068//58 9139//58 9143//58
f 9143//58 9139//58 9144//58
f 9139//58 9145//58 9144//58
f 9146//58 9147//58 9068//58
f 9147//58 9148//58 9068//58
f 9068//58 9148//58 9078//58
f 9124//58 9149//58 9123//58
f 9149//58 9150//58 9123//58
f 9123//58 9150//58 9098//58
f 9150//58 9151//58 9098//58
f 9098//58 9151//58 9135//58
f 9141//58 9152//58 9139//58
f 9152//58 9153//58 9139//58
f 9139//58 9153//58 9145//58
f 9103//58 9154//58 9101//58
f 9154//58 9155//58 9101//58
f 9101//58 9155//58 9156//58
f 9156//58 9157//58 9101//58
f 9157//58 9158//58 9101//58
f 9101//58 9158//58 9159//58
f 9158//58 9160//58 9159//58
f 9159//58 9160//58 9161//58
f 9162//58 9163//58 9142//58
f 9163//58 9164//58 9142//58
f 9142//58 9164//58 9068//58
f 9164//58 9165//58 9068//58
f 9068//58 9165//58 9146//58
f 9162//58 9142//58 9160//58
f 9142//58 9166//58 9160//58
f 9160//58 9166//58 9161//58
f 9167//72 9098//72 9168//72
f 9098//72 9139//72 9168//72
f 9169//3 9170//3 9168//3
f 9170//3 9171//3 9168//3
f 9168//3 9171//3 9167//3
f 9171//3 9172//3 9167//3
f 9172//3 9173//3 9167//3
f 9167//3 9173//3 9174//3
f 9175//3 9176//3 9168//3
f 9176//3 9177//3 9168//3
f 9178//3 9177//3 9179//3
f 9177//3 9178//3 9168//3
f 9178//3 9180//3 9168//3
f 9168//3 9180//3 9169//3
f 9174//3 9181//3 9167//3
f 9181//3 9182//3 9167//3
f 9167//3 9182//3 9041//3
f 9182//3 9183//3 9041//3
f 9041//3 9183//3 9184//3
f 9184//3 9185//3 9041//3
f 9185//3 9186//3 9041//3
f 9041//3 9186//3 9187//3
f 9188//3 9189//3 9190//3
f 9187//3 9191//3 9041//3
f 9191//3 9192//3 9041//3
f 9041//3 9192//3 9042//3
f 9192//3 9193//3 9042//3
f 9042//3 9193//3 9194//3
f 9188//3 9190//3 9195//3
f 9196//3 9197//3 9042//3
f 9179//3 9198//3 9178//3
f 9198//3 9199//3 9178//3
f 9178//3 9199//3 9200//3
f 9199//3 9201//3 9200//3
f 9200//3 9201//3 9202//3
f 9201//3 9203//3 9202//3
f 9202//3 9203//3 9204//3
f 9203//3 9205//3 9204//3
f 9204//3 9205//3 9190//3
f 9205//3 9206//3 9190//3
f 9190//3 9206//3 9195//3
f 9194//3 9207//3 9042//3
f 9207//3 9190//3 9042//3
f 9042//3 9190//3 9196//3
f 9190//3 9189//3 9196//3
f 9197//3 9208//3 9042//3
f 9208//3 9209//3 9042//3
f 9042//3 9209//3 9210//3
f 9210//3 9211//3 9042//3
f 9211//3 9212//3 9042//3
f 9042//3 9212//3 9168//3
f 9212//3 9213//3 9168//3
f 9168//3 9213//3 9214//3
f 9214//3 9215//3 9168//3
f 9215//3 9216//3 9168//3
f 9168//3 9216//3 9175//3
f 9217//1 9066//1 9064//1
f 9217//1 9064//1 9068//1
f 9064//1 9062//1 9068//1
f 9062//1 9060//1 9068//1
f 9068//1 9060//1 9058//1
f 9058//1 9056//1 9068//1
f 9056//1 9054//1 9068//1
f 9068//1 9054//1 9139//1
f 9054//1 9052//1 9139//1
f 9139//1 9052//1 9050//1
f 9050//1 9048//1 9139//1
f 9048//1 9046//1 9139//1
f 9139//1 9046//1 9168//1
f 9046//1 9044//1 9168//1
f 9168//1 9044//1 9042//1
f 9073//59 9218//59 9068//59
f 9218//59 9217//59 9068//59
f 9089//42 9219//42 9091//42
f 9219//42 9220//42 9091//42
f 9091//43 9220//43 9108//43
f 9220//43 9221//43 9108//43
f 9108//44 9221//44 9107//44
f 9221//44 9222//44 9107//44
f 9107//21 9222//21 9106//21
f 9222//21 9223//21 9106//21
f 9106//45 9223//45 9109//45
f 9223//45 9224//45 9109//45
f 9109//23 9224//23 9110//23
f 9224//23 9225//23 9110//23
f 9110//24 9225//24 9112//24
f 9225//24 9226//24 9112//24
f 9112//46 9226//46 9070//46
f 9226//46 9227//46 9070//46
f 9070//26 9227//26 9069//26
f 9227//26 9228//26 9069//26
f 9069//47 9228//47 9067//47
f 9228//47 9229//47 9067//47
f 9067//48 9229//48 9071//48
f 9229//48 9230//48 9071//48
f 9071//49 9230//49 9072//49
f 9230//49 9231//49 9072//49
f 9072//50 9231//50 9081//50
f 9231//50 9232//50 9081//50
f 9081//51 9232//51 9082//51
f 9232//51 9233//51 9082//51
f 9082//52 9233//52 9083//52
f 9233//52 9234//52 9083//52
f 9083//33 9234//33 9092//33
f 9234//33 9235//33 9092//33
f 9092//53 9235//53 9093//53
f 9235//53 9236//53 9093//53
f 9093//35 9236//35 9094//35
f 9236//35 9237//35 9094//35
f 9094//36 9237//36 9117//36
f 9237//36 9238//36 9117//36
f 9117//54 9238//54 9087//54
f 9238//54 9239//54 9087//54
f 9087//38 9239//38 9086//38
f 9239//38 9240//38 9086//38
f 9086//55 9240//55 9084//55
f 9240//55 9241//55 9084//55
f 9084//56 9241//56 9088//56
f 9241//56 9242//56 9088//56
f 9088//57 9242//57 9089//57
f 9242//57 9219//57 9089//57
f 9123//18 9171//18 9126//18
f 9171//18 9170//18 9126//18
f 9126//19 9170//19 9125//19
f 9170//19 9169//19 9125//19
f 9125//20 9169//20 9132//20
f 9169//20 9180//20 9132//20
f 9132//21 9180//21 9130//21
f 9180//21 9178//21 9130//21
f 9130//22 9178//22 9131//22
f 9178//22 9200//22 9131//22
f 9131//23 9200//23 9077//23
f 9200//23 9202//23 9077//23
f 9077//24 9202//24 9076//24
f 9202//24 9204//24 9076//24
f 9076//25 9204//25 9074//25
f 9204//25 9190//25 9074//25
f 9074//26 9190//26 9104//26
f 9190//26 9207//26 9104//26
f 9104//27 9207//27 9105//27
f 9207//27 9194//27 9105//27
f 9105//28 9194//28 9090//28
f 9194//28 9193//28 9090//28
f 9090//29 9193//29 9085//29
f 9193//29 9192//29 9085//29
f 9085//30 9192//30 9116//30
f 9192//30 9191//30 9116//30
f 9116//31 9191//31 9095//31
f 9191//31 9187//31 9095//31
f 9095//32 9187//32 9096//32
f 9187//32 9186//32 9096//32
f 9096//33 9186//33 9097//33
f 9186//33 9185//33 9097//33
f 9097//34 9185//34 9099//34
f 9185//34 9184//34 9099//34
f 9099//35 9184//35 9100//35
f 9184//35 9183//35 9100//35
f 9100//36 9183//36 9118//36
f 9183//36 9182//36 9118//36
f 9118//37 9182//37 9119//37
f 9182//37 9181//37 9119//37
f 9119//38 9181//38 9120//38
f 9181//38 9174//38 9120//38
f 9120//39 9174//39 9133//39
f 9174//39 9173//39 9133//39
f 9133//40 9173//40 9134//40
f 9173//40 9172//40 9134//40
f 9134//41 9172//41 9123//41
f 9172//41 9171//41 9123//41
f 9049//2 9098//2 9047//2
f 9098//2 9045//2 9047//2
f 9057//2 9059//2 9073//2
f 9059//2 9061//2 9073//2
f 9073//2 9061//2 9218//2
f 9061//2 9063//2 9218//2
f 9218//2 9063//2 9065//2
f 9045//2 9098//2 9043//2
f 9098//2 9167//2 9043//2
f 9043//2 9167//2 9041//2
f 9049//2 9051//2 9098//2
f 9051//2 9053//2 9098//2
f 9098//2 9053//2 9073//2
f 9053//2 9055//2 9073//2
f 9073//2 9055//2 9057//2
f 9138//3191 9176//3191 9140//3191
f 9176//3191 9175//3191 9140//3191
f 9140//3192 9175//3192 9141//3192
f 9175//3192 9216//3192 9141//3192
f 9141//20 9216//20 9152//20
f 9216//20 9215//20 9152//20
f 9152//21 9215//21 9153//21
f 9215//21 9214//21 9153//21
f 9153//22 9214//22 9145//22
f 9214//22 9213//22 9145//22
f 9145//23 9213//23 9144//23
f 9213//23 9212//23 9144//23
f 9144//24 9212//24 9143//24
f 9212//24 9211//24 9143//24
f 9143//25 9211//25 9142//25
f 9211//25 9210//25 9142//25
f 9142//26 9210//26 9166//26
f 9210//26 9209//26 9166//26
f 9166//27 9209//27 9161//27
f 9209//27 9208//27 9161//27
f 9161//3193 9208//3193 9159//3193
f 9208//3193 9197//3193 9159//3193
f 9159//3194 9197//3194 9101//3194
f 9197//3194 9196//3194 9101//3194
f 9101//30 9196//30 9127//30
f 9196//30 9189//30 9127//30
f 9127//31 9189//31 9128//31
f 9189//31 9188//31 9128//31
f 9128//32 9188//32 9121//32
f 9188//32 9195//32 9121//32
f 9121//33 9195//33 9122//33
f 9195//33 9206//33 9122//33
f 9122//34 9206//34 9124//34
f 9206//34 9205//34 9124//34
f 9124//35 9205//35 9149//35
f 9205//35 9203//35 9149//35
f 9149//36 9203//36 9150//36
f 9203//36 9201//36 9150//36
f 9150//37 9201//37 9151//37
f 9201//37 9199//37 9151//37
f 9151//38 9199//38 9135//38
f 9199//38 9198//38 9135//38
f 9135//39 9198//39 9136//39
f 9198//39 9179//39 9136//39
f 9136//40 9179//40 9137//40
f 9179//40 9177//40 9137//40
f 9137//41 9177//41 9138//41
f 9177//41 9176//41 9138//41
f 9158//3195 9243//3195 9160//3195
f 9243//3195 9244//3195 9160//3195
f 9160//3196 9244//3196 9162//3196
f 9244//3196 9245//3196 9162//3196
f 9162//44 9245//44 9163//44
f 9245//44 9246//44 9163//44
f 9163//21 9246//21 9164//21
f 9246//21 9247//21 9164//21
f 9164//45 9247//45 9165//45
f 9247//45 9248//45 9165//45
f 9165//23 9248//23 9146//23
f 9248//23 9249//23 9146//23
f 9146//24 9249//24 9147//24
f 9249//24 9250//24 9147//24
f 9147//46 9250//46 9148//46
f 9250//46 9251//46 9148//46
f 9148//26 9251//26 9078//26
f 9251//26 9252//26 9078//26
f 9078//47 9252//47 9079//47
f 9252//47 9253//47 9079//47
f 9079//3197 9253//3197 9080//3197
f 9253//3197 9254//3197 9080//3197
f 9080//3198 9254//3198 9115//3198
f 9254//3198 9255//3198 9115//3198
f 9115//50 9255//50 9114//50
f 9255//50 9256//50 9114//50
f 9114//51 9256//51 9113//51
f 9256//51 9257//51 9113//51
f 9113//52 9257//52 9111//52
f 9257//52 9258//52 9111//52
f 9111//33 9258//33 9075//33
f 9258//33 9259//33 9075//33
f 9075//53 9259//53 9129//53
f 9259//53 9260//53 9129//53
f 9129//35 9260//35 9102//35
f 9260//35 9261//35 9102//35
f 9102//36 9261//36 9103//36
f 9261//36 9262//36 9103//36
f 9103//54 9262//54 9154//54
f 9262//54 9263//54 9154//54
f 9154//38 9263//38 9155//38
f 9263//38 9264//38 9155//38
f 9155//55 9264//55 9156//55
f 9264//55 9265//55 9156//55
f 9156//56 9265//56 9157//56
f 9265//56 9266//56 9157//56
f 9157//57 9266//57 9158//57
f 9266//57 9243//57 9158//57
f 9244//3 9243//3 9066//3
f 9065//3 9219//3 9242//3
f 9232//3 9231//3 9218//3
f 9066//3 9243//3 9065//3
f 9243//3 9266//3 9065//3
f 9065//3 9266//3 9265//3
f 9248//3 9247//3 9066//3
f 9242//3 9241//3 9065//3
f 9241//3 9240//3 9065//3
f 9065//3 9240//3 9239//3
f 9239//3 9238//3 9065//3
f 9238//3 9237//3 9065//3
f 9065//3 9237//3 9218//3
f 9237//3 9236//3 9218//3
f 9218//3 9236//3 9235//3
f 9218//3 9231//3 9217//3
f 9231//3 9230//3 9217//3
f 9217//3 9230//3 9229//3
f 9265//3 9264//3 9065//3
f 9264//3 9263//3 9065//3
f 9065//3 9263//3 9219//3
f 9263//3 9220//3 9219//3
f 9235//3 9234//3 9218//3
f 9234//3 9233//3 9218//3
f 9218//3 9233//3 9232//3
f 9223//3 9222//3 9263//3
f 9222//3 9221//3 9263//3
f 9263//3 9221//3 9220//3
f 9217//3 9250//3 9066//3
f 9250//3 9249//3 9066//3
f 9066//3 9249//3 9248//3
f 9247//3 9246//3 9066//3
f 9246//3 9245//3 9066//3
f 9066//3 9245//3 9244//3
f 9258//3 9257//3 9227//3
f 9257//3 9256//3 9227//3
f 9256//3 9217//3 9227//3
f 9227//3 9217//3 9228//3
f 9217//3 9229//3 9228//3
f 9256//3 9255//3 9217//3
f 9255//3 9254//3 9217//3
f 9217//3 9254//3 9253//3
f 9223//3 9263//3 9224//3
f 9263//3 9262//3 9224//3
f 9224//3 9262//3 9225//3
f 9262//3 9261//3 9225//3
f 9225//3 9261//3 9226//3
f 9261//3 9260//3 9226//3
f 9226//3 9260//3 9227//3
f 9260//3 9259//3 9227//3
f 9227//3 9259//3 9258//3
f 9253//3 9252//3 9217//3
f 9252//3 9251//3 9217//3
f 9217//3 9251//3 9250//3
# Vertices: 9266, normals: 3267, texture coordinates: 0, faces: 19876

